id,name,normalized_name,developer_name,city,micro_market,country_code,address,pincode,property_type,levels,units,maharera_reg_no,latitude,longitude,luxury_tier,source_origin,confidence_score
1a89369c-6ddd-4dd5-8ef9-5c0cc3bd8cdd,Raheja Mahal,raheja mahal,K Raheja Corp,Mumbai,Worli & Prabhadevi,IN,"Raheja Mahal, Worli & Prabhadevi, Mumbai 400018, Maharashtra, India",400018,Gated Residential Society,7,28,P51900032160,18.988016,72.811773,Trophy / Ultra-Prime,osm_maharera_cadastral_enriched,0.99
0b75652d-2056-4420-b642-5f9695c94cdc,25 South,25 south,The Wadhwa Group,Mumbai,Worli & Prabhadevi,IN,"25 South, Worli & Prabhadevi, Mumbai 400018, Maharashtra, India",400018,Iconic Sky High-Rise Tower,47,188,P51900068549,19.018647,72.829632,Trophy / Ultra-Prime,osm_maharera_cadastral_enriched,0.99
64bca6eb-f2ef-40f5-a78f-5be25d555665,Raheja Classique 4,raheja classique 4,K Raheja Corp,Mumbai,Andheri West (Lokhandwala & Versova),IN,"Raheja Classique 4, Andheri West (Lokhandwala & Versova), Mumbai 400102, Maharashtra, India",400102,Luxury High-Rise Tower,20,80,P51800011444,19.141433,72.830029,Trophy / Ultra-Prime,osm_maharera_cadastral_enriched,0.99
84f0f0f3-1195-401e-9dc5-5b338f889b28,Raheja Centre,raheja centre,K Raheja Corp,Mumbai,Marine Drive & Nariman Point,IN,"Raheja Centre, Free Press Journal Marg, Nariman Point, Marine Drive & Nariman Point, Mumbai 400021, Maharashtra, India",400021,Luxury High-Rise Tower,13,52,P51900049824,18.923549,72.823366,Trophy / Ultra-Prime,osm_maharera_cadastral_enriched,0.99
eb82baf9-e210-455e-8dc0-8d74340b8295,Lodha Amrut-Tara,lodha amrut tara,Lodha Group (Macrotech),Mumbai,Andheri West (Lokhandwala & Versova),IN,"Lodha Amrut-Tara, Yari Road, Andheri West (Lokhandwala & Versova), Mumbai 400061, Maharashtra, India",400061,Luxury High-Rise Tower,21,84,P51800074456,19.140108,72.811448,Trophy / Ultra-Prime,osm_maharera_cadastral_enriched,0.99
9c67a98c-4a0d-499a-9f44-42bbc15fc22e,Raheja Haven Prananjali,raheja haven prananjali,K Raheja Corp,Mumbai,Juhu & Vile Parle West,IN,"Raheja Haven Prananjali, Juhu & Vile Parle West, Mumbai 400049, Maharashtra, India",400049,Gated Residential Society,8,32,P51800038597,19.105565,72.830625,Trophy / Ultra-Prime,osm_maharera_cadastral_enriched,0.99
5a8a65ed-11a9-4401-8aed-2d5e0eb6fbab,Oberoi Beachwood House,oberoi beachwood house,Oberoi Realty,Mumbai,Juhu & Vile Parle West,IN,"Oberoi Beachwood House, Juhu & Vile Parle West, Mumbai 400049, Maharashtra, India",400049,Gated Residential Society,5,20,P51800074035,19.100941,72.826647,Trophy / Ultra-Prime,osm_maharera_cadastral_enriched,0.99
d5f3a441-d910-436f-8a7c-0b115006d103,RUSTOMJEE ADARSH REGAL A & B,rustomjee adarsh regal a b,Rustomjee,Mumbai,Malad West & Mindspace,IN,"RUSTOMJEE ADARSH REGAL A & B, Malad West & Mindspace, Mumbai 400064, Maharashtra, India",400064,Luxury High-Rise Tower,16,64,P51800047728,19.195391,72.842253,Trophy / Ultra-Prime,osm_maharera_cadastral_enriched,0.99
4cccef9b-30bb-468b-a69e-0cfb86eb7aa0,Lodha Allura,lodha allura,Lodha Group (Macrotech),Mumbai,Worli & Prabhadevi,IN,"Lodha Allura, Worli & Prabhadevi, Mumbai 400018, Maharashtra, India",400018,Iconic Sky High-Rise Tower,81,324,P51900072463,19.003672,72.829692,Trophy / Ultra-Prime,osm_maharera_cadastral_enriched,0.99
8f9c8c05-a6f6-40f0-9197-fc3a39b8988e,Raheja Bay,raheja bay,K Raheja Corp,Mumbai,Bandra West (Pali Hill & Bandstand),IN,"Raheja Bay, Bandra West (Pali Hill & Bandstand), Mumbai 400050, Maharashtra, India",400050,Luxury High-Rise Tower,15,60,P51800082040,19.050141,72.823074,Trophy / Ultra-Prime,osm_maharera_cadastral_enriched,0.99
0d17aebe-6f8a-4974-8c7e-4387042fef54,Raheja Kamal,raheja kamal,K Raheja Corp,Mumbai,Bandra West (Pali Hill & Bandstand),IN,"Raheja Kamal, 28th Road, Bandra West (Pali Hill & Bandstand), Mumbai 400050, Maharashtra, India",400050,Gated Residential Society,7,28,P51800048974,19.060021,72.83511,Trophy / Ultra-Prime,osm_maharera_cadastral_enriched,0.99
9f406444-be35-41b0-a242-0699bfff0674,World One,world one,Lodha Group (Macrotech),Mumbai,Worli & Prabhadevi,IN,"World One, Worli & Prabhadevi, Mumbai 400018, Maharashtra, India",400018,Iconic Sky High-Rise Tower,76,304,P51900061311,19.002354,72.826443,Trophy / Ultra-Prime,osm_maharera_cadastral_enriched,0.99
a54594d7-0988-47ea-ba17-49f218b9665b,Indiabulls Sky Forest,indiabulls sky forest,Indiabulls Real Estate,Mumbai,Worli & Prabhadevi,IN,"Indiabulls Sky Forest, Senapati Bapat Marg, Worli & Prabhadevi, Mumbai 400012, Maharashtra, India",400012,Iconic Sky High-Rise Tower,51,204,P51900093441,19.007274,72.832682,Trophy / Ultra-Prime,osm_maharera_cadastral_enriched,0.99
f9b91b79-1520-4302-898a-5ecdfccdafc0,Signia Pearl,signia pearl,Sunteck Realty,Mumbai,BKC & Bandra East,IN,"Signia Pearl, Bandra Kurla Complex, BKC & Bandra East, Mumbai 400051, Maharashtra, India",400051,Luxury High-Rise Tower,21,84,P51800055288,19.066225,72.868603,Trophy / Ultra-Prime,osm_maharera_cadastral_enriched,0.99
77792d0a-a588-469f-800b-93609354b094,Rustomjee Urbania Athena A wing,rustomjee urbania athena a wing,Rustomjee,Mumbai,Thane (Ghodbunder & Majiwada),IN,"Rustomjee Urbania Athena A wing, majiwada lodha, Thane (Ghodbunder & Majiwada), Mumbai 400601, Maharashtra, India",400601,Ultra-Luxury High-Rise Tower,27,108,P51700060172,19.211838,72.985762,Trophy / Ultra-Prime,osm_maharera_cadastral_enriched,0.99
40887689-5336-4c45-9f48-490de481f717,Oberoi Crest,oberoi crest,Oberoi Realty,Mumbai,Bandra West (Pali Hill & Bandstand),IN,"Oberoi Crest, Bandra West (Pali Hill & Bandstand), Mumbai 400050, Maharashtra, India",400050,Luxury High-Rise Tower,12,48,P51800055773,19.071783,72.83138,Trophy / Ultra-Prime,osm_maharera_cadastral_enriched,0.99
5f46054f-82db-456a-8646-f47208c70d24,Lodha Trump Tower,lodha trump tower,Lodha Group (Macrotech),Mumbai,Worli & Prabhadevi,IN,"Lodha Trump Tower, Pandurang Budhkar Marg, Worli & Prabhadevi, Mumbai 400030, Maharashtra, India",400030,Iconic Sky High-Rise Tower,79,316,P51900055703,19.005131,72.828593,Trophy / Ultra-Prime,osm_maharera_cadastral_enriched,0.99
36790915-d5f0-4b55-a51e-2af3ccda2930,Lodha Kiara,lodha kiara,Lodha Group (Macrotech),Mumbai,Worli & Prabhadevi,IN,"Lodha Kiara, Worli & Prabhadevi, Mumbai 400018, Maharashtra, India",400018,Iconic Sky High-Rise Tower,78,312,P51900084831,19.004863,72.829698,Trophy / Ultra-Prime,osm_maharera_cadastral_enriched,0.99
bd25c553-80fc-4148-962e-416465635cc8,Lodha Gardenia,lodha gardenia,Lodha Group (Macrotech),Mumbai,Wadala (New Cuffe Parade),IN,"Lodha Gardenia, Sion, Wadala (New Cuffe Parade), Mumbai 400037, Maharashtra, India",400037,Ultra-Luxury High-Rise Tower,38,152,P51900011660,19.039033,72.879325,Trophy / Ultra-Prime,osm_maharera_cadastral_enriched,0.99
40bb36cd-3f70-44c7-999d-7dd2c6890adc,Lodha Altia,lodha altia,Lodha Group (Macrotech),Mumbai,Wadala (New Cuffe Parade),IN,"Lodha Altia, Sion, Wadala (New Cuffe Parade), Mumbai 400037, Maharashtra, India",400037,Ultra-Luxury High-Rise Tower,38,152,P51900078269,19.038758,72.877912,Trophy / Ultra-Prime,osm_maharera_cadastral_enriched,0.99
ca26a0ed-f59f-43f7-92f5-442430c37e78,Lodha Estrella,lodha estrella,Lodha Group (Macrotech),Mumbai,Wadala (New Cuffe Parade),IN,"Lodha Estrella, Sion, Wadala (New Cuffe Parade), Mumbai 400037, Maharashtra, India",400037,Ultra-Luxury High-Rise Tower,43,172,P51900097731,19.038579,72.878443,Trophy / Ultra-Prime,osm_maharera_cadastral_enriched,0.99
63d114a3-8fb7-4b39-a756-a91c9307864b,Lodha Elisium,lodha elisium,Lodha Group (Macrotech),Mumbai,Wadala (New Cuffe Parade),IN,"Lodha Elisium, Sion, Wadala (New Cuffe Parade), Mumbai 400037, Maharashtra, India",400037,Ultra-Luxury High-Rise Tower,43,172,P51900069547,19.037932,72.878017,Trophy / Ultra-Prime,osm_maharera_cadastral_enriched,0.99
89a2adbe-a6ba-4687-b33b-b6b6f961bac5,Lodha Dioro,lodha dioro,Lodha Group (Macrotech),Mumbai,Wadala (New Cuffe Parade),IN,"Lodha Dioro, Sion, Wadala (New Cuffe Parade), Mumbai 400037, Maharashtra, India",400037,Ultra-Luxury High-Rise Tower,43,172,P51900051731,19.03774,72.878561,Trophy / Ultra-Prime,osm_maharera_cadastral_enriched,0.99
935a891f-0d3a-43e2-a0b6-8bf528a9aaf9,Lodha Enchante,lodha enchante,Lodha Group (Macrotech),Mumbai,Wadala (New Cuffe Parade),IN,"Lodha Enchante, Sion, Wadala (New Cuffe Parade), Mumbai 400037, Maharashtra, India",400037,Ultra-Luxury High-Rise Tower,43,172,P51900019562,19.03716,72.878109,Trophy / Ultra-Prime,osm_maharera_cadastral_enriched,0.99
91259b46-71c6-4f22-af27-63b7dbe8b354,Lodha Marquise,lodha marquise,Lodha Group (Macrotech),Mumbai,Worli & Prabhadevi,IN,"Lodha Marquise, Pandurang Budhkar Marg, Worli & Prabhadevi, Mumbai 400030, Maharashtra, India",400030,Iconic Sky High-Rise Tower,76,304,P51900026826,19.004619,72.828262,Trophy / Ultra-Prime,osm_maharera_cadastral_enriched,0.99
ab619273-a941-4c7f-a04a-f3529ec65920,Lodha Adrina,lodha adrina,Lodha Group (Macrotech),Mumbai,Worli & Prabhadevi,IN,"Lodha Adrina, Worli & Prabhadevi, Mumbai 400018, Maharashtra, India",400018,Iconic Sky High-Rise Tower,78,312,P51900081602,19.004901,72.83014,Trophy / Ultra-Prime,osm_maharera_cadastral_enriched,0.99
367be02f-64de-41df-adeb-685ab0b4d13c,Oberoi Sky City D,oberoi sky city d,Oberoi Realty,Mumbai,Kandivali & Borivali West/East,IN,"Oberoi Sky City D, Dattapada Road, Kandivali & Borivali West/East, Mumbai 400066, Maharashtra, India",400066,Iconic Sky High-Rise Tower,60,240,P51800085843,19.222341,72.862954,Trophy / Ultra-Prime,osm_maharera_cadastral_enriched,0.99
46a20a16-0fc5-4b25-96a4-90c607559659,Oberoi Sky city B,oberoi sky city b,Oberoi Realty,Mumbai,Kandivali & Borivali West/East,IN,"Oberoi Sky city B, Dattapada Road, Kandivali & Borivali West/East, Mumbai 400066, Maharashtra, India",400066,Iconic Sky High-Rise Tower,60,240,P51800074966,19.222379,72.863958,Trophy / Ultra-Prime,osm_maharera_cadastral_enriched,0.99
ad71bde1-b162-46a6-86e7-db9f35d1d7fb,Oberoi Sky City,oberoi sky city,Oberoi Realty,Mumbai,Kandivali & Borivali West/East,IN,"Oberoi Sky City, Dattapada Road, Kandivali & Borivali West/East, Mumbai 400066, Maharashtra, India",400066,Iconic Sky High-Rise Tower,60,240,P51800098004,19.221888,72.863466,Trophy / Ultra-Prime,osm_maharera_cadastral_enriched,0.99
293a8fc7-7bdf-4df8-8524-99af73fd73e6,Oberoi Sky City A,oberoi sky city a,Oberoi Realty,Mumbai,Kandivali & Borivali West/East,IN,"Oberoi Sky City A, Dattapada Road, Kandivali & Borivali West/East, Mumbai 400066, Maharashtra, India",400066,Iconic Sky High-Rise Tower,60,240,P51800073599,19.221943,72.864428,Trophy / Ultra-Prime,osm_maharera_cadastral_enriched,0.99
2a721701-68df-4323-8960-6f9c54c34ddc,Oberoi Sky City F,oberoi sky city f,Oberoi Realty,Mumbai,Kandivali & Borivali West/East,IN,"Oberoi Sky City F, Kandivali & Borivali West/East, Mumbai 400067, Maharashtra, India",400067,Iconic Sky High-Rise Tower,60,240,P51800079636,19.222572,72.861812,Trophy / Ultra-Prime,osm_maharera_cadastral_enriched,0.99
f511e48e-462f-41ac-8d35-5cffa1880820,Lodha Supremus,lodha supremus,Lodha Group (Macrotech),Mumbai,Wadala (New Cuffe Parade),IN,"Lodha Supremus, Sion, Wadala (New Cuffe Parade), Mumbai 400037, Maharashtra, India",400037,Luxury High-Rise Tower,19,76,P51900092893,19.03676,72.879375,Trophy / Ultra-Prime,osm_maharera_cadastral_enriched,0.99
6664cfb1-b86c-4d2f-87bd-45d57b400dfa,Atlantis,atlantis,Hiranandani Group,Mumbai,Mulund & Bhandup,IN,"Atlantis, Lal Bahadur Shastri Marg, Mulund & Bhandup, Mumbai 400604, Maharashtra, India",400604,Luxury High-Rise Tower,21,84,P51800074838,19.184376,72.957979,Trophy / Ultra-Prime,osm_maharera_cadastral_enriched,0.99
36a1db04-727c-45d9-bfc5-5600335822a1,The Atlantis,the atlantis,Hiranandani Group,Mumbai,Andheri West (Lokhandwala & Versova),IN,"The Atlantis, Andheri West (Lokhandwala & Versova), Mumbai 400053, Maharashtra, India",400053,Luxury High-Rise Tower,22,88,P51800041009,19.135003,72.827334,Trophy / Ultra-Prime,osm_maharera_cadastral_enriched,0.99
8ed5fb72-ad67-4483-9730-fe9767b8316b,Lodha Aura,lodha aura,Lodha Group (Macrotech),Mumbai,Wadala (New Cuffe Parade),IN,"Lodha Aura, Wadala (New Cuffe Parade), Mumbai 400037, Maharashtra, India",400037,Ultra-Luxury High-Rise Tower,41,164,P51900025560,19.037173,72.879682,Trophy / Ultra-Prime,osm_maharera_cadastral_enriched,0.99
656e252e-7ab8-4ee8-883e-5a1a0eedb46f,Rustomjee Crown,rustomjee crown,Rustomjee,Mumbai,Worli & Prabhadevi,IN,"Rustomjee Crown, Worli & Prabhadevi, Mumbai 400018, Maharashtra, India",400018,Gated Residential Society,75,48,P51900079555,19.010592,72.830827,Trophy / Ultra-Prime,osm_maharera_cadastral_enriched,0.96
b6ac2430-fe73-479a-a847-7ccbdb7f329d,Hiranandani,hiranandani,Hiranandani Group,Mumbai,Andheri West (Lokhandwala & Versova),IN,"Hiranandani, Andheri West (Lokhandwala & Versova), Mumbai 400053, Maharashtra, India",400053,Gated Residential Society,14,48,P51800078752,19.130862,72.813283,Trophy / Ultra-Prime,osm_maharera_cadastral_enriched,0.96
7ca16c90-3745-470a-a094-73f8b7af0a24,Godrej platinum,godrej platinum,Godrej Properties,Mumbai,Ghatkopar & Vikhroli (The Trees),IN,"Godrej platinum, Ghatkopar & Vikhroli (The Trees), Mumbai 400079, Maharashtra, India",400079,Gated Residential Society,40,48,P51800045314,19.102521,72.928681,Trophy / Ultra-Prime,osm_maharera_cadastral_enriched,0.96
3f56e7d2-a5b5-4134-a538-c69860a2be17,Shapoorji Fakirji Jokhi Agiary,shapoorji fakirji jokhi agiary,Shapoorji Pallonji,Mumbai,Malabar Hill & Walkeshwar,IN,"Shapoorji Fakirji Jokhi Agiary, Malabar Hill & Walkeshwar, Mumbai 400006, Maharashtra, India",400006,Gated Residential Society,0,48,P51900080573,18.961061,72.804138,Trophy / Ultra-Prime,osm_maharera_cadastral_enriched,0.96
5877f0f5-882a-42a7-918f-12c845b36472,Hiranandani Meadows,hiranandani meadows,Hiranandani Group,Mumbai,Thane (Ghodbunder & Majiwada),IN,"Hiranandani Meadows, Thane (Ghodbunder & Majiwada), Mumbai 400601, Maharashtra, India",400601,Gated Residential Society,0,48,P51700021230,19.22752,72.972396,Trophy / Ultra-Prime,osm_maharera_cadastral_enriched,0.96
765eda7c-7462-4248-8cd2-2aebdb7c19fb,Planet Godrej,planet godrej,Godrej Properties,Mumbai,Lower Parel & Mahalaxmi,IN,"Planet Godrej, Lower Parel & Mahalaxmi, Mumbai 400013, Maharashtra, India",400013,Gated Residential Society,0,48,P51900099087,18.981027,72.830291,Trophy / Ultra-Prime,osm_maharera_cadastral_enriched,0.96
4e6e1d1e-abed-4520-ad79-03fa6669d3c9,Lodha Park,lodha park,Lodha Group (Macrotech),Mumbai,Worli & Prabhadevi,IN,"Lodha Park, Worli & Prabhadevi, Mumbai 400013, Maharashtra, India",400013,Luxury High-Rise Tower,0,48,P51900051591,19.004721,72.829183,Trophy / Ultra-Prime,osm_maharera_cadastral_enriched,0.96
2ef0a1c8-c64a-46a7-bc3d-ddaf537c7647,Rustomjee Paramount,rustomjee paramount,Rustomjee,Mumbai,Khar & Santacruz West,IN,"Rustomjee Paramount, Khar & Santacruz West, Mumbai 400052, Maharashtra, India",400052,Gated Residential Society,0,48,P51800012954,19.076496,72.828908,Trophy / Ultra-Prime,osm_maharera_cadastral_enriched,0.96
2cf871d2-a271-4019-973c-b7aa572727c4,Sky City by Oberoi Realty,sky city by oberoi realty,Oberoi Realty,Mumbai,Kandivali & Borivali West/East,IN,"Sky City by Oberoi Realty, Western Express Highway, Kandivali & Borivali West/East, Mumbai 400066, Maharashtra, India",400066,Gated Residential Society,0,48,P51800081464,19.223086,72.863047,Trophy / Ultra-Prime,osm_maharera_cadastral_enriched,0.96
c0d7093d-7683-43b9-a20a-9d1b3c836d85,Wadhwa Courtyard,wadhwa courtyard,The Wadhwa Group,Mumbai,Thane (Ghodbunder & Majiwada),IN,"Wadhwa Courtyard, Thane (Ghodbunder & Majiwada), Mumbai 400601, Maharashtra, India",400601,Gated Residential Society,0,48,P51700085737,19.220828,72.964586,Trophy / Ultra-Prime,osm_maharera_cadastral_enriched,0.96
94f51790-0032-41a0-a14a-bbaf1bbad888,Raheja Acropolis,raheja acropolis,K Raheja Corp,Mumbai,Chembur & Deonar,IN,"Raheja Acropolis, Chembur & Deonar, Mumbai 400071, Maharashtra, India",400071,Gated Residential Society,0,48,P51800020219,19.047961,72.919011,Trophy / Ultra-Prime,osm_maharera_cadastral_enriched,0.96
0b5c9ea8-c547-4278-ad62-8dcef6319ec2,Raheja Classique,raheja classique,K Raheja Corp,Mumbai,Andheri West (Lokhandwala & Versova),IN,"Raheja Classique, New Link Road, Andheri West, Andheri West (Lokhandwala & Versova), Mumbai 400053, Maharashtra, India",400053,Gated Residential Society,0,48,P51800062168,19.140464,72.8312,Trophy / Ultra-Prime,osm_maharera_cadastral_enriched,0.96
6afded88-c0b0-44e9-b6af-b1a8f68406d4,Oberoi Springs,oberoi springs,Oberoi Realty,Mumbai,Andheri West (Lokhandwala & Versova),IN,"Oberoi Springs, Andheri West (Lokhandwala & Versova), Mumbai 400053, Maharashtra, India",400053,Gated Residential Society,0,48,P51800078789,19.138877,72.834537,Trophy / Ultra-Prime,osm_maharera_cadastral_enriched,0.96
1493b387-1dff-4684-b504-23f64ec02fd0,Oberoi Woods,oberoi woods,Oberoi Realty,Mumbai,Goregaon West & East (Oberoi Garden City),IN,"Oberoi Woods, Goregaon West & East (Oberoi Garden City), Mumbai 400063, Maharashtra, India",400063,Gated Residential Society,0,48,P51800087110,19.170008,72.86533,Trophy / Ultra-Prime,osm_maharera_cadastral_enriched,0.96
db746141-944d-401c-8730-9971c4ac7ba4,Oberoi Garden City,oberoi garden city,Oberoi Realty,Mumbai,Goregaon West & East (Oberoi Garden City),IN,"Oberoi Garden City, Goregaon West & East (Oberoi Garden City), Mumbai 400063, Maharashtra, India",400063,Gated Residential Society,0,48,P51800088226,19.171589,72.86273,Trophy / Ultra-Prime,osm_maharera_cadastral_enriched,0.96
c35431c7-e9fb-4040-a56e-aa79f3fb9256,Godrej Waldorf,godrej waldorf,Godrej Properties,Mumbai,Andheri West (Lokhandwala & Versova),IN,"Godrej Waldorf, Andheri West (Lokhandwala & Versova), Mumbai 400053, Maharashtra, India",400053,Gated Residential Society,0,48,P51800071811,19.151149,72.828776,Trophy / Ultra-Prime,osm_maharera_cadastral_enriched,0.96
6de43309-0af0-4f45-92dd-a87ce5e43502,Oberoi Sky Heights,oberoi sky heights,Oberoi Realty,Mumbai,Andheri West (Lokhandwala & Versova),IN,"Oberoi Sky Heights, Andheri West (Lokhandwala & Versova), Mumbai 400053, Maharashtra, India",400053,Luxury High-Rise Tower,0,48,P51800059727,19.144192,72.821121,Trophy / Ultra-Prime,osm_maharera_cadastral_enriched,0.96
f9850da3-bc80-4a35-8bb1-c490dd31429a,Oberoi Sky Gardens,oberoi sky gardens,Oberoi Realty,Mumbai,Andheri West (Lokhandwala & Versova),IN,"Oberoi Sky Gardens, Andheri West (Lokhandwala & Versova), Mumbai 400053, Maharashtra, India",400053,Gated Residential Society,0,48,P51800032778,19.143649,72.820502,Trophy / Ultra-Prime,osm_maharera_cadastral_enriched,0.96
06b07b85-0526-4fe7-b84e-49707ab09c13,Raheja Crest 3,raheja crest 3,K Raheja Corp,Mumbai,Andheri West (Lokhandwala & Versova),IN,"Raheja Crest 3, Andheri West (Lokhandwala & Versova), Mumbai 400053, Maharashtra, India",400053,Gated Residential Society,0,48,P51800092585,19.141256,72.82904,Trophy / Ultra-Prime,osm_maharera_cadastral_enriched,0.96
5636badb-b280-4cd8-a25c-95e28859cddd,Raheja Crest,raheja crest,K Raheja Corp,Mumbai,Andheri West (Lokhandwala & Versova),IN,"Raheja Crest, Andheri West (Lokhandwala & Versova), Mumbai 400053, Maharashtra, India",400053,Gated Residential Society,0,48,P51800098103,19.140712,72.829083,Trophy / Ultra-Prime,osm_maharera_cadastral_enriched,0.96
16a21def-e03e-43ab-9da8-da5361229d55,Raheja Crest 2,raheja crest 2,K Raheja Corp,Mumbai,Andheri West (Lokhandwala & Versova),IN,"Raheja Crest 2, Andheri West (Lokhandwala & Versova), Mumbai 400053, Maharashtra, India",400053,Gated Residential Society,0,48,P51800035523,19.140562,72.829092,Trophy / Ultra-Prime,osm_maharera_cadastral_enriched,0.96
3058fdb0-9ba5-416c-b31a-5f337d5db414,Raheja Crest 1,raheja crest 1,K Raheja Corp,Mumbai,Andheri West (Lokhandwala & Versova),IN,"Raheja Crest 1, Andheri West (Lokhandwala & Versova), Mumbai 400102, Maharashtra, India",400102,Gated Residential Society,0,48,P51800058713,19.140021,72.829129,Trophy / Ultra-Prime,osm_maharera_cadastral_enriched,0.96
3e540cf5-2fe2-48a1-a3a8-7c1b3bc6eab2,Rustomjee La Fontaine,rustomjee la fontaine,Rustomjee,Mumbai,Bandra West (Pali Hill & Bandstand),IN,"Rustomjee La Fontaine, St. Cyril Road, Bandra West (Pali Hill & Bandstand), Mumbai 400050, Maharashtra, India",400050,Gated Residential Society,0,48,P51800064943,19.059392,72.828386,Trophy / Ultra-Prime,osm_maharera_cadastral_enriched,0.96
3a8f484e-22c1-4f9f-90e0-333802a64679,Raheja Grande,raheja grande,K Raheja Corp,Mumbai,Bandra West (Pali Hill & Bandstand),IN,"Raheja Grande, Gurunanak Marg, Bandra West (Pali Hill & Bandstand), Mumbai 400050, Maharashtra, India",400050,Gated Residential Society,0,48,P51800031486,19.059258,72.831048,Trophy / Ultra-Prime,osm_maharera_cadastral_enriched,0.96
9768829b-41ca-4cf3-9d4e-161f4fc89fb3,Hiranandani complex kandivali,hiranandani complex kandivali,Hiranandani Group,Mumbai,Kandivali & Borivali West/East,IN,"Hiranandani complex kandivali, Kandivali & Borivali West/East, Mumbai 400067, Maharashtra, India",400067,Gated Residential Society,0,48,P51800065622,19.212515,72.850319,Trophy / Ultra-Prime,osm_maharera_cadastral_enriched,0.96
d3be0427-a13f-4d1b-90ec-3786d2ef011d,Parishram by Rustomjee,parishram by rustomjee,Rustomjee,Mumbai,Bandra West (Pali Hill & Bandstand),IN,"Parishram by Rustomjee, Bandra West (Pali Hill & Bandstand), Mumbai 400050, Maharashtra, India",400050,Gated Residential Society,0,48,P51800069053,19.067575,72.827706,Trophy / Ultra-Prime,osm_maharera_cadastral_enriched,0.96
2d3d6d2c-8026-42ff-b189-a9c81f283b63,"Athena, Rustomjee Urbania",athena rustomjee urbania,Rustomjee,Mumbai,Thane (Ghodbunder & Majiwada),IN,"Athena, Rustomjee Urbania, Thane (Ghodbunder & Majiwada), Mumbai 400601, Maharashtra, India",400601,Gated Residential Society,0,48,P51700078201,19.211719,72.986219,Trophy / Ultra-Prime,osm_maharera_cadastral_enriched,0.96
8bd30638-2b39-4102-8519-896d88e5376a,The Imperial,the imperial,Shapoorji Pallonji,Mumbai,Cumballa Hill & Breach Candy,IN,"The Imperial, Cumballa Hill & Breach Candy, Mumbai 400026, Maharashtra, India",400026,Gated Residential Society,0,48,P51900096032,18.970999,72.812868,Trophy / Ultra-Prime,osm_maharera_cadastral_enriched,0.96
f4cf8f01-9a60-4a3d-adfb-cdb3eb24e2cf,Kalpataru Pinnacle,kalpataru pinnacle,Kalpataru Limited,Mumbai,Goregaon West & East (Oberoi Garden City),IN,"Kalpataru Pinnacle, Goregaon West & East (Oberoi Garden City), Mumbai 400063, Maharashtra, India",400063,Gated Residential Society,0,48,P51800067679,19.172395,72.838369,Trophy / Ultra-Prime,osm_maharera_cadastral_enriched,0.96
e846d2de-a2ed-4688-8977-51057b1c735c,Signature Island,signature island,Sunteck Realty,Mumbai,BKC & Bandra East,IN,"Signature Island, BKC & Bandra East, Mumbai 400051, Maharashtra, India",400051,Gated Residential Society,0,48,P51800085983,19.066677,72.869284,Trophy / Ultra-Prime,osm_maharera_cadastral_enriched,0.96
a9f6b8fa-7743-40d4-adec-25111f04ccf8,Kalpataru Royal,kalpataru royal,Kalpataru Limited,Mumbai,Wadala (New Cuffe Parade),IN,"Kalpataru Royal, Wadala (New Cuffe Parade), Mumbai 400037, Maharashtra, India",400037,Gated Residential Society,0,48,P51900065760,19.040838,72.866171,Trophy / Ultra-Prime,osm_maharera_cadastral_enriched,0.96
012cb4ef-fac9-43a6-8774-6e19e70f481d,Raheja Rejency,raheja rejency,K Raheja Corp,Mumbai,Wadala (New Cuffe Parade),IN,"Raheja Rejency, Wadala (New Cuffe Parade), Mumbai 400037, Maharashtra, India",400037,Gated Residential Society,0,48,P51900038003,19.041178,72.866389,Trophy / Ultra-Prime,osm_maharera_cadastral_enriched,0.96
d31f21ca-87ec-43b5-9321-3ae87ace6b73,Raheja Excelsior,raheja excelsior,K Raheja Corp,Mumbai,Cumballa Hill & Breach Candy,IN,"Raheja Excelsior, Pandit Madan Mohan Malviya Marg, Cumballa Hill & Breach Candy, Mumbai 400034, Maharashtra, India",400034,Gated Residential Society,0,48,P51900090294,18.974925,72.813424,Trophy / Ultra-Prime,osm_maharera_cadastral_enriched,0.96
975d5d5d-e9c4-4984-9f10-a7bdcb43ca06,Peninsula,peninsula,Peninsula Land,Mumbai,Wadala (New Cuffe Parade),IN,"Peninsula, Wadala (New Cuffe Parade), Mumbai 400037, Maharashtra, India",400037,Gated Residential Society,0,48,P51900021903,19.04185,72.864858,Trophy / Ultra-Prime,osm_maharera_cadastral_enriched,0.96
7dbfb1d3-8a56-4fe4-8bc0-6adce6c39a8a,Rustomjee Regal,rustomjee regal,Rustomjee,Mumbai,Kandivali & Borivali West/East,IN,"Rustomjee Regal, Kandivali & Borivali West/East, Mumbai 400067, Maharashtra, India",400067,Gated Residential Society,0,48,P51800090676,19.242907,72.857296,Trophy / Ultra-Prime,osm_maharera_cadastral_enriched,0.96
ffa06fbe-9d99-417e-9e90-98f6b02e933c,Lodha Aristo,lodha aristo,Lodha Group (Macrotech),Mumbai,Thane (Ghodbunder & Majiwada),IN,"Lodha Aristo, Eastern Express Highway, Thane (Ghodbunder & Majiwada), Mumbai 400601, Maharashtra, India",400601,Gated Residential Society,0,48,P51700085857,19.211924,72.984171,Trophy / Ultra-Prime,osm_maharera_cadastral_enriched,0.96
8b8baf88-ed89-43ac-95e0-7c889075a391,Indiabulls Sky,indiabulls sky,Indiabulls Real Estate,Mumbai,Worli & Prabhadevi,IN,"Indiabulls Sky, Worli & Prabhadevi, Mumbai 400018, Maharashtra, India",400018,Gated Residential Society,0,48,P51900029220,19.008506,72.833422,Trophy / Ultra-Prime,osm_maharera_cadastral_enriched,0.96
936bc775-7ebe-4fd2-91ca-14e17a72a2e3,Atlantis,atlantis,Hiranandani Group,Mumbai,Bandra West (Pali Hill & Bandstand),IN,"Atlantis, St. Cyril Road, Bandra West (Pali Hill & Bandstand), Mumbai 400050, Maharashtra, India",400050,Gated Residential Society,0,48,P51800088431,19.060455,72.828232,Trophy / Ultra-Prime,osm_maharera_cadastral_enriched,0.96
d3d422fb-d102-4556-bab8-077a48fcd957,Rustomjee La Solita,rustomjee la solita,Rustomjee,Mumbai,Bandra West (Pali Hill & Bandstand),IN,"Rustomjee La Solita, 28th Road, TPS III, Bandra West (Pali Hill & Bandstand), Mumbai 400050, Maharashtra, India",400050,Gated Residential Society,0,48,P51800044423,19.060083,72.830921,Trophy / Ultra-Prime,osm_maharera_cadastral_enriched,0.96
147edb60-39d0-43bf-b9e7-207caf6a9950,Rustomjee's Buena Vista,rustomjee s buena vista,Rustomjee,Mumbai,Bandra West (Pali Hill & Bandstand),IN,"Rustomjee's Buena Vista, Bandra West (Pali Hill & Bandstand), Mumbai 400050, Maharashtra, India",400050,Gated Residential Society,0,48,P51800061706,19.060503,72.828621,Trophy / Ultra-Prime,osm_maharera_cadastral_enriched,0.96
1e0fb312-b912-4617-b1d8-21ec248236fe,Raheja Sunkist,raheja sunkist,K Raheja Corp,Mumbai,Bandra West (Pali Hill & Bandstand),IN,"Raheja Sunkist, Mount Mary Road, Bandra West (Pali Hill & Bandstand), Mumbai 400050, Maharashtra, India",400050,Gated Residential Society,0,48,P51800090018,19.048316,72.822252,Trophy / Ultra-Prime,osm_maharera_cadastral_enriched,0.96
1920541d-bdd3-46cf-a827-426e9452c2c3,Raheja House,raheja house,K Raheja Corp,Mumbai,Bandra West (Pali Hill & Bandstand),IN,"Raheja House, Bandra West (Pali Hill & Bandstand), Mumbai 400050, Maharashtra, India",400050,Gated Residential Society,0,48,P51800041826,19.062197,72.82613,Trophy / Ultra-Prime,osm_maharera_cadastral_enriched,0.96
4509762f-05d7-47a2-bf2b-c6e78331e040,Peninsula Ashok,peninsula ashok,Peninsula Land,Mumbai,Lower Parel & Mahalaxmi,IN,"Peninsula Ashok, Dr Babasaheb Ambedkar Marg, Lower Parel & Mahalaxmi, Mumbai 400013, Maharashtra, India",400013,Gated Residential Society,0,48,P51900090141,18.997145,72.838981,Trophy / Ultra-Prime,osm_maharera_cadastral_enriched,0.96
b39c6bae-4a90-4ab9-b47c-5e8f5cedaf69,Kalpataru Aura,kalpataru aura,Kalpataru Limited,Mumbai,Ghatkopar & Vikhroli (The Trees),IN,"Kalpataru Aura, LBS Marg, Ghatkopar & Vikhroli (The Trees), Mumbai 400079, Maharashtra, India",400079,Gated Residential Society,0,48,P51800072484,19.096855,72.917206,Trophy / Ultra-Prime,osm_maharera_cadastral_enriched,0.96
a847cd85-1e10-4c16-adda-fa0b52a664bc,Wadhwa The Address,wadhwa the address,The Wadhwa Group,Mumbai,Ghatkopar & Vikhroli (The Trees),IN,"Wadhwa The Address, Ghatkopar & Vikhroli (The Trees), Mumbai 400079, Maharashtra, India",400079,Gated Residential Society,0,48,P51800022277,19.097714,72.919755,Trophy / Ultra-Prime,osm_maharera_cadastral_enriched,0.96
e89f08b3-63e6-45d5-9eaa-90bfd725e158,Godrej,godrej,Godrej Properties,Mumbai,Ghatkopar & Vikhroli (The Trees),IN,"Godrej, Ghatkopar & Vikhroli (The Trees), Mumbai 400079, Maharashtra, India",400079,Gated Residential Society,0,48,P51800088681,19.107097,72.929446,Trophy / Ultra-Prime,osm_maharera_cadastral_enriched,0.96
1d1f109f-99e0-4d59-aeaa-67cc0f8f697c,Godrej Garden Enclave,godrej garden enclave,Godrej Properties,Mumbai,Ghatkopar & Vikhroli (The Trees),IN,"Godrej Garden Enclave, Pirojsha Godrej Marg, Ghatkopar & Vikhroli (The Trees), Mumbai 400079, Maharashtra, India",400079,Gated Residential Society,0,48,P51800054686,19.103945,72.926639,Trophy / Ultra-Prime,osm_maharera_cadastral_enriched,0.96
fd25c04b-868e-43af-94db-d22be4e58bc0,S Raheja CHSL,s raheja chsl,K Raheja Corp,Mumbai,Bandra West (Pali Hill & Bandstand),IN,"S Raheja CHSL, Bandra West (Pali Hill & Bandstand), Mumbai 400050, Maharashtra, India",400050,Gated Residential Society,0,48,P51800050704,19.063133,72.831044,Trophy / Ultra-Prime,osm_maharera_cadastral_enriched,0.96
bc791c34-cd14-446f-bd2a-38ad7320ce45,Rodas Enclave,rodas enclave,Hiranandani Group,Mumbai,Thane (Ghodbunder & Majiwada),IN,"Rodas Enclave, Thane (Ghodbunder & Majiwada), Mumbai 400607, Maharashtra, India",400607,Gated Residential Society,0,48,P51700095330,19.258575,72.986642,Trophy / Ultra-Prime,osm_maharera_cadastral_enriched,0.96
06efec19-b24c-497a-878a-804a8bf5140f,Lodha Bellissimo,lodha bellissimo,Lodha Group (Macrotech),Mumbai,Worli & Prabhadevi,IN,"Lodha Bellissimo, Worli & Prabhadevi, Mumbai 400018, Maharashtra, India",400018,Gated Residential Society,0,48,P51900050256,18.986859,72.8283,Trophy / Ultra-Prime,osm_maharera_cadastral_enriched,0.96
8e493704-0d9a-42ea-ae64-a2d116cd72a8,Signia Isles,signia isles,Sunteck Realty,Mumbai,BKC & Bandra East,IN,"Signia Isles, BKC & Bandra East, Mumbai 400051, Maharashtra, India",400051,Gated Residential Society,0,48,P51800029628,19.067207,72.869887,Trophy / Ultra-Prime,osm_maharera_cadastral_enriched,0.96
c6cf480b-16ec-4864-a928-c6b54d3e8031,Piramal Revanta,piramal revanta,Piramal Realty,Mumbai,Mulund & Bhandup,IN,"Piramal Revanta, Mulund & Bhandup, Mumbai 400080, Maharashtra, India",400080,Gated Residential Society,0,48,P51800013697,19.166709,72.934791,Trophy / Ultra-Prime,osm_maharera_cadastral_enriched,0.96
b333ba6f-7d64-4f5d-879d-4f4f4520ca06,Oberoi Eternia,oberoi eternia,Oberoi Realty,Mumbai,Mulund & Bhandup,IN,"Oberoi Eternia, Mulund & Bhandup, Mumbai 400080, Maharashtra, India",400080,Gated Residential Society,0,48,P51800053680,19.171706,72.938804,Trophy / Ultra-Prime,osm_maharera_cadastral_enriched,0.96
43ad4c54-6a20-4097-aed0-2cac3ba91e69,Seawoods Residences,seawoods residences,L&T Realty,Mumbai,Navi Mumbai (Palm Beach & Seawoods),IN,"Seawoods Residences, Navi Mumbai (Palm Beach & Seawoods), Mumbai 400706, Maharashtra, India",400706,Luxury High-Rise Tower,0,48,P51700075251,19.022295,73.019846,Trophy / Ultra-Prime,osm_maharera_cadastral_enriched,0.96
05af3ef0-f500-4eb8-82fa-54f6bbeeaa2a,Oberoi Enigma,oberoi enigma,Oberoi Realty,Mumbai,Mulund & Bhandup,IN,"Oberoi Enigma, Mulund & Bhandup, Mumbai 400080, Maharashtra, India",400080,Gated Residential Society,0,48,P51800034588,19.174046,72.939847,Trophy / Ultra-Prime,osm_maharera_cadastral_enriched,0.96
f9e9d24d-f005-4e85-a47f-74e0bb916be6,Wadhwa Atmosphere,wadhwa atmosphere,The Wadhwa Group,Mumbai,Mulund & Bhandup,IN,"Wadhwa Atmosphere, Mulund & Bhandup, Mumbai 400080, Maharashtra, India",400080,Gated Residential Society,0,48,P51800041533,19.159367,72.94787,Trophy / Ultra-Prime,osm_maharera_cadastral_enriched,0.96
8bb2200f-fd04-483b-ada5-1ab4c6e855be,Lodha Luxaria,lodha luxaria,Lodha Group (Macrotech),Mumbai,Thane (Ghodbunder & Majiwada),IN,"Lodha Luxaria, Thane (Ghodbunder & Majiwada), Mumbai 400601, Maharashtra, India",400601,Gated Residential Society,0,48,P51700087460,19.21399,72.987509,Trophy / Ultra-Prime,osm_maharera_cadastral_enriched,0.96
036e31cb-5c3a-46ce-a92f-bac572ad6901,Lodha Paradise,lodha paradise,Lodha Group (Macrotech),Mumbai,Thane (Ghodbunder & Majiwada),IN,"Lodha Paradise, Thane (Ghodbunder & Majiwada), Mumbai 400601, Maharashtra, India",400601,Gated Residential Society,0,48,P51700010949,19.21287,72.98609,Trophy / Ultra-Prime,osm_maharera_cadastral_enriched,0.96
b6495379-8cfd-4f7a-886b-610ce42b9983,Kalpataru Solitare,kalpataru solitare,Kalpataru Limited,Mumbai,Juhu & Vile Parle West,IN,"Kalpataru Solitare, Juhu & Vile Parle West, Mumbai 400049, Maharashtra, India",400049,Gated Residential Society,0,48,P51800081855,19.111163,72.83445,Trophy / Ultra-Prime,osm_maharera_cadastral_enriched,0.96
12b065b6-7490-4169-830e-171f7cf87e2d,One Hiranandani,one hiranandani,Hiranandani Group,Mumbai,Thane (Ghodbunder & Majiwada),IN,"One Hiranandani, Ghodbunder Road, Thane (Ghodbunder & Majiwada), Mumbai 400607, Maharashtra, India",400607,Gated Residential Society,0,48,P51700071230,19.243414,72.977222,Trophy / Ultra-Prime,osm_maharera_cadastral_enriched,0.96
b4566aff-ae8d-4327-bec0-8d7f56e49516,Kalpataru Hills,kalpataru hills,Kalpataru Limited,Mumbai,Thane (Ghodbunder & Majiwada),IN,"Kalpataru Hills, Patlipada, Thane (Ghodbunder & Majiwada), Mumbai 400610, Maharashtra, India",400610,Gated Residential Society,0,48,P51700094714,19.236392,72.966157,Trophy / Ultra-Prime,osm_maharera_cadastral_enriched,0.96
c23e758c-f6ea-40df-8fe4-205987f8d1f4,Rustomjee Azziano,rustomjee azziano,Rustomjee,Mumbai,Thane (Ghodbunder & Majiwada),IN,"Rustomjee Azziano, Thane (Ghodbunder & Majiwada), Mumbai 400601, Maharashtra, India",400601,Gated Residential Society,0,48,P51700086067,19.208356,72.988044,Trophy / Ultra-Prime,osm_maharera_cadastral_enriched,0.96
a5214d91-bc64-400d-ab68-ca059ffc156c,Rustomjee Astralea,rustomjee astralea,Rustomjee,Mumbai,Thane (Ghodbunder & Majiwada),IN,"Rustomjee Astralea, Thane (Ghodbunder & Majiwada), Mumbai 400601, Maharashtra, India",400601,Gated Residential Society,0,48,P51700019164,19.211486,72.987618,Trophy / Ultra-Prime,osm_maharera_cadastral_enriched,0.96
52d94000-bef9-4250-8088-0e898d62f5b4,Lodha Evoq,lodha evoq,Lodha Group (Macrotech),Mumbai,Wadala (New Cuffe Parade),IN,"Lodha Evoq, Sion, Wadala (New Cuffe Parade), Mumbai 400037, Maharashtra, India",400037,Gated Residential Society,0,48,P51900049172,19.036641,72.878444,Trophy / Ultra-Prime,osm_maharera_cadastral_enriched,0.96
c85f93d5-4a10-46ad-bd14-9fabc5005fd0,Lodha Amara,lodha amara,Lodha Group (Macrotech),Mumbai,Thane (Ghodbunder & Majiwada),IN,"Lodha Amara, Thane (Ghodbunder & Majiwada), Mumbai 400601, Maharashtra, India",400601,Gated Residential Society,0,48,P51700057373,19.234146,72.990606,Trophy / Ultra-Prime,osm_maharera_cadastral_enriched,0.96
15b340c3-1303-46b1-bb01-7f411d1d42a7,Kalpataru Sunrise,kalpataru sunrise,Kalpataru Limited,Mumbai,Thane (Ghodbunder & Majiwada),IN,"Kalpataru Sunrise, Thane (Ghodbunder & Majiwada), Mumbai 400601, Maharashtra, India",400601,Gated Residential Society,0,48,P51700046087,19.2285,72.986873,Trophy / Ultra-Prime,osm_maharera_cadastral_enriched,0.96
1aab2607-26b4-4e91-80e0-6875e20a996a,Kalpataru Starlight,kalpataru starlight,Kalpataru Limited,Mumbai,Thane (Ghodbunder & Majiwada),IN,"Kalpataru Starlight, Thane (Ghodbunder & Majiwada), Mumbai 400601, Maharashtra, India",400601,Gated Residential Society,0,48,P51700096153,19.230832,72.991657,Trophy / Ultra-Prime,osm_maharera_cadastral_enriched,0.96
fec0452b-f015-4577-8544-d779e00a714a,Kalpataru Immensa,kalpataru immensa,Kalpataru Limited,Mumbai,Thane (Ghodbunder & Majiwada),IN,"Kalpataru Immensa, Thane (Ghodbunder & Majiwada), Mumbai 400601, Maharashtra, India",400601,Gated Residential Society,0,48,P51700067541,19.231177,72.989795,Trophy / Ultra-Prime,osm_maharera_cadastral_enriched,0.96
ad3f58fa-c8f0-440c-9341-0cccab36c0b4,Elite Platina By Wadhwa Group,elite platina by wadhwa group,The Wadhwa Group,Mumbai,Thane (Ghodbunder & Majiwada),IN,"Elite Platina By Wadhwa Group, Thane (Ghodbunder & Majiwada), Mumbai 400601, Maharashtra, India",400601,Gated Residential Society,0,48,P51700098177,19.231676,72.98612,Trophy / Ultra-Prime,osm_maharera_cadastral_enriched,0.96
250a7bac-4c3a-40f0-94ad-b5d43455d560,Piramal Vaikunth,piramal vaikunth,Piramal Realty,Mumbai,Thane (Ghodbunder & Majiwada),IN,"Piramal Vaikunth, Thane (Ghodbunder & Majiwada), Mumbai 400601, Maharashtra, India",400601,Gated Residential Society,0,48,P51700020020,19.224825,72.989912,Trophy / Ultra-Prime,osm_maharera_cadastral_enriched,0.96
4d5b2fbc-c038-4d43-833a-f1a4351f413c,Lodha Casa Royale,lodha casa royale,Lodha Group (Macrotech),Mumbai,Thane (Ghodbunder & Majiwada),IN,"Lodha Casa Royale, Thane (Ghodbunder & Majiwada), Mumbai 400601, Maharashtra, India",400601,Gated Residential Society,0,48,P51700063579,19.217004,72.99142,Trophy / Ultra-Prime,osm_maharera_cadastral_enriched,0.96
0da122ee-1218-412e-8d2e-d7b888d93e0e,Lodha Sterling,lodha sterling,Lodha Group (Macrotech),Mumbai,Thane (Ghodbunder & Majiwada),IN,"Lodha Sterling, Thane (Ghodbunder & Majiwada), Mumbai 400601, Maharashtra, India",400601,Gated Residential Society,0,48,P51700021428,19.234265,72.986614,Trophy / Ultra-Prime,osm_maharera_cadastral_enriched,0.96
2b5877fb-2b03-44b0-9ab9-069ca06b265c,Rustomjee Seasons,rustomjee seasons,Rustomjee,Mumbai,BKC & Bandra East,IN,"Rustomjee Seasons, Madhusudan Kalekar Marg, BKC & Bandra East, Mumbai 400051, Maharashtra, India",400051,Gated Residential Society,0,48,P51800035561,19.057511,72.85074,Trophy / Ultra-Prime,osm_maharera_cadastral_enriched,0.96
91e5801c-7189-4a9f-9c42-b3688a7ce030,Kalpataru Sparkle,kalpataru sparkle,Kalpataru Limited,Mumbai,BKC & Bandra East,IN,"Kalpataru Sparkle, Nanasaheb Dharmadhikari Marg, BKC & Bandra East, Mumbai 400051, Maharashtra, India",400051,Luxury High-Rise Tower,0,48,P51800083085,19.05681,72.848252,Trophy / Ultra-Prime,osm_maharera_cadastral_enriched,0.96
c92369f2-8709-433e-a2de-f3de1d9309f9,Rustomjee Oriana,rustomjee oriana,Rustomjee,Mumbai,BKC & Bandra East,IN,"Rustomjee Oriana, Nanasaheb Dharmadhikari Marg, BKC & Bandra East, Mumbai 400051, Maharashtra, India",400051,Gated Residential Society,0,48,P51800027850,19.057358,72.848965,Trophy / Ultra-Prime,osm_maharera_cadastral_enriched,0.96
222a71dd-b6c7-41da-8f84-9c5cd105950b,Kalpataru Magnus,kalpataru magnus,Kalpataru Limited,Mumbai,BKC & Bandra East,IN,"Kalpataru Magnus, Nanasaheb Dharmadhikari Marg, BKC & Bandra East, Mumbai 400051, Maharashtra, India",400051,Gated Residential Society,0,48,P51800020858,19.059659,72.851546,Trophy / Ultra-Prime,osm_maharera_cadastral_enriched,0.96
85590fe9-7894-4457-b4fc-103ab44fc5ba,Lodha Iris,lodha iris,Lodha Group (Macrotech),Mumbai,Thane (Ghodbunder & Majiwada),IN,"Lodha Iris, Eastern Express Highway, Thane (Ghodbunder & Majiwada), Mumbai 400601, Maharashtra, India",400601,Gated Residential Society,0,48,P51700014850,19.214524,72.985152,Trophy / Ultra-Prime,osm_maharera_cadastral_enriched,0.96
1435f4cf-08e1-4e47-be02-6cce5bc5804f,Lodha Rare Gem,lodha rare gem,Lodha Group (Macrotech),Mumbai,Thane (Ghodbunder & Majiwada),IN,"Lodha Rare Gem, Eastern Express Highway, Thane (Ghodbunder & Majiwada), Mumbai 400601, Maharashtra, India",400601,Gated Residential Society,0,48,P51700012472,19.215477,72.990597,Trophy / Ultra-Prime,osm_maharera_cadastral_enriched,0.96
208f242b-bc9e-4cf9-99d1-a5cde754fb06,Lodha Crown,lodha crown,Lodha Group (Macrotech),Mumbai,Thane (Ghodbunder & Majiwada),IN,"Lodha Crown, Eastern Express Highway, Thane (Ghodbunder & Majiwada), Mumbai 400601, Maharashtra, India",400601,Gated Residential Society,0,48,P51700052618,19.213077,72.989579,Trophy / Ultra-Prime,osm_maharera_cadastral_enriched,0.96
d0b3b995-7f2e-4484-aa5e-a25e415f041d,Lodha Casa Viva,lodha casa viva,Lodha Group (Macrotech),Mumbai,Thane (Ghodbunder & Majiwada),IN,"Lodha Casa Viva, Eastern Express Highway, Thane (Ghodbunder & Majiwada), Mumbai 400601, Maharashtra, India",400601,Gated Residential Society,0,48,P51700039337,19.213329,72.989112,Trophy / Ultra-Prime,osm_maharera_cadastral_enriched,0.96
1079c940-b6c3-422a-9891-460ef37e1ccd,Lodha Priva,lodha priva,Lodha Group (Macrotech),Mumbai,Thane (Ghodbunder & Majiwada),IN,"Lodha Priva, Eastern Express Highway, Thane (Ghodbunder & Majiwada), Mumbai 400601, Maharashtra, India",400601,Gated Residential Society,0,48,P51700062702,19.212811,72.988464,Trophy / Ultra-Prime,osm_maharera_cadastral_enriched,0.96
561de666-5920-45d5-ab9a-08bb3bd001d2,Lodha New Cuffe Parade,lodha new cuffe parade,Lodha Group (Macrotech),Mumbai,Wadala (New Cuffe Parade),IN,"Lodha New Cuffe Parade, Sion, Wadala (New Cuffe Parade), Mumbai 400037, Maharashtra, India",400037,Gated Residential Society,0,48,P51900047871,19.038093,72.878724,Trophy / Ultra-Prime,osm_maharera_cadastral_enriched,0.96
14ed9fee-93a8-41eb-b74a-7c805b6a3b76,Lodha Place,lodha place,Lodha Group (Macrotech),Mumbai,Worli & Prabhadevi,IN,"Lodha Place, Worli & Prabhadevi, Mumbai 400018, Maharashtra, India",400018,Gated Residential Society,0,48,P51900065451,19.002515,72.827226,Trophy / Ultra-Prime,osm_maharera_cadastral_enriched,0.96
dcdf0c5d-de6c-483c-9ffc-aa90709b8a17,Lodha Grandeur,lodha grandeur,Lodha Group (Macrotech),Mumbai,Worli & Prabhadevi,IN,"Lodha Grandeur, Worli & Prabhadevi, Mumbai 400028, Maharashtra, India",400028,Gated Residential Society,0,48,P51900095520,19.011724,72.832222,Trophy / Ultra-Prime,osm_maharera_cadastral_enriched,0.96
15d4f5ce-6c8b-4882-a424-9b63b702a4ef,Indiabulls Blu,indiabulls blu,Indiabulls Real Estate,Mumbai,Worli & Prabhadevi,IN,"Indiabulls Blu, Ganapatrao Kadam Marg, Worli & Prabhadevi, Mumbai 400018, Maharashtra, India",400018,Gated Residential Society,0,48,P51900066369,18.997533,72.820397,Trophy / Ultra-Prime,osm_maharera_cadastral_enriched,0.96
6f9e9c59-2a46-4599-9cd9-977d44905cbe,Oberoi Esquire,oberoi esquire,Oberoi Realty,Mumbai,Goregaon West & East (Oberoi Garden City),IN,"Oberoi Esquire, Goregaon West & East (Oberoi Garden City), Mumbai 400063, Maharashtra, India",400063,Gated Residential Society,0,48,P51800098534,19.170094,72.863539,Trophy / Ultra-Prime,osm_maharera_cadastral_enriched,0.96
bf6e0457-8905-4571-9307-42dbdd5806f4,Oberoi Exquisite,oberoi exquisite,Oberoi Realty,Mumbai,Goregaon West & East (Oberoi Garden City),IN,"Oberoi Exquisite, Goregaon West & East (Oberoi Garden City), Mumbai 400063, Maharashtra, India",400063,Gated Residential Society,0,48,P51800028334,19.171619,72.863704,Trophy / Ultra-Prime,osm_maharera_cadastral_enriched,0.96
333c7e10-5c10-41fa-b88f-1e09bba91346,Oberoi Seven,oberoi seven,Oberoi Realty,Mumbai,Goregaon West & East (Oberoi Garden City),IN,"Oberoi Seven, Goregaon West & East (Oberoi Garden City), Mumbai 400063, Maharashtra, India",400063,Gated Residential Society,0,48,P51800015404,19.170523,72.865381,Trophy / Ultra-Prime,osm_maharera_cadastral_enriched,0.96
01ef5bfd-cbbf-4248-a438-0c3a883d6570,Kalpataru Paramount,kalpataru paramount,Kalpataru Limited,Mumbai,Thane (Ghodbunder & Majiwada),IN,"Kalpataru Paramount, Thane (Ghodbunder & Majiwada), Mumbai 400601, Maharashtra, India",400601,Gated Residential Society,0,48,P51700039314,19.217691,72.984037,Trophy / Ultra-Prime,osm_maharera_cadastral_enriched,0.96
2e67ff6b-2650-44fc-9a62-9383c808355d,Rustomjee Ozone,rustomjee ozone,Rustomjee,Mumbai,Goregaon West & East (Oberoi Garden City),IN,"Rustomjee Ozone, Goregaon West & East (Oberoi Garden City), Mumbai 400063, Maharashtra, India",400063,Gated Residential Society,0,48,P51800026523,19.173092,72.841579,Trophy / Ultra-Prime,osm_maharera_cadastral_enriched,0.96
025d73d6-46f0-49c8-9799-a468f3dc168f,Atul Kalpataru,atul kalpataru,Kalpataru Limited,Mumbai,Goregaon West & East (Oberoi Garden City),IN,"Atul Kalpataru, Goregaon West & East (Oberoi Garden City), Mumbai 400063, Maharashtra, India",400063,Gated Residential Society,0,48,P51800020895,19.172837,72.838367,Trophy / Ultra-Prime,osm_maharera_cadastral_enriched,0.96
afdda54a-e744-47bb-8f82-2fad8ee26ca0,Kalpataru Regalia,kalpataru regalia,Kalpataru Limited,Mumbai,Goregaon West & East (Oberoi Garden City),IN,"Kalpataru Regalia, Goregaon West & East (Oberoi Garden City), Mumbai 400063, Maharashtra, India",400063,Gated Residential Society,0,48,P51800021068,19.172924,72.83856,Trophy / Ultra-Prime,osm_maharera_cadastral_enriched,0.96
e2fa6deb-20f8-4c3c-8352-05c55b4062de,Kalpataru Radiance,kalpataru radiance,Kalpataru Limited,Mumbai,Goregaon West & East (Oberoi Garden City),IN,"Kalpataru Radiance, Goregaon West & East (Oberoi Garden City), Mumbai 400063, Maharashtra, India",400063,Gated Residential Society,0,48,P51800038698,19.157058,72.841156,Trophy / Ultra-Prime,osm_maharera_cadastral_enriched,0.96
ea141cd0-5f2d-4792-ab60-ef36474d53dc,Rustomjee Elanza,rustomjee elanza,Rustomjee,Mumbai,Malad West & Mindspace,IN,"Rustomjee Elanza, Malad West & Mindspace, Mumbai 400064, Maharashtra, India",400064,Gated Residential Society,0,48,P51800055060,19.175429,72.83467,Trophy / Ultra-Prime,osm_maharera_cadastral_enriched,0.96
a32b3109-3845-4be1-92a7-fd5e15a6eef4,Kalpataru Crest,kalpataru crest,Kalpataru Limited,Mumbai,Mulund & Bhandup,IN,"Kalpataru Crest, Lal Bahadur Shastri Marg, Mulund & Bhandup, Mumbai 400080, Maharashtra, India",400080,Gated Residential Society,0,48,P51800063073,19.156737,72.938881,Trophy / Ultra-Prime,osm_maharera_cadastral_enriched,0.96
ebf19149-401a-442d-bd24-011dbc940f89,Lodha Fiorenza,lodha fiorenza,Lodha Group (Macrotech),Mumbai,Goregaon West & East (Oberoi Garden City),IN,"Lodha Fiorenza, Goregaon West & East (Oberoi Garden City), Mumbai 400063, Maharashtra, India",400063,Gated Residential Society,0,48,P51800033873,19.153907,72.855703,Trophy / Ultra-Prime,osm_maharera_cadastral_enriched,0.96
e4c0535f-8ebd-47f8-8f1d-ff402ce81678,Lodha Altamount,lodha altamount,Lodha Group (Macrotech),Mumbai,Malabar Hill & Walkeshwar,IN,"Lodha Altamount, Malabar Hill & Walkeshwar, Mumbai 400006, Maharashtra, India",400006,Gated Residential Society,0,48,P51900044289,18.968173,72.810428,Trophy / Ultra-Prime,osm_maharera_cadastral_enriched,0.96
a5c82734-0ca4-4574-a754-f638dfe59dc9,Rustomjee Acura,rustomjee acura,Rustomjee,Mumbai,Thane (Ghodbunder & Majiwada),IN,"Rustomjee Acura, Thane (Ghodbunder & Majiwada), Mumbai 400601, Maharashtra, India",400601,Gated Residential Society,0,48,P51700063651,19.207574,72.986611,Trophy / Ultra-Prime,osm_maharera_cadastral_enriched,0.96
78d23062-376c-4a47-a630-114d220c3cf8,Rustomjee Atelier,rustomjee atelier,Rustomjee,Mumbai,Thane (Ghodbunder & Majiwada),IN,"Rustomjee Atelier, Thane (Ghodbunder & Majiwada), Mumbai 400601, Maharashtra, India",400601,Gated Residential Society,0,48,P51700039502,19.209136,72.986603,Trophy / Ultra-Prime,osm_maharera_cadastral_enriched,0.96
21bc5f8b-74da-40fc-870c-85a2a24105e2,Rustomjee Aurelia,rustomjee aurelia,Rustomjee,Mumbai,Thane (Ghodbunder & Majiwada),IN,"Rustomjee Aurelia, Thane (Ghodbunder & Majiwada), Mumbai 400601, Maharashtra, India",400601,Gated Residential Society,0,48,P51700054114,19.206176,72.988291,Trophy / Ultra-Prime,osm_maharera_cadastral_enriched,0.96
c272aec7-426f-41c4-8c80-0b21918bfaf6,Castle Rock,castle rock,Hiranandani Group,Mumbai,Powai (Hiranandani Gardens),IN,"Castle Rock, Powai (Hiranandani Gardens), Mumbai 400076, Maharashtra, India",400076,Gated Residential Society,0,48,P51800046982,19.116587,72.913834,Trophy / Ultra-Prime,osm_maharera_cadastral_enriched,0.96
8b9d73bf-36f0-4481-a205-e14806e21f64,Shapoorji Pallonji Vicinia,shapoorji pallonji vicinia,Shapoorji Pallonji,Mumbai,Powai (Hiranandani Gardens),IN,"Shapoorji Pallonji Vicinia, Powai (Hiranandani Gardens), Mumbai 400076, Maharashtra, India",400076,Gated Residential Society,0,48,P51800047348,19.110773,72.90184,Trophy / Ultra-Prime,osm_maharera_cadastral_enriched,0.96
5d06e304-cd0f-4bb8-94b0-7eae64ce87bd,Raheja Nest,raheja nest,K Raheja Corp,Mumbai,Powai (Hiranandani Gardens),IN,"Raheja Nest, Powai (Hiranandani Gardens), Mumbai 400076, Maharashtra, India",400076,Gated Residential Society,0,48,P51800056428,19.114003,72.900474,Trophy / Ultra-Prime,osm_maharera_cadastral_enriched,0.96
d602042e-e6fa-4a34-acf2-1228952b7f4c,Lodha Aurum Grande,lodha aurum grande,Lodha Group (Macrotech),Mumbai,Powai (Hiranandani Gardens),IN,"Lodha Aurum Grande, Powai (Hiranandani Gardens), Mumbai 400076, Maharashtra, India",400076,Gated Residential Society,0,48,P51800023390,19.128417,72.929999,Trophy / Ultra-Prime,osm_maharera_cadastral_enriched,0.96
ba5630e3-0015-40fc-b8f6-abb3288665d2,Oberoi Elysian,oberoi elysian,Oberoi Realty,Mumbai,Goregaon West & East (Oberoi Garden City),IN,"Oberoi Elysian, Goregaon West & East (Oberoi Garden City), Mumbai 400063, Maharashtra, India",400063,Gated Residential Society,0,48,P51800030629,19.171254,72.861688,Trophy / Ultra-Prime,osm_maharera_cadastral_enriched,0.96
ae53d943-a1c0-40ff-a235-eded1d3dae18,Oberoi Priviera,oberoi priviera,Oberoi Realty,Mumbai,Khar & Santacruz West,IN,"Oberoi Priviera, Khar & Santacruz West, Mumbai 400052, Maharashtra, India",400052,Gated Residential Society,0,48,P51800050225,19.07714,72.832553,Trophy / Ultra-Prime,osm_maharera_cadastral_enriched,0.96
8c3b2cc3-466b-4139-924a-9c6568039b9d,Kalpataru Residency,kalpataru residency,Kalpataru Limited,Mumbai,Wadala (New Cuffe Parade),IN,"Kalpataru Residency, Wadala (New Cuffe Parade), Mumbai 400037, Maharashtra, India",400037,Gated Residential Society,0,48,P51900037630,19.04247,72.865653,Trophy / Ultra-Prime,osm_maharera_cadastral_enriched,0.96
d4dd3d8c-3eb4-4419-899c-5398eb267f2c,Kalpataru Harmony,kalpataru harmony,Kalpataru Limited,Mumbai,Wadala (New Cuffe Parade),IN,"Kalpataru Harmony, Wadala (New Cuffe Parade), Mumbai 400037, Maharashtra, India",400037,Gated Residential Society,0,48,P51900065846,19.041391,72.866742,Trophy / Ultra-Prime,osm_maharera_cadastral_enriched,0.96
a8f1ddb6-9408-4e10-bc0e-a018f6183dae,Piramal House,piramal house,Piramal Realty,Mumbai,Worli & Prabhadevi,IN,"Piramal House, Worli & Prabhadevi, Mumbai 400018, Maharashtra, India",400018,Gated Residential Society,0,48,P51900073882,19.006039,72.816845,Trophy / Ultra-Prime,osm_maharera_cadastral_enriched,0.96
3e21ab95-e99f-4e32-9d42-0775c6ad6798,Atlantis,atlantis,Hiranandani Group,Mumbai,Powai (Hiranandani Gardens),IN,"Atlantis, Powai (Hiranandani Gardens), Mumbai 400076, Maharashtra, India",400076,Gated Residential Society,0,48,P51800081808,19.118638,72.909018,Trophy / Ultra-Prime,osm_maharera_cadastral_enriched,0.96
6ce7cbef-a09b-44d2-b271-8c64a7120f06,Piramal Nagar Housing Society,piramal nagar housing society,Piramal Realty,Mumbai,Goregaon West & East (Oberoi Garden City),IN,"Piramal Nagar Housing Society, Goregaon West & East (Oberoi Garden City), Mumbai 400063, Maharashtra, India",400063,Gated Residential Society,0,48,P51800058445,19.170069,72.846375,Trophy / Ultra-Prime,osm_maharera_cadastral_enriched,0.96
7db914f2-a8a3-4237-b764-bafd46d9b513,Sunteck City Avenue 1,sunteck city avenue 1,Sunteck Realty,Mumbai,Goregaon West & East (Oberoi Garden City),IN,"Sunteck City Avenue 1, Goregaon West & East (Oberoi Garden City), Mumbai 400063, Maharashtra, India",400063,Gated Residential Society,0,48,P51800079757,19.150458,72.846783,Trophy / Ultra-Prime,osm_maharera_cadastral_enriched,0.96
036688a8-420b-4096-8320-9c4efd31e541,Rustomjee La Sonrisa,rustomjee la sonrisa,Rustomjee,Mumbai,"Dadar, Shivaji Park & Matunga",IN,"Rustomjee La Sonrisa, Dadar, Shivaji Park & Matunga, Mumbai 400028, Maharashtra, India",400028,Gated Residential Society,0,48,P51900058653,19.023081,72.848591,Trophy / Ultra-Prime,osm_maharera_cadastral_enriched,0.96
c86bc57f-ad8b-4e0f-aacc-bc49559991aa,Lodha Vista,lodha vista,Lodha Group (Macrotech),Mumbai,Worli & Prabhadevi,IN,"Lodha Vista, Worli & Prabhadevi, Mumbai 400018, Maharashtra, India",400018,Gated Residential Society,0,48,P51900041438,18.996852,72.827875,Trophy / Ultra-Prime,osm_maharera_cadastral_enriched,0.96
af471884-4c7e-492c-be95-976b4336fd28,Godrej Central,godrej central,Godrej Properties,Mumbai,Chembur & Deonar,IN,"Godrej Central, Chembur & Deonar, Mumbai 400071, Maharashtra, India",400071,Gated Residential Society,0,48,P51800099632,19.06429,72.891715,Trophy / Ultra-Prime,osm_maharera_cadastral_enriched,0.96
f9f8d727-b8ae-4c72-95b6-03728955c4ca,Rustomjee Reserve,rustomjee reserve,Rustomjee,Mumbai,Kandivali & Borivali West/East,IN,"Rustomjee Reserve, Kandivali & Borivali West/East, Mumbai 400067, Maharashtra, India",400067,Gated Residential Society,0,48,P51800024019,19.241909,72.856936,Trophy / Ultra-Prime,osm_maharera_cadastral_enriched,0.96
6086ec06-b83f-4d6e-8e9f-4ef8c8e84057,Raheja Gardens,raheja gardens,K Raheja Corp,Mumbai,Thane (Ghodbunder & Majiwada),IN,"Raheja Gardens, Lal Bahadur Shastri Marg, Thane (Ghodbunder & Majiwada), Mumbai 400604, Maharashtra, India",400604,Gated Residential Society,0,48,P51700014181,19.18788,72.959312,Trophy / Ultra-Prime,osm_maharera_cadastral_enriched,0.96
fd016919-5aa1-42a4-8a3c-aa80da173bcd,Raheja tipco heights,raheja tipco heights,K Raheja Corp,Mumbai,Greater Mumbai Urban Enclaves,IN,"Raheja tipco heights, Rani Sati Marg, Greater Mumbai Urban Enclaves, Mumbai 400097, Maharashtra, India",400097,Luxury High-Rise Tower,20,80,P51800023440,19.184091,72.855422,Trophy / Ultra-Prime,osm_maharera_cadastral_enriched,0.98
5487b0a4-8ad2-4a3c-adfc-053ca35b58fb,Raheja Vistas,raheja vistas,K Raheja Corp,Mumbai,Greater Mumbai Urban Enclaves,IN,"Raheja Vistas, Raheja Vihar Circular Road, Greater Mumbai Urban Enclaves, Mumbai 400072, Maharashtra, India",400072,Luxury High-Rise Tower,17,68,P51800028399,19.118953,72.894053,Trophy / Ultra-Prime,osm_maharera_cadastral_enriched,0.98
c69e4916-8d4f-41cf-9f38-1d749b821f65,Raheja Ridgewood,raheja ridgewood,K Raheja Corp,Mumbai,Greater Mumbai Urban Enclaves,IN,"Raheja Ridgewood, Shree Ram Mandir Road, Greater Mumbai Urban Enclaves, Mumbai 400060, Maharashtra, India",400060,Luxury High-Rise Tower,22,88,P51800055724,19.146053,72.85375,Trophy / Ultra-Prime,osm_maharera_cadastral_enriched,0.98
295296bf-2b37-4ccb-9c96-0cc61741c6ad,Raheja Eternity,raheja eternity,K Raheja Corp,Mumbai,Greater Mumbai Urban Enclaves,IN,"Raheja Eternity, Greater Mumbai Urban Enclaves, Mumbai 400001, Maharashtra, India",400001,Luxury High-Rise Tower,22,88,P51800068744,19.215628,72.874665,Trophy / Ultra-Prime,osm_maharera_cadastral_enriched,0.98
a46905ec-04c6-4acf-bf1e-14c00f231675,Raheja Odyssey,raheja odyssey,K Raheja Corp,Mumbai,Greater Mumbai Urban Enclaves,IN,"Raheja Odyssey, Greater Mumbai Urban Enclaves, Mumbai 400001, Maharashtra, India",400001,Ultra-Luxury High-Rise Tower,35,140,P51800083183,19.215893,72.87537,Trophy / Ultra-Prime,osm_maharera_cadastral_enriched,0.98
55ecfe57-6535-4acc-a49d-84e62b1a0b0e,Raheja Residency H wing,raheja residency h wing,K Raheja Corp,Mumbai,Greater Mumbai Urban Enclaves,IN,"Raheja Residency H wing, Raheja Marg, Greater Mumbai Urban Enclaves, Mumbai 400097, Maharashtra, India",400097,Luxury High-Rise Tower,20,80,P51800037477,19.178564,72.875219,Trophy / Ultra-Prime,osm_maharera_cadastral_enriched,0.98
2bac49d0-c016-4224-91c6-2c621a45ad08,Raheja Serenity,raheja serenity,K Raheja Corp,Mumbai,Greater Mumbai Urban Enclaves,IN,"Raheja Serenity, Greater Mumbai Urban Enclaves, Mumbai 400001, Maharashtra, India",400001,Luxury High-Rise Tower,22,88,P51800069743,19.215303,72.875384,Trophy / Ultra-Prime,osm_maharera_cadastral_enriched,0.98
be73e21b-847e-4574-a2b9-6027b54f93dd,Kalpataru Habitat,kalpataru habitat,Kalpataru Limited,Mumbai,Greater Mumbai Urban Enclaves,IN,"Kalpataru Habitat, Greater Mumbai Urban Enclaves, Mumbai 400001, Maharashtra, India",400001,Gated Residential Society,0,48,P51800042928,18.995963,72.84056,Trophy / Ultra-Prime,osm_maharera_cadastral_enriched,0.94
932af165-1154-43b9-bf2e-c1e8f18be3b0,Lodha Belmont,lodha belmont,Lodha Group (Macrotech),Mumbai,Greater Mumbai Urban Enclaves,IN,"Lodha Belmont, Richmond Drive, Greater Mumbai Urban Enclaves, Mumbai 400001, Maharashtra, India",400001,Gated Residential Society,0,48,P51800018078,19.238622,73.049738,Trophy / Ultra-Prime,osm_maharera_cadastral_enriched,0.94
2ea93053-c707-4962-bdb8-6d1490021b9d,Lodha Bellevue,lodha bellevue,Lodha Group (Macrotech),Mumbai,Greater Mumbai Urban Enclaves,IN,"Lodha Bellevue, Greater Mumbai Urban Enclaves, Mumbai 400001, Maharashtra, India",400001,Gated Residential Society,0,48,P51800083819,18.97756,72.828394,Trophy / Ultra-Prime,osm_maharera_cadastral_enriched,0.94
135850c1-ff46-413c-bd0f-a99c7474da4a,Raheja Reflections Hamilton,raheja reflections hamilton,K Raheja Corp,Mumbai,Greater Mumbai Urban Enclaves,IN,"Raheja Reflections Hamilton, Greater Mumbai Urban Enclaves, Mumbai 400001, Maharashtra, India",400001,Gated Residential Society,0,48,P51800073186,19.215011,72.873647,Trophy / Ultra-Prime,osm_maharera_cadastral_enriched,0.94
cedffc12-8a65-4a45-8390-0779153c3725,Raheja Reflections Windsor Court,raheja reflections windsor court,K Raheja Corp,Mumbai,Greater Mumbai Urban Enclaves,IN,"Raheja Reflections Windsor Court, Greater Mumbai Urban Enclaves, Mumbai 400001, Maharashtra, India",400001,Gated Residential Society,0,48,P51800028451,19.215251,72.873049,Trophy / Ultra-Prime,osm_maharera_cadastral_enriched,0.94
fbb25933-5283-4ba4-a389-627f459505e7,Raheja Universal Ltd,raheja universal ltd,K Raheja Corp,Mumbai,Greater Mumbai Urban Enclaves,IN,"Raheja Universal Ltd, Greater Mumbai Urban Enclaves, Mumbai 400001, Maharashtra, India",400001,Gated Residential Society,0,48,P51800059487,19.214796,72.872957,Trophy / Ultra-Prime,osm_maharera_cadastral_enriched,0.94
84d59aff-875e-4c0a-b48f-611f1ea024d5,Lodha Aqua,lodha aqua,Lodha Group (Macrotech),Mumbai,Greater Mumbai Urban Enclaves,IN,"Lodha Aqua, Western Express Highway, Greater Mumbai Urban Enclaves, Mumbai 401107, Maharashtra, India",401107,Gated Residential Society,0,48,P51800044988,19.264879,72.872791,Trophy / Ultra-Prime,osm_maharera_cadastral_enriched,0.94
b881c9ab-5a4c-4cb0-9d89-1ff8ed9d6d23,Raheja Heights E wing,raheja heights e wing,K Raheja Corp,Mumbai,Greater Mumbai Urban Enclaves,IN,"Raheja Heights E wing, Greater Mumbai Urban Enclaves, Mumbai 400001, Maharashtra, India",400001,Luxury High-Rise Tower,0,48,P51800080515,19.178303,72.877072,Trophy / Ultra-Prime,osm_maharera_cadastral_enriched,0.94
53aace31-91cf-49e9-87c3-92b02b6c77c9,Raheja Heights A wing,raheja heights a wing,K Raheja Corp,Mumbai,Greater Mumbai Urban Enclaves,IN,"Raheja Heights A wing, Greater Mumbai Urban Enclaves, Mumbai 400001, Maharashtra, India",400001,Luxury High-Rise Tower,0,48,P51800064257,19.177698,72.876987,Trophy / Ultra-Prime,osm_maharera_cadastral_enriched,0.94
4235b58c-36c4-4f8d-ac11-0ae5a4ee5083,Raheja Heights C wing,raheja heights c wing,K Raheja Corp,Mumbai,Greater Mumbai Urban Enclaves,IN,"Raheja Heights C wing, Greater Mumbai Urban Enclaves, Mumbai 400001, Maharashtra, India",400001,Luxury High-Rise Tower,0,48,P51800050449,19.177232,72.877287,Trophy / Ultra-Prime,osm_maharera_cadastral_enriched,0.94
6bc56e41-ef42-40f6-b5d9-661e1475375f,Raheja Heights B wing,raheja heights b wing,K Raheja Corp,Mumbai,Greater Mumbai Urban Enclaves,IN,"Raheja Heights B wing, Greater Mumbai Urban Enclaves, Mumbai 400001, Maharashtra, India",400001,Luxury High-Rise Tower,0,48,P51800076591,19.177456,72.877135,Trophy / Ultra-Prime,osm_maharera_cadastral_enriched,0.94
14ebb669-7db4-411a-8746-420f75a996e3,Raheja Heights D wing,raheja heights d wing,K Raheja Corp,Mumbai,Greater Mumbai Urban Enclaves,IN,"Raheja Heights D wing, Greater Mumbai Urban Enclaves, Mumbai 400001, Maharashtra, India",400001,Luxury High-Rise Tower,0,48,P51800019189,19.1782,72.876852,Trophy / Ultra-Prime,osm_maharera_cadastral_enriched,0.94
e733c15e-018f-46c9-b5e8-46157ed97f96,Raheja Heights F wing,raheja heights f wing,K Raheja Corp,Mumbai,Greater Mumbai Urban Enclaves,IN,"Raheja Heights F wing, Greater Mumbai Urban Enclaves, Mumbai 400001, Maharashtra, India",400001,Luxury High-Rise Tower,0,48,P51800024014,19.177215,72.877792,Trophy / Ultra-Prime,osm_maharera_cadastral_enriched,0.94
c318cf64-62bb-4310-bb11-98bb70bce6ae,Raheja Heights G wing,raheja heights g wing,K Raheja Corp,Mumbai,Greater Mumbai Urban Enclaves,IN,"Raheja Heights G wing, Greater Mumbai Urban Enclaves, Mumbai 400001, Maharashtra, India",400001,Luxury High-Rise Tower,0,48,P51800057627,19.177348,72.878018,Trophy / Ultra-Prime,osm_maharera_cadastral_enriched,0.94
26aa110d-cf4d-4d5f-8970-9c342a4285e7,Kalpataru Apartment,kalpataru apartment,Kalpataru Limited,Mumbai,Greater Mumbai Urban Enclaves,IN,"Kalpataru Apartment, Greater Mumbai Urban Enclaves, Mumbai 400001, Maharashtra, India",400001,Gated Residential Society,0,48,P51800087874,19.153324,72.987567,Trophy / Ultra-Prime,osm_maharera_cadastral_enriched,0.94
d8473330-6918-49c6-9e26-98e83fad99bf,Raheja Heights H wing,raheja heights h wing,K Raheja Corp,Mumbai,Greater Mumbai Urban Enclaves,IN,"Raheja Heights H wing, Greater Mumbai Urban Enclaves, Mumbai 400001, Maharashtra, India",400001,Luxury High-Rise Tower,0,48,P51800072320,19.177987,72.877966,Trophy / Ultra-Prime,osm_maharera_cadastral_enriched,0.94
c913af42-068f-485f-b2ab-ab3b7026fe2f,Raheja Residency A wing,raheja residency a wing,K Raheja Corp,Mumbai,Greater Mumbai Urban Enclaves,IN,"Raheja Residency A wing, Greater Mumbai Urban Enclaves, Mumbai 400001, Maharashtra, India",400001,Gated Residential Society,0,48,P51800079383,19.177469,72.876564,Trophy / Ultra-Prime,osm_maharera_cadastral_enriched,0.94
a89c0422-e7ad-41fd-9fb4-231fcc04695c,Castle Rock,castle rock,Hiranandani Group,Mumbai,Greater Mumbai Urban Enclaves,IN,"Castle Rock, Greater Mumbai Urban Enclaves, Mumbai 400001, Maharashtra, India",400001,Gated Residential Society,0,48,P51800070523,19.029405,72.880009,Trophy / Ultra-Prime,osm_maharera_cadastral_enriched,0.94
73e68872-a71e-4594-bc07-a9f9438afdd6,Hiranandani Complex,hiranandani complex,Hiranandani Group,Mumbai,Greater Mumbai Urban Enclaves,IN,"Hiranandani Complex, Sion Panvel Highway, Greater Mumbai Urban Enclaves, Mumbai 410210, Maharashtra, India",410210,Gated Residential Society,0,48,P51800089457,19.033722,73.065665,Trophy / Ultra-Prime,osm_maharera_cadastral_enriched,0.94
c91123da-8b6e-40f8-aa49-3fb1e0414476,Raheja Heights,raheja heights,K Raheja Corp,Mumbai,Greater Mumbai Urban Enclaves,IN,"Raheja Heights, Greater Mumbai Urban Enclaves, Mumbai 400001, Maharashtra, India",400001,Luxury High-Rise Tower,0,48,P51800089221,19.177726,72.87728,Trophy / Ultra-Prime,osm_maharera_cadastral_enriched,0.94
8663ec51-b444-4e03-8f53-74979f1ec5c7,Raheja Residency E wing,raheja residency e wing,K Raheja Corp,Mumbai,Greater Mumbai Urban Enclaves,IN,"Raheja Residency E wing, Greater Mumbai Urban Enclaves, Mumbai 400001, Maharashtra, India",400001,Gated Residential Society,0,48,P51800067798,19.178634,72.875781,Trophy / Ultra-Prime,osm_maharera_cadastral_enriched,0.94
36a490e6-cbbc-496e-8512-ac9b2bb8202c,Raheja Residency D wing,raheja residency d wing,K Raheja Corp,Mumbai,Greater Mumbai Urban Enclaves,IN,"Raheja Residency D wing, Greater Mumbai Urban Enclaves, Mumbai 400001, Maharashtra, India",400001,Gated Residential Society,0,48,P51800065977,19.17833,72.875972,Trophy / Ultra-Prime,osm_maharera_cadastral_enriched,0.94
c8194244-0d8d-4d14-bf43-5326de43365e,Raheja Residency,raheja residency,K Raheja Corp,Mumbai,Greater Mumbai Urban Enclaves,IN,"Raheja Residency, Greater Mumbai Urban Enclaves, Mumbai 400001, Maharashtra, India",400001,Gated Residential Society,0,48,P51800016541,19.178101,72.875757,Trophy / Ultra-Prime,osm_maharera_cadastral_enriched,0.94
485d8e36-8d9b-43e8-8552-7fcc43cf7e74,Ashok Gardens,ashok gardens,Peninsula Land,Mumbai,Greater Mumbai Urban Enclaves,IN,"Ashok Gardens, Greater Mumbai Urban Enclaves, Mumbai 400001, Maharashtra, India",400001,Gated Residential Society,0,48,P51800036660,18.995345,72.846915,Trophy / Ultra-Prime,osm_maharera_cadastral_enriched,0.94
b6360507-75fa-4e4f-b70a-a503a78e98c1,Crescent Bay,crescent bay,L&T Realty,Mumbai,Greater Mumbai Urban Enclaves,IN,"Crescent Bay, Jerbai Wadia Marg, Greater Mumbai Urban Enclaves, Mumbai 400001, Maharashtra, India",400001,Gated Residential Society,0,48,P51800012073,19.003751,72.849906,Trophy / Ultra-Prime,osm_maharera_cadastral_enriched,0.94
55f8d6c7-dea0-451e-9462-b2bb8bc0e18e,Kalpataru Estate,kalpataru estate,Kalpataru Limited,Mumbai,Greater Mumbai Urban Enclaves,IN,"Kalpataru Estate, Greater Mumbai Urban Enclaves, Mumbai 400001, Maharashtra, India",400001,Gated Residential Society,0,48,P51800036255,19.138316,72.867288,Trophy / Ultra-Prime,osm_maharera_cadastral_enriched,0.94
67d20206-3983-4f72-b4c8-f3c37a4a1fa6,Oberoi Splendor,oberoi splendor,Oberoi Realty,Mumbai,Greater Mumbai Urban Enclaves,IN,"Oberoi Splendor, Jogeshwari Vikhroli Link Road, Greater Mumbai Urban Enclaves, Mumbai 400060, Maharashtra, India",400060,Gated Residential Society,0,48,P51800062240,19.14056,72.86451,Trophy / Ultra-Prime,osm_maharera_cadastral_enriched,0.94
c80fad3f-bd30-42a5-8411-226b911d4293,Kalpataru Heights,kalpataru heights,Kalpataru Limited,Mumbai,Greater Mumbai Urban Enclaves,IN,"Kalpataru Heights, Agra Road, Greater Mumbai Urban Enclaves, Mumbai 421302, Maharashtra, India",421302,Luxury High-Rise Tower,0,48,P51800032740,19.277341,73.047664,Trophy / Ultra-Prime,osm_maharera_cadastral_enriched,0.94
ca706e49-4de6-4025-8dba-b6ddb1a8b349,Lodha Splendora,lodha splendora,Lodha Group (Macrotech),Mumbai,Greater Mumbai Urban Enclaves,IN,"Lodha Splendora, Greater Mumbai Urban Enclaves, Mumbai 400001, Maharashtra, India",400001,Gated Residential Society,0,48,P51800072270,19.284895,72.954736,Trophy / Ultra-Prime,osm_maharera_cadastral_enriched,0.94
51ab36d8-ac91-493c-aa31-0a37a4a314a4,Oberoi Gardens,oberoi gardens,Oberoi Realty,Mumbai,Greater Mumbai Urban Enclaves,IN,"Oberoi Gardens, Evershine Road, Thakur Village, Kandivali East, Greater Mumbai Urban Enclaves, Mumbai 400101, Maharashtra, India",400101,Gated Residential Society,0,48,P51800014992,19.209781,72.870236,Trophy / Ultra-Prime,osm_maharera_cadastral_enriched,0.94
866d92e5-988b-4a90-814a-ede97f880240,Raheja Willows,raheja willows,K Raheja Corp,Mumbai,Greater Mumbai Urban Enclaves,IN,"Raheja Willows, Akurli Road, Greater Mumbai Urban Enclaves, Mumbai 400101, Maharashtra, India",400101,Gated Residential Society,0,48,P51800073107,19.201378,72.875989,Trophy / Ultra-Prime,osm_maharera_cadastral_enriched,0.94
f3c24330-c0b5-4f07-b5fc-d277d0339d32,Raheja Exotica Sorento,raheja exotica sorento,K Raheja Corp,Mumbai,Greater Mumbai Urban Enclaves,IN,"Raheja Exotica Sorento, Greater Mumbai Urban Enclaves, Mumbai 400001, Maharashtra, India",400001,Gated Residential Society,0,48,P51800074079,19.149861,72.795926,Trophy / Ultra-Prime,osm_maharera_cadastral_enriched,0.94
16e4c7de-278b-40da-a404-0d8ddb337fcb,Raheja Exotica,raheja exotica,K Raheja Corp,Mumbai,Greater Mumbai Urban Enclaves,IN,"Raheja Exotica, Greater Mumbai Urban Enclaves, Mumbai 400001, Maharashtra, India",400001,Gated Residential Society,0,48,P51800063952,19.148516,72.79556,Trophy / Ultra-Prime,osm_maharera_cadastral_enriched,0.94
a724ac7c-58ed-445e-826a-c35537825efa,Lodha Grandezza,lodha grandezza,Lodha Group (Macrotech),Mumbai,Greater Mumbai Urban Enclaves,IN,"Lodha Grandezza, Road Number 22, Greater Mumbai Urban Enclaves, Mumbai 400001, Maharashtra, India",400001,Gated Residential Society,0,48,P51800089455,19.197494,72.948444,Trophy / Ultra-Prime,osm_maharera_cadastral_enriched,0.94
abdb37cf-3829-4110-8a9e-8be19dc6a443,Lodha Primo,lodha primo,Lodha Group (Macrotech),Mumbai,Greater Mumbai Urban Enclaves,IN,"Lodha Primo, Dr Ernest Borges Marg, Greater Mumbai Urban Enclaves, Mumbai 400012, Maharashtra, India",400012,Gated Residential Society,0,48,P51800065556,19.001528,72.840252,Trophy / Ultra-Prime,osm_maharera_cadastral_enriched,0.94
e0116c06-4766-4fb6-97b8-b43774ff98cf,The Address,the address,The Wadhwa Group,Mumbai,Greater Mumbai Urban Enclaves,IN,"The Address, Greater Mumbai Urban Enclaves, Mumbai 400001, Maharashtra, India",400001,Gated Residential Society,0,48,P51800093066,19.291012,72.872516,Trophy / Ultra-Prime,osm_maharera_cadastral_enriched,0.94
3284d1aa-97ca-4a30-bb68-b1462bad0594,Lodha Codename Bullseye,lodha codename bullseye,Lodha Group (Macrotech),Mumbai,Greater Mumbai Urban Enclaves,IN,"Lodha Codename Bullseye, Greater Mumbai Urban Enclaves, Mumbai 400001, Maharashtra, India",400001,Gated Residential Society,0,48,P51800039884,19.282579,72.880262,Trophy / Ultra-Prime,osm_maharera_cadastral_enriched,0.94
7ce99452-5442-4826-b402-9097d21f4f9c,Godrej Emerald,godrej emerald,Godrej Properties,Mumbai,Greater Mumbai Urban Enclaves,IN,"Godrej Emerald, Greater Mumbai Urban Enclaves, Mumbai 400001, Maharashtra, India",400001,Gated Residential Society,0,48,P51800030452,19.281776,72.951443,Trophy / Ultra-Prime,osm_maharera_cadastral_enriched,0.94
fde60b02-a292-45ce-9e33-829469dcfa84,Lodha Bel Air,lodha bel air,Lodha Group (Macrotech),Mumbai,Greater Mumbai Urban Enclaves,IN,"Lodha Bel Air, Greater Mumbai Urban Enclaves, Mumbai 400001, Maharashtra, India",400001,Gated Residential Society,0,48,P51800042715,19.141521,72.84496,Trophy / Ultra-Prime,osm_maharera_cadastral_enriched,0.94
4d2b61d5-3eff-4d4e-9d50-596b6a1c4a1b,Kalpataru Avana,kalpataru avana,Kalpataru Limited,Mumbai,Greater Mumbai Urban Enclaves,IN,"Kalpataru Avana, Greater Mumbai Urban Enclaves, Mumbai 400001, Maharashtra, India",400001,Gated Residential Society,0,48,P51800067899,18.99877,72.8426,Trophy / Ultra-Prime,osm_maharera_cadastral_enriched,0.94
9b56c420-2837-41c5-aef4-2597acf5f404,Lodha Venezia,lodha venezia,Lodha Group (Macrotech),Mumbai,Greater Mumbai Urban Enclaves,IN,"Lodha Venezia, G D Ambedkar Marg (Parel Tank Road), Greater Mumbai Urban Enclaves, Mumbai 400001, Maharashtra, India",400001,Gated Residential Society,0,48,P51800082352,18.991658,72.840829,Trophy / Ultra-Prime,osm_maharera_cadastral_enriched,0.94
9ddcbd46-4a6b-47d4-8a8a-2963b8bc6394,Platina,platina,The Wadhwa Group,Mumbai,Greater Mumbai Urban Enclaves,IN,"Platina, Greater Mumbai Urban Enclaves, Mumbai 400001, Maharashtra, India",400001,Gated Residential Society,0,48,P51800082755,19.169847,73.074182,Trophy / Ultra-Prime,osm_maharera_cadastral_enriched,0.94
3f332fd2-94d6-47aa-9fb2-ccc8d43aa2dd,Atlantis - Balaji,atlantis balaji,Hiranandani Group,Mumbai,Greater Mumbai Urban Enclaves,IN,"Atlantis - Balaji, Greater Mumbai Urban Enclaves, Mumbai 400001, Maharashtra, India",400001,Gated Residential Society,0,48,P51800088408,19.119718,72.992867,Trophy / Ultra-Prime,osm_maharera_cadastral_enriched,0.94
38549288-00c4-4613-b0dc-224931d1e23b,Lodha Upper Thane,lodha upper thane,Lodha Group (Macrotech),Mumbai,Greater Mumbai Urban Enclaves,IN,"Lodha Upper Thane, Greater Mumbai Urban Enclaves, Mumbai 400001, Maharashtra, India",400001,Gated Residential Society,0,48,P51800040326,19.231494,73.049896,Trophy / Ultra-Prime,osm_maharera_cadastral_enriched,0.94
73f08765-e94e-4671-a445-e35de2979103,L&T Emerald Isle,l t emerald isle,L&T Realty,Mumbai,Greater Mumbai Urban Enclaves,IN,"L&T Emerald Isle, Greater Mumbai Urban Enclaves, Mumbai 400001, Maharashtra, India",400001,Gated Residential Society,0,48,P51800055897,19.122463,72.893362,Trophy / Ultra-Prime,osm_maharera_cadastral_enriched,0.94
15cabea9-9dab-48e0-83ee-fca9403cfee4,Shapoorji Pallonji Mulund,shapoorji pallonji mulund,Shapoorji Pallonji,Mumbai,Greater Mumbai Urban Enclaves,IN,"Shapoorji Pallonji Mulund, Greater Mumbai Urban Enclaves, Mumbai 400001, Maharashtra, India",400001,Gated Residential Society,0,48,P51800037953,19.187424,72.943515,Trophy / Ultra-Prime,osm_maharera_cadastral_enriched,0.94
c9ed58da-ab6b-4837-9388-d0da6763d1f2,Oberoi Park View,oberoi park view,Oberoi Realty,Mumbai,Greater Mumbai Urban Enclaves,IN,"Oberoi Park View, Greater Mumbai Urban Enclaves, Mumbai 400001, Maharashtra, India",400001,Luxury High-Rise Tower,0,48,P51800024780,19.209475,72.871645,Trophy / Ultra-Prime,osm_maharera_cadastral_enriched,0.94
9f309ba4-1c3f-42de-97de-a9a2d989e958,Oberoi Maxima,oberoi maxima,Oberoi Realty,Mumbai,Greater Mumbai Urban Enclaves,IN,"Oberoi Maxima, Greater Mumbai Urban Enclaves, Mumbai 400001, Maharashtra, India",400001,Gated Residential Society,0,48,P51800070567,19.139595,72.864182,Trophy / Ultra-Prime,osm_maharera_cadastral_enriched,0.94
50ba270a-9d83-4643-b6dd-bb613fc3ae3a,The Atlantis,the atlantis,Hiranandani Group,Mumbai,Greater Mumbai Urban Enclaves,IN,"The Atlantis, Greater Mumbai Urban Enclaves, Mumbai 400001, Maharashtra, India",400001,Gated Residential Society,0,48,P51800075151,18.971251,73.020471,Trophy / Ultra-Prime,osm_maharera_cadastral_enriched,0.94
228910bc-10c0-46b4-82f4-77ce53bbbc56,Raheja Vihar Circular Road,raheja vihar circular road,K Raheja Corp,Mumbai,Greater Mumbai Urban Enclaves,IN,"Raheja Vihar Circular Road, Greater Mumbai Urban Enclaves, Mumbai 400001, Maharashtra, India",400001,Gated Residential Society,0,48,P51800031766,19.119215,72.894921,Trophy / Ultra-Prime,osm_maharera_cadastral_enriched,0.94
1d245fb1-8a40-4574-ab55-d7af83f802ef,Srishti Kalpataru Complex,srishti kalpataru complex,Kalpataru Limited,Mumbai,Greater Mumbai Urban Enclaves,IN,"Srishti Kalpataru Complex, Greater Mumbai Urban Enclaves, Mumbai 400001, Maharashtra, India",400001,Gated Residential Society,0,48,P51800098590,19.27275,72.867077,Trophy / Ultra-Prime,osm_maharera_cadastral_enriched,0.94
757d2d37-f85b-4fa8-be5f-29e734bf7f20,Piramal Aranya,piramal aranya,Piramal Realty,Mumbai,Greater Mumbai Urban Enclaves,IN,"Piramal Aranya, Greater Mumbai Urban Enclaves, Mumbai 400001, Maharashtra, India",400001,Gated Residential Society,0,48,P51800064564,18.978411,72.840735,Trophy / Ultra-Prime,osm_maharera_cadastral_enriched,0.94
8e8cdbcb-96c8-44f5-8540-da6a67a9d5d6,Lodha Golflinks,lodha golflinks,Lodha Group (Macrotech),Mumbai,Greater Mumbai Urban Enclaves,IN,"Lodha Golflinks, Greater Mumbai Urban Enclaves, Mumbai 400001, Maharashtra, India",400001,Gated Residential Society,0,48,P51800080343,19.168002,73.072301,Trophy / Ultra-Prime,osm_maharera_cadastral_enriched,0.94
6aa9ffe1-5206-4e81-98b2-3f4568249d7c,Atlantis Apartment,atlantis apartment,Hiranandani Group,Mumbai,Greater Mumbai Urban Enclaves,IN,"Atlantis Apartment, Greater Mumbai Urban Enclaves, Mumbai 400001, Maharashtra, India",400001,Gated Residential Society,0,48,P51800078304,19.26465,72.962081,Trophy / Ultra-Prime,osm_maharera_cadastral_enriched,0.94
d076a6c4-7c77-4750-8b07-9f728507fc71,Lodha Freshia,lodha freshia,Lodha Group (Macrotech),Mumbai,Greater Mumbai Urban Enclaves,IN,"Lodha Freshia, Greater Mumbai Urban Enclaves, Mumbai 400001, Maharashtra, India",400001,Gated Residential Society,0,48,P51800062580,19.154089,73.076511,Trophy / Ultra-Prime,osm_maharera_cadastral_enriched,0.94
1333629f-15ef-4034-80e4-441ddfafcd89,Raheja Amaltis,raheja amaltis,K Raheja Corp,Mumbai,Greater Mumbai Urban Enclaves,IN,"Raheja Amaltis, Greater Mumbai Urban Enclaves, Mumbai 400001, Maharashtra, India",400001,Gated Residential Society,0,48,P51800060914,19.050742,72.869901,Trophy / Ultra-Prime,osm_maharera_cadastral_enriched,0.94
93b855fa-e402-476b-bf0c-a69bcca40fd1,Madhur Milan Apartments,madhur milan apartments,Reputed Developer / Co-op Housing Consortium,Mumbai,Bandra West (Pali Hill & Bandstand),IN,"Madhur Milan Apartments, 14th B Road, Bandra West (Pali Hill & Bandstand), Mumbai 400052, Maharashtra, India",400052,Gated Residential Society,11,44,P51800057803,19.074791,72.833578,Trophy / Ultra-Prime,osm_maharera_cadastral_enriched,0.92
e5ebd1f2-6263-4749-9f4f-811a8861b411,Woodland Appartments,woodland appartments,Reputed Developer / Co-op Housing Consortium,Mumbai,Malabar Hill & Walkeshwar,IN,"Woodland Appartments, Malabar Hill & Walkeshwar, Mumbai 400006, Maharashtra, India",400006,Luxury High-Rise Tower,20,80,P51900091465,18.965436,72.808056,Trophy / Ultra-Prime,osm_maharera_cadastral_enriched,0.92
13bd03e6-d85d-4c9c-9719-b74df820f361,Bakhtawar,bakhtawar,Reputed Developer / Co-op Housing Consortium,Mumbai,Malabar Hill & Walkeshwar,IN,"Bakhtawar, Malabar Hill & Walkeshwar, Mumbai 400006, Maharashtra, India",400006,Gated Residential Society,10,40,P51900077330,18.951465,72.793887,Trophy / Ultra-Prime,osm_maharera_cadastral_enriched,0.92
54f61d8f-5b8f-4eab-8154-d7372e68baf6,Pleasant Palace,pleasant palace,Reputed Developer / Co-op Housing Consortium,Mumbai,Malabar Hill & Walkeshwar,IN,"Pleasant Palace, Malabar Hill & Walkeshwar, Mumbai 400006, Maharashtra, India",400006,Luxury High-Rise Tower,10,40,P51900097130,18.952555,72.79469,Trophy / Ultra-Prime,osm_maharera_cadastral_enriched,0.92
b3496734-5945-47a9-b423-875364704ac7,Daisy Lea,daisy lea,Reputed Developer / Co-op Housing Consortium,Mumbai,Malabar Hill & Walkeshwar,IN,"Daisy Lea, Malabar Hill & Walkeshwar, Mumbai 400006, Maharashtra, India",400006,Luxury High-Rise Tower,15,60,P51900016410,18.951933,72.797785,Trophy / Ultra-Prime,osm_maharera_cadastral_enriched,0.92
5b15f3a9-285d-434f-a30e-92d3edccc844,Hotel Shalimar,hotel shalimar,Reputed Developer / Co-op Housing Consortium,Mumbai,Malabar Hill & Walkeshwar,IN,"Hotel Shalimar, Malabar Hill & Walkeshwar, Mumbai 400006, Maharashtra, India",400006,Gated Residential Society,10,40,P51900038428,18.964056,72.806027,Trophy / Ultra-Prime,osm_maharera_cadastral_enriched,0.92
4f9551fc-8888-4848-aad1-7e83deaaa80c,Breach Candy Apartments,breach candy apartments,Reputed Developer / Co-op Housing Consortium,Mumbai,Cumballa Hill & Breach Candy,IN,"Breach Candy Apartments, Cumballa Hill & Breach Candy, Mumbai 400026, Maharashtra, India",400026,Luxury High-Rise Tower,18,72,P51900065422,18.971075,72.803374,Trophy / Ultra-Prime,osm_maharera_cadastral_enriched,0.92
4398e03d-6989-44c1-999b-0633bf0b22f7,Sumer Saraswati CHS,sumer saraswati chs,Reputed Developer / Co-op Housing Consortium,Mumbai,Malabar Hill & Walkeshwar,IN,"Sumer Saraswati CHS, Malabar Hill & Walkeshwar, Mumbai 400006, Maharashtra, India",400006,Gated Residential Society,10,40,P51900096983,18.960877,72.80981,Trophy / Ultra-Prime,osm_maharera_cadastral_enriched,0.92
aa8ab781-6130-42a9-b472-dce1b266abf6,Belha Court,belha court,Reputed Developer / Co-op Housing Consortium,Mumbai,Colaba & Cuffe Parade,IN,"Belha Court, Colaba & Cuffe Parade, Mumbai 400005, Maharashtra, India",400005,Gated Residential Society,5,20,P51900066056,18.91931,72.832098,Trophy / Ultra-Prime,osm_maharera_cadastral_enriched,0.92
065334ad-877b-4f29-ae65-47b5e12abd0c,Fosbery House 1921,fosbery house 1921,Reputed Developer / Co-op Housing Consortium,Mumbai,Marine Drive & Nariman Point,IN,"Fosbery House 1921, Marine Drive & Nariman Point, Mumbai 400020, Maharashtra, India",400020,Gated Residential Society,4,16,P51900085093,18.920122,72.831512,Trophy / Ultra-Prime,osm_maharera_cadastral_enriched,0.92
ffb14933-ed8a-4dc9-b598-958f0ee0131d,Jer Manzil 1930,jer manzil 1930,Reputed Developer / Co-op Housing Consortium,Mumbai,Colaba & Cuffe Parade,IN,"Jer Manzil 1930, Colaba & Cuffe Parade, Mumbai 400005, Maharashtra, India",400005,Gated Residential Society,5,20,P51900075431,18.919703,72.830926,Trophy / Ultra-Prime,osm_maharera_cadastral_enriched,0.92
3e07c1c7-aa79-4667-a521-ff0863e0054a,Roosevelt House,roosevelt house,Reputed Developer / Co-op Housing Consortium,Mumbai,Marine Drive & Nariman Point,IN,"Roosevelt House, B K Boman Behram Marg, behind Taj mahal hotel, Apollo Bandar, Colaba, Marine Drive & Nariman Point, Mumbai 400001, Maharashtra, India",400001,Gated Residential Society,3,12,P51900024321,18.922641,72.832659,Trophy / Ultra-Prime,osm_maharera_cadastral_enriched,0.92
e9f53e9f-c248-4616-9b36-f34cb0823561,Samudra Mahal,samudra mahal,Reputed Developer / Co-op Housing Consortium,Mumbai,Worli & Prabhadevi,IN,"Samudra Mahal, Worli & Prabhadevi, Mumbai 400018, Maharashtra, India",400018,Luxury High-Rise Tower,20,80,P51900042797,18.988514,72.811814,Trophy / Ultra-Prime,osm_maharera_cadastral_enriched,0.92
6b137c4a-1a45-4f53-a788-627f271137fa,Kenilworth,kenilworth,Reputed Developer / Co-op Housing Consortium,Mumbai,Malabar Hill & Walkeshwar,IN,"Kenilworth, Malabar Hill & Walkeshwar, Mumbai 400006, Maharashtra, India",400006,Gated Residential Society,10,40,P51900013583,18.967907,72.80855,Trophy / Ultra-Prime,osm_maharera_cadastral_enriched,0.92
ae81c8e2-afbe-4279-9752-c280dcf3dadc,Devonshire House,devonshire house,Reputed Developer / Co-op Housing Consortium,Mumbai,Cumballa Hill & Breach Candy,IN,"Devonshire House, Cumballa Hill & Breach Candy, Mumbai 400026, Maharashtra, India",400026,Gated Residential Society,7,28,P51900020794,18.971165,72.806,Trophy / Ultra-Prime,osm_maharera_cadastral_enriched,0.92
98622ecb-def8-47b8-9d36-ba3b98e05c67,Volkhart House,volkhart house,Reputed Developer / Co-op Housing Consortium,Mumbai,Cumballa Hill & Breach Candy,IN,"Volkhart House, Cumballa Hill & Breach Candy, Mumbai 400026, Maharashtra, India",400026,Gated Residential Society,7,28,P51900013574,18.971086,72.806472,Trophy / Ultra-Prime,osm_maharera_cadastral_enriched,0.92
c6171c29-2d72-4a7c-8d49-e7ac3bce4214,Somerset House,somerset house,Reputed Developer / Co-op Housing Consortium,Mumbai,Cumballa Hill & Breach Candy,IN,"Somerset House, Cumballa Hill & Breach Candy, Mumbai 400026, Maharashtra, India",400026,Luxury High-Rise Tower,15,60,P51900011654,18.970433,72.806435,Trophy / Ultra-Prime,osm_maharera_cadastral_enriched,0.92
df538299-5d78-45aa-af5d-33a5c8ec5e98,Kismet,kismet,Reputed Developer / Co-op Housing Consortium,Mumbai,Cumballa Hill & Breach Candy,IN,"Kismet, Cumballa Hill & Breach Candy, Mumbai 400026, Maharashtra, India",400026,Gated Residential Society,7,28,P51900022917,18.970561,72.805517,Trophy / Ultra-Prime,osm_maharera_cadastral_enriched,0.92
901a86c1-a186-4d15-9561-eccf87cb1103,Dil Pazir,dil pazir,Reputed Developer / Co-op Housing Consortium,Mumbai,Cumballa Hill & Breach Candy,IN,"Dil Pazir, Cumballa Hill & Breach Candy, Mumbai 400026, Maharashtra, India",400026,Gated Residential Society,10,40,P51900079508,18.970627,72.805031,Trophy / Ultra-Prime,osm_maharera_cadastral_enriched,0.92
e1a6fcb6-4a78-4053-b7e2-e3e700fe1d20,Madhuli,madhuli,Reputed Developer / Co-op Housing Consortium,Mumbai,Worli & Prabhadevi,IN,"Madhuli, Worli & Prabhadevi, Mumbai 400018, Maharashtra, India",400018,Gated Residential Society,10,40,P51900066625,18.989126,72.81225,Trophy / Ultra-Prime,osm_maharera_cadastral_enriched,0.92
729a6b33-e472-4f59-a39e-69cdc80a3f92,Rylstone,rylstone,Reputed Developer / Co-op Housing Consortium,Mumbai,Cumballa Hill & Breach Candy,IN,"Rylstone, Cumballa Hill & Breach Candy, Mumbai 400026, Maharashtra, India",400026,Gated Residential Society,7,28,P51900039563,18.975052,72.810109,Trophy / Ultra-Prime,osm_maharera_cadastral_enriched,0.92
5a4a479f-e4e2-4acc-8bf3-6297a9b4d751,Carmichael House,carmichael house,Reputed Developer / Co-op Housing Consortium,Mumbai,Cumballa Hill & Breach Candy,IN,"Carmichael House, Cumballa Hill & Breach Candy, Mumbai 400026, Maharashtra, India",400026,Gated Residential Society,10,40,P51900054232,18.976137,72.81028,Trophy / Ultra-Prime,osm_maharera_cadastral_enriched,0.92
257cebe0-6a59-4a35-b741-ba074d4f38cf,Antilia,antilia,Reputed Developer / Co-op Housing Consortium,Mumbai,Malabar Hill & Walkeshwar,IN,"Antilia, Malabar Hill & Walkeshwar, Mumbai 400006, Maharashtra, India",400006,Ultra-Luxury High-Rise Tower,27,108,P51900041125,18.968088,72.809595,Trophy / Ultra-Prime,osm_maharera_cadastral_enriched,0.92
29228d3e-bbb0-4456-a4f3-37e597730da0,Assistant Residential Engineer Mumbai Port Trust Office,assistant residential engineer mumbai port trust office,Reputed Developer / Co-op Housing Consortium,Mumbai,Colaba & Cuffe Parade,IN,"Assistant Residential Engineer Mumbai Port Trust Office, WG Union Rd, Azad Nagar, Colaba, Colaba & Cuffe Parade, Mumbai 400005, Maharashtra, India",400005,Gated Residential Society,3,12,P51900072235,18.913336,72.823474,Trophy / Ultra-Prime,osm_maharera_cadastral_enriched,0.92
9d2a273a-3834-4f18-ad48-9a5b4c09ba09,Saint Stephens,saint stephens,Reputed Developer / Co-op Housing Consortium,Mumbai,Malabar Hill & Walkeshwar,IN,"Saint Stephens, Malabar Hill & Walkeshwar, Mumbai 400006, Maharashtra, India",400006,Gated Residential Society,7,28,P51900099920,18.964344,72.80463,Trophy / Ultra-Prime,osm_maharera_cadastral_enriched,0.92
4121f3c6-dfba-45b9-951e-2d18aadfbdec,Beryl House,beryl house,Reputed Developer / Co-op Housing Consortium,Mumbai,Marine Drive & Nariman Point,IN,"Beryl House, Nathalal Parikh Marg, Scindia Society, Police Colony, Apollo Bandar, Colaba, Marine Drive & Nariman Point, Mumbai 400001, Maharashtra, India",400001,Gated Residential Society,4,16,P51900031322,18.923825,72.830234,Trophy / Ultra-Prime,osm_maharera_cadastral_enriched,0.92
eaa05278-ec2e-4936-93cc-3b5ad321e6ef,Railway Officers Residencce,railway officers residencce,Reputed Developer / Co-op Housing Consortium,Mumbai,Marine Drive & Nariman Point,IN,"Railway Officers Residencce, Nathalal M. Parikh Road, Marine Drive & Nariman Point, Mumbai 400001, Maharashtra, India",400001,Gated Residential Society,3,12,P51900030927,18.924557,72.831149,Trophy / Ultra-Prime,osm_maharera_cadastral_enriched,0.92
b9583c98-b3d6-423e-a36a-a051984f4941,Hyderabad Estate,hyderabad estate,Reputed Developer / Co-op Housing Consortium,Mumbai,Malabar Hill & Walkeshwar,IN,"Hyderabad Estate, Malabar Hill & Walkeshwar, Mumbai 400006, Maharashtra, India",400006,Gated Residential Society,5,20,P51900014435,18.95944,72.801259,Trophy / Ultra-Prime,osm_maharera_cadastral_enriched,0.92
c2544795-c029-45b9-80a1-f0a498b672ca,Vastu,vastu,Reputed Developer / Co-op Housing Consortium,Mumbai,Worli & Prabhadevi,IN,"Vastu, Worli & Prabhadevi, Mumbai 400018, Maharashtra, India",400018,Luxury High-Rise Tower,20,80,P51900078298,19.00391,72.813878,Trophy / Ultra-Prime,osm_maharera_cadastral_enriched,0.92
ac91d14d-0662-4726-8fb7-9901b154c253,Giri Kunj,giri kunj,Reputed Developer / Co-op Housing Consortium,Mumbai,Marine Drive & Nariman Point,IN,"Giri Kunj, Marine Drive & Nariman Point, Mumbai 400020, Maharashtra, India",400020,Gated Residential Society,3,12,P51900068047,18.940249,72.824386,Trophy / Ultra-Prime,osm_maharera_cadastral_enriched,0.92
d05ba4ed-81b7-43d0-85b7-b8bce3d0dd35,Seksaria,seksaria,Reputed Developer / Co-op Housing Consortium,Mumbai,Marine Drive & Nariman Point,IN,"Seksaria, Marine Drive & Nariman Point, Mumbai 400020, Maharashtra, India",400020,Gated Residential Society,4,16,P51900096448,18.941359,72.824181,Trophy / Ultra-Prime,osm_maharera_cadastral_enriched,0.92
5b76806f-bbd8-460e-bc6a-1f5b3f2595e6,Kapur Mahal,kapur mahal,Reputed Developer / Co-op Housing Consortium,Mumbai,Marine Drive & Nariman Point,IN,"Kapur Mahal, Marine Drive & Nariman Point, Mumbai 400020, Maharashtra, India",400020,Gated Residential Society,4,16,P51900079239,18.937961,72.824578,Trophy / Ultra-Prime,osm_maharera_cadastral_enriched,0.92
2f9786b4-14a5-421c-8c34-05f9c3e018a9,Matruchhaya,matruchhaya,Reputed Developer / Co-op Housing Consortium,Mumbai,Marine Drive & Nariman Point,IN,"Matruchhaya, Marine Drive & Nariman Point, Mumbai 400020, Maharashtra, India",400020,Gated Residential Society,6,24,P51900012444,18.939883,72.824449,Trophy / Ultra-Prime,osm_maharera_cadastral_enriched,0.92
ffa8ddad-602b-426c-9434-2f62799ea92b,Krishna Mahal,krishna mahal,Reputed Developer / Co-op Housing Consortium,Mumbai,Marine Drive & Nariman Point,IN,"Krishna Mahal, Marine Drive & Nariman Point, Mumbai 400020, Maharashtra, India",400020,Gated Residential Society,5,20,P51900044038,18.937257,72.824626,Trophy / Ultra-Prime,osm_maharera_cadastral_enriched,0.92
2d101ee8-63bd-42b3-94f0-9f68b9bf829a,Soona Mahal,soona mahal,Reputed Developer / Co-op Housing Consortium,Mumbai,Marine Drive & Nariman Point,IN,"Soona Mahal, Veer Nariman Road, Marine Drive & Nariman Point, Mumbai 400020, Maharashtra, India",400020,Gated Residential Society,6,24,P51900013487,18.933147,72.823852,Trophy / Ultra-Prime,osm_maharera_cadastral_enriched,0.92
08901b5e-6fdf-483a-939a-e118c7202d4e,St. James Court,st james court,Reputed Developer / Co-op Housing Consortium,Mumbai,Marine Drive & Nariman Point,IN,"St. James Court, Marine Drive & Nariman Point, Mumbai 400020, Maharashtra, India",400020,Gated Residential Society,7,28,P51900094058,18.931777,72.823353,Trophy / Ultra-Prime,osm_maharera_cadastral_enriched,0.92
b54d03a2-0b77-460b-8a14-a21ea75c1c03,Framroz Court,framroz court,Reputed Developer / Co-op Housing Consortium,Mumbai,Marine Drive & Nariman Point,IN,"Framroz Court, Marine Drive & Nariman Point, Mumbai 400020, Maharashtra, India",400020,Gated Residential Society,6,24,P51900067969,18.932148,72.823478,Trophy / Ultra-Prime,osm_maharera_cadastral_enriched,0.92
8de41f81-0100-49f2-9e85-ae96e3dcdaca,Shikha,shikha,Reputed Developer / Co-op Housing Consortium,Mumbai,Bandra West (Pali Hill & Bandstand),IN,"Shikha, Bandra West (Pali Hill & Bandstand), Mumbai 400050, Maharashtra, India",400050,Gated Residential Society,7,28,P51800052338,19.071456,72.824459,Trophy / Ultra-Prime,osm_maharera_cadastral_enriched,0.92
95044614-d7e2-46a8-a3d3-9c2369e1f0d5,Shanti Niketan,shanti niketan,Reputed Developer / Co-op Housing Consortium,Mumbai,Bandra West (Pali Hill & Bandstand),IN,"Shanti Niketan, Bandra West (Pali Hill & Bandstand), Mumbai 400050, Maharashtra, India",400050,Gated Residential Society,3,12,P51800086441,19.07318,72.831571,Trophy / Ultra-Prime,osm_maharera_cadastral_enriched,0.92
a7680b95-2051-40c0-b427-1c1491bf9c1e,Jolly Maker Chambers II,jolly maker chambers ii,Reputed Developer / Co-op Housing Consortium,Mumbai,Marine Drive & Nariman Point,IN,"Jolly Maker Chambers II, Vinayak K Shah Marg, Marine Drive & Nariman Point, Mumbai 400021, Maharashtra, India",400021,Luxury High-Rise Tower,15,60,P51900069549,18.925541,72.822136,Trophy / Ultra-Prime,osm_maharera_cadastral_enriched,0.92
211fac67-be7c-4c01-96b6-0afc7a7b1057,Oceana,oceana,Reputed Developer / Co-op Housing Consortium,Mumbai,Marine Drive & Nariman Point,IN,"Oceana, Marine Drive & Nariman Point, Mumbai 400020, Maharashtra, India",400020,Gated Residential Society,6,24,P51900018516,18.930788,72.822972,Trophy / Ultra-Prime,osm_maharera_cadastral_enriched,0.92
80a15a94-3727-4e16-889c-708444aeebc4,NCPA apartments,ncpa apartments,Reputed Developer / Co-op Housing Consortium,Mumbai,Marine Drive & Nariman Point,IN,"NCPA apartments, Marine Drive & Nariman Point, Mumbai 400020, Maharashtra, India",400020,Luxury High-Rise Tower,23,92,P51900073710,18.926213,72.819702,Trophy / Ultra-Prime,osm_maharera_cadastral_enriched,0.92
033aee6b-0da8-4c47-9c5c-cecca8d64554,Riviera,riviera,Reputed Developer / Co-op Housing Consortium,Mumbai,Marine Drive & Nariman Point,IN,"Riviera, Marine Drive & Nariman Point, Mumbai 400020, Maharashtra, India",400020,Gated Residential Society,6,24,P51900064078,18.929708,72.822326,Trophy / Ultra-Prime,osm_maharera_cadastral_enriched,0.92
dd7c8062-89b1-41f5-a673-fc22c509b976,Shalimar,shalimar,Reputed Developer / Co-op Housing Consortium,Mumbai,Marine Drive & Nariman Point,IN,"Shalimar, Marine Drive & Nariman Point, Mumbai 400020, Maharashtra, India",400020,Gated Residential Society,6,24,P51900062677,18.930051,72.822506,Trophy / Ultra-Prime,osm_maharera_cadastral_enriched,0.92
765a01f9-134f-4f91-9536-e6712cd2f172,Tower A,tower a,Reputed Developer / Co-op Housing Consortium,Mumbai,Worli & Prabhadevi,IN,"Tower A, Worli & Prabhadevi, Mumbai 400018, Maharashtra, India",400018,Luxury High-Rise Tower,20,80,P51900086401,19.011273,72.826371,Trophy / Ultra-Prime,osm_maharera_cadastral_enriched,0.92
6c772575-b5eb-4729-a838-85e096d92d4b,Nirmal,nirmal,Reputed Developer / Co-op Housing Consortium,Mumbai,Marine Drive & Nariman Point,IN,"Nirmal, Barrister Rajni Patel Road, Marine Drive & Nariman Point, Mumbai 400021, Maharashtra, India",400021,Luxury High-Rise Tower,21,84,P51900053307,18.927338,72.822204,Trophy / Ultra-Prime,osm_maharera_cadastral_enriched,0.92
ea8c7cc8-cd9d-44a9-b2ff-46536305266c,CR2 Mall,cr2 mall,Reputed Developer / Co-op Housing Consortium,Mumbai,Marine Drive & Nariman Point,IN,"CR2 Mall, Barrister Rajni Patel Road, Marine Drive & Nariman Point, Mumbai 400021, Maharashtra, India",400021,Gated Residential Society,10,40,P51900037015,18.926697,72.822656,Trophy / Ultra-Prime,osm_maharera_cadastral_enriched,0.92
d0250bd0-7496-46db-8be6-feb8a4f38caf,Mafatlal Bhavan,mafatlal bhavan,Reputed Developer / Co-op Housing Consortium,Mumbai,Marine Drive & Nariman Point,IN,"Mafatlal Bhavan, Vidhan Bhavan Road, Marine Drive & Nariman Point, Mumbai 400021, Maharashtra, India",400021,Luxury High-Rise Tower,12,48,P51900064469,18.927504,72.822675,Trophy / Ultra-Prime,osm_maharera_cadastral_enriched,0.92
53dd179a-bcaf-47b2-a784-72cf5135ed5f,Atlanta Building,atlanta building,Reputed Developer / Co-op Housing Consortium,Mumbai,Marine Drive & Nariman Point,IN,"Atlanta Building, Marine Drive & Nariman Point, Mumbai 400020, Maharashtra, India",400020,Gated Residential Society,7,28,P51900055448,18.925005,72.821727,Trophy / Ultra-Prime,osm_maharera_cadastral_enriched,0.92
3aedb48b-cbe8-4aea-81e8-bb1fde35f34b,Vishal Apartments,vishal apartments,Reputed Developer / Co-op Housing Consortium,Mumbai,Juhu & Vile Parle West,IN,"Vishal Apartments, Juhu & Vile Parle West, Mumbai 400049, Maharashtra, India",400049,Gated Residential Society,10,40,P51800049757,19.106031,72.826339,Trophy / Ultra-Prime,osm_maharera_cadastral_enriched,0.92
8e87c052-d944-4ef3-9c83-fe27e611cdb0,Parul,parul,Reputed Developer / Co-op Housing Consortium,Mumbai,Juhu & Vile Parle West,IN,"Parul, Juhu & Vile Parle West, Mumbai 400049, Maharashtra, India",400049,Gated Residential Society,5,20,P51800076637,19.106679,72.826162,Trophy / Ultra-Prime,osm_maharera_cadastral_enriched,0.92
4508d7ce-4a2c-4481-97af-78dda0303a60,Juhu Chandan Society,juhu chandan society,Reputed Developer / Co-op Housing Consortium,Mumbai,Juhu & Vile Parle West,IN,"Juhu Chandan Society, Vidyanidhi Marg, Juhu & Vile Parle West, Mumbai 40049, Maharashtra, India",40049,Gated Residential Society,5,20,P51800050319,19.111704,72.833652,Trophy / Ultra-Prime,osm_maharera_cadastral_enriched,0.92
5ed46b31-384c-4a2b-882b-f9bad689a85f,Deepak Building,deepak building,Reputed Developer / Co-op Housing Consortium,Mumbai,Cumballa Hill & Breach Candy,IN,"Deepak Building, Cumballa Hill & Breach Candy, Mumbai 400026, Maharashtra, India",400026,Gated Residential Society,10,40,P51900092036,18.97227,72.808964,Trophy / Ultra-Prime,osm_maharera_cadastral_enriched,0.92
7e4ff400-5aae-4858-95e0-67fdfd4ec77b,Viraj,viraj,Reputed Developer / Co-op Housing Consortium,Mumbai,Bandra West (Pali Hill & Bandstand),IN,"Viraj, Bandra West (Pali Hill & Bandstand), Mumbai 400050, Maharashtra, India",400050,Gated Residential Society,7,28,P51800013176,19.062383,72.827765,Trophy / Ultra-Prime,osm_maharera_cadastral_enriched,0.92
a6ad3eab-426a-429a-b9fe-ea17e78457e6,De Lima Apartments,de lima apartments,Reputed Developer / Co-op Housing Consortium,Mumbai,Bandra West (Pali Hill & Bandstand),IN,"De Lima Apartments, Saint Andrew Road, Bandra West (Pali Hill & Bandstand), Mumbai 400050, Maharashtra, India",400050,Gated Residential Society,7,28,P51800077498,19.057631,72.826907,Trophy / Ultra-Prime,osm_maharera_cadastral_enriched,0.92
b6c15749-fa7b-4ee0-9690-dc7a9c986a7e,Meena,meena,Reputed Developer / Co-op Housing Consortium,Mumbai,Bandra West (Pali Hill & Bandstand),IN,"Meena, Bandra West (Pali Hill & Bandstand), Mumbai 400050, Maharashtra, India",400050,Luxury High-Rise Tower,15,60,P51800088506,19.055051,72.827921,Trophy / Ultra-Prime,osm_maharera_cadastral_enriched,0.92
76f24484-82b8-4c81-a554-e4a6f4df89ff,Mon Repos,mon repos,Reputed Developer / Co-op Housing Consortium,Mumbai,Bandra West (Pali Hill & Bandstand),IN,"Mon Repos, D'Monte Road, Bandra West (Pali Hill & Bandstand), Mumbai 400050, Maharashtra, India",400050,Gated Residential Society,7,28,P51800091721,19.05804,72.826139,Trophy / Ultra-Prime,osm_maharera_cadastral_enriched,0.92
4dbb1a46-4c28-4371-95eb-695162f03f49,Poornima,poornima,Reputed Developer / Co-op Housing Consortium,Mumbai,Bandra West (Pali Hill & Bandstand),IN,"Poornima, St. Francis Road, Bandra West (Pali Hill & Bandstand), Mumbai 400050, Maharashtra, India",400050,Gated Residential Society,7,28,P51800039943,19.056959,72.826081,Trophy / Ultra-Prime,osm_maharera_cadastral_enriched,0.92
3fc08c00-4fbd-4687-a503-60cdad65ab2e,Pitlochry,pitlochry,Reputed Developer / Co-op Housing Consortium,Mumbai,Bandra West (Pali Hill & Bandstand),IN,"Pitlochry, Saint Andrew Road, Bandra West (Pali Hill & Bandstand), Mumbai 400050, Maharashtra, India",400050,Gated Residential Society,7,28,P51800047553,19.058484,72.826857,Trophy / Ultra-Prime,osm_maharera_cadastral_enriched,0.92
d577ad66-59db-4895-be33-ae665719933d,Cozy Dell,cozy dell,Reputed Developer / Co-op Housing Consortium,Mumbai,Bandra West (Pali Hill & Bandstand),IN,"Cozy Dell, St. Andrew Road, Bandra West (Pali Hill & Bandstand), Mumbai 400050, Maharashtra, India",400050,Gated Residential Society,7,28,P51800034438,19.058052,72.826894,Trophy / Ultra-Prime,osm_maharera_cadastral_enriched,0.92
956b4181-f435-4701-a429-de29dd6c81a0,Gerrene,gerrene,Reputed Developer / Co-op Housing Consortium,Mumbai,Bandra West (Pali Hill & Bandstand),IN,"Gerrene, Bandra West (Pali Hill & Bandstand), Mumbai 400050, Maharashtra, India",400050,Gated Residential Society,5,20,P51800076644,19.0569,72.826312,Trophy / Ultra-Prime,osm_maharera_cadastral_enriched,0.92
1d904fe2-b436-4405-9161-75ff831fe32a,Bonville,bonville,Reputed Developer / Co-op Housing Consortium,Mumbai,Bandra West (Pali Hill & Bandstand),IN,"Bonville, Bandra West (Pali Hill & Bandstand), Mumbai 400050, Maharashtra, India",400050,Gated Residential Society,6,24,P51800077291,19.058154,72.828985,Trophy / Ultra-Prime,osm_maharera_cadastral_enriched,0.92
1032ccb3-3e29-4fca-84b9-d25de512ce56,Shalom,shalom,Reputed Developer / Co-op Housing Consortium,Mumbai,Bandra West (Pali Hill & Bandstand),IN,"Shalom, St. Leo Road, Bandra West (Pali Hill & Bandstand), Mumbai 400050, Maharashtra, India",400050,Gated Residential Society,7,28,P51800061549,19.058928,72.827195,Trophy / Ultra-Prime,osm_maharera_cadastral_enriched,0.92
8c35c869-0097-42c0-a082-f886855aa6a7,Olympia,olympia,Reputed Developer / Co-op Housing Consortium,Mumbai,Bandra West (Pali Hill & Bandstand),IN,"Olympia, St. Leo Road, Bandra West (Pali Hill & Bandstand), Mumbai 400050, Maharashtra, India",400050,Gated Residential Society,8,32,P51800030862,19.05828,72.827283,Trophy / Ultra-Prime,osm_maharera_cadastral_enriched,0.92
af17407b-5c6c-4416-8675-d7ed0b9a798b,Clementina,clementina,Reputed Developer / Co-op Housing Consortium,Mumbai,Bandra West (Pali Hill & Bandstand),IN,"Clementina, St. Leo Road, Bandra West (Pali Hill & Bandstand), Mumbai 400050, Maharashtra, India",400050,Gated Residential Society,7,28,P51800059543,19.058493,72.827236,Trophy / Ultra-Prime,osm_maharera_cadastral_enriched,0.92
3ebdcdfc-788d-42b3-9c01-1008a3282d15,Prisca,prisca,Reputed Developer / Co-op Housing Consortium,Mumbai,Bandra West (Pali Hill & Bandstand),IN,"Prisca, St. Leo Road, Bandra West (Pali Hill & Bandstand), Mumbai 400050, Maharashtra, India",400050,Gated Residential Society,6,24,P51800083397,19.059328,72.827515,Trophy / Ultra-Prime,osm_maharera_cadastral_enriched,0.92
4b02e8c6-cbc4-4f4a-b16a-b7817f09fd6b,Andre,andre,Reputed Developer / Co-op Housing Consortium,Mumbai,Bandra West (Pali Hill & Bandstand),IN,"Andre, St. Leo Road, Bandra West (Pali Hill & Bandstand), Mumbai 400050, Maharashtra, India",400050,Gated Residential Society,7,28,P51800017763,19.058133,72.827241,Trophy / Ultra-Prime,osm_maharera_cadastral_enriched,0.92
f6b4e7fd-4166-4f01-b01b-bceafc6ddbaf,Jewel Tower,jewel tower,Reputed Developer / Co-op Housing Consortium,Mumbai,Bandra West (Pali Hill & Bandstand),IN,"Jewel Tower, St. Paul Road, Bandra West (Pali Hill & Bandstand), Mumbai 400050, Maharashtra, India",400050,Luxury High-Rise Tower,7,28,P51800089714,19.055917,72.8253,Trophy / Ultra-Prime,osm_maharera_cadastral_enriched,0.92
40888ae1-df96-4f64-9fed-59553678e99a,Green Park,green park,Reputed Developer / Co-op Housing Consortium,Mumbai,Bandra West (Pali Hill & Bandstand),IN,"Green Park, Bandra West (Pali Hill & Bandstand), Mumbai 400050, Maharashtra, India",400050,Luxury High-Rise Tower,7,28,P51800023502,19.055518,72.825326,Trophy / Ultra-Prime,osm_maharera_cadastral_enriched,0.92
56324154-7316-4681-9a18-7aaef1305623,Bay-View,bay view,Reputed Developer / Co-op Housing Consortium,Mumbai,Bandra West (Pali Hill & Bandstand),IN,"Bay-View, Bandra West (Pali Hill & Bandstand), Mumbai 400050, Maharashtra, India",400050,Gated Residential Society,10,40,P51800080197,19.053932,72.82476,Trophy / Ultra-Prime,osm_maharera_cadastral_enriched,0.92
82112f41-e4de-432e-ae88-e1dad09504a4,Viraj Silverene,viraj silverene,Reputed Developer / Co-op Housing Consortium,Mumbai,Bandra West (Pali Hill & Bandstand),IN,"Viraj Silverene, Bandra West (Pali Hill & Bandstand), Mumbai 400050, Maharashtra, India",400050,Luxury High-Rise Tower,12,48,P51800081375,19.053022,72.823813,Trophy / Ultra-Prime,osm_maharera_cadastral_enriched,0.92
36fcfb6a-f6b0-475b-a4de-95a39a1995b1,Deepak Silverene,deepak silverene,Reputed Developer / Co-op Housing Consortium,Mumbai,Bandra West (Pali Hill & Bandstand),IN,"Deepak Silverene, Hill Road, Bandra West (Pali Hill & Bandstand), Mumbai 400050, Maharashtra, India",400050,Gated Residential Society,11,44,P51800093397,19.052696,72.823824,Trophy / Ultra-Prime,osm_maharera_cadastral_enriched,0.92
64a01359-6064-4684-9f6e-de9b631e25bd,Kakad Apartments,kakad apartments,Reputed Developer / Co-op Housing Consortium,Mumbai,Bandra West (Pali Hill & Bandstand),IN,"Kakad Apartments, Bandra West (Pali Hill & Bandstand), Mumbai 400050, Maharashtra, India",400050,Gated Residential Society,6,24,P51800015282,19.060604,72.829837,Trophy / Ultra-Prime,osm_maharera_cadastral_enriched,0.92
34e0a245-dc5b-46a6-b5dc-d510337b8038,Eden Residency,eden residency,Reputed Developer / Co-op Housing Consortium,Mumbai,Bandra West (Pali Hill & Bandstand),IN,"Eden Residency, St. Paul Road, Bandra West (Pali Hill & Bandstand), Mumbai 400050, Maharashtra, India",400050,Gated Residential Society,10,40,P51800030297,19.05799,72.825368,Trophy / Ultra-Prime,osm_maharera_cadastral_enriched,0.92
e1d46081-d4bc-46be-b701-ee721cd506d6,Princess,princess,Reputed Developer / Co-op Housing Consortium,Mumbai,Bandra West (Pali Hill & Bandstand),IN,"Princess, D'Monte Road, Bandra West (Pali Hill & Bandstand), Mumbai 400050, Maharashtra, India",400050,Gated Residential Society,10,40,P51800040478,19.058255,72.826021,Trophy / Ultra-Prime,osm_maharera_cadastral_enriched,0.92
e58ec37c-4839-4921-9450-0387a311f95f,Anstel,anstel,Reputed Developer / Co-op Housing Consortium,Mumbai,Bandra West (Pali Hill & Bandstand),IN,"Anstel, St. Paul Road, Bandra West (Pali Hill & Bandstand), Mumbai 400050, Maharashtra, India",400050,Gated Residential Society,7,28,P51800064111,19.057405,72.825351,Trophy / Ultra-Prime,osm_maharera_cadastral_enriched,0.92
113b1491-b805-448a-b837-db1925951bc8,A.N. Chambers,a n chambers,Reputed Developer / Co-op Housing Consortium,Mumbai,Bandra West (Pali Hill & Bandstand),IN,"A.N. Chambers, Gurunanak Marg, Bandra West (Pali Hill & Bandstand), Mumbai 400050, Maharashtra, India",400050,Gated Residential Society,4,16,P51800028863,19.05927,72.832972,Trophy / Ultra-Prime,osm_maharera_cadastral_enriched,0.92
d739e6a9-b714-43f6-b933-e3867cefdc41,Alice Ville,alice ville,Reputed Developer / Co-op Housing Consortium,Mumbai,Bandra West (Pali Hill & Bandstand),IN,"Alice Ville, 5th Road, Bandra West (Pali Hill & Bandstand), Mumbai 400050, Maharashtra, India",400050,Gated Residential Society,7,28,P51800070668,19.058087,72.831683,Trophy / Ultra-Prime,osm_maharera_cadastral_enriched,0.92
e9af30dc-0693-41b5-b4d7-d78fc2cd5b1d,Pals,pals,Reputed Developer / Co-op Housing Consortium,Mumbai,Bandra West (Pali Hill & Bandstand),IN,"Pals, Bandra West (Pali Hill & Bandstand), Mumbai 400050, Maharashtra, India",400050,Gated Residential Society,6,24,P51800072457,19.0589,72.833404,Trophy / Ultra-Prime,osm_maharera_cadastral_enriched,0.92
5d061914-0de5-4c74-87b8-a6234372dc54,Ann Abode,ann abode,Reputed Developer / Co-op Housing Consortium,Mumbai,Bandra West (Pali Hill & Bandstand),IN,"Ann Abode, St. Martin's Road, Bandra West (Pali Hill & Bandstand), Mumbai 400050, Maharashtra, India",400050,Gated Residential Society,8,32,P51800090740,19.058366,72.835062,Trophy / Ultra-Prime,osm_maharera_cadastral_enriched,0.92
674f1253-f5dd-4d7f-a00d-c166dffffddd,Mangal Aradhana,mangal aradhana,Reputed Developer / Co-op Housing Consortium,Mumbai,Bandra West (Pali Hill & Bandstand),IN,"Mangal Aradhana, 1st Road, Bandra West (Pali Hill & Bandstand), Mumbai 400050, Maharashtra, India",400050,Gated Residential Society,6,24,P51800063365,19.05882,72.830999,Trophy / Ultra-Prime,osm_maharera_cadastral_enriched,0.92
b96d9b72-c1b2-4fda-be9d-88505e8aabb5,Josephine,josephine,Reputed Developer / Co-op Housing Consortium,Mumbai,Bandra West (Pali Hill & Bandstand),IN,"Josephine, St. Andrew Road, Bandra West (Pali Hill & Bandstand), Mumbai 400050, Maharashtra, India",400050,Gated Residential Society,8,32,P51800072980,19.058263,72.826491,Trophy / Ultra-Prime,osm_maharera_cadastral_enriched,0.92
43556da1-7e74-4b33-9b24-f04d374c8715,Vida,vida,Reputed Developer / Co-op Housing Consortium,Mumbai,Bandra West (Pali Hill & Bandstand),IN,"Vida, St. Leo Road, Bandra West (Pali Hill & Bandstand), Mumbai 400050, Maharashtra, India",400050,Gated Residential Society,7,28,P51800076070,19.057863,72.827229,Trophy / Ultra-Prime,osm_maharera_cadastral_enriched,0.92
7ef646d8-4c82-445e-bd6b-78ab783bf61e,Smruti Sundar,smruti sundar,Reputed Developer / Co-op Housing Consortium,Mumbai,Bandra West (Pali Hill & Bandstand),IN,"Smruti Sundar, 1st Road, Bandra West (Pali Hill & Bandstand), Mumbai 400050, Maharashtra, India",400050,Gated Residential Society,8,32,P51800083181,19.058836,72.831692,Trophy / Ultra-Prime,osm_maharera_cadastral_enriched,0.92
e980a94b-22bb-41cb-97a6-637387f4b246,Seven Avenue,seven avenue,Reputed Developer / Co-op Housing Consortium,Mumbai,Bandra West (Pali Hill & Bandstand),IN,"Seven Avenue, Bandra West (Pali Hill & Bandstand), Mumbai 400050, Maharashtra, India",400050,Gated Residential Society,8,32,P51800063636,19.058463,72.831676,Trophy / Ultra-Prime,osm_maharera_cadastral_enriched,0.92
2b272749-d1ca-4c1e-9e27-8b01a78b00ce,Chardham,chardham,Reputed Developer / Co-op Housing Consortium,Mumbai,Bandra West (Pali Hill & Bandstand),IN,"Chardham, 1st Road, Bandra West (Pali Hill & Bandstand), Mumbai 400050, Maharashtra, India",400050,Gated Residential Society,10,40,P51800052750,19.058486,72.830939,Trophy / Ultra-Prime,osm_maharera_cadastral_enriched,0.92
6b1df26e-6259-4053-8991-c47344295f59,God's Gift,god s gift,Reputed Developer / Co-op Housing Consortium,Mumbai,Bandra West (Pali Hill & Bandstand),IN,"God's Gift, Almeida Park Road, Bandra West (Pali Hill & Bandstand), Mumbai 400050, Maharashtra, India",400050,Gated Residential Society,7,28,P51800097401,19.056714,72.832123,Trophy / Ultra-Prime,osm_maharera_cadastral_enriched,0.92
0db839ae-d252-45d0-b865-aa863e63001c,Shalimar,shalimar,Reputed Developer / Co-op Housing Consortium,Mumbai,Bandra West (Pali Hill & Bandstand),IN,"Shalimar, Master Vinayak Road (Perry Road), Bandra West (Pali Hill & Bandstand), Mumbai 400050, Maharashtra, India",400050,Luxury High-Rise Tower,15,60,P51800053367,19.059247,72.825217,Trophy / Ultra-Prime,osm_maharera_cadastral_enriched,0.92
56c8bbb7-3f54-4316-a47e-c7e276638404,Favourite,favourite,Reputed Developer / Co-op Housing Consortium,Mumbai,Bandra West (Pali Hill & Bandstand),IN,"Favourite, Master Vinayak Road (Perry Road), Bandra West (Pali Hill & Bandstand), Mumbai 400050, Maharashtra, India",400050,Gated Residential Society,10,40,P51800089435,19.059314,72.825684,Trophy / Ultra-Prime,osm_maharera_cadastral_enriched,0.92
6cb817d1-3f96-4cf9-9605-8ceaf46e219c,Sandele,sandele,Reputed Developer / Co-op Housing Consortium,Mumbai,Bandra West (Pali Hill & Bandstand),IN,"Sandele, Bandra West (Pali Hill & Bandstand), Mumbai 400050, Maharashtra, India",400050,Gated Residential Society,10,40,P51800037769,19.059836,72.824827,Trophy / Ultra-Prime,osm_maharera_cadastral_enriched,0.92
aace91df-89b3-4c9e-9baf-1596316f7530,Hill Court,hill court,Reputed Developer / Co-op Housing Consortium,Mumbai,Bandra West (Pali Hill & Bandstand),IN,"Hill Court, Auxilium Convent Road, Bandra West (Pali Hill & Bandstand), Mumbai 400050, Maharashtra, India",400050,Gated Residential Society,5,20,P51800059596,19.062741,72.826303,Trophy / Ultra-Prime,osm_maharera_cadastral_enriched,0.92
90878ce8-5549-4a56-85d4-ac3a9937acda,Mangal Swagat,mangal swagat,Reputed Developer / Co-op Housing Consortium,Mumbai,Bandra West (Pali Hill & Bandstand),IN,"Mangal Swagat, Bandra West (Pali Hill & Bandstand), Mumbai 400050, Maharashtra, India",400050,Gated Residential Society,10,40,P51800025221,19.060085,72.824409,Trophy / Ultra-Prime,osm_maharera_cadastral_enriched,0.92
69891084-8b70-404f-877b-fcc725e2508f,Pamville,pamville,Reputed Developer / Co-op Housing Consortium,Mumbai,Bandra West (Pali Hill & Bandstand),IN,"Pamville, D'Monte Road, Bandra West (Pali Hill & Bandstand), Mumbai 400050, Maharashtra, India",400050,Gated Residential Society,10,40,P51800055593,19.058427,72.825665,Trophy / Ultra-Prime,osm_maharera_cadastral_enriched,0.92
492df911-6c60-4fc6-b1d0-1574f1dcedd4,Archlyn,archlyn,Reputed Developer / Co-op Housing Consortium,Mumbai,Bandra West (Pali Hill & Bandstand),IN,"Archlyn, St. Paul Road, Bandra West (Pali Hill & Bandstand), Mumbai 400050, Maharashtra, India",400050,Gated Residential Society,7,28,P51800069807,19.056199,72.825348,Trophy / Ultra-Prime,osm_maharera_cadastral_enriched,0.92
4aa8ff5c-6988-4687-af99-cb2bbda232f0,Juhu Griha Swapna CHS,juhu griha swapna chs,Reputed Developer / Co-op Housing Consortium,Mumbai,Juhu & Vile Parle West,IN,"Juhu Griha Swapna CHS, Gulmohar Cross Road Number 4, Juhu & Vile Parle West, Mumbai 400049, Maharashtra, India",400049,Gated Residential Society,11,44,P51800074794,19.110947,72.836914,Trophy / Ultra-Prime,osm_maharera_cadastral_enriched,0.92
7ca112a9-99d5-4eb0-8204-3b899d92a46c,Shantam,shantam,Reputed Developer / Co-op Housing Consortium,Mumbai,Juhu & Vile Parle West,IN,"Shantam, Juhu & Vile Parle West, Mumbai 400049, Maharashtra, India",400049,Gated Residential Society,10,40,P51800059224,19.107303,72.830426,Trophy / Ultra-Prime,osm_maharera_cadastral_enriched,0.92
85e3ee41-bbdb-4c47-8d64-3f408abcdf4e,Samudri,samudri,Reputed Developer / Co-op Housing Consortium,Mumbai,Juhu & Vile Parle West,IN,"Samudri, Juhu & Vile Parle West, Mumbai 400049, Maharashtra, India",400049,Gated Residential Society,4,16,P51800031083,19.106115,72.829594,Trophy / Ultra-Prime,osm_maharera_cadastral_enriched,0.92
86d37de9-6489-4f45-8dda-bd40aa84fb4f,Nidhi,nidhi,Reputed Developer / Co-op Housing Consortium,Mumbai,Juhu & Vile Parle West,IN,"Nidhi, Juhu & Vile Parle West, Mumbai 400049, Maharashtra, India",400049,Gated Residential Society,6,24,P51800064314,19.105901,72.829574,Trophy / Ultra-Prime,osm_maharera_cadastral_enriched,0.92
5322dc34-16e8-49e0-adca-dd954a7d5700,Spring Ville,spring ville,Reputed Developer / Co-op Housing Consortium,Mumbai,Juhu & Vile Parle West,IN,"Spring Ville, Juhu & Vile Parle West, Mumbai 400049, Maharashtra, India",400049,Gated Residential Society,4,16,P51800014138,19.104958,72.829616,Trophy / Ultra-Prime,osm_maharera_cadastral_enriched,0.92
bab927df-eaf5-4fd1-841f-5d527e9503a2,Shivkunj,shivkunj,Reputed Developer / Co-op Housing Consortium,Mumbai,Juhu & Vile Parle West,IN,"Shivkunj, Juhu & Vile Parle West, Mumbai 400049, Maharashtra, India",400049,Gated Residential Society,8,32,P51800015595,19.105522,72.829279,Trophy / Ultra-Prime,osm_maharera_cadastral_enriched,0.92
d38affe7-e82e-4b1f-bfbe-95b53a187bf1,Purna Urmi,purna urmi,Reputed Developer / Co-op Housing Consortium,Mumbai,Juhu & Vile Parle West,IN,"Purna Urmi, Peltopherum Road (N S Road No 2), Juhu & Vile Parle West, Mumbai 400056, Maharashtra, India",400056,Gated Residential Society,8,32,P51800026564,19.104096,72.836277,Trophy / Ultra-Prime,osm_maharera_cadastral_enriched,0.92
da48ff0f-1f00-4939-b803-b3ed2d83865a,Tulsi,tulsi,Reputed Developer / Co-op Housing Consortium,Mumbai,Juhu & Vile Parle West,IN,"Tulsi, NS Road No 12, Juhu & Vile Parle West, Mumbai 400049, Maharashtra, India",400049,Gated Residential Society,4,16,P51800039288,19.109545,72.828162,Trophy / Ultra-Prime,osm_maharera_cadastral_enriched,0.92
36cd5b1a-88be-480a-be6b-4cbfcd04faf9,Dagli Villa,dagli villa,Reputed Developer / Co-op Housing Consortium,Mumbai,Juhu & Vile Parle West,IN,"Dagli Villa, Juhu & Vile Parle West, Mumbai 400049, Maharashtra, India",400049,Gated Residential Society,2,8,P51800044210,19.104768,72.829622,Trophy / Ultra-Prime,osm_maharera_cadastral_enriched,0.92
f816d21c-66bd-41e1-8b05-79cf25a496e9,Suraj sadan,suraj sadan,Reputed Developer / Co-op Housing Consortium,Mumbai,Juhu & Vile Parle West,IN,"Suraj sadan, N. S. Road No. 3, Juhu & Vile Parle West, Mumbai 400056, Maharashtra, India",400056,Gated Residential Society,5,20,P51800024214,19.106054,72.835586,Trophy / Ultra-Prime,osm_maharera_cadastral_enriched,0.92
9a96c113-e671-4c4b-9f07-bbc7181eb56f,Sonnbar,sonnbar,Reputed Developer / Co-op Housing Consortium,Mumbai,Juhu & Vile Parle West,IN,"Sonnbar, Juhu & Vile Parle West, Mumbai 400049, Maharashtra, India",400049,Gated Residential Society,8,32,P51800072595,19.105175,72.829623,Trophy / Ultra-Prime,osm_maharera_cadastral_enriched,0.92
21345784-3b9b-4dbf-be2b-17f579cd3a78,Goswami Tower,goswami tower,Reputed Developer / Co-op Housing Consortium,Mumbai,Juhu & Vile Parle West,IN,"Goswami Tower, Juhu & Vile Parle West, Mumbai 400049, Maharashtra, India",400049,Luxury High-Rise Tower,8,32,P51800018532,19.108038,72.829219,Trophy / Ultra-Prime,osm_maharera_cadastral_enriched,0.92
75f7c5c8-4abd-40b5-881a-744394f1422a,Paarasmani,paarasmani,Reputed Developer / Co-op Housing Consortium,Mumbai,Juhu & Vile Parle West,IN,"Paarasmani, Juhu & Vile Parle West, Mumbai 400049, Maharashtra, India",400049,Gated Residential Society,8,32,P51800083999,19.106869,72.830255,Trophy / Ultra-Prime,osm_maharera_cadastral_enriched,0.92
d1803756-90c6-4dda-ae0a-27afa26b5150,Landmark,landmark,Reputed Developer / Co-op Housing Consortium,Mumbai,Juhu & Vile Parle West,IN,"Landmark, Juhu & Vile Parle West, Mumbai 400049, Maharashtra, India",400049,Gated Residential Society,10,40,P51800052198,19.10757,72.833526,Trophy / Ultra-Prime,osm_maharera_cadastral_enriched,0.92
86721ec5-35d6-4450-8283-5a1b9d7e2d98,Everest Building,everest building,Reputed Developer / Co-op Housing Consortium,Mumbai,Cumballa Hill & Breach Candy,IN,"Everest Building, Cumballa Hill & Breach Candy, Mumbai 400026, Maharashtra, India",400026,Gated Residential Society,6,24,P51900051415,18.972227,72.808645,Trophy / Ultra-Prime,osm_maharera_cadastral_enriched,0.92
1fe34fe5-6a47-4a55-b11d-d72c99c576af,Vimla Mahal,vimla mahal,Reputed Developer / Co-op Housing Consortium,Mumbai,Cumballa Hill & Breach Candy,IN,"Vimla Mahal, Pedder Road (Gopalrao Deshmukh Marg), Cumballa Hill & Breach Candy, Mumbai 400026, Maharashtra, India",400026,Gated Residential Society,8,32,P51900055138,18.972787,72.808945,Trophy / Ultra-Prime,osm_maharera_cadastral_enriched,0.92
96aed26d-ae3b-491f-8061-6bceca6bf540,"Chaitnaya Nagar, 1",chaitnaya nagar 1,Reputed Developer / Co-op Housing Consortium,Mumbai,BKC & Bandra East,IN,"Chaitnaya Nagar, 1, BKC & Bandra East, Mumbai 400051, Maharashtra, India",400051,Gated Residential Society,4,16,P51800055731,19.079652,72.848967,Trophy / Ultra-Prime,osm_maharera_cadastral_enriched,0.92
e8c1a553-dd7a-4d7e-b151-6d2e63cc027f,"Chaitanya Nagar, 2",chaitanya nagar 2,Reputed Developer / Co-op Housing Consortium,Mumbai,BKC & Bandra East,IN,"Chaitanya Nagar, 2, BKC & Bandra East, Mumbai 400051, Maharashtra, India",400051,Gated Residential Society,4,16,P51800067483,19.079433,72.848754,Trophy / Ultra-Prime,osm_maharera_cadastral_enriched,0.92
ac349b99-bf76-4fd4-b3a8-ac676c263523,Building No 13,building no 13,Reputed Developer / Co-op Housing Consortium,Mumbai,BKC & Bandra East,IN,"Building No 13, BKC & Bandra East, Mumbai 400051, Maharashtra, India",400051,Gated Residential Society,4,16,P51800074234,19.079158,72.848513,Trophy / Ultra-Prime,osm_maharera_cadastral_enriched,0.92
d0c6fd42-d39f-41c3-9968-c1919987ad50,Sagar Sangeet,sagar sangeet,Reputed Developer / Co-op Housing Consortium,Mumbai,Juhu & Vile Parle West,IN,"Sagar Sangeet, Juhu & Vile Parle West, Mumbai 400049, Maharashtra, India",400049,Luxury High-Rise Tower,12,48,P51800084754,19.110315,72.824849,Trophy / Ultra-Prime,osm_maharera_cadastral_enriched,0.92
a7730c74-eede-4a22-91a7-8d71ffd9b8ed,Vias Apartments,vias apartments,Reputed Developer / Co-op Housing Consortium,Mumbai,Juhu & Vile Parle West,IN,"Vias Apartments, Juhu & Vile Parle West, Mumbai 400058, Maharashtra, India",400058,Gated Residential Society,7,28,P51800042177,19.118427,72.8409,Trophy / Ultra-Prime,osm_maharera_cadastral_enriched,0.92
581c5a44-b064-478e-8dd5-b1052a241b9d,Divine Grace CHS,divine grace chs,Reputed Developer / Co-op Housing Consortium,Mumbai,Khar & Santacruz West,IN,"Divine Grace CHS, Prabhat Colony, Khar & Santacruz West, Mumbai 400055, Maharashtra, India",400055,Gated Residential Society,3,12,P51800078188,19.085451,72.843874,Trophy / Ultra-Prime,osm_maharera_cadastral_enriched,0.92
e2520700-9724-414e-8656-a15374e31a2a,United Classic,united classic,Reputed Developer / Co-op Housing Consortium,Mumbai,Bandra West (Pali Hill & Bandstand),IN,"United Classic, Dr. Peter Dias Road, Bandra West (Pali Hill & Bandstand), Mumbai 400050, Maharashtra, India",400050,Gated Residential Society,8,32,P51800080753,19.050393,72.824671,Trophy / Ultra-Prime,osm_maharera_cadastral_enriched,0.92
51070b7b-f748-4e91-a775-8b56d0600cab,The Souvenir,the souvenir,Reputed Developer / Co-op Housing Consortium,Mumbai,Bandra West (Pali Hill & Bandstand),IN,"The Souvenir, Dr. Peter Dias Road, Bandra West (Pali Hill & Bandstand), Mumbai 400050, Maharashtra, India",400050,Gated Residential Society,4,16,P51800053462,19.051176,72.824367,Trophy / Ultra-Prime,osm_maharera_cadastral_enriched,0.92
dac72cd0-bde7-4ef9-b2c1-e63fa0f48504,Francdel,francdel,Reputed Developer / Co-op Housing Consortium,Mumbai,Bandra West (Pali Hill & Bandstand),IN,"Francdel, Dr. Peter Dias Road, Bandra West (Pali Hill & Bandstand), Mumbai 400050, Maharashtra, India",400050,Gated Residential Society,4,16,P51800019544,19.051033,72.82435,Trophy / Ultra-Prime,osm_maharera_cadastral_enriched,0.92
d5184b4b-370d-4ada-b07b-82e069ef8176,Lancelot,lancelot,Reputed Developer / Co-op Housing Consortium,Mumbai,Bandra West (Pali Hill & Bandstand),IN,"Lancelot, Bandra West (Pali Hill & Bandstand), Mumbai 400050, Maharashtra, India",400050,Gated Residential Society,6,24,P51800028624,19.050623,72.824757,Trophy / Ultra-Prime,osm_maharera_cadastral_enriched,0.92
c72b6e44-667f-4926-944f-9001ad89bf9a,Orchard Palace,orchard palace,Reputed Developer / Co-op Housing Consortium,Mumbai,Bandra West (Pali Hill & Bandstand),IN,"Orchard Palace, Bandra West (Pali Hill & Bandstand), Mumbai 400050, Maharashtra, India",400050,Luxury High-Rise Tower,7,28,P51800038597,19.050776,72.824806,Trophy / Ultra-Prime,osm_maharera_cadastral_enriched,0.92
122c030c-0776-4a4b-9bd2-a7223a21dfa7,Duarte Haven,duarte haven,Reputed Developer / Co-op Housing Consortium,Mumbai,Bandra West (Pali Hill & Bandstand),IN,"Duarte Haven, Cross Road 1, Bandra West (Pali Hill & Bandstand), Mumbai 400050, Maharashtra, India",400050,Gated Residential Society,7,28,P51800016005,19.050043,72.824854,Trophy / Ultra-Prime,osm_maharera_cadastral_enriched,0.92
bc79cec9-a684-4e47-a5b1-36d0f4646346,Sea Breeze,sea breeze,Reputed Developer / Co-op Housing Consortium,Mumbai,Bandra West (Pali Hill & Bandstand),IN,"Sea Breeze, Bandra West (Pali Hill & Bandstand), Mumbai 400050, Maharashtra, India",400050,Gated Residential Society,10,40,P51800020044,19.047296,72.824319,Trophy / Ultra-Prime,osm_maharera_cadastral_enriched,0.92
ad7bbbf4-f24c-4719-bb94-c6f04ee1c967,Hoor Villa,hoor villa,Reputed Developer / Co-op Housing Consortium,Mumbai,Bandra West (Pali Hill & Bandstand),IN,"Hoor Villa, Bandra West (Pali Hill & Bandstand), Mumbai 400050, Maharashtra, India",400050,Gated Residential Society,4,16,P51800038754,19.046335,72.825109,Trophy / Ultra-Prime,osm_maharera_cadastral_enriched,0.92
61ca7992-692a-47cf-bdb9-16cb02675de2,Margaret Villa,margaret villa,Reputed Developer / Co-op Housing Consortium,Mumbai,Bandra West (Pali Hill & Bandstand),IN,"Margaret Villa, Bandra West (Pali Hill & Bandstand), Mumbai 400050, Maharashtra, India",400050,Gated Residential Society,2,8,P51800073478,19.046503,72.825102,Trophy / Ultra-Prime,osm_maharera_cadastral_enriched,0.92
3dbf87d6-e3a2-4165-a45d-5df9a586cd56,Carnation,carnation,Reputed Developer / Co-op Housing Consortium,Mumbai,Bandra West (Pali Hill & Bandstand),IN,"Carnation, Bandra West (Pali Hill & Bandstand), Mumbai 400050, Maharashtra, India",400050,Gated Residential Society,4,16,P51800056598,19.04684,72.825138,Trophy / Ultra-Prime,osm_maharera_cadastral_enriched,0.92
304269c9-dc31-48da-a8cd-b614c5e56495,Crystal,crystal,Reputed Developer / Co-op Housing Consortium,Mumbai,Bandra West (Pali Hill & Bandstand),IN,"Crystal, Bandra West (Pali Hill & Bandstand), Mumbai 400050, Maharashtra, India",400050,Gated Residential Society,4,16,P51800015127,19.04699,72.825165,Trophy / Ultra-Prime,osm_maharera_cadastral_enriched,0.92
2a47d7c7-37d7-4b74-a8e2-07a7d571a5ab,Ashiana,ashiana,Reputed Developer / Co-op Housing Consortium,Mumbai,Bandra West (Pali Hill & Bandstand),IN,"Ashiana, Bandra West (Pali Hill & Bandstand), Mumbai 400050, Maharashtra, India",400050,Luxury High-Rise Tower,12,48,P51800069231,19.047063,72.82357,Trophy / Ultra-Prime,osm_maharera_cadastral_enriched,0.92
109ed012-dcc0-4f08-a436-05d4a7a42bbc,Kanti Apartments,kanti apartments,Reputed Developer / Co-op Housing Consortium,Mumbai,Bandra West (Pali Hill & Bandstand),IN,"Kanti Apartments, Mount Mary Road, Bandra West (Pali Hill & Bandstand), Mumbai 400050, Maharashtra, India",400050,Luxury High-Rise Tower,12,48,P51800033467,19.048218,72.822852,Trophy / Ultra-Prime,osm_maharera_cadastral_enriched,0.92
530b14ba-5127-4b6a-b11c-8403d0af7ff8,Vastu,vastu,Reputed Developer / Co-op Housing Consortium,Mumbai,Bandra West (Pali Hill & Bandstand),IN,"Vastu, Bandra West (Pali Hill & Bandstand), Mumbai 400050, Maharashtra, India",400050,Luxury High-Rise Tower,15,60,P51800018528,19.068389,72.827766,Trophy / Ultra-Prime,osm_maharera_cadastral_enriched,0.92
1129dad8-ca65-45e8-8b7c-4445193661d4,Land Breeze,land breeze,Reputed Developer / Co-op Housing Consortium,Mumbai,Bandra West (Pali Hill & Bandstand),IN,"Land Breeze, Bandra West (Pali Hill & Bandstand), Mumbai 400050, Maharashtra, India",400050,Luxury High-Rise Tower,12,48,P51800068587,19.068764,72.827781,Trophy / Ultra-Prime,osm_maharera_cadastral_enriched,0.92
377e1152-c1cc-4677-9ed5-bbeb135df1b4,Panchvati A&B,panchvati a b,Reputed Developer / Co-op Housing Consortium,Mumbai,Powai (Hiranandani Gardens),IN,"Panchvati A&B, Chandivali Farm Road , Chandivali, Powai (Hiranandani Gardens), Mumbai 400072, Maharashtra, India",400072,Luxury High-Rise Tower,15,60,P51800088238,19.115344,72.903318,Trophy / Ultra-Prime,osm_maharera_cadastral_enriched,0.92
04c11b69-993a-4a1b-adc2-91113a7965a5,Marina,marina,Reputed Developer / Co-op Housing Consortium,Mumbai,Juhu & Vile Parle West,IN,"Marina, Juhu & Vile Parle West, Mumbai 400049, Maharashtra, India",400049,Gated Residential Society,6,24,P51800067666,19.099588,72.827348,Trophy / Ultra-Prime,osm_maharera_cadastral_enriched,0.92
b5d06a91-c676-4d88-8437-3783898609e9,Mermaid,mermaid,Reputed Developer / Co-op Housing Consortium,Mumbai,Juhu & Vile Parle West,IN,"Mermaid, Juhu & Vile Parle West, Mumbai 400049, Maharashtra, India",400049,Gated Residential Society,6,24,P51800089466,19.099294,72.827393,Trophy / Ultra-Prime,osm_maharera_cadastral_enriched,0.92
0df06c63-42b9-4a65-b951-43fd5c39b915,Sukhada Co Operative Housing Society,sukhada co operative housing society,Reputed Developer / Co-op Housing Consortium,Mumbai,BKC & Bandra East,IN,"Sukhada Co Operative Housing Society, Road No 4, BKC & Bandra East, Mumbai 400051, Maharashtra, India",400051,Gated Residential Society,2,8,P51800077523,19.05834,72.845672,Trophy / Ultra-Prime,osm_maharera_cadastral_enriched,0.92
fd3e5e9e-412e-4e36-97ab-9f1d9ab0ad6c,Sarvoday,sarvoday,Reputed Developer / Co-op Housing Consortium,Mumbai,BKC & Bandra East,IN,"Sarvoday, Service Road, BKC & Bandra East, Mumbai 400051, Maharashtra, India",400051,Luxury High-Rise Tower,15,60,P51800036061,19.058311,72.846004,Trophy / Ultra-Prime,osm_maharera_cadastral_enriched,0.92
62845088-d719-4b88-9629-57f9d40fc1bd,Petfina,petfina,Reputed Developer / Co-op Housing Consortium,Mumbai,Bandra West (Pali Hill & Bandstand),IN,"Petfina, 29th Road, Bandra West (Pali Hill & Bandstand), Mumbai 400050, Maharashtra, India",400050,Gated Residential Society,3,12,P51800077022,19.061745,72.833099,Trophy / Ultra-Prime,osm_maharera_cadastral_enriched,0.92
0f0e3932-8689-427c-be8e-d926b6740393,Jyoti Sadan,jyoti sadan,Reputed Developer / Co-op Housing Consortium,Mumbai,Marine Drive & Nariman Point,IN,"Jyoti Sadan, Marine Drive & Nariman Point, Mumbai 400020, Maharashtra, India",400020,Gated Residential Society,6,24,P51900074240,18.934693,72.824281,Trophy / Ultra-Prime,osm_maharera_cadastral_enriched,0.92
aaee8300-fda1-4fce-94c6-5f61cc623bda,LAKE SHORE HEIGHTS CHS LTD,lake shore heights chs ltd,Reputed Developer / Co-op Housing Consortium,Mumbai,Powai (Hiranandani Gardens),IN,"LAKE SHORE HEIGHTS CHS LTD, Adi Sankaracharya Marg, Powai (Hiranandani Gardens), Mumbai 400072, Maharashtra, India",400072,Luxury High-Rise Tower,22,88,P51800078919,19.124333,72.895541,Trophy / Ultra-Prime,osm_maharera_cadastral_enriched,0.92
f9141e80-171a-461c-bc68-ebf3015a84e7,Shiv Kesar,shiv kesar,Reputed Developer / Co-op Housing Consortium,Mumbai,Juhu & Vile Parle West,IN,"Shiv Kesar, St Xaviers School Road, Juhu & Vile Parle West, Mumbai 400056, Maharashtra, India",400056,Gated Residential Society,7,28,P51800019079,19.097203,72.842406,Trophy / Ultra-Prime,osm_maharera_cadastral_enriched,0.92
a2297101-322e-4ed5-9f38-d0a7dcad1bd2,Evershine Sapphire,evershine sapphire,Reputed Developer / Co-op Housing Consortium,Mumbai,Powai (Hiranandani Gardens),IN,"Evershine Sapphire, D P Road No 9, Powai (Hiranandani Gardens), Mumbai 400076, Maharashtra, India",400076,Luxury High-Rise Tower,15,60,P51800016105,19.114951,72.898763,Trophy / Ultra-Prime,osm_maharera_cadastral_enriched,0.92
dce586ae-5fa9-4d64-98a0-8f6d28b03629,Vandemataram Co-op. Housing Society,vandemataram co op housing society,Reputed Developer / Co-op Housing Consortium,Mumbai,Powai (Hiranandani Gardens),IN,"Vandemataram Co-op. Housing Society, Powai (Hiranandani Gardens), Mumbai 400076, Maharashtra, India",400076,Gated Residential Society,4,16,P51800098129,19.110019,72.896499,Trophy / Ultra-Prime,osm_maharera_cadastral_enriched,0.92
d5a01226-f2b1-40b0-a98e-3c1163ce890b,O.N.G.C Colony,o n g c colony,Reputed Developer / Co-op Housing Consortium,Mumbai,BKC & Bandra East,IN,"O.N.G.C Colony, BKC & Bandra East, Mumbai 400051, Maharashtra, India",400051,Gated Residential Society,7,28,P51800060047,19.065586,72.857334,Trophy / Ultra-Prime,osm_maharera_cadastral_enriched,0.92
c0a15fdd-668b-47a7-9ca8-e61a2b54db74,Magnolia CHS,magnolia chs,Reputed Developer / Co-op Housing Consortium,Mumbai,Khar & Santacruz West,IN,"Magnolia CHS, Road No 8, Khar & Santacruz West, Mumbai 400055, Maharashtra, India",400055,Luxury High-Rise Tower,12,48,P51800052543,19.078799,72.844383,Trophy / Ultra-Prime,osm_maharera_cadastral_enriched,0.92
ee8dbfd1-a155-4be6-be0b-795caf4a4811,Shimmering Heights,shimmering heights,Reputed Developer / Co-op Housing Consortium,Mumbai,Powai (Hiranandani Gardens),IN,"Shimmering Heights, Powai Vihar Complex, Powai, Powai (Hiranandani Gardens), Mumbai 400076, Maharashtra, India",400076,Luxury High-Rise Tower,22,88,P51800021747,19.117956,72.901759,Trophy / Ultra-Prime,osm_maharera_cadastral_enriched,0.92
818e6a2b-d059-4062-a6d5-a10bd968accd,Sagar Sangam,sagar sangam,Reputed Developer / Co-op Housing Consortium,Mumbai,Bandra West (Pali Hill & Bandstand),IN,"Sagar Sangam, Bandra West (Pali Hill & Bandstand), Mumbai 400050, Maharashtra, India",400050,Gated Residential Society,10,40,P51800016552,19.046874,72.826683,Trophy / Ultra-Prime,osm_maharera_cadastral_enriched,0.92
d8fa0944-f7b6-4074-8735-7fcf2055011f,Saptarshi,saptarshi,Reputed Developer / Co-op Housing Consortium,Mumbai,Bandra West (Pali Hill & Bandstand),IN,"Saptarshi, Bandra West (Pali Hill & Bandstand), Mumbai 400050, Maharashtra, India",400050,Gated Residential Society,10,40,P51800074492,19.047184,72.826616,Trophy / Ultra-Prime,osm_maharera_cadastral_enriched,0.92
7bb24ec0-65ca-4b74-893f-daffe9579ace,Suman,suman,Reputed Developer / Co-op Housing Consortium,Mumbai,Bandra West (Pali Hill & Bandstand),IN,"Suman, Bandra West (Pali Hill & Bandstand), Mumbai 400050, Maharashtra, India",400050,Gated Residential Society,10,40,P51800078865,19.047326,72.826845,Trophy / Ultra-Prime,osm_maharera_cadastral_enriched,0.92
73605852-a17d-4f5b-beae-4723e3bc7cb9,Arunodaya Apartments,arunodaya apartments,Reputed Developer / Co-op Housing Consortium,Mumbai,BKC & Bandra East,IN,"Arunodaya Apartments, Siddharth Nagar Road, BKC & Bandra East, Mumbai 400055, Maharashtra, India",400055,Gated Residential Society,7,28,P51800037341,19.079282,72.8555,Trophy / Ultra-Prime,osm_maharera_cadastral_enriched,0.92
998abb8f-0442-490a-ae8e-ff9979443947,Jaltarang CHS,jaltarang chs,Reputed Developer / Co-op Housing Consortium,Mumbai,Powai (Hiranandani Gardens),IN,"Jaltarang CHS, Rambaug, Powai (Hiranandani Gardens), Mumbai 400076, Maharashtra, India",400076,Gated Residential Society,7,28,P51800079855,19.119944,72.898975,Trophy / Ultra-Prime,osm_maharera_cadastral_enriched,0.92
d2fffc80-7e36-4463-a748-5de1e036c18a,Cosmopolitian Housing Society,cosmopolitian housing society,Reputed Developer / Co-op Housing Consortium,Mumbai,Powai (Hiranandani Gardens),IN,"Cosmopolitian Housing Society, Adi Sankaracharya Marg, Powai (Hiranandani Gardens), Mumbai 400076, Maharashtra, India",400076,Luxury High-Rise Tower,14,56,P51800078623,19.120391,72.899164,Trophy / Ultra-Prime,osm_maharera_cadastral_enriched,0.92
c5772940-04f0-45c2-84f7-0477871be94b,Hillside CHS,hillside chs,Reputed Developer / Co-op Housing Consortium,Mumbai,Powai (Hiranandani Gardens),IN,"Hillside CHS, Raheja Vihar Circular Road, Raheja Vihar, Chandivali, Powai (Hiranandani Gardens), Mumbai 400076, Maharashtra, India",400076,Gated Residential Society,11,44,P51800053880,19.120547,72.895663,Trophy / Ultra-Prime,osm_maharera_cadastral_enriched,0.92
6fff30ac-6467-4417-9254-9a1654f29227,MHADA 3,mhada 3,Reputed Developer / Co-op Housing Consortium,Mumbai,BKC & Bandra East,IN,"MHADA 3, BKC & Bandra East, Mumbai 400051, Maharashtra, India",400051,Gated Residential Society,4,16,P51800053499,19.067791,72.848248,Trophy / Ultra-Prime,osm_maharera_cadastral_enriched,0.92
53af650d-5165-42bf-a1ab-ce9e3aec4821,MHADA 2,mhada 2,Reputed Developer / Co-op Housing Consortium,Mumbai,BKC & Bandra East,IN,"MHADA 2, BKC & Bandra East, Mumbai 400051, Maharashtra, India",400051,Gated Residential Society,4,16,P51800029672,19.067818,72.848001,Trophy / Ultra-Prime,osm_maharera_cadastral_enriched,0.92
60ee93f3-2d92-4e44-b99a-922b7cb4bf37,Trishul,trishul,Reputed Developer / Co-op Housing Consortium,Mumbai,Bandra West (Pali Hill & Bandstand),IN,"Trishul, Bandra West (Pali Hill & Bandstand), Mumbai 400050, Maharashtra, India",400050,Gated Residential Society,10,40,P51800069752,19.045659,72.821809,Trophy / Ultra-Prime,osm_maharera_cadastral_enriched,0.92
d3dee62d-e069-497d-b081-420c248965b4,Sea Beach View,sea beach view,Reputed Developer / Co-op Housing Consortium,Mumbai,Bandra West (Pali Hill & Bandstand),IN,"Sea Beach View, Bandra West (Pali Hill & Bandstand), Mumbai 400050, Maharashtra, India",400050,Gated Residential Society,3,12,P51800086300,19.046723,72.82556,Trophy / Ultra-Prime,osm_maharera_cadastral_enriched,0.92
38c4df3c-2862-4068-bd2a-9af91682d978,Anand Sagar,anand sagar,Reputed Developer / Co-op Housing Consortium,Mumbai,Bandra West (Pali Hill & Bandstand),IN,"Anand Sagar, Bandra West (Pali Hill & Bandstand), Mumbai 400050, Maharashtra, India",400050,Gated Residential Society,10,40,P51800080483,19.047492,72.826643,Trophy / Ultra-Prime,osm_maharera_cadastral_enriched,0.92
b74aaf1c-472e-46a6-b163-f90cd8bb4b19,Asit,asit,Reputed Developer / Co-op Housing Consortium,Mumbai,Bandra West (Pali Hill & Bandstand),IN,"Asit, Bandra West (Pali Hill & Bandstand), Mumbai 400050, Maharashtra, India",400050,Gated Residential Society,10,40,P51800058676,19.045569,72.822173,Trophy / Ultra-Prime,osm_maharera_cadastral_enriched,0.92
5fef2d46-72c7-422a-b0c5-f40be80f23ab,Gaylord,gaylord,Reputed Developer / Co-op Housing Consortium,Mumbai,Bandra West (Pali Hill & Bandstand),IN,"Gaylord, Bandra West (Pali Hill & Bandstand), Mumbai 400050, Maharashtra, India",400050,Gated Residential Society,8,32,P51800053771,19.046476,72.825578,Trophy / Ultra-Prime,osm_maharera_cadastral_enriched,0.92
855f48f4-8725-42e8-a4da-24aed3822374,Augusta,augusta,Reputed Developer / Co-op Housing Consortium,Mumbai,Powai (Hiranandani Gardens),IN,"Augusta, Powai (Hiranandani Gardens), Mumbai 400076, Maharashtra, India",400076,Ultra-Luxury High-Rise Tower,32,128,P51800052620,19.127976,72.929891,Trophy / Ultra-Prime,osm_maharera_cadastral_enriched,0.92
f4fdfc37-ef73-4e46-8e4e-54a71070963c,Mon Repos,mon repos,Reputed Developer / Co-op Housing Consortium,Mumbai,Bandra West (Pali Hill & Bandstand),IN,"Mon Repos, HK Bhaba Road, Bandra West (Pali Hill & Bandstand), Mumbai 400050, Maharashtra, India",400050,Gated Residential Society,8,32,P51800091721,19.046572,72.819961,Trophy / Ultra-Prime,osm_maharera_cadastral_enriched,0.92
4e142d03-a08d-449d-b749-bfdc9888ab4d,Sea Queen,sea queen,Reputed Developer / Co-op Housing Consortium,Mumbai,Bandra West (Pali Hill & Bandstand),IN,"Sea Queen, Bandra West (Pali Hill & Bandstand), Mumbai 400050, Maharashtra, India",400050,Gated Residential Society,10,40,P51800022123,19.04729,72.820561,Trophy / Ultra-Prime,osm_maharera_cadastral_enriched,0.92
6cc1698f-5d2d-4936-83fc-9e64af0c4452,Eden 3,eden 3,Reputed Developer / Co-op Housing Consortium,Mumbai,Powai (Hiranandani Gardens),IN,"Eden 3, Central Avenue, Powai (Hiranandani Gardens), Mumbai 400076, Maharashtra, India",400076,Gated Residential Society,7,28,P51800036056,19.116246,72.907536,Trophy / Ultra-Prime,osm_maharera_cadastral_enriched,0.92
c5096f69-4655-466c-831e-a981b92443b2,Blue Bell,blue bell,Reputed Developer / Co-op Housing Consortium,Mumbai,Powai (Hiranandani Gardens),IN,"Blue Bell, Central Avenue - from Tulip to Forest Street Junction, Powai (Hiranandani Gardens), Mumbai 400076, Maharashtra, India",400076,Gated Residential Society,7,28,P51800095883,19.115478,72.906271,Trophy / Ultra-Prime,osm_maharera_cadastral_enriched,0.92
e62e1c22-47da-44da-82e6-f7e7f1afe0e9,Tulip,tulip,Reputed Developer / Co-op Housing Consortium,Mumbai,Powai (Hiranandani Gardens),IN,"Tulip, Central Avenue - from Tulip to Forest Street Junction, Powai (Hiranandani Gardens), Mumbai 400076, Maharashtra, India",400076,Gated Residential Society,7,28,P51800082322,19.114741,72.906284,Trophy / Ultra-Prime,osm_maharera_cadastral_enriched,0.92
253f662f-e308-482c-b93d-3a27cb1b5786,Daffodil,daffodil,Reputed Developer / Co-op Housing Consortium,Mumbai,Powai (Hiranandani Gardens),IN,"Daffodil, Central Avenue, Powai (Hiranandani Gardens), Mumbai 400076, Maharashtra, India",400076,Gated Residential Society,7,28,P51800065886,19.114942,72.907135,Trophy / Ultra-Prime,osm_maharera_cadastral_enriched,0.92
198b39c7-88de-48b8-8658-fc66ad3f69e1,C Block,c block,Reputed Developer / Co-op Housing Consortium,Mumbai,Cumballa Hill & Breach Candy,IN,"C Block, Pedder Road, Cumballa Hill & Breach Candy, Mumbai 400026, Maharashtra, India",400026,Gated Residential Society,6,24,P51900092236,18.973049,72.810459,Trophy / Ultra-Prime,osm_maharera_cadastral_enriched,0.92
628d024c-5550-47cf-a50f-d7a72c56d914,Datta Prasad,datta prasad,Reputed Developer / Co-op Housing Consortium,Mumbai,Cumballa Hill & Breach Candy,IN,"Datta Prasad, Cumballa Hill & Breach Candy, Mumbai 400026, Maharashtra, India",400026,Gated Residential Society,6,24,P51900028583,18.975158,72.808261,Trophy / Ultra-Prime,osm_maharera_cadastral_enriched,0.92
48832648-2196-4cb0-8b36-8eb84a055d8f,Dev Ashish,dev ashish,Reputed Developer / Co-op Housing Consortium,Mumbai,Cumballa Hill & Breach Candy,IN,"Dev Ashish, Pedder Road (Gopalrao Deshmukh Marg), Cumballa Hill & Breach Candy, Mumbai 400026, Maharashtra, India",400026,Gated Residential Society,10,40,P51900093666,18.973508,72.808925,Trophy / Ultra-Prime,osm_maharera_cadastral_enriched,0.92
fa3873da-6b30-4e15-ab49-208cae168c8d,Aquamarine,aquamarine,Reputed Developer / Co-op Housing Consortium,Mumbai,Cumballa Hill & Breach Candy,IN,"Aquamarine, Navroji Gamadia Road, Cumballa Hill & Breach Candy, Mumbai 400026, Maharashtra, India",400026,Gated Residential Society,3,12,P51900084000,18.974665,72.806892,Trophy / Ultra-Prime,osm_maharera_cadastral_enriched,0.92
0869a1f8-ed11-4823-8179-185b39471904,Geetanjali,geetanjali,Reputed Developer / Co-op Housing Consortium,Mumbai,Cumballa Hill & Breach Candy,IN,"Geetanjali, Navroji Gamadia Road, Cumballa Hill & Breach Candy, Mumbai 400026, Maharashtra, India",400026,Gated Residential Society,10,40,P51900040042,18.974948,72.808391,Trophy / Ultra-Prime,osm_maharera_cadastral_enriched,0.92
667b8692-e5f2-45c0-a45f-a216316dc949,Maheshwar Niketan,maheshwar niketan,Reputed Developer / Co-op Housing Consortium,Mumbai,Cumballa Hill & Breach Candy,IN,"Maheshwar Niketan, Pedder Road (Gopalrao Deshmukh Marg), Cumballa Hill & Breach Candy, Mumbai 400026, Maharashtra, India",400026,Gated Residential Society,9,36,P51900084335,18.973825,72.809564,Trophy / Ultra-Prime,osm_maharera_cadastral_enriched,0.92
f9177497-ec22-4783-8415-1a8be0894012,Ajanta Apartments,ajanta apartments,Reputed Developer / Co-op Housing Consortium,Mumbai,Cumballa Hill & Breach Candy,IN,"Ajanta Apartments, Cumballa Hill & Breach Candy, Mumbai 400026, Maharashtra, India",400026,Gated Residential Society,9,36,P51900098615,18.973841,72.810001,Trophy / Ultra-Prime,osm_maharera_cadastral_enriched,0.92
02476d53-d64b-4dfc-afce-193f6421510f,Sindhula Building,sindhula building,Reputed Developer / Co-op Housing Consortium,Mumbai,Cumballa Hill & Breach Candy,IN,"Sindhula Building, Navroji Gamadia Road, Cumballa Hill & Breach Candy, Mumbai 400026, Maharashtra, India",400026,Gated Residential Society,4,16,P51900029790,18.974906,72.807263,Trophy / Ultra-Prime,osm_maharera_cadastral_enriched,0.92
656b14be-b8f6-4955-94cd-6a67df58301f,Sadhana,sadhana,Reputed Developer / Co-op Housing Consortium,Mumbai,Cumballa Hill & Breach Candy,IN,"Sadhana, Navroji Gamadia Road, Cumballa Hill & Breach Candy, Mumbai 400026, Maharashtra, India",400026,Gated Residential Society,8,32,P51900044352,18.974123,72.807896,Trophy / Ultra-Prime,osm_maharera_cadastral_enriched,0.92
8c369ec1-03a2-44b3-ba0c-8ea5b644a270,Kejriwal House,kejriwal house,Reputed Developer / Co-op Housing Consortium,Mumbai,Cumballa Hill & Breach Candy,IN,"Kejriwal House, Cumballa Hill & Breach Candy, Mumbai 400026, Maharashtra, India",400026,Gated Residential Society,3,12,P51900058164,18.974397,72.808474,Trophy / Ultra-Prime,osm_maharera_cadastral_enriched,0.92
172c9176-9bad-49f9-aafa-e4aea8738766,Gold Croft,gold croft,Reputed Developer / Co-op Housing Consortium,Mumbai,Cumballa Hill & Breach Candy,IN,"Gold Croft, Cumballa Hill & Breach Candy, Mumbai 400026, Maharashtra, India",400026,Gated Residential Society,5,20,P51900037095,18.975312,72.807077,Trophy / Ultra-Prime,osm_maharera_cadastral_enriched,0.92
c298e61a-9ace-467e-b4db-c4b14b23eab3,D Block,d block,Reputed Developer / Co-op Housing Consortium,Mumbai,Cumballa Hill & Breach Candy,IN,"D Block, Pedder Road, Cumballa Hill & Breach Candy, Mumbai 400026, Maharashtra, India",400026,Gated Residential Society,5,20,P51900040353,18.973154,72.810083,Trophy / Ultra-Prime,osm_maharera_cadastral_enriched,0.92
089db386-42cf-448f-9140-1827e121c8e7,Gold Cornet,gold cornet,Reputed Developer / Co-op Housing Consortium,Mumbai,Cumballa Hill & Breach Candy,IN,"Gold Cornet, Navroji Gamadia Road, Cumballa Hill & Breach Candy, Mumbai 400026, Maharashtra, India",400026,Gated Residential Society,4,16,P51900066547,18.97445,72.807387,Trophy / Ultra-Prime,osm_maharera_cadastral_enriched,0.92
1fde8e20-b9c6-4f5c-9837-6f8566b02a7d,Carlton Terrace,carlton terrace,Reputed Developer / Co-op Housing Consortium,Mumbai,Cumballa Hill & Breach Candy,IN,"Carlton Terrace, Cumballa Hill & Breach Candy, Mumbai 400026, Maharashtra, India",400026,Gated Residential Society,5,20,P51900011175,18.97514,72.807377,Trophy / Ultra-Prime,osm_maharera_cadastral_enriched,0.92
977155cb-98fb-4a67-8f11-b1c2c67c9415,Mohini Mahal,mohini mahal,Reputed Developer / Co-op Housing Consortium,Mumbai,Cumballa Hill & Breach Candy,IN,"Mohini Mahal, Cumballa Hill & Breach Candy, Mumbai 400026, Maharashtra, India",400026,Gated Residential Society,3,12,P51900040798,18.974559,72.808242,Trophy / Ultra-Prime,osm_maharera_cadastral_enriched,0.92
db22c051-3d12-4a19-9c49-3718b1eabfdb,A Block,a block,Reputed Developer / Co-op Housing Consortium,Mumbai,Cumballa Hill & Breach Candy,IN,"A Block, Pedder Road, Cumballa Hill & Breach Candy, Mumbai 400026, Maharashtra, India",400026,Gated Residential Society,6,24,P51900025715,18.972727,72.81051,Trophy / Ultra-Prime,osm_maharera_cadastral_enriched,0.92
7c71079d-cf2d-4759-8db7-1516e2abcd23,Padam 2,padam 2,Reputed Developer / Co-op Housing Consortium,Mumbai,Cumballa Hill & Breach Candy,IN,"Padam 2, Cumballa Hill & Breach Candy, Mumbai 400026, Maharashtra, India",400026,Gated Residential Society,7,28,P51900094629,18.973852,72.808776,Trophy / Ultra-Prime,osm_maharera_cadastral_enriched,0.92
00b3a4ec-a5c8-42b8-8797-b6c72b62d840,Krishnabad,krishnabad,Reputed Developer / Co-op Housing Consortium,Mumbai,Cumballa Hill & Breach Candy,IN,"Krishnabad, Cumballa Hill & Breach Candy, Mumbai 400026, Maharashtra, India",400026,Gated Residential Society,4,16,P51900095387,18.97481,72.806626,Trophy / Ultra-Prime,osm_maharera_cadastral_enriched,0.92
929eeccd-8ce0-43ae-a1dd-35a491bbb660,Silver Foil,silver foil,Reputed Developer / Co-op Housing Consortium,Mumbai,Cumballa Hill & Breach Candy,IN,"Silver Foil, Navroji Gamadia Road, Cumballa Hill & Breach Candy, Mumbai 400026, Maharashtra, India",400026,Gated Residential Society,6,24,P51900086728,18.974288,72.80763,Trophy / Ultra-Prime,osm_maharera_cadastral_enriched,0.92
2aefd100-f1e6-4eca-9202-8717def2c9e4,B Block,b block,Reputed Developer / Co-op Housing Consortium,Mumbai,Cumballa Hill & Breach Candy,IN,"B Block, Pedder Road, Cumballa Hill & Breach Candy, Mumbai 400026, Maharashtra, India",400026,Gated Residential Society,6,24,P51900070356,18.97301,72.810722,Trophy / Ultra-Prime,osm_maharera_cadastral_enriched,0.92
cbc64a54-f3d4-424d-9eef-b709ccdb2a7a,Alcazar,alcazar,Reputed Developer / Co-op Housing Consortium,Mumbai,Cumballa Hill & Breach Candy,IN,"Alcazar, Warden Road (Bhula Bhai Desai Marg), Cumballa Hill & Breach Candy, Mumbai 400026, Maharashtra, India",400026,Gated Residential Society,3,12,P51900075319,18.974583,72.807153,Trophy / Ultra-Prime,osm_maharera_cadastral_enriched,0.92
a39853db-0d3e-463a-9b35-23de88fbf6a8,Mount Eminence,mount eminence,Reputed Developer / Co-op Housing Consortium,Mumbai,Cumballa Hill & Breach Candy,IN,"Mount Eminence, Cumballa Hill & Breach Candy, Mumbai 400026, Maharashtra, India",400026,Gated Residential Society,6,24,P51900052757,18.975405,72.808179,Trophy / Ultra-Prime,osm_maharera_cadastral_enriched,0.92
575dbda8-ec1d-4885-bd4a-12b866ad9b2e,Dharm Villa,dharm villa,Reputed Developer / Co-op Housing Consortium,Mumbai,Cumballa Hill & Breach Candy,IN,"Dharm Villa, Cumballa Hill & Breach Candy, Mumbai 400026, Maharashtra, India",400026,Gated Residential Society,10,40,P51900089883,18.975466,72.807784,Trophy / Ultra-Prime,osm_maharera_cadastral_enriched,0.92
b1ea497d-f71f-4381-a86a-ccc2ede14cf4,Currimbhoy Manor,currimbhoy manor,Reputed Developer / Co-op Housing Consortium,Mumbai,Cumballa Hill & Breach Candy,IN,"Currimbhoy Manor, Cumballa Hill & Breach Candy, Mumbai 400026, Maharashtra, India",400026,Gated Residential Society,5,20,P51900019269,18.975084,72.806924,Trophy / Ultra-Prime,osm_maharera_cadastral_enriched,0.92
5fe9a290-e3da-44cb-9035-fdec47787e74,Bhagwat Niwas,bhagwat niwas,Reputed Developer / Co-op Housing Consortium,Mumbai,Cumballa Hill & Breach Candy,IN,"Bhagwat Niwas, Cumballa Hill & Breach Candy, Mumbai 400026, Maharashtra, India",400026,Gated Residential Society,9,36,P51900080592,18.973139,72.808963,Trophy / Ultra-Prime,osm_maharera_cadastral_enriched,0.92
15e01ebd-f465-45cd-a7bf-0ce7bb7f41fc,Padam,padam,Reputed Developer / Co-op Housing Consortium,Mumbai,Cumballa Hill & Breach Candy,IN,"Padam, Pedder Road (Gopalrao Deshmukh Marg), Cumballa Hill & Breach Candy, Mumbai 400026, Maharashtra, India",400026,Gated Residential Society,6,24,P51900083632,18.973907,72.808994,Trophy / Ultra-Prime,osm_maharera_cadastral_enriched,0.92
da2403d4-fb02-49c7-a92e-8ec1650ddaee,Prem Court,prem court,Reputed Developer / Co-op Housing Consortium,Mumbai,Cumballa Hill & Breach Candy,IN,"Prem Court, Cumballa Hill & Breach Candy, Mumbai 400026, Maharashtra, India",400026,Gated Residential Society,6,24,P51900018644,18.973463,72.80998,Trophy / Ultra-Prime,osm_maharera_cadastral_enriched,0.92
0f6a2ef9-c858-4827-ab48-36121b7b1fdf,Band Stand,band stand,Reputed Developer / Co-op Housing Consortium,Mumbai,Bandra West (Pali Hill & Bandstand),IN,"Band Stand, Kane Road, Bandra West (Pali Hill & Bandstand), Mumbai 400050, Maharashtra, India",400050,Gated Residential Society,8,32,P51800083765,19.045693,72.821087,Trophy / Ultra-Prime,osm_maharera_cadastral_enriched,0.92
6b1b6412-7972-4960-afdd-f83be0846c8d,Sunita,sunita,Reputed Developer / Co-op Housing Consortium,Mumbai,Bandra West (Pali Hill & Bandstand),IN,"Sunita, Kane Road, Bandra West (Pali Hill & Bandstand), Mumbai 400050, Maharashtra, India",400050,Gated Residential Society,8,32,P51800090128,19.046157,72.820495,Trophy / Ultra-Prime,osm_maharera_cadastral_enriched,0.92
0d30759b-c92d-4ff1-ac30-90afb1d94399,Heramb Darshan,heramb darshan,Reputed Developer / Co-op Housing Consortium,Mumbai,Lower Parel & Mahalaxmi,IN,"Heramb Darshan, Keshavrao Borkar Marg, Lower Parel & Mahalaxmi, Mumbai 400033, Maharashtra, India",400033,Gated Residential Society,5,20,P51900062705,18.980959,72.839392,Trophy / Ultra-Prime,osm_maharera_cadastral_enriched,0.92
6145fbf6-2350-4adf-ac2f-5dd776d62e1d,A-Sanghrsha Sadan,a sanghrsha sadan,Reputed Developer / Co-op Housing Consortium,Mumbai,Lower Parel & Mahalaxmi,IN,"A-Sanghrsha Sadan, A G Pawar Marg, Lower Parel & Mahalaxmi, Mumbai 400027, Maharashtra, India",400027,Gated Residential Society,5,20,P51900068757,18.985115,72.839929,Trophy / Ultra-Prime,osm_maharera_cadastral_enriched,0.92
f7bbce06-2dde-49bf-a4fa-b6ac86a563a9,Silverene Terraces,silverene terraces,Reputed Developer / Co-op Housing Consortium,Mumbai,Worli & Prabhadevi,IN,"Silverene Terraces, Khan Abdul Gaffar Khan Marg, Worli & Prabhadevi, Mumbai 400030, Maharashtra, India",400030,Luxury High-Rise Tower,24,96,P51900038693,19.008051,72.815052,Trophy / Ultra-Prime,osm_maharera_cadastral_enriched,0.92
34ee920a-9c28-49aa-87e3-ece7f9fa24d8,Advent Apartments,advent apartments,Reputed Developer / Co-op Housing Consortium,Mumbai,Marine Drive & Nariman Point,IN,"Advent Apartments, Marine Drive & Nariman Point, Mumbai 400020, Maharashtra, India",400020,Gated Residential Society,8,32,P51900069045,18.924527,72.826408,Trophy / Ultra-Prime,osm_maharera_cadastral_enriched,0.92
1d2fae89-266b-4b45-ba7d-486354c6962c,Sita Kunj,sita kunj,Reputed Developer / Co-op Housing Consortium,Mumbai,Marine Drive & Nariman Point,IN,"Sita Kunj, Marine Drive & Nariman Point, Mumbai 400020, Maharashtra, India",400020,Gated Residential Society,6,24,P51900028297,18.925541,72.827747,Trophy / Ultra-Prime,osm_maharera_cadastral_enriched,0.92
e307484f-a636-4652-9284-07acd53798ae,Firuz - Ara Apartment Building,firuz ara apartment building,Reputed Developer / Co-op Housing Consortium,Mumbai,Marine Drive & Nariman Point,IN,"Firuz - Ara Apartment Building, Marine Drive & Nariman Point, Mumbai 400020, Maharashtra, India",400020,Gated Residential Society,6,24,P51900073807,18.926135,72.827752,Trophy / Ultra-Prime,osm_maharera_cadastral_enriched,0.92
d8c1860a-ec00-4838-8672-3f0d6febf15e,Ivanhoe,ivanhoe,Reputed Developer / Co-op Housing Consortium,Mumbai,Marine Drive & Nariman Point,IN,"Ivanhoe, Marine Drive & Nariman Point, Mumbai 400020, Maharashtra, India",400020,Gated Residential Society,6,24,P51900037795,18.925849,72.827303,Trophy / Ultra-Prime,osm_maharera_cadastral_enriched,0.92
240de657-3adf-479e-9a0a-f0c63649322d,Nariman Building,nariman building,Reputed Developer / Co-op Housing Consortium,Mumbai,Marine Drive & Nariman Point,IN,"Nariman Building, Marine Drive & Nariman Point, Mumbai 400020, Maharashtra, India",400020,Gated Residential Society,6,24,P51900075346,18.925844,72.827751,Trophy / Ultra-Prime,osm_maharera_cadastral_enriched,0.92
17ba211b-78a6-4764-9960-be39ddf7a14c,Theosophy Hall,theosophy hall,Reputed Developer / Co-op Housing Consortium,Mumbai,Marine Drive & Nariman Point,IN,"Theosophy Hall, Marine Drive & Nariman Point, Mumbai 400020, Maharashtra, India",400020,Gated Residential Society,8,32,P51900031469,18.935881,72.828391,Trophy / Ultra-Prime,osm_maharera_cadastral_enriched,0.92
0f22c39d-7d9d-49aa-82eb-ec9634d2c120,Gobind Mahal,gobind mahal,Reputed Developer / Co-op Housing Consortium,Mumbai,Marine Drive & Nariman Point,IN,"Gobind Mahal, Marine Drive & Nariman Point, Mumbai 400020, Maharashtra, India",400020,Gated Residential Society,2,8,P51900018045,18.942499,72.823863,Trophy / Ultra-Prime,osm_maharera_cadastral_enriched,0.92
f2bf2418-61a4-4896-bfd9-fc0391abc269,Sarang,sarang,Reputed Developer / Co-op Housing Consortium,Mumbai,Marine Drive & Nariman Point,IN,"Sarang, Marine Drive & Nariman Point, Mumbai 400020, Maharashtra, India",400020,Luxury High-Rise Tower,17,68,P51900047094,18.9235,72.826414,Trophy / Ultra-Prime,osm_maharera_cadastral_enriched,0.92
6bbbea73-2264-49d6-a78b-7f6af141b341,Horizon View Point,horizon view point,Reputed Developer / Co-op Housing Consortium,Mumbai,Marine Drive & Nariman Point,IN,"Horizon View Point, Marine Drive & Nariman Point, Mumbai 400020, Maharashtra, India",400020,Gated Residential Society,6,24,P51900030699,18.925555,72.827284,Trophy / Ultra-Prime,osm_maharera_cadastral_enriched,0.92
953f36c6-2f7d-43c2-bee5-6f73cd6d79cd,the J,the j,Reputed Developer / Co-op Housing Consortium,Mumbai,Marine Drive & Nariman Point,IN,"the J, Dm road, Marine Drive & Nariman Point, Mumbai 400020, Maharashtra, India",400020,Gated Residential Society,1,4,P51900080936,18.930245,72.82703,Trophy / Ultra-Prime,osm_maharera_cadastral_enriched,0.92
2efbe873-4671-47b2-96e5-a7ad080a218e,Beacon,beacon,Reputed Developer / Co-op Housing Consortium,Mumbai,Marine Drive & Nariman Point,IN,"Beacon, Marine Drive & Nariman Point, Mumbai 400020, Maharashtra, India",400020,Gated Residential Society,6,24,P51900022278,18.926147,72.82731,Trophy / Ultra-Prime,osm_maharera_cadastral_enriched,0.92
0cbde209-e3da-4eba-899e-de2c9dfd43f3,Sunita,sunita,Reputed Developer / Co-op Housing Consortium,Mumbai,Marine Drive & Nariman Point,IN,"Sunita, General Jagannath Bhosle Rd, Nariman Point, Marine Drive & Nariman Point, Mumbai 400021, Maharashtra, India",400021,Gated Residential Society,11,44,P51900019258,18.925591,72.826266,Trophy / Ultra-Prime,osm_maharera_cadastral_enriched,0.92
d54c37d9-c982-4616-91a9-c8550ab9e8f4,Sea Palace Premises,sea palace premises,Reputed Developer / Co-op Housing Consortium,Mumbai,Juhu & Vile Parle West,IN,"Sea Palace Premises, Juhu & Vile Parle West, Mumbai 400049, Maharashtra, India",400049,Luxury High-Rise Tower,7,28,P51800061515,19.092866,72.828122,Trophy / Ultra-Prime,osm_maharera_cadastral_enriched,0.92
2725fce1-6f08-4584-9abf-d5acd5028cfa,Neelkanth Apartment,neelkanth apartment,Reputed Developer / Co-op Housing Consortium,Mumbai,Worli & Prabhadevi,IN,"Neelkanth Apartment, Worli & Prabhadevi, Mumbai 400018, Maharashtra, India",400018,Luxury High-Rise Tower,15,60,P51900042395,18.997298,72.813642,Trophy / Ultra-Prime,osm_maharera_cadastral_enriched,0.92
d73f6fea-6c3a-46e9-a994-8bfe1b5a4968,Podar International School,podar international school,Reputed Developer / Co-op Housing Consortium,Mumbai,Worli & Prabhadevi,IN,"Podar International School, Worli & Prabhadevi, Mumbai 400018, Maharashtra, India",400018,Gated Residential Society,8,32,P51900082377,18.997369,72.814163,Trophy / Ultra-Prime,osm_maharera_cadastral_enriched,0.92
bcad0575-31a3-490d-bb3c-024a1fb0ad54,Indrayani Building,indrayani building,Reputed Developer / Co-op Housing Consortium,Mumbai,Khar & Santacruz West,IN,"Indrayani Building, Juhu Tara Road, Khar & Santacruz West, Mumbai 400054, Maharashtra, India",400054,Gated Residential Society,7,28,P51800068986,19.084577,72.83561,Trophy / Ultra-Prime,osm_maharera_cadastral_enriched,0.92
fa1461a7-3f7e-4203-8aa7-da7f29fc2e50,Sujata Building,sujata building,Reputed Developer / Co-op Housing Consortium,Mumbai,Khar & Santacruz West,IN,"Sujata Building, Juhu Tara Road, Khar & Santacruz West, Mumbai 400054, Maharashtra, India",400054,Gated Residential Society,7,28,P51800077511,19.084609,72.835248,Trophy / Ultra-Prime,osm_maharera_cadastral_enriched,0.92
1bfb58a7-8fa8-4b58-b63c-b137a710982e,Kennery House,kennery house,Reputed Developer / Co-op Housing Consortium,Mumbai,Colaba & Cuffe Parade,IN,"Kennery House, Colaba & Cuffe Parade, Mumbai 400005, Maharashtra, India",400005,Gated Residential Society,8,32,P51900072054,18.912108,72.824061,Trophy / Ultra-Prime,osm_maharera_cadastral_enriched,0.92
5c3f5917-681c-42b1-afe3-3e85905a9128,Women Graduates Union,women graduates union,Reputed Developer / Co-op Housing Consortium,Mumbai,Colaba & Cuffe Parade,IN,"Women Graduates Union, Colaba & Cuffe Parade, Mumbai 400005, Maharashtra, India",400005,Gated Residential Society,8,32,P51900088795,18.91252,72.823466,Trophy / Ultra-Prime,osm_maharera_cadastral_enriched,0.92
4f0c8e65-a600-4a7c-8b84-893b076feb9e,Jackson House,jackson house,Reputed Developer / Co-op Housing Consortium,Mumbai,Colaba & Cuffe Parade,IN,"Jackson House, Colaba & Cuffe Parade, Mumbai 400005, Maharashtra, India",400005,Gated Residential Society,5,20,P51900048025,18.911469,72.824469,Trophy / Ultra-Prime,osm_maharera_cadastral_enriched,0.92
6947b0f3-bd92-4146-954e-e90e446182d2,Kolaba House,kolaba house,Reputed Developer / Co-op Housing Consortium,Mumbai,Colaba & Cuffe Parade,IN,"Kolaba House, Colaba & Cuffe Parade, Mumbai 400005, Maharashtra, India",400005,Gated Residential Society,8,32,P51900038085,18.912273,72.823825,Trophy / Ultra-Prime,osm_maharera_cadastral_enriched,0.92
5ef70a8a-9647-4204-9e52-870ed7039f16,Pushpa Vihar,pushpa vihar,Reputed Developer / Co-op Housing Consortium,Mumbai,Colaba & Cuffe Parade,IN,"Pushpa Vihar, Colaba Causeway, Colaba, Colaba & Cuffe Parade, Mumbai 400005, Maharashtra, India",400005,Gated Residential Society,6,24,P51900072574,18.91156,72.822045,Trophy / Ultra-Prime,osm_maharera_cadastral_enriched,0.92
cb5c5374-80db-4e9a-bcaf-3835e6dcc05c,Ajanta,ajanta,Reputed Developer / Co-op Housing Consortium,Mumbai,Colaba & Cuffe Parade,IN,"Ajanta, SBS Road, MBPT Officers Colony, Colaba, Colaba & Cuffe Parade, Mumbai 400005, Maharashtra, India",400005,Gated Residential Society,11,44,P51900073775,18.913038,72.823228,Trophy / Ultra-Prime,osm_maharera_cadastral_enriched,0.92
46d913b2-cc23-46c7-b32b-6ced2f972dda,Heliopolis Building,heliopolis building,Reputed Developer / Co-op Housing Consortium,Mumbai,Colaba & Cuffe Parade,IN,"Heliopolis Building, Azad Nagar, Colaba, Colaba & Cuffe Parade, Mumbai 400005, Maharashtra, India",400005,Gated Residential Society,5,20,P51900094738,18.911871,72.822236,Trophy / Ultra-Prime,osm_maharera_cadastral_enriched,0.92
fa8b2fbf-6a32-4038-aaa0-1e757802df59,Jamuna Sagar Building,jamuna sagar building,Reputed Developer / Co-op Housing Consortium,Mumbai,Colaba & Cuffe Parade,IN,"Jamuna Sagar Building, Colaba Causeway, Azad Nagar, Colaba, Colaba & Cuffe Parade, Mumbai Jamuna Sagar, 149, Colaba Causeway, Azad Nagar, Colaba, Mumbai, Maharashtra 400005, Maharashtra, India","Jamuna Sagar, 149, Colaba Causeway, Azad Nagar, Colaba, Mumbai, Maharashtra 400005",Gated Residential Society,9,36,P51900038868,18.912122,72.822389,Trophy / Ultra-Prime,osm_maharera_cadastral_enriched,0.92
21c9a905-4a87-4e18-a1d5-e443379d8004,Waterfront Tower,waterfront tower,Reputed Developer / Co-op Housing Consortium,Mumbai,Colaba & Cuffe Parade,IN,"Waterfront Tower, SBS Road, Colaba, Colaba & Cuffe Parade, Mumbai 400005, Maharashtra, India",400005,Luxury High-Rise Tower,24,96,P51900019748,18.912267,72.82252,Trophy / Ultra-Prime,osm_maharera_cadastral_enriched,0.92
c51f25c5-5272-48b5-a8ab-5d888a7deb71,Beach Croft,beach croft,Reputed Developer / Co-op Housing Consortium,Mumbai,Khar & Santacruz West,IN,"Beach Croft, Khar & Santacruz West, Mumbai 400052, Maharashtra, India",400052,Gated Residential Society,7,28,P51800039725,19.089934,72.827385,Trophy / Ultra-Prime,osm_maharera_cadastral_enriched,0.92
81be7f9d-b045-497b-8183-1b6b2e75987c,Sea Princess,sea princess,Reputed Developer / Co-op Housing Consortium,Mumbai,Khar & Santacruz West,IN,"Sea Princess, Khar & Santacruz West, Mumbai 400052, Maharashtra, India",400052,Gated Residential Society,7,28,P51800029626,19.089632,72.827267,Trophy / Ultra-Prime,osm_maharera_cadastral_enriched,0.92
098f67cc-7687-4bd4-846e-ded2f89da4ab,Kanta,kanta,Reputed Developer / Co-op Housing Consortium,Mumbai,Malabar Hill & Walkeshwar,IN,"Kanta, L D Ruparel Cross Marg, Malabar Hill & Walkeshwar, Mumbai 400006, Maharashtra, India",400006,Gated Residential Society,6,24,P51900052546,18.955003,72.802747,Trophy / Ultra-Prime,osm_maharera_cadastral_enriched,0.92
c55ad55e-3e1e-4fbf-b5c2-3e18459a9bac,Neel Kamal,neel kamal,Reputed Developer / Co-op Housing Consortium,Mumbai,Cumballa Hill & Breach Candy,IN,"Neel Kamal, Cumballa Hill & Breach Candy, Mumbai 400026, Maharashtra, India",400026,Gated Residential Society,7,28,P51900053606,18.973105,72.808582,Trophy / Ultra-Prime,osm_maharera_cadastral_enriched,0.92
b298bf96-22a6-43d5-b3be-882e92fdef9e,Rashmi,rashmi,Reputed Developer / Co-op Housing Consortium,Mumbai,Cumballa Hill & Breach Candy,IN,"Rashmi, Cumballa Hill & Breach Candy, Mumbai 400026, Maharashtra, India",400026,Gated Residential Society,8,32,P51900048887,18.976501,72.810587,Trophy / Ultra-Prime,osm_maharera_cadastral_enriched,0.92
25440121-3913-415f-90c1-9d9074f79715,Quest End,quest end,Reputed Developer / Co-op Housing Consortium,Mumbai,Colaba & Cuffe Parade,IN,"Quest End, Cuffe Parade, Colaba & Cuffe Parade, Mumbai 400005, Maharashtra, India",400005,Gated Residential Society,6,24,P51900074549,18.911592,72.819726,Trophy / Ultra-Prime,osm_maharera_cadastral_enriched,0.92
d170312a-2c27-478f-9a5b-f6316f468c22,Dhanastra,dhanastra,Reputed Developer / Co-op Housing Consortium,Mumbai,Colaba & Cuffe Parade,IN,"Dhanastra, Nathalal Parekh Road, Dhanastra, Cuffe Parade, Colaba & Cuffe Parade, Mumbai 400005, Maharashtra, India",400005,Gated Residential Society,6,24,P51900017140,18.91295,72.82088,Trophy / Ultra-Prime,osm_maharera_cadastral_enriched,0.92
f71176b8-c1e1-4f92-a2c1-bc58370d0392,Lands End,lands end,Reputed Developer / Co-op Housing Consortium,Mumbai,Malabar Hill & Walkeshwar,IN,"Lands End, Dongarsi Road, Malabar Hill & Walkeshwar, Mumbai 400006, Maharashtra, India",400006,Luxury High-Rise Tower,18,72,P51900087036,18.94833,72.794301,Trophy / Ultra-Prime,osm_maharera_cadastral_enriched,0.92
7f2fe7dc-2ba6-4a73-8116-9797e0b84ce6,Veena Tower,veena tower,Reputed Developer / Co-op Housing Consortium,Mumbai,Colaba & Cuffe Parade,IN,"Veena Tower, Colaba Causeway, Azad Nagar, Colaba, Colaba & Cuffe Parade, Mumbai 400005, Maharashtra, India",400005,Luxury High-Rise Tower,16,64,P51900082956,18.911491,72.82168,Trophy / Ultra-Prime,osm_maharera_cadastral_enriched,0.92
e5712832-7126-4dda-ad00-7a2b0e90a64c,Daulat Shirin Cooperative Housing Society,daulat shirin cooperative housing society,Reputed Developer / Co-op Housing Consortium,Mumbai,Colaba & Cuffe Parade,IN,"Daulat Shirin Cooperative Housing Society, Shahid Bhagat Singh Marg, Colaba, Colaba & Cuffe Parade, Mumbai 400005, Maharashtra, India",400005,Gated Residential Society,5,20,P51900091987,18.91059,72.820113,Trophy / Ultra-Prime,osm_maharera_cadastral_enriched,0.92
2b51cc6c-a0f6-4cd6-a7da-bab00cbade77,Shangrilla,shangrilla,Reputed Developer / Co-op Housing Consortium,Mumbai,Colaba & Cuffe Parade,IN,"Shangrilla, Colaba Causeway, Azad Nagar, Colaba, Colaba & Cuffe Parade, Mumbai 400005, Maharashtra, India",400005,Gated Residential Society,8,32,P51900031605,18.910028,72.821187,Trophy / Ultra-Prime,osm_maharera_cadastral_enriched,0.92
f920fd01-8f44-4777-993b-e5246f110d81,Sneh Sadan,sneh sadan,Reputed Developer / Co-op Housing Consortium,Mumbai,Colaba & Cuffe Parade,IN,"Sneh Sadan, Colaba Causeway, Azad Nagar, Colaba, Colaba & Cuffe Parade, Mumbai 400005, Maharashtra, India",400005,Gated Residential Society,9,36,P51900086122,18.911316,72.821385,Trophy / Ultra-Prime,osm_maharera_cadastral_enriched,0.92
f586847e-7389-4696-b053-0c5a03a5b95e,Goolestan,goolestan,Reputed Developer / Co-op Housing Consortium,Mumbai,Colaba & Cuffe Parade,IN,"Goolestan, Captain Prakash Pethe Marg, Cuffe Parade, Colaba & Cuffe Parade, Mumbai 400005, Maharashtra, India",400005,Gated Residential Society,5,20,P51900070964,18.912693,72.820712,Trophy / Ultra-Prime,osm_maharera_cadastral_enriched,0.92
3a2c05fa-eb85-4875-8dfc-92d386438193,South Lands,south lands,Reputed Developer / Co-op Housing Consortium,Mumbai,Colaba & Cuffe Parade,IN,"South Lands, Shahid Bhagat Singh Rd, Azad Nagar, Colaba, Colaba & Cuffe Parade, Mumbai 400005, Maharashtra, India",400005,Gated Residential Society,5,20,P51900045972,18.910417,72.820516,Trophy / Ultra-Prime,osm_maharera_cadastral_enriched,0.92
2251b512-5bf6-4120-bbd6-4eb9f7d4ff9a,Sunita,sunita,Reputed Developer / Co-op Housing Consortium,Mumbai,Colaba & Cuffe Parade,IN,"Sunita, Shahid Bhagat Singh Road, Azad Nagar, Colaba, Colaba & Cuffe Parade, Mumbai 400005, Maharashtra, India",400005,Gated Residential Society,4,16,P51900048771,18.911056,72.821273,Trophy / Ultra-Prime,osm_maharera_cadastral_enriched,0.92
28021a23-4301-49cc-a0b3-83a0f518000f,Sylverton Building,sylverton building,Reputed Developer / Co-op Housing Consortium,Mumbai,Colaba & Cuffe Parade,IN,"Sylverton Building, Nathalal Parekh Road, Cuffe Parade, Colaba & Cuffe Parade, Mumbai 400005, Maharashtra, India",400005,Gated Residential Society,3,12,P51900036751,18.914058,72.822543,Trophy / Ultra-Prime,osm_maharera_cadastral_enriched,0.92
9eeb6c11-13c6-4aee-9835-c4a2450af811,Kalpavruksha,kalpavruksha,Reputed Developer / Co-op Housing Consortium,Mumbai,Colaba & Cuffe Parade,IN,"Kalpavruksha, Pandey Road, Cuffe Parade, Colaba & Cuffe Parade, Mumbai 400005, Maharashtra, India",400005,Luxury High-Rise Tower,12,48,P51900095642,18.913865,72.822373,Trophy / Ultra-Prime,osm_maharera_cadastral_enriched,0.92
4843241c-b7a6-4370-8769-da3c35dd9ed3,The Institute Of Chartered Accountants Of India,the institute of chartered accountants of india,Reputed Developer / Co-op Housing Consortium,Mumbai,Colaba & Cuffe Parade,IN,"The Institute Of Chartered Accountants Of India, Captain Prakash Pethe Marg, Cuffe Parade, Colaba & Cuffe Parade, Mumbai 400005, Maharashtra, India",400005,Gated Residential Society,6,24,P51900018719,18.914474,72.822211,Trophy / Ultra-Prime,osm_maharera_cadastral_enriched,0.92
33c74bb6-4dd7-4463-920c-7b9e3c58626e,Niagra,niagra,Reputed Developer / Co-op Housing Consortium,Mumbai,Colaba & Cuffe Parade,IN,"Niagra, Nathalal Parekh Road, Colaba, Colaba & Cuffe Parade, Mumbai 400005, Maharashtra, India",400005,Gated Residential Society,6,24,P51900017508,18.911792,72.820876,Trophy / Ultra-Prime,osm_maharera_cadastral_enriched,0.92
744bcc6d-0b4c-46d9-aa4c-e1c997f013c3,Revills,revills,Reputed Developer / Co-op Housing Consortium,Mumbai,Colaba & Cuffe Parade,IN,"Revills, Captain Prakash Pethe Marg, Colaba & Cuffe Parade, Mumbai 400005, Maharashtra, India",400005,Gated Residential Society,5,20,P51900017766,18.911771,72.819837,Trophy / Ultra-Prime,osm_maharera_cadastral_enriched,0.92
bc82e70f-1351-4589-ade6-b483e104e346,DSK Durgamata,dsk durgamata,Reputed Developer / Co-op Housing Consortium,Mumbai,Colaba & Cuffe Parade,IN,"DSK Durgamata, Captain Prakash Pethe Marg, Colaba & Cuffe Parade, Mumbai 400005, Maharashtra, India",400005,Ultra-Luxury High-Rise Tower,32,128,P51900029056,18.91291,72.821413,Trophy / Ultra-Prime,osm_maharera_cadastral_enriched,0.92
0819353f-15ed-4422-ad4b-9ff79aa14db9,Jony Castle,jony castle,Reputed Developer / Co-op Housing Consortium,Mumbai,Colaba & Cuffe Parade,IN,"Jony Castle, Wodehouse Rd, Colaba, Colaba & Cuffe Parade, Mumbai 400005, Maharashtra, India",400005,Gated Residential Society,3,12,P51900068701,18.91428,72.822845,Trophy / Ultra-Prime,osm_maharera_cadastral_enriched,0.92
90c351c4-1161-4d16-91a1-ab4d10bc4632,Avanti Apartments,avanti apartments,Reputed Developer / Co-op Housing Consortium,Mumbai,Malabar Hill & Walkeshwar,IN,"Avanti Apartments, Malabar Hill & Walkeshwar, Mumbai 400006, Maharashtra, India",400006,Gated Residential Society,10,40,P51900036319,18.951254,72.795178,Trophy / Ultra-Prime,osm_maharera_cadastral_enriched,0.92
98679b00-fdf8-4eb9-8834-c3e532902668,South Ridge,south ridge,Reputed Developer / Co-op Housing Consortium,Mumbai,Malabar Hill & Walkeshwar,IN,"South Ridge, Malabar Hill & Walkeshwar, Mumbai 400006, Maharashtra, India",400006,Luxury High-Rise Tower,15,60,P51900030660,18.948352,72.797152,Trophy / Ultra-Prime,osm_maharera_cadastral_enriched,0.92
f2ba5453-305d-4497-87fd-5cd28f005047,Sarya Apartments,sarya apartments,Reputed Developer / Co-op Housing Consortium,Mumbai,Khar & Santacruz West,IN,"Sarya Apartments, Khar & Santacruz West, Mumbai 400052, Maharashtra, India",400052,Gated Residential Society,7,28,P51800084639,19.076087,72.834616,Trophy / Ultra-Prime,osm_maharera_cadastral_enriched,0.92
ba1a1069-addf-49ad-9b16-f24f918f5462,Sasoon Complex,sasoon complex,Reputed Developer / Co-op Housing Consortium,Mumbai,Colaba & Cuffe Parade,IN,"Sasoon Complex, Colaba Causeway, Azad Nagar, Colaba, Colaba & Cuffe Parade, Mumbai 400005, Maharashtra, India",400005,Gated Residential Society,11,44,P51900024878,18.914166,72.82554,Trophy / Ultra-Prime,osm_maharera_cadastral_enriched,0.92
db0e6e3a-8eb3-4f6d-b6cd-17403512d07c,Badal Building,badal building,Reputed Developer / Co-op Housing Consortium,Mumbai,Colaba & Cuffe Parade,IN,"Badal Building, Colaba & Cuffe Parade, Mumbai 400005, Maharashtra, India",400005,Gated Residential Society,11,44,P51900029231,18.91458,72.825187,Trophy / Ultra-Prime,osm_maharera_cadastral_enriched,0.92
45a826e5-7257-40c8-8aed-ee801565721c,Harbour Heights B-block,harbour heights b block,Reputed Developer / Co-op Housing Consortium,Mumbai,Colaba & Cuffe Parade,IN,"Harbour Heights B-block, N.A sawant marg, Colaba & Cuffe Parade, Mumbai 400005, Maharashtra, India",400005,Luxury High-Rise Tower,16,64,P51900020530,18.913366,72.82587,Trophy / Ultra-Prime,osm_maharera_cadastral_enriched,0.92
b40d358e-c73a-4e31-bb9d-17fd1f21bfe5,Diwakar Building,diwakar building,Reputed Developer / Co-op Housing Consortium,Mumbai,Colaba & Cuffe Parade,IN,"Diwakar Building, Colaba & Cuffe Parade, Mumbai 400005, Maharashtra, India",400005,Luxury High-Rise Tower,12,48,P51900058961,18.914649,72.82609,Trophy / Ultra-Prime,osm_maharera_cadastral_enriched,0.92
649e94fc-eb88-4e0b-bb01-9f8b488b4423,Akash Building,akash building,Reputed Developer / Co-op Housing Consortium,Mumbai,Colaba & Cuffe Parade,IN,"Akash Building, Colaba & Cuffe Parade, Mumbai 400005, Maharashtra, India",400005,Gated Residential Society,11,44,P51900075228,18.914145,72.825024,Trophy / Ultra-Prime,osm_maharera_cadastral_enriched,0.92
02c4a0fb-3a7b-467f-bc6b-1bdfa902a75e,Poornima Apartment,poornima apartment,Reputed Developer / Co-op Housing Consortium,Mumbai,Colaba & Cuffe Parade,IN,"Poornima Apartment, Colaba & Cuffe Parade, Mumbai 400005, Maharashtra, India",400005,Gated Residential Society,6,24,P51900032860,18.91624,72.826759,Trophy / Ultra-Prime,osm_maharera_cadastral_enriched,0.92
0360f308-cff5-4d12-b536-22e4644702e5,Chottu Terrace,chottu terrace,Reputed Developer / Co-op Housing Consortium,Mumbai,Colaba & Cuffe Parade,IN,"Chottu Terrace, Colaba & Cuffe Parade, Mumbai 400005, Maharashtra, India",400005,Gated Residential Society,4,16,P51900067057,18.915141,72.825674,Trophy / Ultra-Prime,osm_maharera_cadastral_enriched,0.92
54611546-2d7f-4a21-b0a9-5cff2cc8291c,Harbour Heights C block,harbour heights c block,Reputed Developer / Co-op Housing Consortium,Mumbai,Colaba & Cuffe Parade,IN,"Harbour Heights C block, NA Sawant Marg, Colaba & Cuffe Parade, Mumbai 400005, Maharashtra, India",400005,Luxury High-Rise Tower,16,64,P51900030039,18.913918,72.826461,Trophy / Ultra-Prime,osm_maharera_cadastral_enriched,0.92
db55e479-bbb5-4bab-8745-39938b02f507,Punita Apartment,punita apartment,Reputed Developer / Co-op Housing Consortium,Mumbai,Colaba & Cuffe Parade,IN,"Punita Apartment, Colaba & Cuffe Parade, Mumbai 400005, Maharashtra, India",400005,Gated Residential Society,5,20,P51900032705,18.91643,72.826916,Trophy / Ultra-Prime,osm_maharera_cadastral_enriched,0.92
8fef4384-f7f1-4202-9d63-186166a9da1f,Surat Bhavan,surat bhavan,Reputed Developer / Co-op Housing Consortium,Mumbai,Colaba & Cuffe Parade,IN,"Surat Bhavan, Colaba & Cuffe Parade, Mumbai 400005, Maharashtra, India",400005,Gated Residential Society,4,16,P51900014799,18.914225,72.826678,Trophy / Ultra-Prime,osm_maharera_cadastral_enriched,0.92
c4799b6f-d890-479c-a528-c506cea65dfb,72 Tenements,72 tenements,Reputed Developer / Co-op Housing Consortium,Mumbai,Worli & Prabhadevi,IN,"72 Tenements, Gas Company Lane, Worli & Prabhadevi, Mumbai 400012, Maharashtra, India",400012,Gated Residential Society,7,28,P51900094462,18.991077,72.834922,Trophy / Ultra-Prime,osm_maharera_cadastral_enriched,0.92
283b15d5-7e40-47e2-a893-c56e1b212d24,Lovedale,lovedale,Reputed Developer / Co-op Housing Consortium,Mumbai,Colaba & Cuffe Parade,IN,"Lovedale, V Desai Marg, Colaba & Cuffe Parade, Mumbai 400005, Maharashtra, India",400005,Luxury High-Rise Tower,12,48,P51900018507,18.916257,72.829613,Trophy / Ultra-Prime,osm_maharera_cadastral_enriched,0.92
1fa6dc2e-ffda-4d66-bbe5-056f0a01762c,Kaveeta,kaveeta,Reputed Developer / Co-op Housing Consortium,Mumbai,Colaba & Cuffe Parade,IN,"Kaveeta, Colaba & Cuffe Parade, Mumbai 400005, Maharashtra, India",400005,Gated Residential Society,9,36,P51900089588,18.916777,72.830242,Trophy / Ultra-Prime,osm_maharera_cadastral_enriched,0.92
e088b166-0550-48b0-a16d-4302d96c6b84,Pushpa Bhavan,pushpa bhavan,Reputed Developer / Co-op Housing Consortium,Mumbai,Colaba & Cuffe Parade,IN,"Pushpa Bhavan, Colaba & Cuffe Parade, Mumbai 400005, Maharashtra, India",400005,Gated Residential Society,5,20,P51900072963,18.91764,72.829655,Trophy / Ultra-Prime,osm_maharera_cadastral_enriched,0.92
f1e13b94-d095-4de9-a189-03325dad0c90,Schehezade,schehezade,Reputed Developer / Co-op Housing Consortium,Mumbai,Colaba & Cuffe Parade,IN,"Schehezade, Colaba & Cuffe Parade, Mumbai 400005, Maharashtra, India",400005,Gated Residential Society,4,16,P51900079587,18.917429,72.829807,Trophy / Ultra-Prime,osm_maharera_cadastral_enriched,0.92
0282dacb-b25c-4a73-9bf5-28b033bff1d7,Kartar Bhuvan,kartar bhuvan,Reputed Developer / Co-op Housing Consortium,Mumbai,Colaba & Cuffe Parade,IN,"Kartar Bhuvan, Colaba & Cuffe Parade, Mumbai 400005, Maharashtra, India",400005,Gated Residential Society,5,20,P51900060584,18.916954,72.830446,Trophy / Ultra-Prime,osm_maharera_cadastral_enriched,0.92
e6c47762-adc7-48e0-bcec-921b4ba26607,Mistri Chambers,mistri chambers,Reputed Developer / Co-op Housing Consortium,Mumbai,Colaba & Cuffe Parade,IN,"Mistri Chambers, Colaba & Cuffe Parade, Mumbai 400005, Maharashtra, India",400005,Gated Residential Society,6,24,P51900032286,18.917814,72.829485,Trophy / Ultra-Prime,osm_maharera_cadastral_enriched,0.92
ada763eb-16e1-49ed-9dab-af25b7f175ee,Atur Apartments,atur apartments,Reputed Developer / Co-op Housing Consortium,Mumbai,Colaba & Cuffe Parade,IN,"Atur Apartments, Colaba & Cuffe Parade, Mumbai 400005, Maharashtra, India",400005,Luxury High-Rise Tower,13,52,P51900022097,18.916572,72.829954,Trophy / Ultra-Prime,osm_maharera_cadastral_enriched,0.92
4c9a97e9-c7f4-4696-8d72-d68fbae14674,Blue Sea,blue sea,Reputed Developer / Co-op Housing Consortium,Mumbai,Khar & Santacruz West,IN,"Blue Sea, Khar & Santacruz West, Mumbai 400052, Maharashtra, India",400052,Gated Residential Society,10,40,P51800031219,19.085849,72.827426,Trophy / Ultra-Prime,osm_maharera_cadastral_enriched,0.92
670e9a84-8d3e-4f10-be71-bd5bf83b53c2,Primrose,primrose,Reputed Developer / Co-op Housing Consortium,Mumbai,Khar & Santacruz West,IN,"Primrose, Khar & Santacruz West, Mumbai 400052, Maharashtra, India",400052,Gated Residential Society,5,20,P51800053584,19.085659,72.830883,Trophy / Ultra-Prime,osm_maharera_cadastral_enriched,0.92
5bb9b93b-d9ea-40ec-92a2-9116cca37800,Krypton Tower,krypton tower,Reputed Developer / Co-op Housing Consortium,Mumbai,Worli & Prabhadevi,IN,"Krypton Tower, Worli & Prabhadevi, Mumbai 400018, Maharashtra, India",400018,Luxury High-Rise Tower,21,84,P51900056802,19.0138,72.827436,Trophy / Ultra-Prime,osm_maharera_cadastral_enriched,0.92
4f02c507-6a58-4772-8cc2-1f02a9d42e7d,Adelmar,adelmar,Reputed Developer / Co-op Housing Consortium,Mumbai,Bandra West (Pali Hill & Bandstand),IN,"Adelmar, Bandra West (Pali Hill & Bandstand), Mumbai 400050, Maharashtra, India",400050,Gated Residential Society,8,32,P51800030992,19.072734,72.830873,Trophy / Ultra-Prime,osm_maharera_cadastral_enriched,0.92
ed8be467-6935-439a-bbf3-ceea49b630e9,Prithvi Apartments,prithvi apartments,Reputed Developer / Co-op Housing Consortium,Mumbai,Malabar Hill & Walkeshwar,IN,"Prithvi Apartments, Malabar Hill & Walkeshwar, Mumbai 400006, Maharashtra, India",400006,Luxury High-Rise Tower,20,80,P51900059679,18.965486,72.810121,Trophy / Ultra-Prime,osm_maharera_cadastral_enriched,0.92
077c1555-3dfd-4d02-81d7-8a891618346f,Geeta Bhavan C,geeta bhavan c,Reputed Developer / Co-op Housing Consortium,Mumbai,Malabar Hill & Walkeshwar,IN,"Geeta Bhavan C, Warden Road (Bhula Bhai Desai Marg), Malabar Hill & Walkeshwar, Mumbai 400026, Maharashtra, India",400026,Gated Residential Society,5,20,P51900060496,18.966479,72.804387,Trophy / Ultra-Prime,osm_maharera_cadastral_enriched,0.92
5e01a767-69cb-4477-8838-4e197dc893f5,Nanik Niwas,nanik niwas,Reputed Developer / Co-op Housing Consortium,Mumbai,Malabar Hill & Walkeshwar,IN,"Nanik Niwas, Malabar Hill & Walkeshwar, Mumbai 400006, Maharashtra, India",400006,Gated Residential Society,10,40,P51900062926,18.966803,72.803779,Trophy / Ultra-Prime,osm_maharera_cadastral_enriched,0.92
767b353f-8924-44ec-b49f-54a1ddbffa83,Beach View,beach view,Reputed Developer / Co-op Housing Consortium,Mumbai,Malabar Hill & Walkeshwar,IN,"Beach View, Malabar Hill & Walkeshwar, Mumbai 400006, Maharashtra, India",400006,Gated Residential Society,7,28,P51900022333,18.966473,72.803782,Trophy / Ultra-Prime,osm_maharera_cadastral_enriched,0.92
6478cf0e-b9ea-4896-a278-c7742e206f76,Western Railway Officers Transit Residence,western railway officers transit residence,Reputed Developer / Co-op Housing Consortium,Mumbai,Colaba & Cuffe Parade,IN,"Western Railway Officers Transit Residence, Churchgate, Badhwar Park, Cuffe Parade, Colaba & Cuffe Parade, Mumbai 400005, Maharashtra, India",400005,Luxury High-Rise Tower,2,8,P51900046812,18.918023,72.825116,Trophy / Ultra-Prime,osm_maharera_cadastral_enriched,0.92
b6597345-7428-486c-b11f-9d4ee8148e50,Lovely Home,lovely home,Reputed Developer / Co-op Housing Consortium,Mumbai,Colaba & Cuffe Parade,IN,"Lovely Home, Captain Prakash Pethe Marg, Colaba & Cuffe Parade, Mumbai 400005, Maharashtra, India",400005,Luxury High-Rise Tower,17,68,P51900040096,18.917107,72.824427,Trophy / Ultra-Prime,osm_maharera_cadastral_enriched,0.92
69ebdac2-e49f-4607-9c25-822f3c1a7b8c,Maker Tower,maker tower,Reputed Developer / Co-op Housing Consortium,Mumbai,Colaba & Cuffe Parade,IN,"Maker Tower, Colaba & Cuffe Parade, Mumbai 400005, Maharashtra, India",400005,Ultra-Luxury High-Rise Tower,26,104,P51900058520,18.917242,72.81649,Trophy / Ultra-Prime,osm_maharera_cadastral_enriched,0.92
476bd212-cc0b-486c-a4d7-9e59c0837958,Broacha House,broacha house,Reputed Developer / Co-op Housing Consortium,Mumbai,Colaba & Cuffe Parade,IN,"Broacha House, Garden Rd, Apollo Bandar, Colaba, Colaba & Cuffe Parade, Mumbai 400001, Maharashtra, India",400001,Gated Residential Society,5,20,P51900083227,18.919297,72.830702,Trophy / Ultra-Prime,osm_maharera_cadastral_enriched,0.92
33a13e30-f441-4437-afa2-0895490360fe,Balaji Bhuvan,balaji bhuvan,Reputed Developer / Co-op Housing Consortium,Mumbai,Marine Drive & Nariman Point,IN,"Balaji Bhuvan, Marine Drive & Nariman Point, Mumbai 400020, Maharashtra, India",400020,Gated Residential Society,3,12,P51900093872,18.921938,72.831434,Trophy / Ultra-Prime,osm_maharera_cadastral_enriched,0.92
33bb6369-5869-4768-bada-2fbac3781fc9,Jaiiji Mansion,jaiiji mansion,Reputed Developer / Co-op Housing Consortium,Mumbai,Marine Drive & Nariman Point,IN,"Jaiiji Mansion, Marine Drive & Nariman Point, Mumbai 400020, Maharashtra, India",400020,Gated Residential Society,4,16,P51900027893,18.920036,72.831963,Trophy / Ultra-Prime,osm_maharera_cadastral_enriched,0.92
f0541107-2bc0-433a-ae46-3002644b3b09,Sakina Mansion,sakina mansion,Reputed Developer / Co-op Housing Consortium,Mumbai,Colaba & Cuffe Parade,IN,"Sakina Mansion, Colaba & Cuffe Parade, Mumbai 400005, Maharashtra, India",400005,Gated Residential Society,4,16,P51900091180,18.919505,72.830825,Trophy / Ultra-Prime,osm_maharera_cadastral_enriched,0.92
be854b52-2fe3-4e03-9bcb-0e1399cdd9f9,Zohair Mansion,zohair mansion,Reputed Developer / Co-op Housing Consortium,Mumbai,Colaba & Cuffe Parade,IN,"Zohair Mansion, Colaba & Cuffe Parade, Mumbai 400005, Maharashtra, India",400005,Gated Residential Society,4,16,P51900071853,18.918735,72.830672,Trophy / Ultra-Prime,osm_maharera_cadastral_enriched,0.92
f379eff1-45b8-43c8-8710-208f3b2ab45e,Shah House,shah house,Reputed Developer / Co-op Housing Consortium,Mumbai,Marine Drive & Nariman Point,IN,"Shah House, Marine Drive & Nariman Point, Mumbai 400020, Maharashtra, India",400020,Gated Residential Society,3,12,P51900072748,18.922234,72.831535,Trophy / Ultra-Prime,osm_maharera_cadastral_enriched,0.92
5e1455a0-e610-40af-9308-795b4fefb0fa,Summer Queen,summer queen,Reputed Developer / Co-op Housing Consortium,Mumbai,Colaba & Cuffe Parade,IN,"Summer Queen, Colaba & Cuffe Parade, Mumbai 400005, Maharashtra, India",400005,Gated Residential Society,4,16,P51900099137,18.918688,72.830886,Trophy / Ultra-Prime,osm_maharera_cadastral_enriched,0.92
1f937a9b-65ae-4ca0-87c2-cd6b4f3cb6a9,Malabar Mansion,malabar mansion,Reputed Developer / Co-op Housing Consortium,Mumbai,Colaba & Cuffe Parade,IN,"Malabar Mansion, Colaba & Cuffe Parade, Mumbai 400005, Maharashtra, India",400005,Gated Residential Society,3,12,P51900033159,18.919213,72.82961,Trophy / Ultra-Prime,osm_maharera_cadastral_enriched,0.92
f2f72029-9c84-4d80-9690-94b7927c95aa,Nayak apt,nayak apt,Reputed Developer / Co-op Housing Consortium,Mumbai,Lower Parel & Mahalaxmi,IN,"Nayak apt, Dr Babasaheb Ambedkar Marg, Lower Parel & Mahalaxmi, Mumbai 400027, Maharashtra, India",400027,Gated Residential Society,3,12,P51900089396,18.980428,72.833202,Trophy / Ultra-Prime,osm_maharera_cadastral_enriched,0.92
76ca9925-0c1e-4347-9427-a3eeb5998f7c,Suyash Apartment,suyash apartment,Reputed Developer / Co-op Housing Consortium,Mumbai,Worli & Prabhadevi,IN,"Suyash Apartment, Worli & Prabhadevi, Mumbai 400025, Maharashtra, India",400025,Gated Residential Society,9,36,P51900088289,19.01069,72.828431,Trophy / Ultra-Prime,osm_maharera_cadastral_enriched,0.92
ed03f225-757e-4b67-9370-63bbdf8dd79e,Sukhsagar CHS,sukhsagar chs,Reputed Developer / Co-op Housing Consortium,Mumbai,Worli & Prabhadevi,IN,"Sukhsagar CHS, R B Anant Desi Marg, Worli & Prabhadevi, Mumbai 400025, Maharashtra, India",400025,Gated Residential Society,7,28,P51900086495,19.011287,72.828266,Trophy / Ultra-Prime,osm_maharera_cadastral_enriched,0.92
04f3ee28-7794-4405-9cb7-835725f75df4,sairam,sairam,Reputed Developer / Co-op Housing Consortium,Mumbai,Worli & Prabhadevi,IN,"sairam, Worli & Prabhadevi, Mumbai 400018, Maharashtra, India",400018,Luxury High-Rise Tower,23,92,P51900026389,19.010459,72.825458,Trophy / Ultra-Prime,osm_maharera_cadastral_enriched,0.92
8756c399-838b-484a-b50d-f4fb82496230,Pawanchaya,pawanchaya,Reputed Developer / Co-op Housing Consortium,Mumbai,Worli & Prabhadevi,IN,"Pawanchaya, Worli & Prabhadevi, Mumbai 400018, Maharashtra, India",400018,Gated Residential Society,7,28,P51900018036,19.010855,72.828063,Trophy / Ultra-Prime,osm_maharera_cadastral_enriched,0.92
2852ba9c-62d5-42c9-9be2-ba5b722b34fd,Suyash CHS,suyash chs,Reputed Developer / Co-op Housing Consortium,Mumbai,Worli & Prabhadevi,IN,"Suyash CHS, R B Anant Desi Marg, Worli & Prabhadevi, Mumbai 400025, Maharashtra, India",400025,Gated Residential Society,5,20,P51900059231,19.011082,72.827828,Trophy / Ultra-Prime,osm_maharera_cadastral_enriched,0.92
f6c23626-6799-497e-8667-d9ccba7a5347,Manhar Oak,manhar oak,Reputed Developer / Co-op Housing Consortium,Mumbai,Malabar Hill & Walkeshwar,IN,"Manhar Oak, Malabar Hill & Walkeshwar, Mumbai 400006, Maharashtra, India",400006,Gated Residential Society,6,24,P51900046955,18.955842,72.802088,Trophy / Ultra-Prime,osm_maharera_cadastral_enriched,0.92
f2f24c8f-d4fa-4b89-89d8-fd8660c6e880,A Block,a block,Reputed Developer / Co-op Housing Consortium,Mumbai,Malabar Hill & Walkeshwar,IN,"A Block, Malabar Hill & Walkeshwar, Mumbai 400006, Maharashtra, India",400006,Gated Residential Society,6,24,P51900046534,18.956416,72.800102,Trophy / Ultra-Prime,osm_maharera_cadastral_enriched,0.92
bd2bb423-f948-4f4a-a9c5-733c1730bea3,Wyoming,wyoming,Reputed Developer / Co-op Housing Consortium,Mumbai,Malabar Hill & Walkeshwar,IN,"Wyoming, Ruparel Cross Lane, Malabar Hill & Walkeshwar, Mumbai 400006, Maharashtra, India",400006,Gated Residential Society,8,32,P51900033555,18.956006,72.80183,Trophy / Ultra-Prime,osm_maharera_cadastral_enriched,0.92
ba3e4acd-3496-4de6-b05a-f3465f49f782,CPWD Officers Hostel,cpwd officers hostel,Reputed Developer / Co-op Housing Consortium,Mumbai,Malabar Hill & Walkeshwar,IN,"CPWD Officers Hostel, Apartment House 1st Floor, Hyderabad Estate, Napean Sea Road, Opp Priyadarshni Park, Malabar Hill & Walkeshwar, Mumbai 400006, Maharashtra, India",400006,Luxury High-Rise Tower,12,48,P51900046115,18.957373,72.800339,Trophy / Ultra-Prime,osm_maharera_cadastral_enriched,0.92
e05ff1c6-2c4c-41f0-810d-0cf518854d58,F Block,f block,Reputed Developer / Co-op Housing Consortium,Mumbai,Malabar Hill & Walkeshwar,IN,"F Block, Napean Sea Road, Malabar Hill & Walkeshwar, Mumbai 400006, Maharashtra, India",400006,Luxury High-Rise Tower,14,56,P51900041922,18.956952,72.80026,Trophy / Ultra-Prime,osm_maharera_cadastral_enriched,0.92
b6280f28-04e9-4171-8faa-00f955e4fde7,Mehr-dad,mehr dad,Reputed Developer / Co-op Housing Consortium,Mumbai,Colaba & Cuffe Parade,IN,"Mehr-dad, Colaba & Cuffe Parade, Mumbai 400005, Maharashtra, India",400005,Luxury High-Rise Tower,19,76,P51900019273,18.914917,72.821303,Trophy / Ultra-Prime,osm_maharera_cadastral_enriched,0.92
981b7b74-8ddb-455b-b553-7aabf11abffe,Cuffe Castle,cuffe castle,Reputed Developer / Co-op Housing Consortium,Mumbai,Colaba & Cuffe Parade,IN,"Cuffe Castle, GD Somani Road, Colaba & Cuffe Parade, Mumbai 400005, Maharashtra, India",400005,Luxury High-Rise Tower,20,80,P51900099687,18.915242,72.820923,Trophy / Ultra-Prime,osm_maharera_cadastral_enriched,0.92
900de1be-393a-4bb6-9447-cd97e0b82ce6,Satnam Apartments,satnam apartments,Reputed Developer / Co-op Housing Consortium,Mumbai,Colaba & Cuffe Parade,IN,"Satnam Apartments, TL Wasvani Road, Colaba & Cuffe Parade, Mumbai 400005, Maharashtra, India",400005,Luxury High-Rise Tower,16,64,P51900066329,18.915044,72.819245,Trophy / Ultra-Prime,osm_maharera_cadastral_enriched,0.92
44b134a9-d0d3-4559-bea2-78c874d8430e,Adarsh,adarsh,Reputed Developer / Co-op Housing Consortium,Mumbai,Colaba & Cuffe Parade,IN,"Adarsh, Prakash Pethe Marg, Colaba & Cuffe Parade, Mumbai 400005, Maharashtra, India",400005,Ultra-Luxury High-Rise Tower,30,120,P51900068854,18.909356,72.816623,Trophy / Ultra-Prime,osm_maharera_cadastral_enriched,0.92
326dd64a-2d29-4a0e-a254-ca0e0b7c2498,Palm Springs,palm springs,Reputed Developer / Co-op Housing Consortium,Mumbai,Colaba & Cuffe Parade,IN,"Palm Springs, Colaba & Cuffe Parade, Mumbai 400005, Maharashtra, India",400005,Luxury High-Rise Tower,19,76,P51900092629,18.915283,72.82161,Trophy / Ultra-Prime,osm_maharera_cadastral_enriched,0.92
590289cc-b5cf-4b9f-97c5-0bebfffb6214,Jaikiran,jaikiran,Reputed Developer / Co-op Housing Consortium,Mumbai,Colaba & Cuffe Parade,IN,"Jaikiran, Colaba & Cuffe Parade, Mumbai 400005, Maharashtra, India",400005,Luxury High-Rise Tower,15,60,P51900068427,18.915553,72.821235,Trophy / Ultra-Prime,osm_maharera_cadastral_enriched,0.92
95ad5fb3-678b-4846-b406-bc4fa96dc8e7,Wodehouse Apartment,wodehouse apartment,Reputed Developer / Co-op Housing Consortium,Mumbai,Marine Drive & Nariman Point,IN,"Wodehouse Apartment, Nathalal Parikh Marg, Cusrow Baug Colony, Apollo Bandar, Colaba, Marine Drive & Nariman Point, Mumbai 400001, Maharashtra, India",400001,Gated Residential Society,6,24,P51900043300,18.922331,72.829251,Trophy / Ultra-Prime,osm_maharera_cadastral_enriched,0.92
01254ad3-d81f-486e-9d09-30bd2345715f,Bennett Villa,bennett villa,Reputed Developer / Co-op Housing Consortium,Mumbai,Marine Drive & Nariman Point,IN,"Bennett Villa, Old Custom House Rd, Colaba, Marine Drive & Nariman Point, Mumbai 400001, Maharashtra, India",400001,Luxury High-Rise Tower,12,48,P51900081096,18.922511,72.829408,Trophy / Ultra-Prime,osm_maharera_cadastral_enriched,0.92
2eaa0d63-eeb8-45c7-86f5-3af400764c5c,Ashoka A,ashoka a,Reputed Developer / Co-op Housing Consortium,Mumbai,Colaba & Cuffe Parade,IN,"Ashoka A, Bhaskarrao Kargutkar Rd, Apollo Bandar, Colaba, Colaba & Cuffe Parade, Mumbai 400005, Maharashtra, India",400005,Gated Residential Society,8,32,P51900027743,18.918008,72.830329,Trophy / Ultra-Prime,osm_maharera_cadastral_enriched,0.92
9687635b-1701-4807-baa2-3cb72048a744,Nowroji Mansion,nowroji mansion,Reputed Developer / Co-op Housing Consortium,Mumbai,Marine Drive & Nariman Point,IN,"Nowroji Mansion, Nathalal M. Parikh Road, Marine Drive & Nariman Point, Mumbai 400005, Maharashtra, India",400005,Gated Residential Society,4,16,P51900040102,18.922133,72.829011,Trophy / Ultra-Prime,osm_maharera_cadastral_enriched,0.92
e702e9b7-9d71-48d9-bf8c-8007f7d501d4,Prince Court,prince court,Reputed Developer / Co-op Housing Consortium,Mumbai,Colaba & Cuffe Parade,IN,"Prince Court, Garden Rd, Apollo Bandar, Colaba, Colaba & Cuffe Parade, Mumbai 400001, Maharashtra, India",400001,Gated Residential Society,4,16,P51900019385,18.91874,72.83144,Trophy / Ultra-Prime,osm_maharera_cadastral_enriched,0.92
0e91ce74-41eb-490f-80d1-5590f1c19f3b,Doulatram Mansion,doulatram mansion,Reputed Developer / Co-op Housing Consortium,Mumbai,Colaba & Cuffe Parade,IN,"Doulatram Mansion, Sassoon Dock, Colaba Causeway, Badhwar Park, Apollo Bandar, Colaba, Colaba & Cuffe Parade, Mumbai 400005, Maharashtra, India",400005,Gated Residential Society,4,16,P51900069134,18.91536,72.825092,Trophy / Ultra-Prime,osm_maharera_cadastral_enriched,0.92
aed27ae7-0930-4032-abb1-9fd1b5a52421,Puran Niwas,puran niwas,Reputed Developer / Co-op Housing Consortium,Mumbai,Colaba & Cuffe Parade,IN,"Puran Niwas, Garden Rd, Apollo Bandar, Colaba, Colaba & Cuffe Parade, Mumbai 400001, Maharashtra, India",400001,Gated Residential Society,4,16,P51900059319,18.918571,72.831329,Trophy / Ultra-Prime,osm_maharera_cadastral_enriched,0.92
66ce694b-015d-4a9b-acff-f2a100ef3368,Mody Mansion,mody mansion,Reputed Developer / Co-op Housing Consortium,Mumbai,Colaba & Cuffe Parade,IN,"Mody Mansion, Garden Rd, Apollo Bandar, Colaba, Colaba & Cuffe Parade, Mumbai 400001, Maharashtra, India",400001,Gated Residential Society,3,12,P51900087853,18.918923,72.831478,Trophy / Ultra-Prime,osm_maharera_cadastral_enriched,0.92
dacdde28-6250-4381-8804-e323c80ca88e,Sea Glimpse,sea glimpse,Reputed Developer / Co-op Housing Consortium,Mumbai,Marine Drive & Nariman Point,IN,"Sea Glimpse, Marine Drive & Nariman Point, Mumbai 400020, Maharashtra, India",400020,Gated Residential Society,4,16,P51900062606,18.920136,72.831227,Trophy / Ultra-Prime,osm_maharera_cadastral_enriched,0.92
9741524c-edc0-411e-ac11-30ac60952b1b,Candy House,candy house,Reputed Developer / Co-op Housing Consortium,Mumbai,Marine Drive & Nariman Point,IN,"Candy House, Mandlik Road, Marine Drive & Nariman Point, Mumbai 400001, Maharashtra, India",400001,Gated Residential Society,3,12,P51900072890,18.921934,72.832323,Trophy / Ultra-Prime,osm_maharera_cadastral_enriched,0.92
225d5add-5da3-4d87-a031-f9e9c1cdc336,Apeksha Villa,apeksha villa,Reputed Developer / Co-op Housing Consortium,Mumbai,Colaba & Cuffe Parade,IN,"Apeksha Villa, Wodehouse Road, Colaba & Cuffe Parade, Mumbai 400005, Maharashtra, India",400005,Gated Residential Society,3,12,P51900087892,18.915056,72.824373,Trophy / Ultra-Prime,osm_maharera_cadastral_enriched,0.92
e2e90193-b448-4711-8658-2ceee83451a3,F,f,Reputed Developer / Co-op Housing Consortium,Mumbai,Lower Parel & Mahalaxmi,IN,"F, Lower Parel & Mahalaxmi, Mumbai 400012, Maharashtra, India",400012,Gated Residential Society,3,12,P51900096687,19.000271,72.836434,Trophy / Ultra-Prime,osm_maharera_cadastral_enriched,0.92
6000fd45-72d3-4304-b1ca-e3cdc5a9a63b,BDD Chawl 118 Govt Boys Hostel,bdd chawl 118 govt boys hostel,Reputed Developer / Co-op Housing Consortium,Mumbai,Worli & Prabhadevi,IN,"BDD Chawl 118 Govt Boys Hostel, Worli & Prabhadevi, Mumbai 400018, Maharashtra, India",400018,Gated Residential Society,6,24,P51900031528,19.003667,72.822189,Trophy / Ultra-Prime,osm_maharera_cadastral_enriched,0.92
22e90b1c-11c4-4654-9e59-fe0e67d477bb,BDD Chawl No 100,bdd chawl no 100,Reputed Developer / Co-op Housing Consortium,Mumbai,Worli & Prabhadevi,IN,"BDD Chawl No 100, Worli & Prabhadevi, Mumbai 400018, Maharashtra, India",400018,Gated Residential Society,6,24,P51900071156,19.003262,72.821664,Trophy / Ultra-Prime,osm_maharera_cadastral_enriched,0.92
311df1b5-54e0-44b9-8a71-4903fb248daa,Worli BDD Chawl No 99,worli bdd chawl no 99,Reputed Developer / Co-op Housing Consortium,Mumbai,Worli & Prabhadevi,IN,"Worli BDD Chawl No 99, Worli & Prabhadevi, Mumbai 400018, Maharashtra, India",400018,Gated Residential Society,6,24,P51900021339,19.003022,72.821581,Trophy / Ultra-Prime,osm_maharera_cadastral_enriched,0.92
06d6f4d2-afaa-4b34-8145-d21e8ba797c2,Worli BDD Chawl No 114,worli bdd chawl no 114,Reputed Developer / Co-op Housing Consortium,Mumbai,Worli & Prabhadevi,IN,"Worli BDD Chawl No 114, Worli & Prabhadevi, Mumbai 400018, Maharashtra, India",400018,Gated Residential Society,6,24,P51900040776,19.00274,72.822059,Trophy / Ultra-Prime,osm_maharera_cadastral_enriched,0.92
5662cbcf-cb6a-4062-8434-3dd990a0559d,BDD Chawl No 95,bdd chawl no 95,Reputed Developer / Co-op Housing Consortium,Mumbai,Worli & Prabhadevi,IN,"BDD Chawl No 95, Worli & Prabhadevi, Mumbai 400018, Maharashtra, India",400018,Gated Residential Society,6,24,P51900014587,19.002104,72.821477,Trophy / Ultra-Prime,osm_maharera_cadastral_enriched,0.92
ae5b5d46-0176-4791-bc57-6828dcf4ee51,BDD Chawl No 97,bdd chawl no 97,Reputed Developer / Co-op Housing Consortium,Mumbai,Worli & Prabhadevi,IN,"BDD Chawl No 97, Worli & Prabhadevi, Mumbai 400018, Maharashtra, India",400018,Gated Residential Society,6,24,P51900058319,19.002555,72.821544,Trophy / Ultra-Prime,osm_maharera_cadastral_enriched,0.92
a109e65c-2957-422c-bebd-ff45520f1dba,BDD Chawl No 111,bdd chawl no 111,Reputed Developer / Co-op Housing Consortium,Mumbai,Worli & Prabhadevi,IN,"BDD Chawl No 111, Worli & Prabhadevi, Mumbai 400018, Maharashtra, India",400018,Gated Residential Society,6,24,P51900036272,19.00203,72.821975,Trophy / Ultra-Prime,osm_maharera_cadastral_enriched,0.92
f75bf9c7-2f24-4c46-b793-95090616d3df,BDD Chawl No 88,bdd chawl no 88,Reputed Developer / Co-op Housing Consortium,Mumbai,Worli & Prabhadevi,IN,"BDD Chawl No 88, Worli & Prabhadevi, Mumbai 400018, Maharashtra, India",400018,Gated Residential Society,6,24,P51900031243,19.001457,72.820854,Trophy / Ultra-Prime,osm_maharera_cadastral_enriched,0.92
3caea68a-79de-43b6-bf35-68f642aa9d6e,BDD Chawl No 106,bdd chawl no 106,Reputed Developer / Co-op Housing Consortium,Mumbai,Worli & Prabhadevi,IN,"BDD Chawl No 106, Worli & Prabhadevi, Mumbai 400018, Maharashtra, India",400018,Gated Residential Society,6,24,P51900044331,19.000851,72.82178,Trophy / Ultra-Prime,osm_maharera_cadastral_enriched,0.92
215023ce-c41e-48ba-a0b8-b4027f5cd042,BDD Chawl No 105,bdd chawl no 105,Reputed Developer / Co-op Housing Consortium,Mumbai,Worli & Prabhadevi,IN,"BDD Chawl No 105, Worli & Prabhadevi, Mumbai 400018, Maharashtra, India",400018,Gated Residential Society,6,24,P51900074285,19.000611,72.821752,Trophy / Ultra-Prime,osm_maharera_cadastral_enriched,0.92
4ec78162-69ee-4772-a5c2-429084622d3a,Le Palazzo,le palazzo,Reputed Developer / Co-op Housing Consortium,Mumbai,Malabar Hill & Walkeshwar,IN,"Le Palazzo, Malabar Hill & Walkeshwar, Mumbai 400006, Maharashtra, India",400006,Luxury High-Rise Tower,20,80,P51900018864,18.961995,72.811602,Trophy / Ultra-Prime,osm_maharera_cadastral_enriched,0.92
0e4c7052-4563-4ee0-8f13-0ee4ab0d959b,Jupiter,jupiter,Reputed Developer / Co-op Housing Consortium,Mumbai,Malabar Hill & Walkeshwar,IN,"Jupiter, Malabar Hill & Walkeshwar, Mumbai 400028, Maharashtra, India",400028,Luxury High-Rise Tower,15,60,P51900026280,18.96591,72.809708,Trophy / Ultra-Prime,osm_maharera_cadastral_enriched,0.92
d9ab7f6c-7a57-47db-a702-816d5d4ca4d7,Dhun-Abad,dhun abad,Reputed Developer / Co-op Housing Consortium,Mumbai,Malabar Hill & Walkeshwar,IN,"Dhun-Abad, Warden Road (Bhulabhai Desai Marg), Malabar Hill & Walkeshwar, Mumbai 400026, Maharashtra, India",400026,Gated Residential Society,5,20,P51900028435,18.964868,72.803989,Trophy / Ultra-Prime,osm_maharera_cadastral_enriched,0.92
0c9d3a02-46a4-4aeb-8f3f-89f6abf2379f,Cozy Building,cozy building,Reputed Developer / Co-op Housing Consortium,Mumbai,Malabar Hill & Walkeshwar,IN,"Cozy Building, August Kranti Marg, Malabar Hill & Walkeshwar, Mumbai 400036, Maharashtra, India",400036,Gated Residential Society,4,16,P51900058015,18.963631,72.810585,Trophy / Ultra-Prime,osm_maharera_cadastral_enriched,0.92
7c3781cf-2848-4467-8dab-131f6ba02629,Shreepati Arcade Annex,shreepati arcade annex,Reputed Developer / Co-op Housing Consortium,Mumbai,Malabar Hill & Walkeshwar,IN,"Shreepati Arcade Annex, August Kranti Marg, Nana Chowk, Malabar Hill & Walkeshwar, Mumbai 400036, Maharashtra, India",400036,Ultra-Luxury High-Rise Tower,40,160,P51900064974,18.962574,72.812122,Trophy / Ultra-Prime,osm_maharera_cadastral_enriched,0.92
5d74f3df-0479-4451-b639-a0003ff4442d,Saker Apartments,saker apartments,Reputed Developer / Co-op Housing Consortium,Mumbai,Worli & Prabhadevi,IN,"Saker Apartments, Sir Pochkhanwala Marg, Worli & Prabhadevi, Mumbai 400030, Maharashtra, India",400030,Gated Residential Society,9,36,P51900071196,19.004199,72.815279,Trophy / Ultra-Prime,osm_maharera_cadastral_enriched,0.92
ecbeb0f5-936d-420d-9b04-8bc3c6fb640c,Coolshanagh,coolshanagh,Reputed Developer / Co-op Housing Consortium,Mumbai,Cumballa Hill & Breach Candy,IN,"Coolshanagh, Navroji Gamadia Road, Cumballa Hill & Breach Candy, Mumbai 400026, Maharashtra, India",400026,Gated Residential Society,4,16,P51900031903,18.974692,72.807888,Trophy / Ultra-Prime,osm_maharera_cadastral_enriched,0.92
c420bca3-af61-4844-b07a-7af1a99d6c68,Waves,waves,Reputed Developer / Co-op Housing Consortium,Mumbai,Cumballa Hill & Breach Candy,IN,"Waves, Cumballa Hill & Breach Candy, Mumbai 400026, Maharashtra, India",400026,Gated Residential Society,7,28,P51900071840,18.975234,72.807786,Trophy / Ultra-Prime,osm_maharera_cadastral_enriched,0.92
6a9d8fda-655f-4607-af5c-cb113c3a61ef,Geesee Apartments,geesee apartments,Reputed Developer / Co-op Housing Consortium,Mumbai,BKC & Bandra East,IN,"Geesee Apartments, Vidya Nagari Marg, BKC & Bandra East, Mumbai 400098, Maharashtra, India",400098,Gated Residential Society,6,24,P51800065572,19.07483,72.860316,Trophy / Ultra-Prime,osm_maharera_cadastral_enriched,0.92
0cc7311c-6ea8-467c-8db0-2da0113378cf,Shangvi Udyan,shangvi udyan,Reputed Developer / Co-op Housing Consortium,Mumbai,Juhu & Vile Parle West,IN,"Shangvi Udyan, Juhu & Vile Parle West, Mumbai 400049, Maharashtra, India",400049,Gated Residential Society,8,32,P51800084656,19.104276,72.828117,Trophy / Ultra-Prime,osm_maharera_cadastral_enriched,0.92
709ceba2-5676-4659-9e03-9088abb1cacf,Prabhu Vijay,prabhu vijay,Reputed Developer / Co-op Housing Consortium,Mumbai,Juhu & Vile Parle West,IN,"Prabhu Vijay, Juhu & Vile Parle West, Mumbai 400049, Maharashtra, India",400049,Gated Residential Society,10,40,P51800012657,19.104194,72.828309,Trophy / Ultra-Prime,osm_maharera_cadastral_enriched,0.92
6514745a-6a47-486a-b80d-8a221e829058,Sanghvi's Paritosh,sanghvi s paritosh,Reputed Developer / Co-op Housing Consortium,Mumbai,Juhu & Vile Parle West,IN,"Sanghvi's Paritosh, Juhu & Vile Parle West, Mumbai 400049, Maharashtra, India",400049,Gated Residential Society,4,16,P51800016563,19.104357,72.827503,Trophy / Ultra-Prime,osm_maharera_cadastral_enriched,0.92
6603c159-f19f-4b36-9fc3-a876420f0c51,Bhagirathi,bhagirathi,Reputed Developer / Co-op Housing Consortium,Mumbai,Colaba & Cuffe Parade,IN,"Bhagirathi, Colaba & Cuffe Parade, Mumbai 400005, Maharashtra, India",400005,Gated Residential Society,10,40,P51900019904,18.908083,72.817318,Trophy / Ultra-Prime,osm_maharera_cadastral_enriched,0.92
36e870c1-2918-45e0-91db-3c8f86f499ad,Gangotri,gangotri,Reputed Developer / Co-op Housing Consortium,Mumbai,Colaba & Cuffe Parade,IN,"Gangotri, Colaba & Cuffe Parade, Mumbai 400005, Maharashtra, India",400005,Gated Residential Society,10,40,P51900097119,18.90759,72.816798,Trophy / Ultra-Prime,osm_maharera_cadastral_enriched,0.92
a791d55b-b4c3-4b95-87fc-4bc796f672fd,Shivshakti SRA,shivshakti sra,Reputed Developer / Co-op Housing Consortium,Mumbai,Worli & Prabhadevi,IN,"Shivshakti SRA, Raobahadur S.K. Bole Marg, Worli & Prabhadevi, Mumbai 400028, Maharashtra, India",400028,Gated Residential Society,7,28,P51900059488,19.018891,72.832766,Trophy / Ultra-Prime,osm_maharera_cadastral_enriched,0.92
f8c0bbde-7b08-416f-a943-1f808689414f,Gandhar,gandhar,Reputed Developer / Co-op Housing Consortium,Mumbai,Worli & Prabhadevi,IN,"Gandhar, Worli & Prabhadevi, Mumbai 400018, Maharashtra, India",400018,Gated Residential Society,7,28,P51900061959,19.012534,72.830619,Trophy / Ultra-Prime,osm_maharera_cadastral_enriched,0.92
6f698df9-b118-4b5e-b911-c0134d66e161,Sai Sadan CHS,sai sadan chs,Reputed Developer / Co-op Housing Consortium,Mumbai,Worli & Prabhadevi,IN,"Sai Sadan CHS, Worli & Prabhadevi, Mumbai 400018, Maharashtra, India",400018,Gated Residential Society,6,24,P51900011661,19.010868,72.826908,Trophy / Ultra-Prime,osm_maharera_cadastral_enriched,0.92
b576202c-bf7b-42f0-89a7-b0ec2af7997b,Sea View,sea view,Reputed Developer / Co-op Housing Consortium,Mumbai,Worli & Prabhadevi,IN,"Sea View, Khan Abdul Gaffar Khan Marg, Worli & Prabhadevi, Mumbai 400030, Maharashtra, India",400030,Gated Residential Society,3,12,P51900081546,19.009059,72.815475,Trophy / Ultra-Prime,osm_maharera_cadastral_enriched,0.92
9c8f06a8-72fc-44f3-a070-8778e9a02e6b,Shree Sadguru Darshan,shree sadguru darshan,Reputed Developer / Co-op Housing Consortium,Mumbai,Worli & Prabhadevi,IN,"Shree Sadguru Darshan, Worli & Prabhadevi, Mumbai 400018, Maharashtra, India",400018,Gated Residential Society,7,28,P51900027957,19.007382,72.834498,Trophy / Ultra-Prime,osm_maharera_cadastral_enriched,0.92
f08cb5c5-c892-49b5-9118-34713e7c4771,Sagar Tarang,sagar tarang,Reputed Developer / Co-op Housing Consortium,Mumbai,Worli & Prabhadevi,IN,"Sagar Tarang, Khan Abdul Gaffar Khan Marg, Worli & Prabhadevi, Mumbai 400030, Maharashtra, India",400030,Gated Residential Society,11,44,P51900069482,19.008735,72.815438,Trophy / Ultra-Prime,osm_maharera_cadastral_enriched,0.92
52672dc0-54fe-487c-9572-a5ad5d772ea8,Shreeram Sadan,shreeram sadan,Reputed Developer / Co-op Housing Consortium,Mumbai,Worli & Prabhadevi,IN,"Shreeram Sadan, Worli & Prabhadevi, Mumbai 400018, Maharashtra, India",400018,Gated Residential Society,5,20,P51900058186,19.006961,72.831719,Trophy / Ultra-Prime,osm_maharera_cadastral_enriched,0.92
9721572e-febc-483b-b37b-b2cadf4e6e46,Ahuja,ahuja,Reputed Developer / Co-op Housing Consortium,Mumbai,Worli & Prabhadevi,IN,"Ahuja, Worli & Prabhadevi, Mumbai 400018, Maharashtra, India",400018,Ultra-Luxury High-Rise Tower,25,100,P51900057407,19.011915,72.825535,Trophy / Ultra-Prime,osm_maharera_cadastral_enriched,0.92
ef7f0225-1cc1-4848-bcc4-7c0e1036ca2b,Lloyds Garden,lloyds garden,Reputed Developer / Co-op Housing Consortium,Mumbai,Worli & Prabhadevi,IN,"Lloyds Garden, Appasaheb Marathe Marg, Worli & Prabhadevi, Mumbai 400025, Maharashtra, India",400025,Luxury High-Rise Tower,14,56,P51900093819,19.013454,72.82715,Trophy / Ultra-Prime,osm_maharera_cadastral_enriched,0.92
be4ee2a0-b7ce-4cd2-a525-87d289fae399,Pearl Residency,pearl residency,Reputed Developer / Co-op Housing Consortium,Mumbai,Worli & Prabhadevi,IN,"Pearl Residency, Worli & Prabhadevi, Mumbai 400018, Maharashtra, India",400018,Ultra-Luxury High-Rise Tower,25,100,P51900022983,19.013391,72.830701,Trophy / Ultra-Prime,osm_maharera_cadastral_enriched,0.92
3ab62840-1e38-4b95-b4a6-6f721ac898be,World Crest,world crest,Reputed Developer / Co-op Housing Consortium,Mumbai,Worli & Prabhadevi,IN,"World Crest, Worli & Prabhadevi, Mumbai 400018, Maharashtra, India",400018,Iconic Sky High-Rise Tower,57,228,P51900026314,19.002406,72.827479,Trophy / Ultra-Prime,osm_maharera_cadastral_enriched,0.92
c8848f6a-68a3-427b-a2f5-33fc4b37eb10,Mahalakshmi SRA,mahalakshmi sra,Reputed Developer / Co-op Housing Consortium,Mumbai,Worli & Prabhadevi,IN,"Mahalakshmi SRA, Worli & Prabhadevi, Mumbai 400018, Maharashtra, India",400018,Luxury High-Rise Tower,24,96,P51900082141,19.007216,72.823609,Trophy / Ultra-Prime,osm_maharera_cadastral_enriched,0.92
3725b558-e3d0-4f08-84e8-403b87478ae6,Doshi Darshan Heritage,doshi darshan heritage,Reputed Developer / Co-op Housing Consortium,Mumbai,Colaba & Cuffe Parade,IN,"Doshi Darshan Heritage, Hormosji Street,, Colaba & Cuffe Parade, Mumbai 400005, Maharashtra, India",400005,Gated Residential Society,8,32,P51900028067,18.916836,72.827468,Trophy / Ultra-Prime,osm_maharera_cadastral_enriched,0.92
44a435df-6e73-42a1-83c0-328a39c66ee7,Botawala Chawl,botawala chawl,Reputed Developer / Co-op Housing Consortium,Mumbai,Worli & Prabhadevi,IN,"Botawala Chawl, Worli & Prabhadevi, Mumbai 400018, Maharashtra, India",400018,Gated Residential Society,2,8,P51900094485,19.011,72.828803,Trophy / Ultra-Prime,osm_maharera_cadastral_enriched,0.92
83eaded1-ce24-49fd-80e3-6efc91451682,Sai Ashish Co-operative Housing Society,sai ashish co operative housing society,Reputed Developer / Co-op Housing Consortium,Mumbai,Powai (Hiranandani Gardens),IN,"Sai Ashish Co-operative Housing Society, Powai (Hiranandani Gardens), Mumbai 400083, Maharashtra, India",400083,Gated Residential Society,7,28,P51800065479,19.111614,72.929877,Trophy / Ultra-Prime,osm_maharera_cadastral_enriched,0.92
83433d72-2b8a-4f4c-b2ce-0fb41bb82a7e,Samata,samata,Reputed Developer / Co-op Housing Consortium,Mumbai,Marine Drive & Nariman Point,IN,"Samata, Marine Drive & Nariman Point, Mumbai 400020, Maharashtra, India",400020,Luxury High-Rise Tower,13,52,P51900011345,18.9235,72.827099,Trophy / Ultra-Prime,osm_maharera_cadastral_enriched,0.92
646afb71-b806-4aac-97fa-628ded175cdd,Vandan,vandan,Reputed Developer / Co-op Housing Consortium,Mumbai,Malabar Hill & Walkeshwar,IN,"Vandan, Malabar Hill & Walkeshwar, Mumbai 400006, Maharashtra, India",400006,Luxury High-Rise Tower,15,60,P51900049848,18.947814,72.794909,Trophy / Ultra-Prime,osm_maharera_cadastral_enriched,0.92
a885d72c-e0ce-430f-a694-ed4de5fb3b5c,Brighton,brighton,Reputed Developer / Co-op Housing Consortium,Mumbai,Malabar Hill & Walkeshwar,IN,"Brighton, Rungta Lane, Malabar Hill & Walkeshwar, Mumbai 400006, Maharashtra, India",400006,Gated Residential Society,6,24,P51900048901,18.954794,72.796062,Trophy / Ultra-Prime,osm_maharera_cadastral_enriched,0.92
b27c42a4-00e5-4370-80fd-85be9dc36948,Lake View CHS,lake view chs,Reputed Developer / Co-op Housing Consortium,Mumbai,Bandra West (Pali Hill & Bandstand),IN,"Lake View CHS, S. G. Joshi Marg, Bandra West (Pali Hill & Bandstand), Mumbai 400050, Maharashtra, India",400050,Gated Residential Society,7,28,P51800022548,19.057218,72.839228,Trophy / Ultra-Prime,osm_maharera_cadastral_enriched,0.92
35107224-3a6d-4382-b52a-76f9a72aed5c,Nina Vihar,nina vihar,Reputed Developer / Co-op Housing Consortium,Mumbai,Bandra West (Pali Hill & Bandstand),IN,"Nina Vihar, Bandra West (Pali Hill & Bandstand), Mumbai 400050, Maharashtra, India",400050,Gated Residential Society,2,8,P51800098597,19.066329,72.837757,Trophy / Ultra-Prime,osm_maharera_cadastral_enriched,0.92
16367599-f2d1-492a-8e63-0552f1145462,Sea Springs,sea springs,Reputed Developer / Co-op Housing Consortium,Mumbai,Bandra West (Pali Hill & Bandstand),IN,"Sea Springs, HK Bhaba Road, Bandra West (Pali Hill & Bandstand), Mumbai 400050, Maharashtra, India",400050,Gated Residential Society,8,32,P51800084905,19.048377,72.820686,Trophy / Ultra-Prime,osm_maharera_cadastral_enriched,0.92
76d3c946-7a42-4954-a701-927b8bd34b33,Mujassama,mujassama,Reputed Developer / Co-op Housing Consortium,Mumbai,Bandra West (Pali Hill & Bandstand),IN,"Mujassama, Bandra West (Pali Hill & Bandstand), Mumbai 400050, Maharashtra, India",400050,Gated Residential Society,4,16,P51800053607,19.048092,72.820623,Trophy / Ultra-Prime,osm_maharera_cadastral_enriched,0.92
f22357ff-3911-4fa5-b331-f9dcdba1f93d,West-Wind,west wind,Reputed Developer / Co-op Housing Consortium,Mumbai,Bandra West (Pali Hill & Bandstand),IN,"West-Wind, HK Bhaba Road, Bandra West (Pali Hill & Bandstand), Mumbai 400050, Maharashtra, India",400050,Gated Residential Society,7,28,P51800052874,19.0486,72.82091,Trophy / Ultra-Prime,osm_maharera_cadastral_enriched,0.92
71cb1d61-7a49-4548-b54a-28becf5d9ab9,Mount Unique,mount unique,Reputed Developer / Co-op Housing Consortium,Mumbai,Bandra West (Pali Hill & Bandstand),IN,"Mount Unique, Bandra West (Pali Hill & Bandstand), Mumbai 400050, Maharashtra, India",400050,Gated Residential Society,5,20,P51800094032,19.049037,72.821861,Trophy / Ultra-Prime,osm_maharera_cadastral_enriched,0.92
7a1453ba-556c-4e36-8252-3c6eb8bdc723,Vrindavan,vrindavan,Reputed Developer / Co-op Housing Consortium,Mumbai,Bandra West (Pali Hill & Bandstand),IN,"Vrindavan, Bandra West (Pali Hill & Bandstand), Mumbai 400050, Maharashtra, India",400050,Luxury High-Rise Tower,14,56,P51800015241,19.050731,72.822558,Trophy / Ultra-Prime,osm_maharera_cadastral_enriched,0.92
9101771f-9603-427b-94dd-7a173525a608,Ritu,ritu,Reputed Developer / Co-op Housing Consortium,Mumbai,Bandra West (Pali Hill & Bandstand),IN,"Ritu, HK Bhaba Road, Bandra West (Pali Hill & Bandstand), Mumbai 400050, Maharashtra, India",400050,Luxury High-Rise Tower,15,60,P51800068220,19.049274,72.821211,Trophy / Ultra-Prime,osm_maharera_cadastral_enriched,0.92
06d37c67-8a3a-4418-b5fa-c473bb8dca56,Windemere,windemere,Reputed Developer / Co-op Housing Consortium,Mumbai,Bandra West (Pali Hill & Bandstand),IN,"Windemere, Byramji Jeejeebhoy Road, Bandra West (Pali Hill & Bandstand), Mumbai 400050, Maharashtra, India",400050,Gated Residential Society,10,40,P51800018364,19.052474,72.822262,Trophy / Ultra-Prime,osm_maharera_cadastral_enriched,0.92
2fc95d02-6b11-4740-acf8-b0eeb374a1a4,Jivesh Terraces,jivesh terraces,Reputed Developer / Co-op Housing Consortium,Mumbai,Bandra West (Pali Hill & Bandstand),IN,"Jivesh Terraces, Bandra West (Pali Hill & Bandstand), Mumbai 400050, Maharashtra, India",400050,Luxury High-Rise Tower,21,84,P51800080190,19.047758,72.820272,Trophy / Ultra-Prime,osm_maharera_cadastral_enriched,0.92
75032a92-f095-468a-b070-092a36b1a338,Florida Apartments,florida apartments,Reputed Developer / Co-op Housing Consortium,Mumbai,Bandra West (Pali Hill & Bandstand),IN,"Florida Apartments, Bandra West (Pali Hill & Bandstand), Mumbai 400050, Maharashtra, India",400050,Gated Residential Society,8,32,P51800090830,19.051104,72.823432,Trophy / Ultra-Prime,osm_maharera_cadastral_enriched,0.92
5f97a18f-6802-4440-9a3d-c5842ab6cd81,Marinisha,marinisha,Reputed Developer / Co-op Housing Consortium,Mumbai,Bandra West (Pali Hill & Bandstand),IN,"Marinisha, Bandra West (Pali Hill & Bandstand), Mumbai 400050, Maharashtra, India",400050,Gated Residential Society,2,8,P51800081531,19.049433,72.824026,Trophy / Ultra-Prime,osm_maharera_cadastral_enriched,0.92
00e2192d-813c-44b8-b574-bb9eacc92faa,Rang Mahal,rang mahal,Reputed Developer / Co-op Housing Consortium,Mumbai,Bandra West (Pali Hill & Bandstand),IN,"Rang Mahal, Mount Mary Road, Bandra West (Pali Hill & Bandstand), Mumbai 400050, Maharashtra, India",400050,Gated Residential Society,10,40,P51800063363,19.051353,72.82321,Trophy / Ultra-Prime,osm_maharera_cadastral_enriched,0.92
ebcef08b-0e1b-4cfd-a333-0e96cc6f4c4b,Pushpa,pushpa,Reputed Developer / Co-op Housing Consortium,Mumbai,Bandra West (Pali Hill & Bandstand),IN,"Pushpa, Bandra West (Pali Hill & Bandstand), Mumbai 400050, Maharashtra, India",400050,Gated Residential Society,8,32,P51800080286,19.051175,72.823797,Trophy / Ultra-Prime,osm_maharera_cadastral_enriched,0.92
cba4eee1-4e02-4b71-be63-a59d010befe2,Tej Kunj,tej kunj,Reputed Developer / Co-op Housing Consortium,Mumbai,Bandra West (Pali Hill & Bandstand),IN,"Tej Kunj, Bandra West (Pali Hill & Bandstand), Mumbai 400050, Maharashtra, India",400050,Gated Residential Society,2,8,P51800077065,19.048171,72.820418,Trophy / Ultra-Prime,osm_maharera_cadastral_enriched,0.92
a52d9ce5-7289-4f95-97bd-099910a298b8,Rayani House,rayani house,Reputed Developer / Co-op Housing Consortium,Mumbai,Bandra West (Pali Hill & Bandstand),IN,"Rayani House, Mount Mary Road, Bandra West (Pali Hill & Bandstand), Mumbai 400050, Maharashtra, India",400050,Gated Residential Society,7,28,P51800097732,19.051143,72.822768,Trophy / Ultra-Prime,osm_maharera_cadastral_enriched,0.92
12190347-f936-431a-8881-61d58826210e,Galaxy Apartments,galaxy apartments,Reputed Developer / Co-op Housing Consortium,Mumbai,Bandra West (Pali Hill & Bandstand),IN,"Galaxy Apartments, Byramji Jeejeebhoy Road, Bandra West (Pali Hill & Bandstand), Mumbai 400050, Maharashtra, India",400050,Gated Residential Society,10,40,P51800096866,19.053919,72.823421,Trophy / Ultra-Prime,osm_maharera_cadastral_enriched,0.92
b54cb2e8-0a29-442f-86b5-73c31422e103,Classic Villa,classic villa,Reputed Developer / Co-op Housing Consortium,Mumbai,Bandra West (Pali Hill & Bandstand),IN,"Classic Villa, Bandra West (Pali Hill & Bandstand), Mumbai 400050, Maharashtra, India",400050,Gated Residential Society,6,24,P51800077094,19.048883,72.824679,Trophy / Ultra-Prime,osm_maharera_cadastral_enriched,0.92
79c8397b-6f29-4b71-a487-265e13053c2e,Captain Villa,captain villa,Reputed Developer / Co-op Housing Consortium,Mumbai,Bandra West (Pali Hill & Bandstand),IN,"Captain Villa, Mount Mary Road, Bandra West (Pali Hill & Bandstand), Mumbai 400050, Maharashtra, India",400050,Gated Residential Society,10,40,P51800095926,19.050454,72.823066,Trophy / Ultra-Prime,osm_maharera_cadastral_enriched,0.92
304d8fc7-0b45-4319-b595-f433dd7b74bb,Steesha,steesha,Reputed Developer / Co-op Housing Consortium,Mumbai,Bandra West (Pali Hill & Bandstand),IN,"Steesha, Bandra West (Pali Hill & Bandstand), Mumbai 400050, Maharashtra, India",400050,Luxury High-Rise Tower,19,76,P51800019329,19.049275,72.82199,Trophy / Ultra-Prime,osm_maharera_cadastral_enriched,0.92
72f8d629-1d63-4d1e-b0bc-4aae83f37b07,Balmoral Hall,balmoral hall,Reputed Developer / Co-op Housing Consortium,Mumbai,Bandra West (Pali Hill & Bandstand),IN,"Balmoral Hall, Mount Mary Road, Bandra West (Pali Hill & Bandstand), Mumbai 400050, Maharashtra, India",400050,Luxury High-Rise Tower,15,60,P51800097244,19.049597,72.823055,Trophy / Ultra-Prime,osm_maharera_cadastral_enriched,0.92
8eda29c4-7c2c-4f41-bd58-a4ed1a663d47,Vaikunth,vaikunth,Reputed Developer / Co-op Housing Consortium,Mumbai,Bandra West (Pali Hill & Bandstand),IN,"Vaikunth, Mount Mary Road, Bandra West (Pali Hill & Bandstand), Mumbai 400050, Maharashtra, India",400050,Gated Residential Society,8,32,P51800055929,19.050373,72.822509,Trophy / Ultra-Prime,osm_maharera_cadastral_enriched,0.92
175ad853-1e1a-4402-a097-4eb0dcacda95,Silver Cascade,silver cascade,Reputed Developer / Co-op Housing Consortium,Mumbai,Bandra West (Pali Hill & Bandstand),IN,"Silver Cascade, Bandra West (Pali Hill & Bandstand), Mumbai 400050, Maharashtra, India",400050,Gated Residential Society,10,40,P51800097802,19.04969,72.822248,Trophy / Ultra-Prime,osm_maharera_cadastral_enriched,0.92
d9ccf758-dee2-4e2a-8cb2-0aa3330777fb,Panju Mahal,panju mahal,Reputed Developer / Co-op Housing Consortium,Mumbai,Bandra West (Pali Hill & Bandstand),IN,"Panju Mahal, Byramji Jeejeebhoy Road, Bandra West (Pali Hill & Bandstand), Mumbai 400050, Maharashtra, India",400050,Gated Residential Society,10,40,P51800014165,19.053454,72.82321,Trophy / Ultra-Prime,osm_maharera_cadastral_enriched,0.92
0f934814-58c1-473f-aaa7-cc3c3252e5b8,West View Apartments,west view apartments,Reputed Developer / Co-op Housing Consortium,Mumbai,Bandra West (Pali Hill & Bandstand),IN,"West View Apartments, St Roques Road, Bandra West (Pali Hill & Bandstand), Mumbai 400050, Maharashtra, India",400050,Gated Residential Society,6,24,P51800085587,19.052135,72.826024,Trophy / Ultra-Prime,osm_maharera_cadastral_enriched,0.92
33e516d9-840c-4fc4-b6e7-a8eab5128d5d,Benliz,benliz,Reputed Developer / Co-op Housing Consortium,Mumbai,Bandra West (Pali Hill & Bandstand),IN,"Benliz, Dr. Peter Dias Road, Bandra West (Pali Hill & Bandstand), Mumbai 400050, Maharashtra, India",400050,Gated Residential Society,6,24,P51800090319,19.050659,72.824297,Trophy / Ultra-Prime,osm_maharera_cadastral_enriched,0.92
b6aa4f80-17e4-4733-bee1-c01f3423f225,Neel Sagar,neel sagar,Reputed Developer / Co-op Housing Consortium,Mumbai,Bandra West (Pali Hill & Bandstand),IN,"Neel Sagar, Bandra West (Pali Hill & Bandstand), Mumbai 400050, Maharashtra, India",400050,Gated Residential Society,7,28,P51800079974,19.051723,72.831181,Trophy / Ultra-Prime,osm_maharera_cadastral_enriched,0.92
6308118a-629b-4a28-a74a-fd43b304a513,Kinara,kinara,Reputed Developer / Co-op Housing Consortium,Mumbai,Bandra West (Pali Hill & Bandstand),IN,"Kinara, KC Marg, Bandra West (Pali Hill & Bandstand), Mumbai 400050, Maharashtra, India",400050,Gated Residential Society,4,16,P51800072352,19.051542,72.829564,Trophy / Ultra-Prime,osm_maharera_cadastral_enriched,0.92
fd65264a-2215-4695-b0c0-fac1a181a3e6,Swayam Siddha,swayam siddha,Reputed Developer / Co-op Housing Consortium,Mumbai,Bandra West (Pali Hill & Bandstand),IN,"Swayam Siddha, K C Marg, Bandra West (Pali Hill & Bandstand), Mumbai 400050, Maharashtra, India",400050,Gated Residential Society,7,28,P51800091771,19.051185,72.829745,Trophy / Ultra-Prime,osm_maharera_cadastral_enriched,0.92
cc9e233e-9071-42bd-b2f9-3a56fa165720,Rose Niketan,rose niketan,Reputed Developer / Co-op Housing Consortium,Mumbai,Bandra West (Pali Hill & Bandstand),IN,"Rose Niketan, Bandra West (Pali Hill & Bandstand), Mumbai 400050, Maharashtra, India",400050,Gated Residential Society,3,12,P51800066575,19.049347,72.825805,Trophy / Ultra-Prime,osm_maharera_cadastral_enriched,0.92
04559fa3-e6bc-4d93-88a2-1629f3ec09ef,Gitanjali,gitanjali,Reputed Developer / Co-op Housing Consortium,Mumbai,Bandra West (Pali Hill & Bandstand),IN,"Gitanjali, Bandra West (Pali Hill & Bandstand), Mumbai 400050, Maharashtra, India",400050,Gated Residential Society,6,24,P51800020787,19.052049,72.83174,Trophy / Ultra-Prime,osm_maharera_cadastral_enriched,0.92
b7e39c54-b3a7-4ce1-996a-ebf81be102b0,Royal Crest,royal crest,Reputed Developer / Co-op Housing Consortium,Mumbai,Bandra West (Pali Hill & Bandstand),IN,"Royal Crest, Bandra West (Pali Hill & Bandstand), Mumbai 400050, Maharashtra, India",400050,Gated Residential Society,6,24,P51800057547,19.047854,72.825993,Trophy / Ultra-Prime,osm_maharera_cadastral_enriched,0.92
2faf7a9f-ad60-402b-947c-caa9e08727ef,Indraneel,indraneel,Reputed Developer / Co-op Housing Consortium,Mumbai,Bandra West (Pali Hill & Bandstand),IN,"Indraneel, Bandra West (Pali Hill & Bandstand), Mumbai 400050, Maharashtra, India",400050,Gated Residential Society,5,20,P51800041352,19.052032,72.830601,Trophy / Ultra-Prime,osm_maharera_cadastral_enriched,0.92
43444ffe-75bc-4b5c-88f6-1471c4420bfd,Franklin House,franklin house,Reputed Developer / Co-op Housing Consortium,Mumbai,Bandra West (Pali Hill & Bandstand),IN,"Franklin House, Bandra West (Pali Hill & Bandstand), Mumbai 400050, Maharashtra, India",400050,Gated Residential Society,3,12,P51800081884,19.049178,72.825503,Trophy / Ultra-Prime,osm_maharera_cadastral_enriched,0.92
375937a3-1121-4a24-8bd5-0d7ae335fafe,Nisarg Datta,nisarg datta,Reputed Developer / Co-op Housing Consortium,Mumbai,Bandra West (Pali Hill & Bandstand),IN,"Nisarg Datta, K C Marg, Bandra West (Pali Hill & Bandstand), Mumbai 400050, Maharashtra, India",400050,Gated Residential Society,4,16,P51800068803,19.051031,72.829854,Trophy / Ultra-Prime,osm_maharera_cadastral_enriched,0.92
368d9af7-53e6-43ec-8581-df8076d3a0e7,Union Building,union building,Reputed Developer / Co-op Housing Consortium,Mumbai,Bandra West (Pali Hill & Bandstand),IN,"Union Building, Bandra West (Pali Hill & Bandstand), Mumbai 400050, Maharashtra, India",400050,Gated Residential Society,2,8,P51800011386,19.049153,72.82593,Trophy / Ultra-Prime,osm_maharera_cadastral_enriched,0.92
e11dcb62-e169-4386-82d2-eda3f2f405f7,Loufranca,loufranca,Reputed Developer / Co-op Housing Consortium,Mumbai,Bandra West (Pali Hill & Bandstand),IN,"Loufranca, Bandra West (Pali Hill & Bandstand), Mumbai 400050, Maharashtra, India",400050,Gated Residential Society,2,8,P51800019311,19.048468,72.825498,Trophy / Ultra-Prime,osm_maharera_cadastral_enriched,0.92
c0f70e6f-808c-4856-be2a-ee2eb52ab6a9,Susnehi,susnehi,Reputed Developer / Co-op Housing Consortium,Mumbai,Bandra West (Pali Hill & Bandstand),IN,"Susnehi, Bandra West (Pali Hill & Bandstand), Mumbai 400050, Maharashtra, India",400050,Gated Residential Society,4,16,P51800039401,19.052705,72.831922,Trophy / Ultra-Prime,osm_maharera_cadastral_enriched,0.92
86a4969f-6977-4146-ab23-4d0e7f32496d,Ambar Prasad,ambar prasad,Reputed Developer / Co-op Housing Consortium,Mumbai,Bandra West (Pali Hill & Bandstand),IN,"Ambar Prasad, General Arun Kumar Vaidya Marg, Bandra West (Pali Hill & Bandstand), Mumbai 400050, Maharashtra, India",400050,Gated Residential Society,6,24,P51800033250,19.052925,72.832113,Trophy / Ultra-Prime,osm_maharera_cadastral_enriched,0.92
0bf39e30-0005-42a9-9a05-65f2b82a366c,Priti,priti,Reputed Developer / Co-op Housing Consortium,Mumbai,Bandra West (Pali Hill & Bandstand),IN,"Priti, K C Marg, Bandra West (Pali Hill & Bandstand), Mumbai 400050, Maharashtra, India",400050,Gated Residential Society,8,32,P51800037101,19.05232,72.83217,Trophy / Ultra-Prime,osm_maharera_cadastral_enriched,0.92
3560aa58-e2b5-430d-a0a9-32d4aff381fd,Bindiya,bindiya,Reputed Developer / Co-op Housing Consortium,Mumbai,Bandra West (Pali Hill & Bandstand),IN,"Bindiya, K C Marg, Bandra West (Pali Hill & Bandstand), Mumbai 400050, Maharashtra, India",400050,Gated Residential Society,7,28,P51800090087,19.052175,72.83193,Trophy / Ultra-Prime,osm_maharera_cadastral_enriched,0.92
5ad4a163-527d-4d14-9460-55b1f264d05e,Kapasi Cottage,kapasi cottage,Reputed Developer / Co-op Housing Consortium,Mumbai,Bandra West (Pali Hill & Bandstand),IN,"Kapasi Cottage, Bandra West (Pali Hill & Bandstand), Mumbai 400050, Maharashtra, India",400050,Gated Residential Society,3,12,P51800068870,19.053794,72.83095,Trophy / Ultra-Prime,osm_maharera_cadastral_enriched,0.92
62016431-0b25-4b88-93d4-b158631387e6,Qureshi Heights,qureshi heights,Reputed Developer / Co-op Housing Consortium,Mumbai,Bandra West (Pali Hill & Bandstand),IN,"Qureshi Heights, Bandra West (Pali Hill & Bandstand), Mumbai 400050, Maharashtra, India",400050,Luxury High-Rise Tower,7,28,P51800095427,19.054014,72.827031,Trophy / Ultra-Prime,osm_maharera_cadastral_enriched,0.92
11fe49b2-c42a-4c76-b9f6-cef3bfaa68c0,Creado Apartment,creado apartment,Reputed Developer / Co-op Housing Consortium,Mumbai,Juhu & Vile Parle West,IN,"Creado Apartment, Juhu Church Road, Vile Parle (W), Juhu, Juhu & Vile Parle West, Mumbai 400049, Maharashtra, India",400049,Gated Residential Society,2,8,P51800012452,19.110639,72.826564,Trophy / Ultra-Prime,osm_maharera_cadastral_enriched,0.92
0500329f-6f7f-448c-a3a9-0c6feb8b741b,New Puroshottam Nagar B,new puroshottam nagar b,Reputed Developer / Co-op Housing Consortium,Mumbai,Bandra West (Pali Hill & Bandstand),IN,"New Puroshottam Nagar B, Bandra West (Pali Hill & Bandstand), Mumbai 400050, Maharashtra, India",400050,Gated Residential Society,8,32,P51800094624,19.056543,72.836335,Trophy / Ultra-Prime,osm_maharera_cadastral_enriched,0.92
43e54411-2b02-49c5-9683-af346991ecf4,Woodland Heights,woodland heights,Reputed Developer / Co-op Housing Consortium,Mumbai,Bandra West (Pali Hill & Bandstand),IN,"Woodland Heights, Dr. Raghunath Road, Bandra West (Pali Hill & Bandstand), Mumbai 400050, Maharashtra, India",400050,Luxury High-Rise Tower,12,48,P51800012329,19.057814,72.835908,Trophy / Ultra-Prime,osm_maharera_cadastral_enriched,0.92
cb275a79-137d-442f-8ac2-dac995f54aba,La-Roche,la roche,Reputed Developer / Co-op Housing Consortium,Mumbai,Bandra West (Pali Hill & Bandstand),IN,"La-Roche, 4th Road, Bandra West (Pali Hill & Bandstand), Mumbai 400050, Maharashtra, India",400050,Gated Residential Society,7,28,P51800084884,19.058054,72.832814,Trophy / Ultra-Prime,osm_maharera_cadastral_enriched,0.92
8813effa-cd0f-47ca-98a4-872ef28faa63,sagar samrat,sagar samrat,Reputed Developer / Co-op Housing Consortium,Mumbai,Bandra West (Pali Hill & Bandstand),IN,"sagar samrat, Mahim Causeway, Bandra West (Pali Hill & Bandstand), Mumbai 400016, Maharashtra, India",400016,Gated Residential Society,7,28,P51800034475,19.046682,72.839058,Trophy / Ultra-Prime,osm_maharera_cadastral_enriched,0.92
d4ee516d-dc04-41d5-9f1f-a8afb6b19dde,sagar darshan,sagar darshan,Reputed Developer / Co-op Housing Consortium,Mumbai,Bandra West (Pali Hill & Bandstand),IN,"sagar darshan, Mahim Causeway, Bandra West (Pali Hill & Bandstand), Mumbai 400016, Maharashtra, India",400016,Gated Residential Society,7,28,P51800058600,19.046325,72.839278,Trophy / Ultra-Prime,osm_maharera_cadastral_enriched,0.92
0a635d95-12e1-491e-ac58-9b5acdbe3375,Pinnacle Dreams,pinnacle dreams,Reputed Developer / Co-op Housing Consortium,Mumbai,Juhu & Vile Parle West,IN,"Pinnacle Dreams, Juhu & Vile Parle West, Mumbai 400049, Maharashtra, India",400049,Gated Residential Society,8,32,P51800063644,19.104325,72.827711,Trophy / Ultra-Prime,osm_maharera_cadastral_enriched,0.92
151a2f6d-795b-4ca0-98b1-ad3b47010bc9,Navbahar,navbahar,Reputed Developer / Co-op Housing Consortium,Mumbai,Bandra West (Pali Hill & Bandstand),IN,"Navbahar, Bandra West (Pali Hill & Bandstand), Mumbai 400050, Maharashtra, India",400050,Gated Residential Society,10,40,P51800061965,19.060049,72.822559,Trophy / Ultra-Prime,osm_maharera_cadastral_enriched,0.92
8f7df226-cfff-44e3-9c71-14c06213be71,Joanna,joanna,Reputed Developer / Co-op Housing Consortium,Mumbai,Bandra West (Pali Hill & Bandstand),IN,"Joanna, Manuel Gonsalves Road, Bandra West (Pali Hill & Bandstand), Mumbai 400050, Maharashtra, India",400050,Gated Residential Society,10,40,P51800093010,19.05782,72.829957,Trophy / Ultra-Prime,osm_maharera_cadastral_enriched,0.92
0a229e3b-1439-4207-9732-863792942813,Dhaval Ganga,dhaval ganga,Reputed Developer / Co-op Housing Consortium,Mumbai,Bandra West (Pali Hill & Bandstand),IN,"Dhaval Ganga, Bandra West (Pali Hill & Bandstand), Mumbai 400050, Maharashtra, India",400050,Gated Residential Society,10,40,P51800075519,19.05864,72.822057,Trophy / Ultra-Prime,osm_maharera_cadastral_enriched,0.92
c7448de0-6067-47b0-806a-15f567480dde,Mon Bijou,mon bijou,Reputed Developer / Co-op Housing Consortium,Mumbai,Bandra West (Pali Hill & Bandstand),IN,"Mon Bijou, Chimbai Rd, Bandra West (Pali Hill & Bandstand), Mumbai 400050, Maharashtra, India",400050,Gated Residential Society,4,16,P51800050885,19.058709,72.824016,Trophy / Ultra-Prime,osm_maharera_cadastral_enriched,0.92
17495939-eb0b-4c33-a614-ec5c7746c44c,Elisha,elisha,Reputed Developer / Co-op Housing Consortium,Mumbai,Bandra West (Pali Hill & Bandstand),IN,"Elisha, Bandra West (Pali Hill & Bandstand), Mumbai 400050, Maharashtra, India",400050,Gated Residential Society,8,32,P51800046070,19.058085,72.824832,Trophy / Ultra-Prime,osm_maharera_cadastral_enriched,0.92
a82ef788-82f3-409d-8988-5bcc5a81c7dd,Phil Haven,phil haven,Reputed Developer / Co-op Housing Consortium,Mumbai,Bandra West (Pali Hill & Bandstand),IN,"Phil Haven, Bandra West (Pali Hill & Bandstand), Mumbai 400050, Maharashtra, India",400050,Gated Residential Society,10,40,P51800028232,19.059413,72.82494,Trophy / Ultra-Prime,osm_maharera_cadastral_enriched,0.92
abcd87ad-b761-40e4-bb05-c39b2358d252,Natasha Sea View,natasha sea view,Reputed Developer / Co-op Housing Consortium,Mumbai,Bandra West (Pali Hill & Bandstand),IN,"Natasha Sea View, Bandra West (Pali Hill & Bandstand), Mumbai 400050, Maharashtra, India",400050,Gated Residential Society,7,28,P51800097556,19.059893,72.822433,Trophy / Ultra-Prime,osm_maharera_cadastral_enriched,0.92
cfd26dac-9471-4911-aabb-4e30a006f2d6,Bandra Sea Heaven,bandra sea heaven,Reputed Developer / Co-op Housing Consortium,Mumbai,Bandra West (Pali Hill & Bandstand),IN,"Bandra Sea Heaven, Bandra West (Pali Hill & Bandstand), Mumbai 400050, Maharashtra, India",400050,Gated Residential Society,7,28,P51800082651,19.059143,72.822639,Trophy / Ultra-Prime,osm_maharera_cadastral_enriched,0.92
4e6a098e-d412-4517-b173-71b988a11445,Chopra Niwas,chopra niwas,Reputed Developer / Co-op Housing Consortium,Mumbai,Bandra West (Pali Hill & Bandstand),IN,"Chopra Niwas, 5th Road, Bandra West (Pali Hill & Bandstand), Mumbai 400050, Maharashtra, India",400050,Gated Residential Society,4,16,P51800028529,19.057965,72.831022,Trophy / Ultra-Prime,osm_maharera_cadastral_enriched,0.92
8e79b35a-a755-4620-8d4f-5c82a68d0b14,Little Flower No. 6,little flower no 6,Reputed Developer / Co-op Housing Consortium,Mumbai,Bandra West (Pali Hill & Bandstand),IN,"Little Flower No. 6, 28th Road, T.P.S. III, Bandra West (Pali Hill & Bandstand), Mumbai 400050, Maharashtra, India",400050,Gated Residential Society,3,12,P51800074440,19.05983,72.83363,Trophy / Ultra-Prime,osm_maharera_cadastral_enriched,0.92
d25767f8-654f-4d97-a37b-8c4a5fda5245,Richoux,richoux,Reputed Developer / Co-op Housing Consortium,Mumbai,Bandra West (Pali Hill & Bandstand),IN,"Richoux, Bandra West (Pali Hill & Bandstand), Mumbai 400050, Maharashtra, India",400050,Gated Residential Society,7,28,P51800066648,19.058081,72.823973,Trophy / Ultra-Prime,osm_maharera_cadastral_enriched,0.92
4d685032-9cf8-44bf-a75f-365e1d0519bb,Shanti Niwas,shanti niwas,Reputed Developer / Co-op Housing Consortium,Mumbai,Bandra West (Pali Hill & Bandstand),IN,"Shanti Niwas, Bandra West (Pali Hill & Bandstand), Mumbai 400050, Maharashtra, India",400050,Gated Residential Society,6,24,P51800080434,19.071012,72.833217,Trophy / Ultra-Prime,osm_maharera_cadastral_enriched,0.92
21c557c9-f6ae-48d6-bc7e-a239422a3fef,Cecilia,cecilia,Reputed Developer / Co-op Housing Consortium,Mumbai,Bandra West (Pali Hill & Bandstand),IN,"Cecilia, Bandra West (Pali Hill & Bandstand), Mumbai 400050, Maharashtra, India",400050,Gated Residential Society,6,24,P51800092129,19.058584,72.822975,Trophy / Ultra-Prime,osm_maharera_cadastral_enriched,0.92
f4506e33-5b57-41a3-919f-7db2dca9a365,Little Flower No. 7,little flower no 7,Reputed Developer / Co-op Housing Consortium,Mumbai,Bandra West (Pali Hill & Bandstand),IN,"Little Flower No. 7, 28th Road, T.P.S. III, Bandra West (Pali Hill & Bandstand), Mumbai 400050, Maharashtra, India",400050,Gated Residential Society,3,12,P51800048281,19.059801,72.833446,Trophy / Ultra-Prime,osm_maharera_cadastral_enriched,0.92
0c0ca2a7-3835-4434-b3e3-d3429dd895bf,Madonna,madonna,Reputed Developer / Co-op Housing Consortium,Mumbai,Bandra West (Pali Hill & Bandstand),IN,"Madonna, Bandra West (Pali Hill & Bandstand), Mumbai 400050, Maharashtra, India",400050,Gated Residential Society,5,20,P51800080222,19.058071,72.824654,Trophy / Ultra-Prime,osm_maharera_cadastral_enriched,0.92
5b9a958f-a4fd-4cb2-84ad-7adf27137f3a,Amore,amore,Reputed Developer / Co-op Housing Consortium,Mumbai,Bandra West (Pali Hill & Bandstand),IN,"Amore, Bandra West (Pali Hill & Bandstand), Mumbai 400050, Maharashtra, India",400050,Gated Residential Society,8,32,P51800033798,19.05967,72.822814,Trophy / Ultra-Prime,osm_maharera_cadastral_enriched,0.92
cf60729f-70a2-4824-a2a3-818e6514003c,Rock Cliff,rock cliff,Reputed Developer / Co-op Housing Consortium,Mumbai,Bandra West (Pali Hill & Bandstand),IN,"Rock Cliff, Bandra West (Pali Hill & Bandstand), Mumbai 400050, Maharashtra, India",400050,Gated Residential Society,7,28,P51800063019,19.059719,72.822375,Trophy / Ultra-Prime,osm_maharera_cadastral_enriched,0.92
9af97c0f-d653-4670-a587-cff5f201a9cb,Evelyn,evelyn,Reputed Developer / Co-op Housing Consortium,Mumbai,Bandra West (Pali Hill & Bandstand),IN,"Evelyn, Bandra West (Pali Hill & Bandstand), Mumbai 400050, Maharashtra, India",400050,Gated Residential Society,10,40,P51800012525,19.058625,72.824897,Trophy / Ultra-Prime,osm_maharera_cadastral_enriched,0.92
2632d649-c08c-4074-b667-a1f4d64e19d6,Gold Mist,gold mist,Reputed Developer / Co-op Housing Consortium,Mumbai,Bandra West (Pali Hill & Bandstand),IN,"Gold Mist, Bandra West (Pali Hill & Bandstand), Mumbai 400050, Maharashtra, India",400050,Gated Residential Society,7,28,P51800034859,19.058967,72.822048,Trophy / Ultra-Prime,osm_maharera_cadastral_enriched,0.92
bc12835a-cfec-49fe-8efb-4a8e881a45f0,Lok Nirman Heights,lok nirman heights,Reputed Developer / Co-op Housing Consortium,Mumbai,Bandra West (Pali Hill & Bandstand),IN,"Lok Nirman Heights, Bandra West (Pali Hill & Bandstand), Mumbai 400050, Maharashtra, India",400050,Luxury High-Rise Tower,16,64,P51800078296,19.072331,72.827657,Trophy / Ultra-Prime,osm_maharera_cadastral_enriched,0.92
d87ca0d4-83fc-45e4-8753-973641c20746,Parimal,parimal,Reputed Developer / Co-op Housing Consortium,Mumbai,Bandra West (Pali Hill & Bandstand),IN,"Parimal, 17th Road, Bandra West (Pali Hill & Bandstand), Mumbai 400052, Maharashtra, India",400052,Gated Residential Society,8,32,P51800093790,19.07107,72.830413,Trophy / Ultra-Prime,osm_maharera_cadastral_enriched,0.92
c65ade99-0de3-45b1-9b30-9e5801a68fad,Shivanjali,shivanjali,Reputed Developer / Co-op Housing Consortium,Mumbai,Bandra West (Pali Hill & Bandstand),IN,"Shivanjali, Bandra West (Pali Hill & Bandstand), Mumbai 400050, Maharashtra, India",400050,Gated Residential Society,8,32,P51800013175,19.071458,72.828259,Trophy / Ultra-Prime,osm_maharera_cadastral_enriched,0.92
ebabce4d-9ffd-48cd-91ca-cb17a9e312f3,Mangal-Ashish,mangal ashish,Reputed Developer / Co-op Housing Consortium,Mumbai,Bandra West (Pali Hill & Bandstand),IN,"Mangal-Ashish, Bandra West (Pali Hill & Bandstand), Mumbai 400050, Maharashtra, India",400050,Gated Residential Society,6,24,P51800032429,19.071741,72.831772,Trophy / Ultra-Prime,osm_maharera_cadastral_enriched,0.92
fe55768f-ce85-4eeb-a650-a2e966e2848f,Rajgir Mansion,rajgir mansion,Reputed Developer / Co-op Housing Consortium,Mumbai,Bandra West (Pali Hill & Bandstand),IN,"Rajgir Mansion, Bandra West (Pali Hill & Bandstand), Mumbai 400050, Maharashtra, India",400050,Gated Residential Society,3,12,P51800028773,19.07186,72.827514,Trophy / Ultra-Prime,osm_maharera_cadastral_enriched,0.92
e8041e0f-93de-4259-a50e-d975f9bea7f3,Mayflower,mayflower,Reputed Developer / Co-op Housing Consortium,Mumbai,Bandra West (Pali Hill & Bandstand),IN,"Mayflower, Bandra West (Pali Hill & Bandstand), Mumbai 400050, Maharashtra, India",400050,Gated Residential Society,7,28,P51800028642,19.072471,72.826352,Trophy / Ultra-Prime,osm_maharera_cadastral_enriched,0.92
dcf4e613-7611-4de6-b7c5-ab6578a71981,30 Union Park,30 union park,Reputed Developer / Co-op Housing Consortium,Mumbai,Bandra West (Pali Hill & Bandstand),IN,"30 Union Park, Bandra West (Pali Hill & Bandstand), Mumbai 400050, Maharashtra, India",400050,Luxury High-Rise Tower,9,36,P51800055403,19.072322,72.826744,Trophy / Ultra-Prime,osm_maharera_cadastral_enriched,0.92
5342abc5-4497-4381-8016-b6169003f6ee,Bajaj Arcade,bajaj arcade,Reputed Developer / Co-op Housing Consortium,Mumbai,Bandra West (Pali Hill & Bandstand),IN,"Bajaj Arcade, Bandra West (Pali Hill & Bandstand), Mumbai 400050, Maharashtra, India",400050,Gated Residential Society,3,12,P51800098278,19.072619,72.826616,Trophy / Ultra-Prime,osm_maharera_cadastral_enriched,0.92
f9df341c-829c-4f21-b6dc-d045db1534f2,Sarojini,sarojini,Reputed Developer / Co-op Housing Consortium,Mumbai,Bandra West (Pali Hill & Bandstand),IN,"Sarojini, Road No 5, Bandra West (Pali Hill & Bandstand), Mumbai 400052, Maharashtra, India",400052,Gated Residential Society,5,20,P51800054110,19.070972,72.824781,Trophy / Ultra-Prime,osm_maharera_cadastral_enriched,0.92
c5f59033-85d4-4ecf-8cca-2bb10634ea79,The Landmark,the landmark,Reputed Developer / Co-op Housing Consortium,Mumbai,Bandra West (Pali Hill & Bandstand),IN,"The Landmark, Bandra West (Pali Hill & Bandstand), Mumbai 400050, Maharashtra, India",400050,Gated Residential Society,10,40,P51800038684,19.069873,72.823434,Trophy / Ultra-Prime,osm_maharera_cadastral_enriched,0.92
ba74c38e-ef8f-4f5f-b929-f09bea11be65,St. Annes Apartments,st annes apartments,Reputed Developer / Co-op Housing Consortium,Mumbai,Bandra West (Pali Hill & Bandstand),IN,"St. Annes Apartments, St. Anne's Lane, Bandra West (Pali Hill & Bandstand), Mumbai 400050, Maharashtra, India",400050,Gated Residential Society,9,36,P51800051936,19.063788,72.825517,Trophy / Ultra-Prime,osm_maharera_cadastral_enriched,0.92
b9eff311-6e36-47d7-bd2f-a0a3e11ccac7,Solace,solace,Reputed Developer / Co-op Housing Consortium,Mumbai,Bandra West (Pali Hill & Bandstand),IN,"Solace, Bandra West (Pali Hill & Bandstand), Mumbai 400050, Maharashtra, India",400050,Gated Residential Society,4,16,P51800027801,19.065392,72.830593,Trophy / Ultra-Prime,osm_maharera_cadastral_enriched,0.92
950a32d5-a44e-453d-99fd-7991f3f50644,Blue Diamond,blue diamond,Reputed Developer / Co-op Housing Consortium,Mumbai,Bandra West (Pali Hill & Bandstand),IN,"Blue Diamond, Bandra West (Pali Hill & Bandstand), Mumbai 400050, Maharashtra, India",400050,Gated Residential Society,8,32,P51800098409,19.061488,72.823221,Trophy / Ultra-Prime,osm_maharera_cadastral_enriched,0.92
add377b5-ff7a-42c6-ad70-b72458d0302e,Mayflower Apartment,mayflower apartment,Reputed Developer / Co-op Housing Consortium,Mumbai,Bandra West (Pali Hill & Bandstand),IN,"Mayflower Apartment, New Kantwadi Road, Bandra West (Pali Hill & Bandstand), Mumbai 400050, Maharashtra, India",400050,Gated Residential Society,2,8,P51800076056,19.060409,72.824356,Trophy / Ultra-Prime,osm_maharera_cadastral_enriched,0.92
a3c75985-f1cb-4883-853a-d1f6ebeaa52b,Sunbeam,sunbeam,Reputed Developer / Co-op Housing Consortium,Mumbai,Bandra West (Pali Hill & Bandstand),IN,"Sunbeam, Bandra West (Pali Hill & Bandstand), Mumbai 400050, Maharashtra, India",400050,Gated Residential Society,7,28,P51800054214,19.062877,72.823761,Trophy / Ultra-Prime,osm_maharera_cadastral_enriched,0.92
0db94eff-f769-470a-b1db-a64ede264760,Sunflower,sunflower,Reputed Developer / Co-op Housing Consortium,Mumbai,Bandra West (Pali Hill & Bandstand),IN,"Sunflower, Carter Road, Bandra West (Pali Hill & Bandstand), Mumbai 400050, Maharashtra, India",400050,Gated Residential Society,10,40,P51800023129,19.06112,72.822416,Trophy / Ultra-Prime,osm_maharera_cadastral_enriched,0.92
ad071235-8c9f-4775-8948-78c06223fc4c,Annavista,annavista,Reputed Developer / Co-op Housing Consortium,Mumbai,Bandra West (Pali Hill & Bandstand),IN,"Annavista, Bandra West (Pali Hill & Bandstand), Mumbai 400050, Maharashtra, India",400050,Gated Residential Society,7,28,P51800099125,19.059984,72.827421,Trophy / Ultra-Prime,osm_maharera_cadastral_enriched,0.92
d98b71a4-e222-4bf1-ace5-672727ab814e,Domnic Holm,domnic holm,Reputed Developer / Co-op Housing Consortium,Mumbai,Bandra West (Pali Hill & Bandstand),IN,"Domnic Holm, 29th Road, Bandra West (Pali Hill & Bandstand), Mumbai 400050, Maharashtra, India",400050,Gated Residential Society,4,16,P51800040271,19.061328,72.83327,Trophy / Ultra-Prime,osm_maharera_cadastral_enriched,0.92
5c5571b5-fdda-480a-9f84-314ca43b08ec,Sadhana,sadhana,Reputed Developer / Co-op Housing Consortium,Mumbai,Bandra West (Pali Hill & Bandstand),IN,"Sadhana, 27th Road (Pandurang Ashram Marg), Bandra West (Pali Hill & Bandstand), Mumbai 400050, Maharashtra, India",400050,Gated Residential Society,2,8,P51800026256,19.061375,72.834931,Trophy / Ultra-Prime,osm_maharera_cadastral_enriched,0.92
406b47d4-4e68-4290-bdd7-82a5bd1cd890,Karathy,karathy,Reputed Developer / Co-op Housing Consortium,Mumbai,Bandra West (Pali Hill & Bandstand),IN,"Karathy, 27th Road (Pandurang Ashram Marg), Bandra West (Pali Hill & Bandstand), Mumbai 400050, Maharashtra, India",400050,Gated Residential Society,2,8,P51800062428,19.061518,72.834976,Trophy / Ultra-Prime,osm_maharera_cadastral_enriched,0.92
c91cc479-2b45-4c57-ad54-75876cc78e20,Little Hut,little hut,Reputed Developer / Co-op Housing Consortium,Mumbai,Bandra West (Pali Hill & Bandstand),IN,"Little Hut, 27th Road (Pandurang Ashram Marg), Bandra West (Pali Hill & Bandstand), Mumbai 400050, Maharashtra, India",400050,Gated Residential Society,5,20,P51800078117,19.061761,72.835365,Trophy / Ultra-Prime,osm_maharera_cadastral_enriched,0.92
2bdcc63e-d94a-4726-9d68-2912aad83b01,Rounak,rounak,Reputed Developer / Co-op Housing Consortium,Mumbai,Bandra West (Pali Hill & Bandstand),IN,"Rounak, Bandra West (Pali Hill & Bandstand), Mumbai 400050, Maharashtra, India",400050,Gated Residential Society,1,4,P51800050146,19.055141,72.839011,Trophy / Ultra-Prime,osm_maharera_cadastral_enriched,0.92
5dc73420-fec6-4efe-936a-21d93b399865,Bela Apartment,bela apartment,Reputed Developer / Co-op Housing Consortium,Mumbai,Bandra West (Pali Hill & Bandstand),IN,"Bela Apartment, Bandra West (Pali Hill & Bandstand), Mumbai 400050, Maharashtra, India",400050,Gated Residential Society,3,12,P51800023087,19.066675,72.837784,Trophy / Ultra-Prime,osm_maharera_cadastral_enriched,0.92
3ec1e5bd-b7a8-4099-8230-255f3da4f3d2,MHADA 4,mhada 4,Reputed Developer / Co-op Housing Consortium,Mumbai,BKC & Bandra East,IN,"MHADA 4, BKC & Bandra East, Mumbai 400051, Maharashtra, India",400051,Gated Residential Society,4,16,P51800054740,19.068306,72.848325,Trophy / Ultra-Prime,osm_maharera_cadastral_enriched,0.92
e6c7f356-ade7-4820-a3c8-acaec22365be,Harikesh,harikesh,Reputed Developer / Co-op Housing Consortium,Mumbai,Bandra West (Pali Hill & Bandstand),IN,"Harikesh, RK Patkar Marg (Waterfield Road), Bandra West (Pali Hill & Bandstand), Mumbai 400050, Maharashtra, India",400050,Gated Residential Society,3,12,P51800031689,19.062419,72.83435,Trophy / Ultra-Prime,osm_maharera_cadastral_enriched,0.92
5b4ca1c2-931c-41f0-9041-12e3266e7314,Clarion,clarion,Reputed Developer / Co-op Housing Consortium,Mumbai,Bandra West (Pali Hill & Bandstand),IN,"Clarion, Bandra West (Pali Hill & Bandstand), Mumbai 400050, Maharashtra, India",400050,Gated Residential Society,3,12,P51800036125,19.05276,72.828366,Trophy / Ultra-Prime,osm_maharera_cadastral_enriched,0.92
ca9f0202-4580-4acb-b95b-c29c3d788d7c,Mello Ville,mello ville,Reputed Developer / Co-op Housing Consortium,Mumbai,Bandra West (Pali Hill & Bandstand),IN,"Mello Ville, St. Paul Road, Bandra West (Pali Hill & Bandstand), Mumbai 400050, Maharashtra, India",400050,Gated Residential Society,3,12,P51800016213,19.057034,72.825369,Trophy / Ultra-Prime,osm_maharera_cadastral_enriched,0.92
5f7ae2da-eaf9-4ad9-83fe-f745e9f4c6ee,Neel Apartments,neel apartments,Reputed Developer / Co-op Housing Consortium,Mumbai,Bandra West (Pali Hill & Bandstand),IN,"Neel Apartments, Bandra West (Pali Hill & Bandstand), Mumbai 400050, Maharashtra, India",400050,Gated Residential Society,5,20,P51800086414,19.069073,72.836486,Trophy / Ultra-Prime,osm_maharera_cadastral_enriched,0.92
d2a4a339-dbd8-4bd9-95d5-1f0a39cc0b31,Enid's,enid s,Reputed Developer / Co-op Housing Consortium,Mumbai,Bandra West (Pali Hill & Bandstand),IN,"Enid's, Chapel Road, Bandra West (Pali Hill & Bandstand), Mumbai 400050, Maharashtra, India",400050,Gated Residential Society,6,24,P51800087508,19.052792,72.828556,Trophy / Ultra-Prime,osm_maharera_cadastral_enriched,0.92
6d2271b5-90e6-42c2-9625-aa561325f39a,Dilkhush 2,dilkhush 2,Reputed Developer / Co-op Housing Consortium,Mumbai,Bandra West (Pali Hill & Bandstand),IN,"Dilkhush 2, Bandra West (Pali Hill & Bandstand), Mumbai 400050, Maharashtra, India",400050,Gated Residential Society,8,32,P51800015713,19.057247,72.82485,Trophy / Ultra-Prime,osm_maharera_cadastral_enriched,0.92
37a4b890-bb5f-4c05-98be-c192774dacc8,Priyanka,priyanka,Reputed Developer / Co-op Housing Consortium,Mumbai,Bandra West (Pali Hill & Bandstand),IN,"Priyanka, Bandra West (Pali Hill & Bandstand), Mumbai 400050, Maharashtra, India",400050,Gated Residential Society,7,28,P51800065324,19.056349,72.824955,Trophy / Ultra-Prime,osm_maharera_cadastral_enriched,0.92
3cd9d5ce-5486-437f-8713-c1bb18b03514,Phoenix,phoenix,Reputed Developer / Co-op Housing Consortium,Mumbai,Bandra West (Pali Hill & Bandstand),IN,"Phoenix, Bandra West (Pali Hill & Bandstand), Mumbai 400050, Maharashtra, India",400050,Gated Residential Society,7,28,P51800046148,19.056844,72.825369,Trophy / Ultra-Prime,osm_maharera_cadastral_enriched,0.92
17b7c027-6f72-4a2b-b2b6-50e6e050a1d6,Gori House,gori house,Reputed Developer / Co-op Housing Consortium,Mumbai,Bandra West (Pali Hill & Bandstand),IN,"Gori House, Bandra West (Pali Hill & Bandstand), Mumbai 400050, Maharashtra, India",400050,Gated Residential Society,2,8,P51800016713,19.066946,72.836628,Trophy / Ultra-Prime,osm_maharera_cadastral_enriched,0.92
ef6b1618-b1f7-4c7b-a5db-48f15c236063,Bay Side Apartments,bay side apartments,Reputed Developer / Co-op Housing Consortium,Mumbai,Bandra West (Pali Hill & Bandstand),IN,"Bay Side Apartments, Chimbai Road, Bandra West (Pali Hill & Bandstand), Mumbai 400050, Maharashtra, India",400050,Gated Residential Society,10,40,P51800068302,19.055642,72.824674,Trophy / Ultra-Prime,osm_maharera_cadastral_enriched,0.92
0740cb2b-7aa5-451a-a276-cae512f8e5c5,The Moorings,the moorings,Reputed Developer / Co-op Housing Consortium,Mumbai,Bandra West (Pali Hill & Bandstand),IN,"The Moorings, St. Paul Road, Bandra West (Pali Hill & Bandstand), Mumbai 400050, Maharashtra, India",400050,Gated Residential Society,10,40,P51800047091,19.055603,72.82495,Trophy / Ultra-Prime,osm_maharera_cadastral_enriched,0.92
9c3efed2-895d-4ea6-8268-5ad1110104f6,Hope Crest,hope crest,Reputed Developer / Co-op Housing Consortium,Mumbai,Bandra West (Pali Hill & Bandstand),IN,"Hope Crest, St. Paul Road, Bandra West (Pali Hill & Bandstand), Mumbai 400050, Maharashtra, India",400050,Gated Residential Society,7,28,P51800092536,19.056767,72.825013,Trophy / Ultra-Prime,osm_maharera_cadastral_enriched,0.92
05afdc7f-54f0-46b2-9852-52ffea0f55ce,AVD Residencia,avd residencia,Reputed Developer / Co-op Housing Consortium,Mumbai,Bandra West (Pali Hill & Bandstand),IN,"AVD Residencia, Bandra West (Pali Hill & Bandstand), Mumbai 400050, Maharashtra, India",400050,Gated Residential Society,9,36,P51800020595,19.064382,72.829879,Trophy / Ultra-Prime,osm_maharera_cadastral_enriched,0.92
1c0db450-ee49-4498-b485-ff007297c2ad,Sapphire Lakeside CHS,sapphire lakeside chs,Reputed Developer / Co-op Housing Consortium,Mumbai,Powai (Hiranandani Gardens),IN,"Sapphire Lakeside CHS, Sapphire Lakeside CHS, JVLR, Powai, Powai (Hiranandani Gardens), Mumbai 400072, Maharashtra, India",400072,Luxury High-Rise Tower,22,88,P51800085388,19.122864,72.895365,Trophy / Ultra-Prime,osm_maharera_cadastral_enriched,0.92
a06c2947-1e7e-40b6-9ce4-527953edbfd0,LAKE AVENUE CHS LTD,lake avenue chs ltd,Reputed Developer / Co-op Housing Consortium,Mumbai,Powai (Hiranandani Gardens),IN,"LAKE AVENUE CHS LTD, Adi Sankaracharya Marg, Powai (Hiranandani Gardens), Mumbai 400072, Maharashtra, India",400072,Luxury High-Rise Tower,22,88,P51800017085,19.123932,72.895209,Trophy / Ultra-Prime,osm_maharera_cadastral_enriched,0.92
9ff3cda9-a470-41e1-b0ba-f92be9693ff7,Ameeta Cooperative Housing Society,ameeta cooperative housing society,Reputed Developer / Co-op Housing Consortium,Mumbai,Marine Drive & Nariman Point,IN,"Ameeta Cooperative Housing Society, General Jagannath Bhosle Rd, Nariman Point, Marine Drive & Nariman Point, Mumbai 400021, Maharashtra, India",400021,Luxury High-Rise Tower,13,52,P51900095376,18.924734,72.827241,Trophy / Ultra-Prime,osm_maharera_cadastral_enriched,0.92
db19e9bf-18f7-412e-b9bf-aa18e45a8242,Dilwara Building,dilwara building,Reputed Developer / Co-op Housing Consortium,Mumbai,Marine Drive & Nariman Point,IN,"Dilwara Building, Maharshi Karve Rd, Nariman Point,, Marine Drive & Nariman Point, Mumbai 400021, Maharashtra, India",400021,Luxury High-Rise Tower,14,56,P51900057084,18.924756,72.827802,Trophy / Ultra-Prime,osm_maharera_cadastral_enriched,0.92
cde63b26-5646-469b-ba4f-d99bef24b09c,Podar House,podar house,Reputed Developer / Co-op Housing Consortium,Mumbai,Marine Drive & Nariman Point,IN,"Podar House, Marine Drive & Nariman Point, Mumbai 400020, Maharashtra, India",400020,Gated Residential Society,7,28,P51900079881,18.934206,72.82412,Trophy / Ultra-Prime,osm_maharera_cadastral_enriched,0.92
94f172af-e932-4484-9a07-2988c471497d,Suhas,suhas,Reputed Developer / Co-op Housing Consortium,Mumbai,Juhu & Vile Parle West,IN,"Suhas, Juhu & Vile Parle West, Mumbai 400049, Maharashtra, India",400049,Gated Residential Society,9,36,P51800020093,19.114707,72.83062,Trophy / Ultra-Prime,osm_maharera_cadastral_enriched,0.92
76830f79-fd94-498f-8458-42a66a6362ef,Casa Almedia,casa almedia,Reputed Developer / Co-op Housing Consortium,Mumbai,Bandra West (Pali Hill & Bandstand),IN,"Casa Almedia, St. Joseph's Road, Bandra West (Pali Hill & Bandstand), Mumbai 400050, Maharashtra, India",400050,Gated Residential Society,4,16,P51800079855,19.057849,72.824995,Trophy / Ultra-Prime,osm_maharera_cadastral_enriched,0.92
0042b6a2-cf97-419a-93a7-618fbc95f6e5,Kooka Villa,kooka villa,Reputed Developer / Co-op Housing Consortium,Mumbai,Bandra West (Pali Hill & Bandstand),IN,"Kooka Villa, Bandra West (Pali Hill & Bandstand), Mumbai 400050, Maharashtra, India",400050,Gated Residential Society,3,12,P51800013950,19.04977,72.821402,Trophy / Ultra-Prime,osm_maharera_cadastral_enriched,0.92
4781a62e-9133-4507-9c06-2bbd736cf656,Olive Lodge,olive lodge,Reputed Developer / Co-op Housing Consortium,Mumbai,Bandra West (Pali Hill & Bandstand),IN,"Olive Lodge, Rebello Road, Bandra West (Pali Hill & Bandstand), Mumbai 400050, Maharashtra, India",400050,Gated Residential Society,2,8,P51800039712,19.050557,72.825103,Trophy / Ultra-Prime,osm_maharera_cadastral_enriched,0.92
19a84fb2-a359-4622-829c-a4f4dbd42e93,Vastu Bandra,vastu bandra,Reputed Developer / Co-op Housing Consortium,Mumbai,Bandra West (Pali Hill & Bandstand),IN,"Vastu Bandra, Pereira Road, Bandra West (Pali Hill & Bandstand), Mumbai 400050, Maharashtra, India",400050,Luxury High-Rise Tower,15,60,P51800053950,19.051649,72.822324,Trophy / Ultra-Prime,osm_maharera_cadastral_enriched,0.92
9995a021-8600-4716-b549-881f7eebb34e,Edvin B block,edvin b block,Reputed Developer / Co-op Housing Consortium,Mumbai,Bandra West (Pali Hill & Bandstand),IN,"Edvin B block, Bandra West (Pali Hill & Bandstand), Mumbai 400050, Maharashtra, India",400050,Iconic Sky High-Rise Tower,123,492,P51800093305,19.059982,72.825171,Trophy / Ultra-Prime,osm_maharera_cadastral_enriched,0.92
ffdd59c6-15ab-42f2-a1f8-a1c192475b06,Khar Sunrise,khar sunrise,Reputed Developer / Co-op Housing Consortium,Mumbai,Bandra West (Pali Hill & Bandstand),IN,"Khar Sunrise, Bandra West (Pali Hill & Bandstand), Mumbai 400050, Maharashtra, India",400050,Gated Residential Society,2,8,P51800029075,19.066832,72.838162,Trophy / Ultra-Prime,osm_maharera_cadastral_enriched,0.92
46a5cf75-2ac1-4394-96fd-e943cc97bc5d,Hem Prabha,hem prabha,Reputed Developer / Co-op Housing Consortium,Mumbai,Marine Drive & Nariman Point,IN,"Hem Prabha, Marine Drive & Nariman Point, Mumbai 400020, Maharashtra, India",400020,Gated Residential Society,4,16,P51900018782,18.939137,72.824536,Trophy / Ultra-Prime,osm_maharera_cadastral_enriched,0.92
26a71fa9-99d0-48d5-8a32-a47b30a3ed52,Bharatiya Bhavan,bharatiya bhavan,Reputed Developer / Co-op Housing Consortium,Mumbai,Marine Drive & Nariman Point,IN,"Bharatiya Bhavan, Marine Drive & Nariman Point, Mumbai 400020, Maharashtra, India",400020,Gated Residential Society,4,16,P51900072006,18.940621,72.824328,Trophy / Ultra-Prime,osm_maharera_cadastral_enriched,0.92
2e1ec9f4-01a3-4a33-8b31-42e21aa39ada,Al-Sabah Court,al sabah court,Reputed Developer / Co-op Housing Consortium,Mumbai,Marine Drive & Nariman Point,IN,"Al-Sabah Court, Marine Drive & Nariman Point, Mumbai 400020, Maharashtra, India",400020,Gated Residential Society,2,8,P51900047840,18.94099,72.824257,Trophy / Ultra-Prime,osm_maharera_cadastral_enriched,0.92
08f4e099-3972-4dd5-b8dc-41c8d71a8817,"Al-Jabreya Court, colaba",al jabreya court colaba,Reputed Developer / Co-op Housing Consortium,Mumbai,Marine Drive & Nariman Point,IN,"Al-Jabreya Court, colaba, Marine Drive & Nariman Point, Mumbai 400020, Maharashtra, India",400020,Gated Residential Society,4,16,P51900011825,18.939511,72.8245,Trophy / Ultra-Prime,osm_maharera_cadastral_enriched,0.92
0b98b2b2-f625-41da-a197-f60f5df7c3d2,Poonam's,poonam s,Reputed Developer / Co-op Housing Consortium,Mumbai,Juhu & Vile Parle West,IN,"Poonam's, Juhu & Vile Parle West, Mumbai 400049, Maharashtra, India",400049,Luxury High-Rise Tower,12,48,P51800064588,19.105821,72.828837,Trophy / Ultra-Prime,osm_maharera_cadastral_enriched,0.92
40480f3f-2609-4ba6-8028-8af5b4136f37,Shelter,shelter,Reputed Developer / Co-op Housing Consortium,Mumbai,Bandra West (Pali Hill & Bandstand),IN,"Shelter, St. Francis Road, Bandra West (Pali Hill & Bandstand), Mumbai 400050, Maharashtra, India",400050,Gated Residential Society,5,20,P51800063220,19.056873,72.825619,Trophy / Ultra-Prime,osm_maharera_cadastral_enriched,0.92
c09711ce-e61c-4791-854b-e7958b3e4ac1,Marigold,marigold,Reputed Developer / Co-op Housing Consortium,Mumbai,Bandra West (Pali Hill & Bandstand),IN,"Marigold, Dr. Peter Dias Road, Bandra West (Pali Hill & Bandstand), Mumbai 400050, Maharashtra, India",400050,Gated Residential Society,2,8,P51800035657,19.051541,72.824428,Trophy / Ultra-Prime,osm_maharera_cadastral_enriched,0.92
ee72bab7-fad7-4e61-a454-2d5ff986d5cb,Josville,josville,Reputed Developer / Co-op Housing Consortium,Mumbai,Bandra West (Pali Hill & Bandstand),IN,"Josville, Dr. Peter Dias Road, Bandra West (Pali Hill & Bandstand), Mumbai 400050, Maharashtra, India",400050,Gated Residential Society,5,20,P51800087022,19.051363,72.824426,Trophy / Ultra-Prime,osm_maharera_cadastral_enriched,0.92
b9dfb135-ec45-422b-b512-9440a5749ed2,Vikram,vikram,Reputed Developer / Co-op Housing Consortium,Mumbai,Juhu & Vile Parle West,IN,"Vikram, Juhu & Vile Parle West, Mumbai 400049, Maharashtra, India",400049,Luxury High-Rise Tower,12,48,P51800068618,19.105593,72.825783,Trophy / Ultra-Prime,osm_maharera_cadastral_enriched,0.92
a4a1c519-31c9-4727-bbd2-d61fe703c467,Hari Mangalam,hari mangalam,Reputed Developer / Co-op Housing Consortium,Mumbai,Juhu & Vile Parle West,IN,"Hari Mangalam, Juhu & Vile Parle West, Mumbai 400049, Maharashtra, India",400049,Gated Residential Society,9,36,P51800028949,19.107384,72.827827,Trophy / Ultra-Prime,osm_maharera_cadastral_enriched,0.92
deb348bb-1051-4eca-b3e6-2d33dd1ebeed,Rebello House,rebello house,Reputed Developer / Co-op Housing Consortium,Mumbai,Bandra West (Pali Hill & Bandstand),IN,"Rebello House, Bandra West (Pali Hill & Bandstand), Mumbai 400050, Maharashtra, India",400050,Luxury High-Rise Tower,15,60,P51800085575,19.05557,72.828513,Trophy / Ultra-Prime,osm_maharera_cadastral_enriched,0.92
2f81bdeb-f445-4ee7-b081-a2218f7cad23,Devansh Villa,devansh villa,Reputed Developer / Co-op Housing Consortium,Mumbai,Bandra West (Pali Hill & Bandstand),IN,"Devansh Villa, Dr. Raghunath Road, Bandra West (Pali Hill & Bandstand), Mumbai 400050, Maharashtra, India",400050,Gated Residential Society,8,32,P51800011283,19.057863,72.836121,Trophy / Ultra-Prime,osm_maharera_cadastral_enriched,0.92
67abff65-a80e-46e3-9823-7c9374109d4f,Everest,everest,Reputed Developer / Co-op Housing Consortium,Mumbai,Bandra West (Pali Hill & Bandstand),IN,"Everest, Bandra West (Pali Hill & Bandstand), Mumbai 400050, Maharashtra, India",400050,Luxury High-Rise Tower,20,80,P51800016303,19.055084,72.828248,Trophy / Ultra-Prime,osm_maharera_cadastral_enriched,0.92
4ffd9630-0773-4bc7-a6a5-289d305aa893,Manek Manor,manek manor,Reputed Developer / Co-op Housing Consortium,Mumbai,Bandra West (Pali Hill & Bandstand),IN,"Manek Manor, Bandra West (Pali Hill & Bandstand), Mumbai 400050, Maharashtra, India",400050,Gated Residential Society,10,40,P51800036898,19.055071,72.828949,Trophy / Ultra-Prime,osm_maharera_cadastral_enriched,0.92
3fba7a46-260d-4539-9a9b-423a8f8fe2cd,Anand Mahal,anand mahal,Reputed Developer / Co-op Housing Consortium,Mumbai,Bandra West (Pali Hill & Bandstand),IN,"Anand Mahal, Manuel Gonsalves Road, Bandra West (Pali Hill & Bandstand), Mumbai 400050, Maharashtra, India",400050,Gated Residential Society,3,12,P51800032853,19.055676,72.829584,Trophy / Ultra-Prime,osm_maharera_cadastral_enriched,0.92
6910dc59-4948-4840-a84c-2f74b38b2680,Xavier Apartments,xavier apartments,Reputed Developer / Co-op Housing Consortium,Mumbai,Bandra West (Pali Hill & Bandstand),IN,"Xavier Apartments, Bandra West (Pali Hill & Bandstand), Mumbai 400050, Maharashtra, India",400050,Gated Residential Society,3,12,P51800075219,19.048716,72.826301,Trophy / Ultra-Prime,osm_maharera_cadastral_enriched,0.92
34e29175-7d45-4bdc-9b3b-7901f9f6765a,Grand Bay Apartments,grand bay apartments,Reputed Developer / Co-op Housing Consortium,Mumbai,Bandra West (Pali Hill & Bandstand),IN,"Grand Bay Apartments, Bandra West (Pali Hill & Bandstand), Mumbai 400050, Maharashtra, India",400050,Luxury High-Rise Tower,12,48,P51800020091,19.0531,72.824362,Trophy / Ultra-Prime,osm_maharera_cadastral_enriched,0.92
4d7d9f36-7a0b-4852-978a-10caf5b34b7a,Kylemore,kylemore,Reputed Developer / Co-op Housing Consortium,Mumbai,Bandra West (Pali Hill & Bandstand),IN,"Kylemore, Rebello Road, Bandra West (Pali Hill & Bandstand), Mumbai 400050, Maharashtra, India",400050,Gated Residential Society,7,28,P51800040868,19.052502,72.827387,Trophy / Ultra-Prime,osm_maharera_cadastral_enriched,0.92
86947850-d823-4431-9689-0393a9646c24,Lourdes,lourdes,Reputed Developer / Co-op Housing Consortium,Mumbai,Bandra West (Pali Hill & Bandstand),IN,"Lourdes, Hill Road, Bandra West (Pali Hill & Bandstand), Mumbai 400050, Maharashtra, India",400050,Gated Residential Society,2,8,P51800090115,19.053317,72.823892,Trophy / Ultra-Prime,osm_maharera_cadastral_enriched,0.92
8a219b21-f1e0-48bb-94b5-955c9a446ff9,Satguru Sanskar,satguru sanskar,Reputed Developer / Co-op Housing Consortium,Mumbai,Bandra West (Pali Hill & Bandstand),IN,"Satguru Sanskar, 3rd Road, Bandra West (Pali Hill & Bandstand), Mumbai 400050, Maharashtra, India",400050,Luxury High-Rise Tower,14,56,P51800089375,19.058968,72.83017,Trophy / Ultra-Prime,osm_maharera_cadastral_enriched,0.92
50dc6b85-660c-442d-9612-804de9d78e53,Utopia,utopia,Reputed Developer / Co-op Housing Consortium,Mumbai,Bandra West (Pali Hill & Bandstand),IN,"Utopia, Saint Andrew Road, Bandra West (Pali Hill & Bandstand), Mumbai 400050, Maharashtra, India",400050,Gated Residential Society,5,20,P51800031871,19.056699,72.826529,Trophy / Ultra-Prime,osm_maharera_cadastral_enriched,0.92
8bbc1e80-fa79-4b65-bddf-0d75e5aa980e,Netto Apartments,netto apartments,Reputed Developer / Co-op Housing Consortium,Mumbai,Bandra West (Pali Hill & Bandstand),IN,"Netto Apartments, Bandra West (Pali Hill & Bandstand), Mumbai 400050, Maharashtra, India",400050,Gated Residential Society,6,24,P51800042983,19.056694,72.826296,Trophy / Ultra-Prime,osm_maharera_cadastral_enriched,0.92
345ee010-f045-4126-b9bf-3e5b8a8065c6,Kalpak Hormus,kalpak hormus,Reputed Developer / Co-op Housing Consortium,Mumbai,Bandra West (Pali Hill & Bandstand),IN,"Kalpak Hormus, Bandra West (Pali Hill & Bandstand), Mumbai 400050, Maharashtra, India",400050,Gated Residential Society,6,24,P51800048370,19.061309,72.823087,Trophy / Ultra-Prime,osm_maharera_cadastral_enriched,0.92
a959c312-fffc-479a-ad99-7abd41f32020,Dariya Vihar,dariya vihar,Reputed Developer / Co-op Housing Consortium,Mumbai,Bandra West (Pali Hill & Bandstand),IN,"Dariya Vihar, Bandra West (Pali Hill & Bandstand), Mumbai 400050, Maharashtra, India",400050,Gated Residential Society,5,20,P51800054791,19.071279,72.82362,Trophy / Ultra-Prime,osm_maharera_cadastral_enriched,0.92
1700fa5a-f884-44a8-9480-82831e741af6,Sea Spray Building,sea spray building,Reputed Developer / Co-op Housing Consortium,Mumbai,Bandra West (Pali Hill & Bandstand),IN,"Sea Spray Building, Off Carter Road, Khar, Bandra West (Pali Hill & Bandstand), Mumbai 400052, Maharashtra, India",400052,Gated Residential Society,6,24,P51800079689,19.071313,72.822929,Trophy / Ultra-Prime,osm_maharera_cadastral_enriched,0.92
0fe95e34-f00e-4fbe-a23c-72174a096f05,Josephina,josephina,Reputed Developer / Co-op Housing Consortium,Mumbai,Bandra West (Pali Hill & Bandstand),IN,"Josephina, Chimbai Rd, Bandra West (Pali Hill & Bandstand), Mumbai 400050, Maharashtra, India",400050,Gated Residential Society,2,8,P51800092438,19.058773,72.823705,Trophy / Ultra-Prime,osm_maharera_cadastral_enriched,0.92
c4f139bf-6bec-4010-9760-b464527296f8,khedgaon,khedgaon,Reputed Developer / Co-op Housing Consortium,Mumbai,Lower Parel & Mahalaxmi,IN,"khedgaon, N M Joshi Marg, Lower Parel & Mahalaxmi, Mumbai 400011, Maharashtra, India",400011,Gated Residential Society,1,4,P51900093587,18.983439,72.831027,Trophy / Ultra-Prime,osm_maharera_cadastral_enriched,0.92
9f69b829-4ec5-457b-984d-a0fb914fb753,Little Flower No. 8,little flower no 8,Reputed Developer / Co-op Housing Consortium,Mumbai,Bandra West (Pali Hill & Bandstand),IN,"Little Flower No. 8, 28th Road, T.P.S. III, Bandra West (Pali Hill & Bandstand), Mumbai 400050, Maharashtra, India",400050,Gated Residential Society,3,12,P51800036987,19.059866,72.833239,Trophy / Ultra-Prime,osm_maharera_cadastral_enriched,0.92
adc91b3a-4f77-4f4f-b5b4-f9b31b194dce,Monalisa,monalisa,Reputed Developer / Co-op Housing Consortium,Mumbai,Bandra West (Pali Hill & Bandstand),IN,"Monalisa, 1st Road, Bandra West (Pali Hill & Bandstand), Mumbai 400050, Maharashtra, India",400050,Gated Residential Society,6,24,P51800030467,19.058492,72.833373,Trophy / Ultra-Prime,osm_maharera_cadastral_enriched,0.92
072103a2-cc7f-46fc-9098-3a7c235df9bb,Kalpitam,kalpitam,Reputed Developer / Co-op Housing Consortium,Mumbai,Bandra West (Pali Hill & Bandstand),IN,"Kalpitam, 16th Road, Bandra West (Pali Hill & Bandstand), Mumbai 400050, Maharashtra, India",400050,Gated Residential Society,6,24,P51800078560,19.064432,72.831124,Trophy / Ultra-Prime,osm_maharera_cadastral_enriched,0.92
f285e0ae-7992-49aa-a0d1-857fe838eb8d,Himgiri,himgiri,Reputed Developer / Co-op Housing Consortium,Mumbai,Cumballa Hill & Breach Candy,IN,"Himgiri, Cumballa Hill & Breach Candy, Mumbai 400026, Maharashtra, India",400026,Gated Residential Society,7,28,P51900031929,18.972717,72.808635,Trophy / Ultra-Prime,osm_maharera_cadastral_enriched,0.92
035a32a9-cbe3-4765-a0e7-cbae830f6679,World View,world view,Reputed Developer / Co-op Housing Consortium,Mumbai,Worli & Prabhadevi,IN,"World View, Worli & Prabhadevi, Mumbai 400018, Maharashtra, India",400018,Iconic Sky High-Rise Tower,73,292,P51900078453,19.003288,72.826652,Trophy / Ultra-Prime,osm_maharera_cadastral_enriched,0.92
720ead23-90a3-4d51-942d-df6aa72f1d2d,Nelnom,nelnom,Reputed Developer / Co-op Housing Consortium,Mumbai,Bandra West (Pali Hill & Bandstand),IN,"Nelnom, Bandra West (Pali Hill & Bandstand), Mumbai 400050, Maharashtra, India",400050,Gated Residential Society,5,20,P51800083690,19.052795,72.828217,Trophy / Ultra-Prime,osm_maharera_cadastral_enriched,0.92
29d7a80d-45a5-4817-a2fb-1235e4aafc6e,L'Esperance,l esperance,Reputed Developer / Co-op Housing Consortium,Mumbai,Bandra West (Pali Hill & Bandstand),IN,"L'Esperance, St Roques Road, Bandra West (Pali Hill & Bandstand), Mumbai 400050, Maharashtra, India",400050,Gated Residential Society,3,12,P51800080969,19.052426,72.826243,Trophy / Ultra-Prime,osm_maharera_cadastral_enriched,0.92
c9fc3bf5-618f-495d-89ee-147313a480ce,Buul,buul,Reputed Developer / Co-op Housing Consortium,Mumbai,Bandra West (Pali Hill & Bandstand),IN,"Buul, St. Anthony Road, Bandra West (Pali Hill & Bandstand), Mumbai 400050, Maharashtra, India",400050,Gated Residential Society,2,8,P51800092632,19.05818,72.828795,Trophy / Ultra-Prime,osm_maharera_cadastral_enriched,0.92
7cfdfa31-8beb-496d-9fc3-54d571062915,Angel House,angel house,Reputed Developer / Co-op Housing Consortium,Mumbai,Bandra West (Pali Hill & Bandstand),IN,"Angel House, Pali Mala Road, Bandra West (Pali Hill & Bandstand), Mumbai 400050, Maharashtra, India",400050,Gated Residential Society,8,32,P51800027921,19.063017,72.824887,Trophy / Ultra-Prime,osm_maharera_cadastral_enriched,0.92
21c03fc2-2dd8-42e3-8c9b-a418c3a9574e,Rosary Villa,rosary villa,Reputed Developer / Co-op Housing Consortium,Mumbai,Bandra West (Pali Hill & Bandstand),IN,"Rosary Villa, Bandra West (Pali Hill & Bandstand), Mumbai 400050, Maharashtra, India",400050,Gated Residential Society,4,16,P51800028065,19.049069,72.824691,Trophy / Ultra-Prime,osm_maharera_cadastral_enriched,0.92
0e7f748e-f15b-4848-a78d-119cd69d5ef3,BDD Chawl No 83,bdd chawl no 83,Reputed Developer / Co-op Housing Consortium,Mumbai,Worli & Prabhadevi,IN,"BDD Chawl No 83, Worli & Prabhadevi, Mumbai 400018, Maharashtra, India",400018,Gated Residential Society,6,24,P51900077546,19.000289,72.820696,Trophy / Ultra-Prime,osm_maharera_cadastral_enriched,0.92
4b644d3e-9294-446a-a094-96dbc4f952ba,Worli BDD Chawl No 84,worli bdd chawl no 84,Reputed Developer / Co-op Housing Consortium,Mumbai,Worli & Prabhadevi,IN,"Worli BDD Chawl No 84, Worli & Prabhadevi, Mumbai 400018, Maharashtra, India",400018,Gated Residential Society,6,24,P51900080425,19.00051,72.820729,Trophy / Ultra-Prime,osm_maharera_cadastral_enriched,0.92
8f8fc611-7833-413f-b7f1-97e4de51bc29,MCMCR,mcmcr,Reputed Developer / Co-op Housing Consortium,Mumbai,Powai (Hiranandani Gardens),IN,"MCMCR, New MHADA Colony Road,, Powai (Hiranandani Gardens), Mumbai 400072, Maharashtra, India",400072,Gated Residential Society,7,28,P51800071257,19.121894,72.895087,Trophy / Ultra-Prime,osm_maharera_cadastral_enriched,0.92
9c6f4061-cdd1-46e1-964a-75cf1782732b,0th Hostel,0th hostel,Reputed Developer / Co-op Housing Consortium,Mumbai,Powai (Hiranandani Gardens),IN,"0th Hostel, Powai (Hiranandani Gardens), Mumbai 400076, Maharashtra, India",400076,Gated Residential Society,2,8,P51800078961,19.136255,72.914288,Trophy / Ultra-Prime,osm_maharera_cadastral_enriched,0.92
c8a85455-bb3e-4140-9d51-47286e98d6bd,Urmi Apartments,urmi apartments,Reputed Developer / Co-op Housing Consortium,Mumbai,Worli & Prabhadevi,IN,"Urmi Apartments, Khan Abdul Gaffar Khan Marg, Worli & Prabhadevi, Mumbai 400030, Maharashtra, India",400030,Luxury High-Rise Tower,12,48,P51900011494,19.007795,72.814915,Trophy / Ultra-Prime,osm_maharera_cadastral_enriched,0.92
00a419a5-76ed-44d4-a001-a3e14d12a861,Pluto A Wing,pluto a wing,Reputed Developer / Co-op Housing Consortium,Mumbai,Powai (Hiranandani Gardens),IN,"Pluto A Wing, Powai (Hiranandani Gardens), Mumbai 400076, Maharashtra, India",400076,Luxury High-Rise Tower,12,48,P51800087776,19.123219,72.920808,Trophy / Ultra-Prime,osm_maharera_cadastral_enriched,0.92
ba3f3ad1-bc36-4a08-b45c-e9e04c51bb00,Kumar Villa,kumar villa,Reputed Developer / Co-op Housing Consortium,Mumbai,Colaba & Cuffe Parade,IN,"Kumar Villa, Colaba & Cuffe Parade, Mumbai 400005, Maharashtra, India",400005,Gated Residential Society,4,16,P51900029906,18.919094,72.827451,Trophy / Ultra-Prime,osm_maharera_cadastral_enriched,0.92
243ffcf6-da18-4d97-9e36-b0c507a75f09,Valentina,valentina,Reputed Developer / Co-op Housing Consortium,Mumbai,Cumballa Hill & Breach Candy,IN,"Valentina, Cumballa Hill & Breach Candy, Mumbai 400026, Maharashtra, India",400026,Gated Residential Society,10,40,P51900087161,18.973891,72.808368,Trophy / Ultra-Prime,osm_maharera_cadastral_enriched,0.92
102cff6a-9f5f-4733-bd66-bcad05a8da90,Khambata,khambata,Reputed Developer / Co-op Housing Consortium,Mumbai,Cumballa Hill & Breach Candy,IN,"Khambata, Cumballa Hill & Breach Candy, Mumbai 400026, Maharashtra, India",400026,Gated Residential Society,3,12,P51900085115,18.975845,72.806761,Trophy / Ultra-Prime,osm_maharera_cadastral_enriched,0.92
757a5e76-d259-4b6a-a40e-1b16de4af39b,Damul Niwas,damul niwas,Reputed Developer / Co-op Housing Consortium,Mumbai,Cumballa Hill & Breach Candy,IN,"Damul Niwas, Cumballa Hill & Breach Candy, Mumbai 400026, Maharashtra, India",400026,Gated Residential Society,3,12,P51900015754,18.976211,72.807091,Trophy / Ultra-Prime,osm_maharera_cadastral_enriched,0.92
7fe96e06-fe68-46c8-9600-f501a22244e5,Goolestan,goolestan,Reputed Developer / Co-op Housing Consortium,Mumbai,Cumballa Hill & Breach Candy,IN,"Goolestan, Cumballa Hill & Breach Candy, Mumbai 400026, Maharashtra, India",400026,Gated Residential Society,10,40,P51900096359,18.976099,72.806896,Trophy / Ultra-Prime,osm_maharera_cadastral_enriched,0.92
ef305288-77e7-484a-9466-85834e22cc2c,Navroze Apartments,navroze apartments,Reputed Developer / Co-op Housing Consortium,Mumbai,Cumballa Hill & Breach Candy,IN,"Navroze Apartments, Cumballa Hill & Breach Candy, Mumbai 400026, Maharashtra, India",400026,Luxury High-Rise Tower,14,56,P51900095231,18.975607,72.807398,Trophy / Ultra-Prime,osm_maharera_cadastral_enriched,0.92
5507a95f-b4f1-4ff1-9d39-cbef95d00053,Tirupati Apartments,tirupati apartments,Reputed Developer / Co-op Housing Consortium,Mumbai,Cumballa Hill & Breach Candy,IN,"Tirupati Apartments, Warden Road (Bhula Bhai Desai Marg), Cumballa Hill & Breach Candy, Mumbai 400026, Maharashtra, India",400026,Luxury High-Rise Tower,15,60,P51900078824,18.975935,72.807974,Trophy / Ultra-Prime,osm_maharera_cadastral_enriched,0.92
eb812e45-8541-438c-9a88-e035469dda68,Blue Gardenia,blue gardenia,Reputed Developer / Co-op Housing Consortium,Mumbai,Cumballa Hill & Breach Candy,IN,"Blue Gardenia, Cumballa Hill & Breach Candy, Mumbai 400026, Maharashtra, India",400026,Gated Residential Society,7,28,P51900011120,18.973501,72.808618,Trophy / Ultra-Prime,osm_maharera_cadastral_enriched,0.92
e90f159c-c6bc-49a1-a4a9-c650b787ce11,Gazdar House,gazdar house,Reputed Developer / Co-op Housing Consortium,Mumbai,Cumballa Hill & Breach Candy,IN,"Gazdar House, Cumballa Hill & Breach Candy, Mumbai 400026, Maharashtra, India",400026,Gated Residential Society,3,12,P51900023897,18.974474,72.806534,Trophy / Ultra-Prime,osm_maharera_cadastral_enriched,0.92
73b2e994-7c17-4ab5-bc96-2202915c7e93,Dindoshilla,dindoshilla,Reputed Developer / Co-op Housing Consortium,Mumbai,Bandra West (Pali Hill & Bandstand),IN,"Dindoshilla, Bandra West (Pali Hill & Bandstand), Mumbai 400050, Maharashtra, India",400050,Gated Residential Society,6,24,P51800098714,19.069063,72.832382,Trophy / Ultra-Prime,osm_maharera_cadastral_enriched,0.92
ab96e748-eccc-4b02-8ec8-f8db8264fc0e,Masha-Allah House,masha allah house,Reputed Developer / Co-op Housing Consortium,Mumbai,Bandra West (Pali Hill & Bandstand),IN,"Masha-Allah House, Bandra West (Pali Hill & Bandstand), Mumbai 400050, Maharashtra, India",400050,Gated Residential Society,2,8,P51800095551,19.053979,72.831799,Trophy / Ultra-Prime,osm_maharera_cadastral_enriched,0.92
0f30ca93-2095-404a-a637-8e8116e4e2a1,Suvidha,suvidha,Reputed Developer / Co-op Housing Consortium,Mumbai,Colaba & Cuffe Parade,IN,"Suvidha, Dr Homi Bhabha Rd, Army Area, Nofra, Navy Nagar, Colaba & Cuffe Parade, Mumbai 400005, Maharashtra, India",400005,Gated Residential Society,6,24,P51900044507,18.906735,72.811939,Trophy / Ultra-Prime,osm_maharera_cadastral_enriched,0.92
d9765662-62e0-40b5-97fc-b74e954d798f,PLOT NO 231-B CTS NO 887,plot no 231 b cts no 887,Reputed Developer / Co-op Housing Consortium,Mumbai,Khar & Santacruz West,IN,"PLOT NO 231-B CTS NO 887, 231 Miranda Lane, Khar & Santacruz West, Mumbai 400052, Maharashtra, India",400052,Gated Residential Society,1,4,P51800039523,19.076147,72.827233,Trophy / Ultra-Prime,osm_maharera_cadastral_enriched,0.92
fac47886-17a2-44ec-b7d7-617198927ab9,231C Samarth Niwas Plot no 895,231c samarth niwas plot no 895,Reputed Developer / Co-op Housing Consortium,Mumbai,Khar & Santacruz West,IN,"231C Samarth Niwas Plot no 895, Shri Ramesh Chavkute Lane, Khar & Santacruz West, Mumbai 400052, Maharashtra, India",400052,Gated Residential Society,2,8,P51800061822,19.076254,72.827327,Trophy / Ultra-Prime,osm_maharera_cadastral_enriched,0.92
165d67ac-aeab-4a48-9fc0-661604071a1b,SHREY APARTMENTS,shrey apartments,Reputed Developer / Co-op Housing Consortium,Mumbai,Bandra West (Pali Hill & Bandstand),IN,"SHREY APARTMENTS, K C Marg, Bandra West (Pali Hill & Bandstand), Mumbai 400050, Maharashtra, India",400050,Gated Residential Society,7,28,P51800079259,19.052035,72.833554,Trophy / Ultra-Prime,osm_maharera_cadastral_enriched,0.92
f1effa54-40c1-49fb-8fa4-44e1a7880623,Nahar Medical Center,nahar medical center,Reputed Developer / Co-op Housing Consortium,Mumbai,Powai (Hiranandani Gardens),IN,"Nahar Medical Center, Powai (Hiranandani Gardens), Mumbai 400076, Maharashtra, India",400076,Luxury High-Rise Tower,17,68,P51800028653,19.111561,72.897802,Trophy / Ultra-Prime,osm_maharera_cadastral_enriched,0.92
79f9941e-342e-4829-bec4-5e638c517bf5,Celestia,celestia,Reputed Developer / Co-op Housing Consortium,Mumbai,Powai (Hiranandani Gardens),IN,"Celestia, Powai (Hiranandani Gardens), Mumbai 400076, Maharashtra, India",400076,Ultra-Luxury High-Rise Tower,34,136,P51800012329,19.128408,72.929146,Trophy / Ultra-Prime,osm_maharera_cadastral_enriched,0.92
16878a16-4854-48cc-abac-0958949fc16a,Belvedere,belvedere,Reputed Developer / Co-op Housing Consortium,Mumbai,Powai (Hiranandani Gardens),IN,"Belvedere, Powai (Hiranandani Gardens), Mumbai 400076, Maharashtra, India",400076,Ultra-Luxury High-Rise Tower,32,128,P51800045161,19.128052,72.9295,Trophy / Ultra-Prime,osm_maharera_cadastral_enriched,0.92
bf0d577f-c44c-4d2d-ab10-f8b19bb7e857,Classique Heights,classique heights,Reputed Developer / Co-op Housing Consortium,Mumbai,Worli & Prabhadevi,IN,"Classique Heights, R B Anant Desi Marg, Worli & Prabhadevi, Mumbai 400025, Maharashtra, India",400025,Luxury High-Rise Tower,14,56,P51900037589,19.011121,72.827479,Trophy / Ultra-Prime,osm_maharera_cadastral_enriched,0.92
0d428cd4-f9ef-4a56-a3dd-13c570bbab34,Chaitanya,chaitanya,Reputed Developer / Co-op Housing Consortium,Mumbai,Worli & Prabhadevi,IN,"Chaitanya, Worli & Prabhadevi, Mumbai 400018, Maharashtra, India",400018,Ultra-Luxury High-Rise Tower,27,108,P51900094176,19.012664,72.829391,Trophy / Ultra-Prime,osm_maharera_cadastral_enriched,0.92
115978b8-6ec4-4112-b90b-5361d099f86a,Mangal Murti,mangal murti,Reputed Developer / Co-op Housing Consortium,Mumbai,Worli & Prabhadevi,IN,"Mangal Murti, R B Anant Desi Marg, Worli & Prabhadevi, Mumbai 400025, Maharashtra, India",400025,Gated Residential Society,5,20,P51900081809,19.010817,72.827803,Trophy / Ultra-Prime,osm_maharera_cadastral_enriched,0.92
2e85954d-0a4e-4417-b86c-b375e045f4a0,Tower C,tower c,Reputed Developer / Co-op Housing Consortium,Mumbai,Worli & Prabhadevi,IN,"Tower C, Worli & Prabhadevi, Mumbai 400018, Maharashtra, India",400018,Luxury High-Rise Tower,20,80,P51900021171,19.01177,72.827822,Trophy / Ultra-Prime,osm_maharera_cadastral_enriched,0.92
3f3eacb3-d46f-4ebb-9412-ca0b9f396da2,Tower B,tower b,Reputed Developer / Co-op Housing Consortium,Mumbai,Worli & Prabhadevi,IN,"Tower B, Worli & Prabhadevi, Mumbai 400018, Maharashtra, India",400018,Luxury High-Rise Tower,20,80,P51900029240,19.011433,72.827087,Trophy / Ultra-Prime,osm_maharera_cadastral_enriched,0.92
a2d9d1a5-3f25-455c-bbd0-47da55fefab6,jangam house,jangam house,Reputed Developer / Co-op Housing Consortium,Mumbai,Worli & Prabhadevi,IN,"jangam house, Gokhale Road, Worli & Prabhadevi, Mumbai 400013, Maharashtra, India",400013,Gated Residential Society,6,24,P51900041879,19.007048,72.82989,Trophy / Ultra-Prime,osm_maharera_cadastral_enriched,0.92
3546e62b-fa3d-4486-9f8c-980030d12952,Maker,maker,Reputed Developer / Co-op Housing Consortium,Mumbai,Colaba & Cuffe Parade,IN,"Maker, Captain Prakash Pethe Marg, Cuffe Parade, Colaba & Cuffe Parade, Mumbai 400005, Maharashtra, India",400005,Luxury High-Rise Tower,13,52,P51900035841,18.917308,72.818059,Trophy / Ultra-Prime,osm_maharera_cadastral_enriched,0.92
c3c8aa1c-80c9-4b70-aa02-2b64a6b3a844,Universal,universal,Reputed Developer / Co-op Housing Consortium,Mumbai,Bandra West (Pali Hill & Bandstand),IN,"Universal, St John Baptist Road, Bandra West (Pali Hill & Bandstand), Mumbai 400050, Maharashtra, India",400050,Gated Residential Society,4,16,P51800047272,19.047691,72.825807,Trophy / Ultra-Prime,osm_maharera_cadastral_enriched,0.92
1f5ad387-9e0c-4999-ba59-baffc5e8b1fa,Rose Niwas,rose niwas,Reputed Developer / Co-op Housing Consortium,Mumbai,Bandra West (Pali Hill & Bandstand),IN,"Rose Niwas, Bandra West (Pali Hill & Bandstand), Mumbai 400050, Maharashtra, India",400050,Gated Residential Society,3,12,P51800093504,19.046939,72.825799,Trophy / Ultra-Prime,osm_maharera_cadastral_enriched,0.92
9e294074-2fba-4b5c-9439-f4fb4388c9dd,Gopchar Building,gopchar building,Reputed Developer / Co-op Housing Consortium,Mumbai,Worli & Prabhadevi,IN,"Gopchar Building, Worli & Prabhadevi, Mumbai 400018, Maharashtra, India",400018,Gated Residential Society,5,20,P51900051930,19.014347,72.825519,Trophy / Ultra-Prime,osm_maharera_cadastral_enriched,0.92
65397b53-aca6-4745-a939-d23adb9e6c4a,Lotus G,lotus g,Reputed Developer / Co-op Housing Consortium,Mumbai,Worli & Prabhadevi,IN,"Lotus G, Worli & Prabhadevi, Mumbai 400018, Maharashtra, India",400018,Luxury High-Rise Tower,15,60,P51900031453,18.987332,72.816274,Trophy / Ultra-Prime,osm_maharera_cadastral_enriched,0.92
a13137f2-fc71-443d-9b46-a6480cc40710,TATRAKSHAK,tatrakshak,Reputed Developer / Co-op Housing Consortium,Mumbai,Powai (Hiranandani Gardens),IN,"TATRAKSHAK, Adi Sankaracharya Marg, Powai (Hiranandani Gardens), Mumbai 400072, Maharashtra, India",400072,Luxury High-Rise Tower,22,88,P51800029815,19.124208,72.895295,Trophy / Ultra-Prime,osm_maharera_cadastral_enriched,0.92
896b9252-5ce7-4257-be2c-6aff92c733b0,Nasar Building,nasar building,Reputed Developer / Co-op Housing Consortium,Mumbai,Juhu & Vile Parle West,IN,"Nasar Building, Juhu & Vile Parle West, Mumbai 400049, Maharashtra, India",400049,Luxury High-Rise Tower,15,60,P51800042172,19.116345,72.836741,Trophy / Ultra-Prime,osm_maharera_cadastral_enriched,0.92
3f9226e1-e5c7-4724-820f-c5c17824df51,Elysium,elysium,Reputed Developer / Co-op Housing Consortium,Mumbai,Bandra West (Pali Hill & Bandstand),IN,"Elysium, Bandra West (Pali Hill & Bandstand), Mumbai 400050, Maharashtra, India",400050,Gated Residential Society,1,4,P51800035555,19.056598,72.835548,Trophy / Ultra-Prime,osm_maharera_cadastral_enriched,0.92
45ee3980-5704-4acf-8e8e-562d7b90e065,Mimi,mimi,Reputed Developer / Co-op Housing Consortium,Mumbai,Bandra West (Pali Hill & Bandstand),IN,"Mimi, Bandra West (Pali Hill & Bandstand), Mumbai 400050, Maharashtra, India",400050,Gated Residential Society,2,8,P51800020105,19.058509,72.831807,Trophy / Ultra-Prime,osm_maharera_cadastral_enriched,0.92
c13f31ae-9ef9-47ac-a771-d1457781c77c,Chaskar Chawl,chaskar chawl,Reputed Developer / Co-op Housing Consortium,Mumbai,Lower Parel & Mahalaxmi,IN,"Chaskar Chawl, Keshavdada Borkar Road, Lower Parel & Mahalaxmi, Mumbai 400033, Maharashtra, India",400033,Gated Residential Society,1,4,P51900032494,18.980727,72.839754,Trophy / Ultra-Prime,osm_maharera_cadastral_enriched,0.92
221785b0-f824-4573-9b52-a72af34461e3,Colwad House,colwad house,Reputed Developer / Co-op Housing Consortium,Mumbai,Bandra West (Pali Hill & Bandstand),IN,"Colwad House, Bandra West (Pali Hill & Bandstand), Mumbai 400050, Maharashtra, India",400050,Gated Residential Society,1,4,P51800019309,19.054542,72.83446,Trophy / Ultra-Prime,osm_maharera_cadastral_enriched,0.92
ec557b95-b874-4cb6-a848-d7c22f8b6271,Sarkar Castle,sarkar castle,Reputed Developer / Co-op Housing Consortium,Mumbai,Bandra West (Pali Hill & Bandstand),IN,"Sarkar Castle, Bandra West (Pali Hill & Bandstand), Mumbai 400050, Maharashtra, India",400050,Gated Residential Society,6,24,P51800042510,19.055925,72.824521,Trophy / Ultra-Prime,osm_maharera_cadastral_enriched,0.92
73335eaa-8430-4ae1-b5c5-e4ec6a11515d,Joy Legend,joy legend,Reputed Developer / Co-op Housing Consortium,Mumbai,Bandra West (Pali Hill & Bandstand),IN,"Joy Legend, Bandra West (Pali Hill & Bandstand), Mumbai 400050, Maharashtra, India",400050,Luxury High-Rise Tower,19,76,P51800012066,19.070502,72.829087,Trophy / Ultra-Prime,osm_maharera_cadastral_enriched,0.92
f00f9efc-04c1-432c-8042-66b66828de09,Zubeda Villa,zubeda villa,Reputed Developer / Co-op Housing Consortium,Mumbai,Bandra West (Pali Hill & Bandstand),IN,"Zubeda Villa, Bandra West (Pali Hill & Bandstand), Mumbai 400050, Maharashtra, India",400050,Gated Residential Society,5,20,P51800026547,19.056132,72.824248,Trophy / Ultra-Prime,osm_maharera_cadastral_enriched,0.92
475a5c69-d556-44d9-879f-8ed1e72fad90,DSK Durgamata Tower,dsk durgamata tower,Reputed Developer / Co-op Housing Consortium,Mumbai,Colaba & Cuffe Parade,IN,"DSK Durgamata Tower, DSK Lane, Cuffe Parade, Colaba & Cuffe Parade, Mumbai 400005, Maharashtra, India",400005,Ultra-Luxury High-Rise Tower,32,128,P51900057926,18.912933,72.821724,Trophy / Ultra-Prime,osm_maharera_cadastral_enriched,0.92
b609b4dc-98af-48a6-a476-178f1293d464,Advent Building,advent building,Reputed Developer / Co-op Housing Consortium,Mumbai,Marine Drive & Nariman Point,IN,"Advent Building, Marine Drive & Nariman Point, Mumbai 400020, Maharashtra, India",400020,Gated Residential Society,8,32,P51900021514,18.924526,72.826694,Trophy / Ultra-Prime,osm_maharera_cadastral_enriched,0.92
1c05834b-9297-4c82-b02a-118992e7d314,Ashoka Apartments 'B' Block,ashoka apartments b block,Reputed Developer / Co-op Housing Consortium,Mumbai,Colaba & Cuffe Parade,IN,"Ashoka Apartments 'B' Block, Brahmakumaris Marg, Strand Rd, near HNAA Road, Colaba, Colaba & Cuffe Parade, Mumbai 400005, Maharashtra, India",400005,Gated Residential Society,6,24,P51900095758,18.918076,72.830038,Trophy / Ultra-Prime,osm_maharera_cadastral_enriched,0.92
be4cf935-9384-4ecd-84e2-69564f194dfc,Make,make,Reputed Developer / Co-op Housing Consortium,Mumbai,Colaba & Cuffe Parade,IN,"Make, Captain Prakash Pethe Marg, Cuffe Parade, Colaba & Cuffe Parade, Mumbai 400005, Maharashtra, India",400005,Luxury High-Rise Tower,13,52,P51900023708,18.917814,72.817224,Trophy / Ultra-Prime,osm_maharera_cadastral_enriched,0.92
55d20c67-6bb1-4cbb-b5a4-500c4bfcf21e,Amarchand Mansion,amarchand mansion,Reputed Developer / Co-op Housing Consortium,Mumbai,Marine Drive & Nariman Point,IN,"Amarchand Mansion, Liberty Oil Mills, Madame Cama Rd, Dr Ambedkar Statue Chowk Area, Colaba, Marine Drive & Nariman Point, Mumbai 400001, Maharashtra, India",400001,Gated Residential Society,3,12,P51900091370,18.925384,72.830495,Trophy / Ultra-Prime,osm_maharera_cadastral_enriched,0.92
ecd91e0d-c4d2-4677-917c-3a83fa656577,Mittal,mittal,Reputed Developer / Co-op Housing Consortium,Mumbai,Marine Drive & Nariman Point,IN,"Mittal, Barrister Rajni Patel Marg, Nariman Point, Marine Drive & Nariman Point, Mumbai 400021, Maharashtra, India",400021,Luxury High-Rise Tower,16,64,P51900061625,18.925115,72.824474,Trophy / Ultra-Prime,osm_maharera_cadastral_enriched,0.92
cae65c06-9f52-4b01-9324-4f12de049a1e,Om Moreshwar Sadan CHS,om moreshwar sadan chs,Reputed Developer / Co-op Housing Consortium,Mumbai,Colaba & Cuffe Parade,IN,"Om Moreshwar Sadan CHS, Harmos Ji St, Apollo Bandar, Colaba, Colaba & Cuffe Parade, Mumbai 400005, Maharashtra, India",400005,Gated Residential Society,7,28,P51900061413,18.916626,72.828281,Trophy / Ultra-Prime,osm_maharera_cadastral_enriched,0.92
f493347f-7e9a-472f-a7e5-755d85c44f88,Adonai Apartments,adonai apartments,Reputed Developer / Co-op Housing Consortium,Mumbai,Juhu & Vile Parle West,IN,"Adonai Apartments, Juhu & Vile Parle West, Mumbai 400049, Maharashtra, India",400049,Gated Residential Society,2,8,P51800051163,19.108892,72.826392,Trophy / Ultra-Prime,osm_maharera_cadastral_enriched,0.92
8aeb872b-dae2-4101-9d05-04a4e5c54f19,City Pride,city pride,Reputed Developer / Co-op Housing Consortium,Mumbai,Bandra West (Pali Hill & Bandstand),IN,"City Pride, Bandra West (Pali Hill & Bandstand), Mumbai 400050, Maharashtra, India",400050,Luxury High-Rise Tower,17,68,P51800087019,19.074813,72.841819,Trophy / Ultra-Prime,osm_maharera_cadastral_enriched,0.92
0bc2f237-bf88-435a-aa2a-b37b283ae49d,Hsquare Hostel Juhu,hsquare hostel juhu,Reputed Developer / Co-op Housing Consortium,Mumbai,Juhu & Vile Parle West,IN,"Hsquare Hostel Juhu, Juhu & Vile Parle West, Mumbai 400049, Maharashtra, India",400049,Luxury High-Rise Tower,16,64,P51800016095,19.116333,72.836154,Trophy / Ultra-Prime,osm_maharera_cadastral_enriched,0.92
a37820b6-ce89-4591-9fa7-b6c300bcfbf7,Nishika Terrace,nishika terrace,Reputed Developer / Co-op Housing Consortium,Mumbai,Worli & Prabhadevi,IN,"Nishika Terrace, Khan Abdul Gaffar Khan Marg, Worli & Prabhadevi, Mumbai 400030, Maharashtra, India",400030,Luxury High-Rise Tower,16,64,P51900061644,19.009328,72.815494,Trophy / Ultra-Prime,osm_maharera_cadastral_enriched,0.92
9a98df80-c3be-427c-adf2-42d473f1c8dc,Shaad Residency,shaad residency,Reputed Developer / Co-op Housing Consortium,Mumbai,Lower Parel & Mahalaxmi,IN,"Shaad Residency, E.S. Patanwala Marg, Lower Parel & Mahalaxmi, Mumbai 400027, Maharashtra, India",400027,Luxury High-Rise Tower,21,84,P51900058916,18.980624,72.835649,Trophy / Ultra-Prime,osm_maharera_cadastral_enriched,0.92
f1b3a1dc-9980-4ef1-bbe8-f914fbfb5f1b,Palais Royale,palais royale,Reputed Developer / Co-op Housing Consortium,Mumbai,Worli & Prabhadevi,IN,"Palais Royale, Ganapatrao Kadam Marg, Worli & Prabhadevi, Mumbai 400018, Maharashtra, India",400018,Gated Residential Society,3,12,P51900016725,18.999216,72.820404,Trophy / Ultra-Prime,osm_maharera_cadastral_enriched,0.92
0e4bdb2e-11c2-4d58-8bf3-dfbe491220e0,four seasons private residences,four seasons private residences,Reputed Developer / Co-op Housing Consortium,Mumbai,Worli & Prabhadevi,IN,"four seasons private residences, Dr E Moses Marg, Worli & Prabhadevi, Mumbai 400018, Maharashtra, India",400018,Iconic Sky High-Rise Tower,64,256,P51900020984,18.995613,72.820796,Trophy / Ultra-Prime,osm_maharera_cadastral_enriched,0.92
b02f55df-5a73-4b34-9b5f-eafa24e6245a,Emerald,emerald,Reputed Developer / Co-op Housing Consortium,Mumbai,Bandra West (Pali Hill & Bandstand),IN,"Emerald, K C Marg, Bandra West (Pali Hill & Bandstand), Mumbai 400050, Maharashtra, India",400050,Gated Residential Society,7,28,P51800056902,19.048396,72.827046,Trophy / Ultra-Prime,osm_maharera_cadastral_enriched,0.92
44d73ab8-d069-4e62-92bf-2d517d66c860,Kanchan,kanchan,Reputed Developer / Co-op Housing Consortium,Mumbai,Bandra West (Pali Hill & Bandstand),IN,"Kanchan, K C Marg, Bandra West (Pali Hill & Bandstand), Mumbai 400050, Maharashtra, India",400050,Gated Residential Society,7,28,P51800098778,19.048509,72.826759,Trophy / Ultra-Prime,osm_maharera_cadastral_enriched,0.92
7dcab593-8440-4966-99b1-212222dad8ef,Hampton Court,hampton court,Reputed Developer / Co-op Housing Consortium,Mumbai,Colaba & Cuffe Parade,IN,"Hampton Court, Wodehouse Rd, Cuffe Parade, Colaba & Cuffe Parade, Mumbai 400005, Maharashtra, India",400005,Gated Residential Society,5,20,P51900099117,18.912149,72.821584,Trophy / Ultra-Prime,osm_maharera_cadastral_enriched,0.92
0b353483-2a61-4869-b3f6-045fa0124570,S & T Complex,s t complex,Reputed Developer / Co-op Housing Consortium,Mumbai,Colaba & Cuffe Parade,IN,"S & T Complex, Nanabhai Moos Marg, Navy Nagar, Colaba, Colaba & Cuffe Parade, Mumbai 400005, Maharashtra, India",400005,Gated Residential Society,6,24,P51900028477,18.906833,72.815217,Trophy / Ultra-Prime,osm_maharera_cadastral_enriched,0.92
4194cf99-b81a-400e-8b42-3be6d0640e61,York House,york house,Reputed Developer / Co-op Housing Consortium,Mumbai,Marine Drive & Nariman Point,IN,"York House, Henry Road, Marine Drive & Nariman Point, Mumbai 400010, Maharashtra, India",400010,Gated Residential Society,4,16,P51900019238,18.921006,72.831029,Trophy / Ultra-Prime,osm_maharera_cadastral_enriched,0.92
87d34da0-6842-4392-bcdc-8c371de6cf00,Ganesh Krupa,ganesh krupa,Reputed Developer / Co-op Housing Consortium,Mumbai,Worli & Prabhadevi,IN,"Ganesh Krupa, R B Anant Desi Marg, Worli & Prabhadevi, Mumbai 400025, Maharashtra, India",400025,Gated Residential Society,5,20,P51900010945,19.010839,72.827491,Trophy / Ultra-Prime,osm_maharera_cadastral_enriched,0.92
6e84ed01-314f-413d-b40c-097152b0b5dc,Bandra West,bandra west,Reputed Developer / Co-op Housing Consortium,Mumbai,Bandra West (Pali Hill & Bandstand),IN,"Bandra West, Bandra West (Pali Hill & Bandstand), Mumbai 400050, Maharashtra, India",400050,Gated Residential Society,0,48,P51800048241,19.058336,72.830267,Trophy / Ultra-Prime,osm_maharera_cadastral_enriched,0.88
4a37e386-5d80-4e88-96a2-21e07e278c03,Purnima,purnima,Reputed Developer / Co-op Housing Consortium,Mumbai,Malabar Hill & Walkeshwar,IN,"Purnima, Malabar Hill & Walkeshwar, Mumbai 400006, Maharashtra, India",400006,Gated Residential Society,0,48,P51900076862,18.952096,72.802376,Trophy / Ultra-Prime,osm_maharera_cadastral_enriched,0.88
17504057-383c-43a5-9f35-e7d5b6490c85,M-Block,m block,Reputed Developer / Co-op Housing Consortium,Mumbai,Juhu & Vile Parle West,IN,"M-Block, Swami Vivekanand Road, Juhu & Vile Parle West, Mumbai 400058, Maharashtra, India",400058,Gated Residential Society,0,48,P51800097906,19.114857,72.84446,Trophy / Ultra-Prime,osm_maharera_cadastral_enriched,0.88
8c792530-8de3-4599-b91b-13f284392df3,Giriraj,giriraj,Reputed Developer / Co-op Housing Consortium,Mumbai,Malabar Hill & Walkeshwar,IN,"Giriraj, 11 Altamount Road, Malabar Hill & Walkeshwar, Mumbai 400028, Maharashtra, India",400028,Gated Residential Society,0,48,P51900017969,18.966614,72.809584,Trophy / Ultra-Prime,osm_maharera_cadastral_enriched,0.88
92122fac-0be4-488c-b2dd-812136821a0c,Sai Ashish Apartment,sai ashish apartment,Reputed Developer / Co-op Housing Consortium,Mumbai,Powai (Hiranandani Gardens),IN,"Sai Ashish Apartment, Powai (Hiranandani Gardens), Mumbai 400076, Maharashtra, India",400076,Gated Residential Society,0,48,P51800020440,19.111639,72.929834,Trophy / Ultra-Prime,osm_maharera_cadastral_enriched,0.88
e88334a3-c7f7-4df0-bc93-90e816514b22,Matulya Centre,matulya centre,Reputed Developer / Co-op Housing Consortium,Mumbai,Worli & Prabhadevi,IN,"Matulya Centre, Worli & Prabhadevi, Mumbai 400018, Maharashtra, India",400018,Gated Residential Society,0,48,P51900077508,18.998873,72.827537,Trophy / Ultra-Prime,osm_maharera_cadastral_enriched,0.88
d821f1ad-abff-414e-bae0-c76699c05f9d,Kakkad Arcade,kakkad arcade,Reputed Developer / Co-op Housing Consortium,Mumbai,Marine Drive & Nariman Point,IN,"Kakkad Arcade, New Marine Lines, Marine Drive & Nariman Point, Mumbai 400020, Maharashtra, India",400020,Gated Residential Society,0,48,P51900023505,18.941467,72.8277,Trophy / Ultra-Prime,osm_maharera_cadastral_enriched,0.88
b94a2774-b5ab-4f20-b6f7-c39679afcbed,Bharat House,bharat house,Reputed Developer / Co-op Housing Consortium,Mumbai,Marine Drive & Nariman Point,IN,"Bharat House, Marine Drive & Nariman Point, Mumbai 400020, Maharashtra, India",400020,Gated Residential Society,0,48,P51900076864,18.928642,72.833792,Trophy / Ultra-Prime,osm_maharera_cadastral_enriched,0.88
c9a3f287-d8e4-432e-803b-3cb3f7596aea,Sanwa House,sanwa house,Reputed Developer / Co-op Housing Consortium,Mumbai,Marine Drive & Nariman Point,IN,"Sanwa House, Marine Drive & Nariman Point, Mumbai 400020, Maharashtra, India",400020,Gated Residential Society,0,48,P51900060043,18.929201,72.833973,Trophy / Ultra-Prime,osm_maharera_cadastral_enriched,0.88
74a9d14b-3ed7-4bc7-a04d-be6429f7bc78,Khar Dreamland,khar dreamland,Reputed Developer / Co-op Housing Consortium,Mumbai,Bandra West (Pali Hill & Bandstand),IN,"Khar Dreamland, Bandra West (Pali Hill & Bandstand), Mumbai 400050, Maharashtra, India",400050,Gated Residential Society,0,48,P51800092728,19.073573,72.833934,Trophy / Ultra-Prime,osm_maharera_cadastral_enriched,0.88
982676e3-c9b1-4164-a636-d41c54e15e4a,Shivraj Heigths,shivraj heigths,Reputed Developer / Co-op Housing Consortium,Mumbai,Bandra West (Pali Hill & Bandstand),IN,"Shivraj Heigths, Bandra West (Pali Hill & Bandstand), Mumbai 400050, Maharashtra, India",400050,Gated Residential Society,0,48,P51800017282,19.073909,72.833952,Trophy / Ultra-Prime,osm_maharera_cadastral_enriched,0.88
44e9c8b9-b809-4d1e-b14d-4c396c2f6972,BLUE BELL RESIDENCY,blue bell residency,Reputed Developer / Co-op Housing Consortium,Mumbai,Powai (Hiranandani Gardens),IN,"BLUE BELL RESIDENCY, Powai (Hiranandani Gardens), Mumbai 400076, Maharashtra, India",400076,Gated Residential Society,0,48,P51800040143,19.110301,72.89735,Trophy / Ultra-Prime,osm_maharera_cadastral_enriched,0.88
c42fbdb4-d12e-413b-85c5-cba69b283163,Garnet Villa,garnet villa,Reputed Developer / Co-op Housing Consortium,Mumbai,Bandra West (Pali Hill & Bandstand),IN,"Garnet Villa, Chuim Village Road, Bandra West (Pali Hill & Bandstand), Mumbai 400052, Maharashtra, India",400052,Gated Residential Society,0,48,P51800069547,19.07317,72.82563,Trophy / Ultra-Prime,osm_maharera_cadastral_enriched,0.88
0612ebd7-936e-4a85-a00b-7a43715d5ed2,Galaxy,galaxy,Reputed Developer / Co-op Housing Consortium,Mumbai,Bandra West (Pali Hill & Bandstand),IN,"Galaxy, Byramji Jeejeebhoy Road, Bandra West (Pali Hill & Bandstand), Mumbai 400050, Maharashtra, India",400050,Gated Residential Society,0,48,P51800062806,19.054035,72.823484,Trophy / Ultra-Prime,osm_maharera_cadastral_enriched,0.88
3091d69a-dfd5-4da2-8051-8dba4be0ef34,Vishranti Housing Society,vishranti housing society,Reputed Developer / Co-op Housing Consortium,Mumbai,Powai (Hiranandani Gardens),IN,"Vishranti Housing Society, Powai (Hiranandani Gardens), Mumbai 400076, Maharashtra, India",400076,Gated Residential Society,0,48,P51800017963,19.127506,72.91925,Trophy / Ultra-Prime,osm_maharera_cadastral_enriched,0.88
bf35f144-08ce-4ee4-a9e0-ab3ac6eaca85,Powai Adarsh Society,powai adarsh society,Reputed Developer / Co-op Housing Consortium,Mumbai,Powai (Hiranandani Gardens),IN,"Powai Adarsh Society, Powai (Hiranandani Gardens), Mumbai 400076, Maharashtra, India",400076,Gated Residential Society,0,48,P51800085468,19.127519,72.919249,Trophy / Ultra-Prime,osm_maharera_cadastral_enriched,0.88
bff48e48-57b2-42a1-bdfc-8839d41a1a0c,Shri Krishna niwas,shri krishna niwas,Reputed Developer / Co-op Housing Consortium,Mumbai,Powai (Hiranandani Gardens),IN,"Shri Krishna niwas, Powai (Hiranandani Gardens), Mumbai 400076, Maharashtra, India",400076,Gated Residential Society,0,48,P51800044390,19.125944,72.91929,Trophy / Ultra-Prime,osm_maharera_cadastral_enriched,0.88
823693bb-ac84-4051-a3fc-e7dad18ede7e,Gautam Niwav,gautam niwav,Reputed Developer / Co-op Housing Consortium,Mumbai,Powai (Hiranandani Gardens),IN,"Gautam Niwav, Powai (Hiranandani Gardens), Mumbai 400076, Maharashtra, India",400076,Gated Residential Society,0,48,P51800012099,19.126878,72.91926,Trophy / Ultra-Prime,osm_maharera_cadastral_enriched,0.88
a5382d67-ee92-4f78-840d-0ea74e47b725,Bhella Cottage,bhella cottage,Reputed Developer / Co-op Housing Consortium,Mumbai,Powai (Hiranandani Gardens),IN,"Bhella Cottage, Powai (Hiranandani Gardens), Mumbai 400076, Maharashtra, India",400076,Gated Residential Society,0,48,P51800043903,19.127184,72.919226,Trophy / Ultra-Prime,osm_maharera_cadastral_enriched,0.88
601247bf-e26c-425d-9682-5d1c349a9366,jalvayu vihar,jalvayu vihar,Reputed Developer / Co-op Housing Consortium,Mumbai,Powai (Hiranandani Gardens),IN,"jalvayu vihar, hiranandani, Powai (Hiranandani Gardens), Mumbai 400076, Maharashtra, India",400076,Gated Residential Society,0,48,P51800079171,19.11747,72.905222,Trophy / Ultra-Prime,osm_maharera_cadastral_enriched,0.88
2c2b6e37-5d17-4e85-9463-15d39cea0bb0,Maharashtra Vidhan Bhavan,maharashtra vidhan bhavan,Reputed Developer / Co-op Housing Consortium,Mumbai,Marine Drive & Nariman Point,IN,"Maharashtra Vidhan Bhavan, Marine Drive & Nariman Point, Mumbai 400020, Maharashtra, India",400020,Gated Residential Society,0,48,P51900024675,18.926062,72.824207,Trophy / Ultra-Prime,osm_maharera_cadastral_enriched,0.88
32a85729-69df-46a2-9b49-8a14c5dc9c3b,Bombay Stock Exchange,bombay stock exchange,Reputed Developer / Co-op Housing Consortium,Mumbai,Marine Drive & Nariman Point,IN,"Bombay Stock Exchange, Marine Drive & Nariman Point, Mumbai 400020, Maharashtra, India",400020,Gated Residential Society,0,48,P51900031251,18.929862,72.8333,Trophy / Ultra-Prime,osm_maharera_cadastral_enriched,0.88
0128529f-c948-44b1-9e7d-7869b0e5147c,Gitanjali Garden,gitanjali garden,Reputed Developer / Co-op Housing Consortium,Mumbai,Malabar Hill & Walkeshwar,IN,"Gitanjali Garden, Malabar Hill & Walkeshwar, Mumbai 400006, Maharashtra, India",400006,Gated Residential Society,0,48,P51900087853,18.954463,72.796184,Trophy / Ultra-Prime,osm_maharera_cadastral_enriched,0.88
fdfe7103-0a19-484d-8c71-a14aae901527,Regency Hotel,regency hotel,Reputed Developer / Co-op Housing Consortium,Mumbai,Malabar Hill & Walkeshwar,IN,"Regency Hotel, Malabar Hill & Walkeshwar, Mumbai 400006, Maharashtra, India",400006,Gated Residential Society,0,48,P51900033062,18.954019,72.798085,Trophy / Ultra-Prime,osm_maharera_cadastral_enriched,0.88
b1b716ee-4ff0-45e8-9cad-498b40666956,Dariya Mahal 3,dariya mahal 3,Reputed Developer / Co-op Housing Consortium,Mumbai,Malabar Hill & Walkeshwar,IN,"Dariya Mahal 3, Malabar Hill & Walkeshwar, Mumbai 400006, Maharashtra, India",400006,Gated Residential Society,0,48,P51900044778,18.953827,72.796797,Trophy / Ultra-Prime,osm_maharera_cadastral_enriched,0.88
aa909213-29ea-4157-b590-8793d9d938b3,Sagar Kunj,sagar kunj,Reputed Developer / Co-op Housing Consortium,Mumbai,Malabar Hill & Walkeshwar,IN,"Sagar Kunj, Malabar Hill & Walkeshwar, Mumbai 400006, Maharashtra, India",400006,Gated Residential Society,0,48,P51900072856,18.953862,72.79751,Trophy / Ultra-Prime,osm_maharera_cadastral_enriched,0.88
43c9bc3c-f476-4ed6-90f6-3c54ff6a62c7,Hanuman Bhavan,hanuman bhavan,Reputed Developer / Co-op Housing Consortium,Mumbai,Malabar Hill & Walkeshwar,IN,"Hanuman Bhavan, Malabar Hill & Walkeshwar, Mumbai 400006, Maharashtra, India",400006,Gated Residential Society,0,48,P51900086468,18.953614,72.797354,Trophy / Ultra-Prime,osm_maharera_cadastral_enriched,0.88
e8ef14b7-74ee-436d-8cd0-70bd1a5f3fcf,Madhu Kunj,madhu kunj,Reputed Developer / Co-op Housing Consortium,Mumbai,Malabar Hill & Walkeshwar,IN,"Madhu Kunj, Malabar Hill & Walkeshwar, Mumbai 400006, Maharashtra, India",400006,Gated Residential Society,0,48,P51900026572,18.952241,72.79555,Trophy / Ultra-Prime,osm_maharera_cadastral_enriched,0.88
1298598b-58eb-468d-8caf-69d3a069b900,Seva Sadan,seva sadan,Reputed Developer / Co-op Housing Consortium,Mumbai,Malabar Hill & Walkeshwar,IN,"Seva Sadan, Malabar Hill & Walkeshwar, Mumbai 400006, Maharashtra, India",400006,Gated Residential Society,0,48,P51900074608,18.951304,72.794612,Trophy / Ultra-Prime,osm_maharera_cadastral_enriched,0.88
a3014480-ae3c-40cf-8e36-b0b88303ee3b,Bharat Villa,bharat villa,Reputed Developer / Co-op Housing Consortium,Mumbai,Malabar Hill & Walkeshwar,IN,"Bharat Villa, Malabar Hill & Walkeshwar, Mumbai 400006, Maharashtra, India",400006,Gated Residential Society,0,48,P51900065915,18.95214,72.794424,Trophy / Ultra-Prime,osm_maharera_cadastral_enriched,0.88
0aafb8d8-edf9-4a31-8c27-3fd4c8aea463,Symphony,symphony,Reputed Developer / Co-op Housing Consortium,Mumbai,Malabar Hill & Walkeshwar,IN,"Symphony, Malabar Hill & Walkeshwar, Mumbai 400006, Maharashtra, India",400006,Gated Residential Society,0,48,P51900054919,18.953206,72.797127,Trophy / Ultra-Prime,osm_maharera_cadastral_enriched,0.88
8664aa6a-cad3-49a9-802b-5584e2581b27,Tulip,tulip,Reputed Developer / Co-op Housing Consortium,Mumbai,Malabar Hill & Walkeshwar,IN,"Tulip, Malabar Hill & Walkeshwar, Mumbai 400006, Maharashtra, India",400006,Gated Residential Society,0,48,P51900099560,18.95427,72.798259,Trophy / Ultra-Prime,osm_maharera_cadastral_enriched,0.88
20b1be76-e1c2-4be7-a357-448fae3583c2,Shimla Nagar,shimla nagar,Reputed Developer / Co-op Housing Consortium,Mumbai,Malabar Hill & Walkeshwar,IN,"Shimla Nagar, Malabar Hill & Walkeshwar, Mumbai 400006, Maharashtra, India",400006,Gated Residential Society,0,48,P51900048893,18.959464,72.802432,Trophy / Ultra-Prime,osm_maharera_cadastral_enriched,0.88
5a5443d4-f77a-4960-9b5d-25f0107b91fd,All Saints Church,all saints church,Reputed Developer / Co-op Housing Consortium,Mumbai,Malabar Hill & Walkeshwar,IN,"All Saints Church, Malabar Hill & Walkeshwar, Mumbai 400006, Maharashtra, India",400006,Gated Residential Society,0,48,P51900066018,18.955831,72.803468,Trophy / Ultra-Prime,osm_maharera_cadastral_enriched,0.88
1ad73636-dd1f-4e7c-9912-d4ae9f120b7a,Fair View,fair view,Reputed Developer / Co-op Housing Consortium,Mumbai,Malabar Hill & Walkeshwar,IN,"Fair View, Malabar Hill & Walkeshwar, Mumbai 400006, Maharashtra, India",400006,Gated Residential Society,0,48,P51900062479,18.953024,72.80264,Trophy / Ultra-Prime,osm_maharera_cadastral_enriched,0.88
f93b8c74-193c-4ad5-ba0a-6e853e15997d,Ridge Road shops,ridge road shops,Reputed Developer / Co-op Housing Consortium,Mumbai,Malabar Hill & Walkeshwar,IN,"Ridge Road shops, Malabar Hill & Walkeshwar, Mumbai 400006, Maharashtra, India",400006,Gated Residential Society,0,48,P51900065045,18.95384,72.803337,Trophy / Ultra-Prime,osm_maharera_cadastral_enriched,0.88
3ee9a77f-f002-4661-8510-8109997b0e57,Arcil,arcil,Reputed Developer / Co-op Housing Consortium,Mumbai,Malabar Hill & Walkeshwar,IN,"Arcil, Malabar Hill & Walkeshwar, Mumbai 400006, Maharashtra, India",400006,Gated Residential Society,0,48,P51900097506,18.962563,72.812685,Trophy / Ultra-Prime,osm_maharera_cadastral_enriched,0.88
05a2f271-6987-4a52-a04c-2de3bcdd0ede,Gowalia Tank Fire Station,gowalia tank fire station,Reputed Developer / Co-op Housing Consortium,Mumbai,Malabar Hill & Walkeshwar,IN,"Gowalia Tank Fire Station, Malabar Hill & Walkeshwar, Mumbai 400006, Maharashtra, India",400006,Gated Residential Society,0,48,P51900073815,18.96172,72.812734,Trophy / Ultra-Prime,osm_maharera_cadastral_enriched,0.88
af4fd6f8-5a3d-4233-951c-b65c5c9e3507,Gamdevi Police Station,gamdevi police station,Reputed Developer / Co-op Housing Consortium,Mumbai,Malabar Hill & Walkeshwar,IN,"Gamdevi Police Station, Malabar Hill & Walkeshwar, Mumbai 400006, Maharashtra, India",400006,Gated Residential Society,0,48,P51900027475,18.960523,72.812359,Trophy / Ultra-Prime,osm_maharera_cadastral_enriched,0.88
5eef0128-d5b8-4395-885c-282a0f4ce271,Barry Villa,barry villa,Reputed Developer / Co-op Housing Consortium,Mumbai,Malabar Hill & Walkeshwar,IN,"Barry Villa, Malabar Hill & Walkeshwar, Mumbai 400006, Maharashtra, India",400006,Gated Residential Society,0,48,P51900078709,18.961412,72.809707,Trophy / Ultra-Prime,osm_maharera_cadastral_enriched,0.88
e7e3e05e-5007-4b48-9993-0a94f5dd220c,Pandita Ramabai Hostel,pandita ramabai hostel,Reputed Developer / Co-op Housing Consortium,Mumbai,Malabar Hill & Walkeshwar,IN,"Pandita Ramabai Hostel, Malabar Hill & Walkeshwar, Mumbai 400006, Maharashtra, India",400006,Gated Residential Society,0,48,P51900042867,18.960953,72.811325,Trophy / Ultra-Prime,osm_maharera_cadastral_enriched,0.88
9dd5fd90-1443-42bd-bda9-aedcf0f798c4,Alexandra House,alexandra house,Reputed Developer / Co-op Housing Consortium,Mumbai,Malabar Hill & Walkeshwar,IN,"Alexandra House, Malabar Hill & Walkeshwar, Mumbai 400006, Maharashtra, India",400006,Gated Residential Society,0,48,P51900087415,18.961393,72.8106,Trophy / Ultra-Prime,osm_maharera_cadastral_enriched,0.88
4ad1fda0-bb82-4f14-9747-82f65beb8a73,Arya Mahila Samaj Hostel,arya mahila samaj hostel,Reputed Developer / Co-op Housing Consortium,Mumbai,Malabar Hill & Walkeshwar,IN,"Arya Mahila Samaj Hostel, Malabar Hill & Walkeshwar, Mumbai 400006, Maharashtra, India",400006,Gated Residential Society,0,48,P51900054612,18.960532,72.811237,Trophy / Ultra-Prime,osm_maharera_cadastral_enriched,0.88
94df9c81-af59-40ea-94ee-788c45f398d1,Modi Sorabji Vachaghandhy Agiary,modi sorabji vachaghandhy agiary,Reputed Developer / Co-op Housing Consortium,Mumbai,Malabar Hill & Walkeshwar,IN,"Modi Sorabji Vachaghandhy Agiary, Malabar Hill & Walkeshwar, Mumbai 400006, Maharashtra, India",400006,Gated Residential Society,0,48,P51900078378,18.959093,72.81028,Trophy / Ultra-Prime,osm_maharera_cadastral_enriched,0.88
7d156b35-f36e-4240-abc5-eb05774036ab,Lakheni,lakheni,Reputed Developer / Co-op Housing Consortium,Mumbai,Malabar Hill & Walkeshwar,IN,"Lakheni, Malabar Hill & Walkeshwar, Mumbai 400006, Maharashtra, India",400006,Gated Residential Society,0,48,P51900058451,18.957271,72.809416,Trophy / Ultra-Prime,osm_maharera_cadastral_enriched,0.88
6db04002-146e-43d4-b0c0-34517037470b,Makichan Hall,makichan hall,Reputed Developer / Co-op Housing Consortium,Mumbai,Malabar Hill & Walkeshwar,IN,"Makichan Hall, Malabar Hill & Walkeshwar, Mumbai 400006, Maharashtra, India",400006,Gated Residential Society,0,48,P51900057052,18.956789,72.809898,Trophy / Ultra-Prime,osm_maharera_cadastral_enriched,0.88
6631277a-f599-4bad-9152-e211403896dc,Asiatic Club,asiatic club,Reputed Developer / Co-op Housing Consortium,Mumbai,Malabar Hill & Walkeshwar,IN,"Asiatic Club, Malabar Hill & Walkeshwar, Mumbai 400006, Maharashtra, India",400006,Gated Residential Society,0,48,P51900025348,18.95605,72.808746,Trophy / Ultra-Prime,osm_maharera_cadastral_enriched,0.88
7761cfa8-43f9-447b-a9a7-c00691a75c74,Bombay International School Association,bombay international school association,Reputed Developer / Co-op Housing Consortium,Mumbai,Malabar Hill & Walkeshwar,IN,"Bombay International School Association, Malabar Hill & Walkeshwar, Mumbai 400006, Maharashtra, India",400006,Gated Residential Society,0,48,P51900021060,18.956845,72.808746,Trophy / Ultra-Prime,osm_maharera_cadastral_enriched,0.88
04854716-8d42-4f56-94c2-6fc96a5bc6dc,Ruxmani Lying in Hospital,ruxmani lying in hospital,Reputed Developer / Co-op Housing Consortium,Mumbai,Malabar Hill & Walkeshwar,IN,"Ruxmani Lying in Hospital, Malabar Hill & Walkeshwar, Mumbai 400006, Maharashtra, India",400006,Gated Residential Society,0,48,P51900091651,18.957731,72.809274,Trophy / Ultra-Prime,osm_maharera_cadastral_enriched,0.88
2306e8e8-88a3-4103-a7ac-72dcd2c74965,Babunath Temple,babunath temple,Reputed Developer / Co-op Housing Consortium,Mumbai,Malabar Hill & Walkeshwar,IN,"Babunath Temple, Malabar Hill & Walkeshwar, Mumbai 400006, Maharashtra, India",400006,Gated Residential Society,0,48,P51900020479,18.958748,72.808568,Trophy / Ultra-Prime,osm_maharera_cadastral_enriched,0.88
d987dcaf-3353-4f42-938c-7d3c67c56a79,Cinnabon,cinnabon,Reputed Developer / Co-op Housing Consortium,Mumbai,Malabar Hill & Walkeshwar,IN,"Cinnabon, P Ramabai Marg, Malabar Hill & Walkeshwar, Mumbai 400007, Maharashtra, India",400007,Gated Residential Society,0,48,P51900099830,18.960698,72.81259,Trophy / Ultra-Prime,osm_maharera_cadastral_enriched,0.88
156afb64-54be-442c-bca0-60030e0109f4,Seva Sedan Society,seva sedan society,Reputed Developer / Co-op Housing Consortium,Mumbai,Malabar Hill & Walkeshwar,IN,"Seva Sedan Society, Malabar Hill & Walkeshwar, Mumbai 400006, Maharashtra, India",400006,Gated Residential Society,0,48,P51900099041,18.960827,72.812513,Trophy / Ultra-Prime,osm_maharera_cadastral_enriched,0.88
01dccbf6-8121-4b70-9ac8-f48101e3c99e,Traffic Police,traffic police,Reputed Developer / Co-op Housing Consortium,Mumbai,Malabar Hill & Walkeshwar,IN,"Traffic Police, Malabar Hill & Walkeshwar, Mumbai 400006, Maharashtra, India",400006,Gated Residential Society,0,48,P51900090598,18.961555,72.812837,Trophy / Ultra-Prime,osm_maharera_cadastral_enriched,0.88
516ec0d3-2ed2-4920-a790-6b2423e05a44,Nana Chowk Public Dispensary,nana chowk public dispensary,Reputed Developer / Co-op Housing Consortium,Mumbai,Malabar Hill & Walkeshwar,IN,"Nana Chowk Public Dispensary, Malabar Hill & Walkeshwar, Mumbai 400006, Maharashtra, India",400006,Gated Residential Society,0,48,P51900014139,18.961246,72.812884,Trophy / Ultra-Prime,osm_maharera_cadastral_enriched,0.88
5028001a-f524-4cb9-9cbe-f75507b795ec,Temple View,temple view,Reputed Developer / Co-op Housing Consortium,Mumbai,Malabar Hill & Walkeshwar,IN,"Temple View, Malabar Hill & Walkeshwar, Mumbai 400006, Maharashtra, India",400006,Gated Residential Society,0,48,P51900051981,18.960263,72.809568,Trophy / Ultra-Prime,osm_maharera_cadastral_enriched,0.88
95db0f87-ba7a-49a0-9aa0-d0a6af75d839,Shanti Sadan,shanti sadan,Reputed Developer / Co-op Housing Consortium,Mumbai,Malabar Hill & Walkeshwar,IN,"Shanti Sadan, Malabar Hill & Walkeshwar, Mumbai 400006, Maharashtra, India",400006,Gated Residential Society,0,48,P51900035290,18.960079,72.809791,Trophy / Ultra-Prime,osm_maharera_cadastral_enriched,0.88
136d363f-30af-43b0-914d-bbed2497e631,Anchorage,anchorage,Reputed Developer / Co-op Housing Consortium,Mumbai,Malabar Hill & Walkeshwar,IN,"Anchorage, Malabar Hill & Walkeshwar, Mumbai 400006, Maharashtra, India",400006,Gated Residential Society,0,48,P51900029673,18.959857,72.810104,Trophy / Ultra-Prime,osm_maharera_cadastral_enriched,0.88
8c57de69-3918-4733-934b-6d064526cf67,Diamond House,diamond house,Reputed Developer / Co-op Housing Consortium,Mumbai,Malabar Hill & Walkeshwar,IN,"Diamond House, Malabar Hill & Walkeshwar, Mumbai 400006, Maharashtra, India",400006,Gated Residential Society,0,48,P51900040451,18.95975,72.81027,Trophy / Ultra-Prime,osm_maharera_cadastral_enriched,0.88
c5501998-e717-4c43-bde0-59eba1b7f4df,BM Ruia Girls College,bm ruia girls college,Reputed Developer / Co-op Housing Consortium,Mumbai,Malabar Hill & Walkeshwar,IN,"BM Ruia Girls College, Malabar Hill & Walkeshwar, Mumbai 400006, Maharashtra, India",400006,Gated Residential Society,0,48,P51900062766,18.959695,72.810409,Trophy / Ultra-Prime,osm_maharera_cadastral_enriched,0.88
3705ff1b-2e47-445b-817f-236e2bc96815,Basilico,basilico,Reputed Developer / Co-op Housing Consortium,Mumbai,Colaba & Cuffe Parade,IN,"Basilico, Colaba & Cuffe Parade, Mumbai 400005, Maharashtra, India",400005,Gated Residential Society,0,48,P51900080730,18.918771,72.830476,Trophy / Ultra-Prime,osm_maharera_cadastral_enriched,0.88
ea70fb93-542b-4414-87e4-c37593ddddd9,Allana House,allana house,Reputed Developer / Co-op Housing Consortium,Mumbai,Marine Drive & Nariman Point,IN,"Allana House, Marine Drive & Nariman Point, Mumbai 400020, Maharashtra, India",400020,Gated Residential Society,0,48,P51900045173,18.921152,72.831689,Trophy / Ultra-Prime,osm_maharera_cadastral_enriched,0.88
41188d46-4bf4-4cd3-baa9-8b94e038dc6e,Spencer Building,spencer building,Reputed Developer / Co-op Housing Consortium,Mumbai,Malabar Hill & Walkeshwar,IN,"Spencer Building, Forjet Street, Malabar Hill & Walkeshwar, Mumbai 400006, Maharashtra, India",400006,Gated Residential Society,0,48,P51900024160,18.965365,72.811582,Trophy / Ultra-Prime,osm_maharera_cadastral_enriched,0.88
b8122b5d-1a88-42c2-b4ef-af6e15539b94,LIC,lic,Reputed Developer / Co-op Housing Consortium,Mumbai,Marine Drive & Nariman Point,IN,"LIC, Marine Drive & Nariman Point, Mumbai 400020, Maharashtra, India",400020,Gated Residential Society,0,48,P51900035272,18.929515,72.823829,Trophy / Ultra-Prime,osm_maharera_cadastral_enriched,0.88
a12e02b7-3b43-46b7-84b6-bde6e7d2a4f5,Podar Mills,podar mills,Reputed Developer / Co-op Housing Consortium,Mumbai,Worli & Prabhadevi,IN,"Podar Mills, Worli & Prabhadevi, Mumbai 400018, Maharashtra, India",400018,Gated Residential Society,0,48,P51900061732,18.989601,72.830442,Trophy / Ultra-Prime,osm_maharera_cadastral_enriched,0.88
0f0a8e0b-ac39-46b3-a918-e108a22c2f02,Balmoral Villa,balmoral villa,Reputed Developer / Co-op Housing Consortium,Mumbai,Cumballa Hill & Breach Candy,IN,"Balmoral Villa, Cumballa Hill & Breach Candy, Mumbai 400026, Maharashtra, India",400026,Gated Residential Society,0,48,P51900081467,18.970909,72.805148,Trophy / Ultra-Prime,osm_maharera_cadastral_enriched,0.88
e87046cb-1d55-4873-aebe-63dd911483dd,Glamis Villa,glamis villa,Reputed Developer / Co-op Housing Consortium,Mumbai,Cumballa Hill & Breach Candy,IN,"Glamis Villa, Cumballa Hill & Breach Candy, Mumbai 400026, Maharashtra, India",400026,Gated Residential Society,0,48,P51900047558,18.970873,72.805382,Trophy / Ultra-Prime,osm_maharera_cadastral_enriched,0.88
10661f83-0ab9-49db-9cb9-ad8bf7e64236,Noor Ville,noor ville,Reputed Developer / Co-op Housing Consortium,Mumbai,Cumballa Hill & Breach Candy,IN,"Noor Ville, Cumballa Hill & Breach Candy, Mumbai 400026, Maharashtra, India",400026,Gated Residential Society,0,48,P51900095322,18.970826,72.805622,Trophy / Ultra-Prime,osm_maharera_cadastral_enriched,0.88
6471b97e-f3fd-4257-ba84-14d14c54faf5,Maa Hajjani Masjid and Dargah,maa hajjani masjid and dargah,Reputed Developer / Co-op Housing Consortium,Mumbai,Worli & Prabhadevi,IN,"Maa Hajjani Masjid and Dargah, Worli & Prabhadevi, Mumbai 400018, Maharashtra, India",400018,Gated Residential Society,0,48,P51900077448,18.987428,72.811513,Trophy / Ultra-Prime,osm_maharera_cadastral_enriched,0.88
8938dee9-f887-4566-a0ce-14bfa78e535d,Lotus Court,lotus court,Reputed Developer / Co-op Housing Consortium,Mumbai,Worli & Prabhadevi,IN,"Lotus Court, Worli & Prabhadevi, Mumbai 400018, Maharashtra, India",400018,Gated Residential Society,0,48,P51900064788,18.988453,72.814339,Trophy / Ultra-Prime,osm_maharera_cadastral_enriched,0.88
f6d1fb23-24db-407e-9c68-a9fa634de3d9,Lotus House,lotus house,Reputed Developer / Co-op Housing Consortium,Mumbai,Worli & Prabhadevi,IN,"Lotus House, Worli & Prabhadevi, Mumbai 400018, Maharashtra, India",400018,Gated Residential Society,0,48,P51900037454,18.987668,72.814211,Trophy / Ultra-Prime,osm_maharera_cadastral_enriched,0.88
3b131b9d-716e-4d97-947b-68917effdbc7,Poonam Appartments - D wing,poonam appartments d wing,Reputed Developer / Co-op Housing Consortium,Mumbai,Worli & Prabhadevi,IN,"Poonam Appartments - D wing, Worli & Prabhadevi, Mumbai 400018, Maharashtra, India",400018,Gated Residential Society,0,48,P51900022184,18.989623,72.812995,Trophy / Ultra-Prime,osm_maharera_cadastral_enriched,0.88
14fbd31e-f46b-4a78-99bd-ebdd3667a856,West End Hotel,west end hotel,Reputed Developer / Co-op Housing Consortium,Mumbai,Marine Drive & Nariman Point,IN,"West End Hotel, Marine Drive & Nariman Point, Mumbai 400020, Maharashtra, India",400020,Gated Residential Society,0,48,P51900076727,18.940565,72.827489,Trophy / Ultra-Prime,osm_maharera_cadastral_enriched,0.88
d4a4f5e5-dc94-4aeb-a6e8-efad6dd3f92b,Lynnewood House,lynnewood house,Reputed Developer / Co-op Housing Consortium,Mumbai,Malabar Hill & Walkeshwar,IN,"Lynnewood House, Malabar Hill & Walkeshwar, Mumbai 400006, Maharashtra, India",400006,Gated Residential Society,0,48,P51900021931,18.96846,72.806578,Trophy / Ultra-Prime,osm_maharera_cadastral_enriched,0.88
0bd69fc2-0bcc-439c-875c-9b51e4bef51e,HD Saher Agiary,hd saher agiary,Reputed Developer / Co-op Housing Consortium,Mumbai,Cumballa Hill & Breach Candy,IN,"HD Saher Agiary, Cumballa Hill & Breach Candy, Mumbai 400026, Maharashtra, India",400026,Gated Residential Society,0,48,P51900014996,18.97226,72.807808,Trophy / Ultra-Prime,osm_maharera_cadastral_enriched,0.88
f9211cc7-08c0-4375-966b-fc5042c0ca25,Zopadpatti,zopadpatti,Reputed Developer / Co-op Housing Consortium,Mumbai,Malabar Hill & Walkeshwar,IN,"Zopadpatti, Malabar Hill & Walkeshwar, Mumbai 400006, Maharashtra, India",400006,Gated Residential Society,0,48,P51900077159,18.955772,72.796472,Trophy / Ultra-Prime,osm_maharera_cadastral_enriched,0.88
d873e328-ec95-4b80-bfd1-25d5634026b1,Siddharth Nagar,siddharth nagar,Reputed Developer / Co-op Housing Consortium,Mumbai,Worli & Prabhadevi,IN,"Siddharth Nagar, Worli & Prabhadevi, Mumbai 400018, Maharashtra, India",400018,Gated Residential Society,0,48,P51900086915,18.99972,72.815602,Trophy / Ultra-Prime,osm_maharera_cadastral_enriched,0.88
48027699-e2d8-4b38-9555-05523510942d,Lotus Colony,lotus colony,Reputed Developer / Co-op Housing Consortium,Mumbai,Worli & Prabhadevi,IN,"Lotus Colony, Worli & Prabhadevi, Mumbai 400018, Maharashtra, India",400018,Gated Residential Society,0,48,P51900094487,18.987309,72.81604,Trophy / Ultra-Prime,osm_maharera_cadastral_enriched,0.88
158f4995-99fc-49e4-9ac4-32ff00017f35,Dabhanga Mansion,dabhanga mansion,Reputed Developer / Co-op Housing Consortium,Mumbai,Cumballa Hill & Breach Candy,IN,"Dabhanga Mansion, Cumballa Hill & Breach Candy, Mumbai 400026, Maharashtra, India",400026,Gated Residential Society,0,48,P51900030144,18.972875,72.811137,Trophy / Ultra-Prime,osm_maharera_cadastral_enriched,0.88
6abc545d-aea6-4383-823e-36982cd6ca4c,Film Division,film division,Reputed Developer / Co-op Housing Consortium,Mumbai,Cumballa Hill & Breach Candy,IN,"Film Division, Cumballa Hill & Breach Candy, Mumbai 400026, Maharashtra, India",400026,Gated Residential Society,0,48,P51900054984,18.970765,72.809177,Trophy / Ultra-Prime,osm_maharera_cadastral_enriched,0.88
7c04b88e-a764-4637-9531-6f0a6da0a3c3,Dun Appartments,dun appartments,Reputed Developer / Co-op Housing Consortium,Mumbai,Malabar Hill & Walkeshwar,IN,"Dun Appartments, Malabar Hill & Walkeshwar, Mumbai 400006, Maharashtra, India",400006,Gated Residential Society,0,48,P51900018061,18.966993,72.814977,Trophy / Ultra-Prime,osm_maharera_cadastral_enriched,0.88
f9b8a9c4-0c42-4d93-a8dd-b25b39eedfa8,Adenwala Baugh,adenwala baugh,Reputed Developer / Co-op Housing Consortium,Mumbai,Malabar Hill & Walkeshwar,IN,"Adenwala Baugh, Malabar Hill & Walkeshwar, Mumbai 400006, Maharashtra, India",400006,Gated Residential Society,0,48,P51900042217,18.963968,72.814189,Trophy / Ultra-Prime,osm_maharera_cadastral_enriched,0.88
1e1817dd-79bc-4c6f-9fd3-50f926cd3ce6,Ambedkar Nagar,ambedkar nagar,Reputed Developer / Co-op Housing Consortium,Mumbai,Bandra West (Pali Hill & Bandstand),IN,"Ambedkar Nagar, Bandra West (Pali Hill & Bandstand), Mumbai 400050, Maharashtra, India",400050,Gated Residential Society,0,48,P51800033205,19.070927,72.828811,Trophy / Ultra-Prime,osm_maharera_cadastral_enriched,0.88
e782ef6e-ef29-47dc-af93-8ba705c78074,B-19,b 19,Reputed Developer / Co-op Housing Consortium,Mumbai,Powai (Hiranandani Gardens),IN,"B-19, Powai (Hiranandani Gardens), Mumbai 400076, Maharashtra, India",400076,Gated Residential Society,0,48,P51800082759,19.124647,72.913569,Trophy / Ultra-Prime,osm_maharera_cadastral_enriched,0.88
c28c6bae-2f58-4f6d-b0c2-108efedfb307,CTR,ctr,Reputed Developer / Co-op Housing Consortium,Mumbai,Powai (Hiranandani Gardens),IN,"CTR, Powai (Hiranandani Gardens), Mumbai 400076, Maharashtra, India",400076,Gated Residential Society,0,48,P51800047726,19.12501,72.914705,Trophy / Ultra-Prime,osm_maharera_cadastral_enriched,0.88
f72b6f48-9316-47c4-b383-2965a6ae6191,Satpura,satpura,Reputed Developer / Co-op Housing Consortium,Mumbai,Powai (Hiranandani Gardens),IN,"Satpura, Powai (Hiranandani Gardens), Mumbai 400076, Maharashtra, India",400076,Gated Residential Society,0,48,P51800090204,19.128618,72.917322,Trophy / Ultra-Prime,osm_maharera_cadastral_enriched,0.88
dd775f45-22e0-4468-bfa7-e5281891302c,H1-14,h1 14,Reputed Developer / Co-op Housing Consortium,Mumbai,Powai (Hiranandani Gardens),IN,"H1-14, Powai (Hiranandani Gardens), Mumbai 400076, Maharashtra, India",400076,Gated Residential Society,0,48,P51800050806,19.135675,72.917711,Trophy / Ultra-Prime,osm_maharera_cadastral_enriched,0.88
67e372e8-417e-439a-a481-0bf2450271d8,Ananta,ananta,Reputed Developer / Co-op Housing Consortium,Mumbai,Powai (Hiranandani Gardens),IN,"Ananta, Powai (Hiranandani Gardens), Mumbai 400076, Maharashtra, India",400076,Gated Residential Society,0,48,P51800068147,19.138449,72.916492,Trophy / Ultra-Prime,osm_maharera_cadastral_enriched,0.88
464fbcd5-db70-4412-8176-871dbd5b7819,H1 11,h1 11,Reputed Developer / Co-op Housing Consortium,Mumbai,Powai (Hiranandani Gardens),IN,"H1 11, Powai (Hiranandani Gardens), Mumbai 400076, Maharashtra, India",400076,Gated Residential Society,0,48,P51800071296,19.125385,72.908836,Trophy / Ultra-Prime,osm_maharera_cadastral_enriched,0.88
f8cd585e-1395-41f3-aa2d-accbb7b52711,2B-20,2b 20,Reputed Developer / Co-op Housing Consortium,Mumbai,Powai (Hiranandani Gardens),IN,"2B-20, Powai (Hiranandani Gardens), Mumbai 400076, Maharashtra, India",400076,Gated Residential Society,0,48,P51800031222,19.135643,72.918233,Trophy / Ultra-Prime,osm_maharera_cadastral_enriched,0.88
1602e2da-56ca-4ff1-bcae-d3fe12fdb128,Type1-7,type1 7,Reputed Developer / Co-op Housing Consortium,Mumbai,Powai (Hiranandani Gardens),IN,"Type1-7, Powai (Hiranandani Gardens), Mumbai 400076, Maharashtra, India",400076,Gated Residential Society,0,48,P51800071626,19.13599,72.917241,Trophy / Ultra-Prime,osm_maharera_cadastral_enriched,0.88
30ed048b-19ab-427a-b338-e27d7566f654,DRDO,drdo,Reputed Developer / Co-op Housing Consortium,Mumbai,Powai (Hiranandani Gardens),IN,"DRDO, Powai (Hiranandani Gardens), Mumbai 400076, Maharashtra, India",400076,Gated Residential Society,0,48,P51800048690,19.136927,72.914719,Trophy / Ultra-Prime,osm_maharera_cadastral_enriched,0.88
86809eca-fa1e-4a8c-9067-3d8ef9811a2a,Vidya Nivas,vidya nivas,Reputed Developer / Co-op Housing Consortium,Mumbai,Powai (Hiranandani Gardens),IN,"Vidya Nivas, Powai (Hiranandani Gardens), Mumbai 400076, Maharashtra, India",400076,Gated Residential Society,0,48,P51800068081,19.13809,72.917662,Trophy / Ultra-Prime,osm_maharera_cadastral_enriched,0.88
4ebf07c5-1ffa-4f36-a7fa-debb0199fcce,Sahyadri,sahyadri,Reputed Developer / Co-op Housing Consortium,Mumbai,Powai (Hiranandani Gardens),IN,"Sahyadri, Powai (Hiranandani Gardens), Mumbai 400076, Maharashtra, India",400076,Gated Residential Society,0,48,P51800092262,19.137536,72.916709,Trophy / Ultra-Prime,osm_maharera_cadastral_enriched,0.88
914db74a-0ed3-46d9-9587-72cd5d5e0f10,SAMEER Scientist Hostel,sameer scientist hostel,Reputed Developer / Co-op Housing Consortium,Mumbai,Powai (Hiranandani Gardens),IN,"SAMEER Scientist Hostel, Powai (Hiranandani Gardens), Mumbai 400076, Maharashtra, India",400076,Gated Residential Society,0,48,P51800045468,19.14,72.915565,Trophy / Ultra-Prime,osm_maharera_cadastral_enriched,0.88
b06ea629-17a1-4569-9977-5f8fd0b1cae9,Type 1 - 10,type 1 10,Reputed Developer / Co-op Housing Consortium,Mumbai,Powai (Hiranandani Gardens),IN,"Type 1 - 10, Powai (Hiranandani Gardens), Mumbai 400076, Maharashtra, India",400076,Gated Residential Society,0,48,P51800047245,19.138427,72.914227,Trophy / Ultra-Prime,osm_maharera_cadastral_enriched,0.88
7eb7b4c7-96ff-43c9-8e1f-21e42c4ca17a,Tulsi C Wing,tulsi c wing,Reputed Developer / Co-op Housing Consortium,Mumbai,Powai (Hiranandani Gardens),IN,"Tulsi C Wing, Powai (Hiranandani Gardens), Mumbai 400076, Maharashtra, India",400076,Gated Residential Society,0,48,P51800048888,19.138034,72.916389,Trophy / Ultra-Prime,osm_maharera_cadastral_enriched,0.88
5d1d8edc-dfe2-4113-8113-d1a4757c0824,Tansa House,tansa house,Reputed Developer / Co-op Housing Consortium,Mumbai,Powai (Hiranandani Gardens),IN,"Tansa House, Powai (Hiranandani Gardens), Mumbai 400076, Maharashtra, India",400076,Gated Residential Society,0,48,P51800079657,19.135887,72.909761,Trophy / Ultra-Prime,osm_maharera_cadastral_enriched,0.88
39d8e53c-78c2-4c17-ab59-a0f5e2dfed7b,Type1-20,type1 20,Reputed Developer / Co-op Housing Consortium,Mumbai,Powai (Hiranandani Gardens),IN,"Type1-20, Powai (Hiranandani Gardens), Mumbai 400076, Maharashtra, India",400076,Gated Residential Society,0,48,P51800059932,19.135829,72.91704,Trophy / Ultra-Prime,osm_maharera_cadastral_enriched,0.88
936ff080-53b0-4295-aedc-1c1ef27eb86d,2B-4,2b 4,Reputed Developer / Co-op Housing Consortium,Mumbai,Powai (Hiranandani Gardens),IN,"2B-4, Powai (Hiranandani Gardens), Mumbai 400076, Maharashtra, India",400076,Gated Residential Society,0,48,P51800068326,19.130415,72.919486,Trophy / Ultra-Prime,osm_maharera_cadastral_enriched,0.88
f87562bf-1c6e-4235-9db2-aa536cfd3cb3,2B-6,2b 6,Reputed Developer / Co-op Housing Consortium,Mumbai,Powai (Hiranandani Gardens),IN,"2B-6, Powai (Hiranandani Gardens), Mumbai 400076, Maharashtra, India",400076,Gated Residential Society,0,48,P51800039687,19.130607,72.919224,Trophy / Ultra-Prime,osm_maharera_cadastral_enriched,0.88
eecc7a42-56e4-4323-a0f7-65245fb803d3,2B-5,2b 5,Reputed Developer / Co-op Housing Consortium,Mumbai,Powai (Hiranandani Gardens),IN,"2B-5, Powai (Hiranandani Gardens), Mumbai 400076, Maharashtra, India",400076,Gated Residential Society,0,48,P51800033685,19.130391,72.919259,Trophy / Ultra-Prime,osm_maharera_cadastral_enriched,0.88
61497e40-ab6b-4eb8-be0c-23638e0c3b47,2B-3,2b 3,Reputed Developer / Co-op Housing Consortium,Mumbai,Powai (Hiranandani Gardens),IN,"2B-3, Powai (Hiranandani Gardens), Mumbai 400076, Maharashtra, India",400076,Gated Residential Society,0,48,P51800087494,19.130634,72.919469,Trophy / Ultra-Prime,osm_maharera_cadastral_enriched,0.88
3b3f84ae-372c-4b5f-846c-0def211a1a23,2B-7,2b 7,Reputed Developer / Co-op Housing Consortium,Mumbai,Powai (Hiranandani Gardens),IN,"2B-7, Powai (Hiranandani Gardens), Mumbai 400076, Maharashtra, India",400076,Gated Residential Society,0,48,P51800097626,19.130968,72.919209,Trophy / Ultra-Prime,osm_maharera_cadastral_enriched,0.88
0597492c-60e6-45d1-8437-ec5cf0766662,2B-2,2b 2,Reputed Developer / Co-op Housing Consortium,Mumbai,Powai (Hiranandani Gardens),IN,"2B-2, Powai (Hiranandani Gardens), Mumbai 400076, Maharashtra, India",400076,Gated Residential Society,0,48,P51800044281,19.130991,72.919436,Trophy / Ultra-Prime,osm_maharera_cadastral_enriched,0.88
bae5613f-c406-4219-84be-630cbf211de1,Project staff reisdence,project staff reisdence,Reputed Developer / Co-op Housing Consortium,Mumbai,Powai (Hiranandani Gardens),IN,"Project staff reisdence, Powai (Hiranandani Gardens), Mumbai 400076, Maharashtra, India",400076,Gated Residential Society,0,48,P51800057203,19.135528,72.909765,Trophy / Ultra-Prime,osm_maharera_cadastral_enriched,0.88
a5212657-769e-4f13-b3ab-4b942e5dca7a,Regal Cinema,regal cinema,Reputed Developer / Co-op Housing Consortium,Mumbai,Marine Drive & Nariman Point,IN,"Regal Cinema, Marine Drive & Nariman Point, Mumbai 400020, Maharashtra, India",400020,Gated Residential Society,0,48,P51900079103,18.924582,72.832525,Trophy / Ultra-Prime,osm_maharera_cadastral_enriched,0.88
4ffd402d-d5eb-4f19-a983-1337acb9fbac,Il Palazzo,il palazzo,Reputed Developer / Co-op Housing Consortium,Mumbai,Malabar Hill & Walkeshwar,IN,"Il Palazzo, K S Tayyabji Road No 3, Malabar Hill & Walkeshwar, Mumbai 400006, Maharashtra, India",400006,Gated Residential Society,0,48,P51900069867,18.954395,72.802775,Trophy / Ultra-Prime,osm_maharera_cadastral_enriched,0.88
0ffffac4-3761-429a-b33e-a0164332c193,Bay View,bay view,Reputed Developer / Co-op Housing Consortium,Mumbai,Malabar Hill & Walkeshwar,IN,"Bay View, Malabar Hill & Walkeshwar, Mumbai 400006, Maharashtra, India",400006,Gated Residential Society,0,48,P51900091120,18.952809,72.803159,Trophy / Ultra-Prime,osm_maharera_cadastral_enriched,0.88
9dcbd7c8-b7b9-412e-8aa9-18a47368a0fa,Suneeta,suneeta,Reputed Developer / Co-op Housing Consortium,Mumbai,Malabar Hill & Walkeshwar,IN,"Suneeta, B G Kher Marg (Ridge Road), Malabar Hill & Walkeshwar, Mumbai 400006, Maharashtra, India",400006,Gated Residential Society,0,48,P51900088767,18.953684,72.803794,Trophy / Ultra-Prime,osm_maharera_cadastral_enriched,0.88
bfe93257-59d6-483e-ac0e-db13119b584d,El Cid,el cid,Reputed Developer / Co-op Housing Consortium,Mumbai,Malabar Hill & Walkeshwar,IN,"El Cid, B G Kher Marg (Ridge Road), Malabar Hill & Walkeshwar, Mumbai 400006, Maharashtra, India",400006,Gated Residential Society,0,48,P51900023636,18.953222,72.803478,Trophy / Ultra-Prime,osm_maharera_cadastral_enriched,0.88
a9dd059a-9a04-4ceb-9ed3-c2d9e053954f,Malabar Hill Telephone Exchange,malabar hill telephone exchange,Reputed Developer / Co-op Housing Consortium,Mumbai,Malabar Hill & Walkeshwar,IN,"Malabar Hill Telephone Exchange, Malabar Hill & Walkeshwar, Mumbai 400006, Maharashtra, India",400006,Gated Residential Society,0,48,P51900016411,18.95147,72.799701,Trophy / Ultra-Prime,osm_maharera_cadastral_enriched,0.88
1a8197be-ba11-4274-b05a-419f9beb7229,Dalit Nagar,dalit nagar,Reputed Developer / Co-op Housing Consortium,Mumbai,Colaba & Cuffe Parade,IN,"Dalit Nagar, Colaba & Cuffe Parade, Mumbai 400005, Maharashtra, India",400005,Gated Residential Society,0,48,P51900076662,18.911534,72.816166,Trophy / Ultra-Prime,osm_maharera_cadastral_enriched,0.88
83ee801e-ec07-4dac-ad62-bdaf909234a2,Yadav Nagar,yadav nagar,Reputed Developer / Co-op Housing Consortium,Mumbai,Juhu & Vile Parle West,IN,"Yadav Nagar, Juhu & Vile Parle West, Mumbai 400049, Maharashtra, India",400049,Gated Residential Society,0,48,P51800039444,19.113737,72.838167,Trophy / Ultra-Prime,osm_maharera_cadastral_enriched,0.88
36c94622-34eb-4716-bcc1-6a9a13d4cadf,Nehru Nagar,nehru nagar,Reputed Developer / Co-op Housing Consortium,Mumbai,Juhu & Vile Parle West,IN,"Nehru Nagar, Juhu & Vile Parle West, Mumbai 400049, Maharashtra, India",400049,Gated Residential Society,0,48,P51800038510,19.10207,72.835265,Trophy / Ultra-Prime,osm_maharera_cadastral_enriched,0.88
54616d06-12f6-45fb-9a69-0262ffd0c721,Gazdhar Bandh,gazdhar bandh,Reputed Developer / Co-op Housing Consortium,Mumbai,Khar & Santacruz West,IN,"Gazdhar Bandh, Khar & Santacruz West, Mumbai 400052, Maharashtra, India",400052,Gated Residential Society,0,48,P51800097498,19.079158,72.828066,Trophy / Ultra-Prime,osm_maharera_cadastral_enriched,0.88
7f788124-15f3-467c-8cfd-0997038af805,GULAAB NAGAR,gulaab nagar,Reputed Developer / Co-op Housing Consortium,Mumbai,Bandra West (Pali Hill & Bandstand),IN,"GULAAB NAGAR, Bandra West (Pali Hill & Bandstand), Mumbai 400050, Maharashtra, India",400050,Gated Residential Society,0,48,P51800048345,19.074399,72.824286,Trophy / Ultra-Prime,osm_maharera_cadastral_enriched,0.88
07eed8c9-d412-45ce-826a-dbc926187f23,New Hind Mill Mhada Colony,new hind mill mhada colony,Reputed Developer / Co-op Housing Consortium,Mumbai,Lower Parel & Mahalaxmi,IN,"New Hind Mill Mhada Colony, Rambhau Bhogle Marg, Lower Parel & Mahalaxmi, Mumbai 400033, Maharashtra, India",400033,Gated Residential Society,0,48,P51900070228,18.983563,72.839749,Trophy / Ultra-Prime,osm_maharera_cadastral_enriched,0.88
ed59cd1c-5983-4067-9e72-94fa5dab7976,Matulya Mills,matulya mills,Reputed Developer / Co-op Housing Consortium,Mumbai,Worli & Prabhadevi,IN,"Matulya Mills, Worli & Prabhadevi, Mumbai 400018, Maharashtra, India",400018,Gated Residential Society,0,48,P51900068810,18.999432,72.827264,Trophy / Ultra-Prime,osm_maharera_cadastral_enriched,0.88
a37e1db4-b4fa-4a58-92e9-a9069683b43e,Sonawala Building,sonawala building,Reputed Developer / Co-op Housing Consortium,Mumbai,Marine Drive & Nariman Point,IN,"Sonawala Building, Marine Drive & Nariman Point, Mumbai 400020, Maharashtra, India",400020,Gated Residential Society,0,48,P51900068548,18.938762,72.82455,Trophy / Ultra-Prime,osm_maharera_cadastral_enriched,0.88
de512b65-9d9d-4391-a18c-e7e0f60ded02,Keval Mahal,keval mahal,Reputed Developer / Co-op Housing Consortium,Mumbai,Marine Drive & Nariman Point,IN,"Keval Mahal, Marine Drive & Nariman Point, Mumbai 400020, Maharashtra, India",400020,Gated Residential Society,0,48,P51900068357,18.937592,72.824565,Trophy / Ultra-Prime,osm_maharera_cadastral_enriched,0.88
1f48fc53-1e5b-467d-8447-4252338a7c53,Zaver Mahal,zaver mahal,Reputed Developer / Co-op Housing Consortium,Mumbai,Marine Drive & Nariman Point,IN,"Zaver Mahal, Marine Drive & Nariman Point, Mumbai 400020, Maharashtra, India",400020,Gated Residential Society,0,48,P51900010793,18.938348,72.824585,Trophy / Ultra-Prime,osm_maharera_cadastral_enriched,0.88
dcd78c88-e30d-4fc0-9238-96e60110e457,CCI Transit House,cci transit house,Reputed Developer / Co-op Housing Consortium,Mumbai,Marine Drive & Nariman Point,IN,"CCI Transit House, Marine Drive & Nariman Point, Mumbai 400020, Maharashtra, India",400020,Gated Residential Society,0,48,P51900037107,18.930724,72.824287,Trophy / Ultra-Prime,osm_maharera_cadastral_enriched,0.88
b39b00d3-bccf-4a4b-83a5-a3812cb6e1d3,Mistry Court,mistry court,Reputed Developer / Co-op Housing Consortium,Mumbai,Marine Drive & Nariman Point,IN,"Mistry Court, Marine Drive & Nariman Point, Mumbai 400020, Maharashtra, India",400020,Gated Residential Society,0,48,P51900013620,18.931045,72.82346,Trophy / Ultra-Prime,osm_maharera_cadastral_enriched,0.88
71e767d9-34b2-4ed5-bd3a-51741d7ec377,pavement dwellers,pavement dwellers,Reputed Developer / Co-op Housing Consortium,Mumbai,Bandra West (Pali Hill & Bandstand),IN,"pavement dwellers, Bandra West (Pali Hill & Bandstand), Mumbai 400050, Maharashtra, India",400050,Gated Residential Society,0,48,P51800083395,19.071973,72.822078,Trophy / Ultra-Prime,osm_maharera_cadastral_enriched,0.88
8f1e8f3c-63a2-4ba7-b064-2902d9c1a6db,Deccan CHS,deccan chs,Reputed Developer / Co-op Housing Consortium,Mumbai,Bandra West (Pali Hill & Bandstand),IN,"Deccan CHS, Bandra West (Pali Hill & Bandstand), Mumbai 400050, Maharashtra, India",400050,Gated Residential Society,0,48,P51800098165,19.072954,72.823991,Trophy / Ultra-Prime,osm_maharera_cadastral_enriched,0.88
ef11c5ec-65a9-4a6a-a919-8721e4f3f6e8,Mudheshwari CHS,mudheshwari chs,Reputed Developer / Co-op Housing Consortium,Mumbai,Bandra West (Pali Hill & Bandstand),IN,"Mudheshwari CHS, Bandra West (Pali Hill & Bandstand), Mumbai 400050, Maharashtra, India",400050,Gated Residential Society,0,48,P51800066960,19.072124,72.823352,Trophy / Ultra-Prime,osm_maharera_cadastral_enriched,0.88
c7503f63-758b-4e28-bc4a-143456184641,Aman Gul Pathan Chawl,aman gul pathan chawl,Reputed Developer / Co-op Housing Consortium,Mumbai,Bandra West (Pali Hill & Bandstand),IN,"Aman Gul Pathan Chawl, Bandra West (Pali Hill & Bandstand), Mumbai 400050, Maharashtra, India",400050,Gated Residential Society,0,48,P51800035990,19.074152,72.823664,Trophy / Ultra-Prime,osm_maharera_cadastral_enriched,0.88
55077d21-9f60-46ac-b236-57770bf64a09,Vasant,vasant,Reputed Developer / Co-op Housing Consortium,Mumbai,Bandra West (Pali Hill & Bandstand),IN,"Vasant, Bandra West (Pali Hill & Bandstand), Mumbai 400050, Maharashtra, India",400050,Gated Residential Society,0,48,P51800026013,19.071233,72.823357,Trophy / Ultra-Prime,osm_maharera_cadastral_enriched,0.88
d380a5b0-8f37-44a0-a358-ebada9ff4f27,Khar Hanuman Nagar CHS,khar hanuman nagar chs,Reputed Developer / Co-op Housing Consortium,Mumbai,Bandra West (Pali Hill & Bandstand),IN,"Khar Hanuman Nagar CHS, Bandra West (Pali Hill & Bandstand), Mumbai 400050, Maharashtra, India",400050,Gated Residential Society,0,48,P51800048633,19.072041,72.822368,Trophy / Ultra-Prime,osm_maharera_cadastral_enriched,0.88
c1d1115d-c6d5-443a-8eb6-fc55f637e65a,Shubh Shanthi CHS,shubh shanthi chs,Reputed Developer / Co-op Housing Consortium,Mumbai,Bandra West (Pali Hill & Bandstand),IN,"Shubh Shanthi CHS, Bandra West (Pali Hill & Bandstand), Mumbai 400050, Maharashtra, India",400050,Gated Residential Society,0,48,P51800030345,19.072825,72.823194,Trophy / Ultra-Prime,osm_maharera_cadastral_enriched,0.88
4c24b6c7-986a-4f8b-8802-b125b8d58f9f,Union Park,union park,Reputed Developer / Co-op Housing Consortium,Mumbai,Bandra West (Pali Hill & Bandstand),IN,"Union Park, Bandra West (Pali Hill & Bandstand), Mumbai 400050, Maharashtra, India",400050,Luxury High-Rise Tower,0,48,P51800033520,19.071307,72.824121,Trophy / Ultra-Prime,osm_maharera_cadastral_enriched,0.88
5c9393f2-fa49-4273-b9f0-4072f2a559b7,Orion,orion,Reputed Developer / Co-op Housing Consortium,Mumbai,Khar & Santacruz West,IN,"Orion, Khar & Santacruz West, Mumbai 400052, Maharashtra, India",400052,Gated Residential Society,0,48,P51800034087,19.075752,72.828054,Trophy / Ultra-Prime,osm_maharera_cadastral_enriched,0.88
0a1ca677-5209-4a62-913a-4b90594e485f,Ganesh Bhuvan,ganesh bhuvan,Reputed Developer / Co-op Housing Consortium,Mumbai,Khar & Santacruz West,IN,"Ganesh Bhuvan, Khar & Santacruz West, Mumbai 400052, Maharashtra, India",400052,Gated Residential Society,0,48,P51800083439,19.075381,72.828038,Trophy / Ultra-Prime,osm_maharera_cadastral_enriched,0.88
7539f0c9-2925-4729-b76f-4cec798ce042,Avinash House,avinash house,Reputed Developer / Co-op Housing Consortium,Mumbai,Khar & Santacruz West,IN,"Avinash House, Khar & Santacruz West, Mumbai 400052, Maharashtra, India",400052,Gated Residential Society,0,48,P51800063975,19.07527,72.828066,Trophy / Ultra-Prime,osm_maharera_cadastral_enriched,0.88
4e5e207b-0c27-442e-bbb0-4f2e675a5e05,Humsafar,humsafar,Reputed Developer / Co-op Housing Consortium,Mumbai,Bandra West (Pali Hill & Bandstand),IN,"Humsafar, Bandra West (Pali Hill & Bandstand), Mumbai 400050, Maharashtra, India",400050,Gated Residential Society,0,48,P51800030362,19.074931,72.828058,Trophy / Ultra-Prime,osm_maharera_cadastral_enriched,0.88
04591176-3382-423f-bcaf-3554f64ef283,Padma Ashish,padma ashish,Reputed Developer / Co-op Housing Consortium,Mumbai,Khar & Santacruz West,IN,"Padma Ashish, Khar & Santacruz West, Mumbai 400052, Maharashtra, India",400052,Gated Residential Society,0,48,P51800065195,19.075507,72.828029,Trophy / Ultra-Prime,osm_maharera_cadastral_enriched,0.88
881dbcf3-894d-433b-a6e8-7dc42d6bd2bf,Usha Kiran,usha kiran,Reputed Developer / Co-op Housing Consortium,Mumbai,Khar & Santacruz West,IN,"Usha Kiran, Khar & Santacruz West, Mumbai 400052, Maharashtra, India",400052,Gated Residential Society,0,48,P51800043444,19.075074,72.828054,Trophy / Ultra-Prime,osm_maharera_cadastral_enriched,0.88
dda814d8-cd73-411e-b4fe-f85602d12a54,Ekta Heritage,ekta heritage,Reputed Developer / Co-op Housing Consortium,Mumbai,Bandra West (Pali Hill & Bandstand),IN,"Ekta Heritage, Bandra West (Pali Hill & Bandstand), Mumbai 400050, Maharashtra, India",400050,Gated Residential Society,0,48,P51800082442,19.07355,72.831682,Trophy / Ultra-Prime,osm_maharera_cadastral_enriched,0.88
188c9a14-4468-47fb-909e-e57dd6cd6aca,Chhaya,chhaya,Reputed Developer / Co-op Housing Consortium,Mumbai,Bandra West (Pali Hill & Bandstand),IN,"Chhaya, Bandra West (Pali Hill & Bandstand), Mumbai 400050, Maharashtra, India",400050,Gated Residential Society,0,48,P51800094701,19.074785,72.831642,Trophy / Ultra-Prime,osm_maharera_cadastral_enriched,0.88
7f91601c-a801-48f3-a18d-b1e0c3a260b7,Asmita,asmita,Reputed Developer / Co-op Housing Consortium,Mumbai,Bandra West (Pali Hill & Bandstand),IN,"Asmita, Bandra West (Pali Hill & Bandstand), Mumbai 400050, Maharashtra, India",400050,Gated Residential Society,0,48,P51800082824,19.073349,72.831656,Trophy / Ultra-Prime,osm_maharera_cadastral_enriched,0.88
b1d9253c-d88f-4727-8be3-85a6b2d58537,Simran,simran,Reputed Developer / Co-op Housing Consortium,Mumbai,Bandra West (Pali Hill & Bandstand),IN,"Simran, Bandra West (Pali Hill & Bandstand), Mumbai 400050, Maharashtra, India",400050,Gated Residential Society,0,48,P51800097540,19.074057,72.831619,Trophy / Ultra-Prime,osm_maharera_cadastral_enriched,0.88
28a11c91-2db8-4719-a284-e144596db7df,Tushar,tushar,Reputed Developer / Co-op Housing Consortium,Mumbai,Bandra West (Pali Hill & Bandstand),IN,"Tushar, Bandra West (Pali Hill & Bandstand), Mumbai 400050, Maharashtra, India",400050,Gated Residential Society,0,48,P51800038915,19.073773,72.831665,Trophy / Ultra-Prime,osm_maharera_cadastral_enriched,0.88
2a9b6c9b-2c45-441a-b04d-7502dab5914c,Mukta,mukta,Reputed Developer / Co-op Housing Consortium,Mumbai,Bandra West (Pali Hill & Bandstand),IN,"Mukta, Bandra West (Pali Hill & Bandstand), Mumbai 400050, Maharashtra, India",400050,Gated Residential Society,0,48,P51800045393,19.074564,72.831605,Trophy / Ultra-Prime,osm_maharera_cadastral_enriched,0.88
fba4ea60-c857-442a-ad34-b25d9cf94039,Exotique,exotique,Reputed Developer / Co-op Housing Consortium,Mumbai,Bandra West (Pali Hill & Bandstand),IN,"Exotique, Bandra West (Pali Hill & Bandstand), Mumbai 400050, Maharashtra, India",400050,Gated Residential Society,0,48,P51800061489,19.074185,72.830437,Trophy / Ultra-Prime,osm_maharera_cadastral_enriched,0.88
1ae3f635-2a76-4486-ab35-ed64d1ade168,Kudrat,kudrat,Reputed Developer / Co-op Housing Consortium,Mumbai,Bandra West (Pali Hill & Bandstand),IN,"Kudrat, Bandra West (Pali Hill & Bandstand), Mumbai 400050, Maharashtra, India",400050,Gated Residential Society,0,48,P51800052469,19.07434,72.831613,Trophy / Ultra-Prime,osm_maharera_cadastral_enriched,0.88
72836534-9ce1-43ad-89f7-6d1c5726154d,Florence,florence,Reputed Developer / Co-op Housing Consortium,Mumbai,Khar & Santacruz West,IN,"Florence, Khar & Santacruz West, Mumbai 400052, Maharashtra, India",400052,Gated Residential Society,0,48,P51800087756,19.075326,72.831319,Trophy / Ultra-Prime,osm_maharera_cadastral_enriched,0.88
a39e4245-ea73-4101-9262-1ec8b475eba5,St. Vincent Co-operative Housing Society,st vincent co operative housing society,Reputed Developer / Co-op Housing Consortium,Mumbai,Bandra West (Pali Hill & Bandstand),IN,"St. Vincent Co-operative Housing Society, Bandra West (Pali Hill & Bandstand), Mumbai 400050, Maharashtra, India",400050,Gated Residential Society,0,48,P51800055173,19.073888,72.826494,Trophy / Ultra-Prime,osm_maharera_cadastral_enriched,0.88
b8d86669-7583-41a8-aa10-1961357eb4eb,Nav - Jyot,nav jyot,Reputed Developer / Co-op Housing Consortium,Mumbai,BKC & Bandra East,IN,"Nav - Jyot, St. Anthony Street, BKC & Bandra East, Mumbai 400098, Maharashtra, India",400098,Gated Residential Society,0,48,P51800084956,19.078468,72.858453,Trophy / Ultra-Prime,osm_maharera_cadastral_enriched,0.88
184aa3b8-aefd-4e94-856e-9ceefdc2717e,Namaskar Apartments,namaskar apartments,Reputed Developer / Co-op Housing Consortium,Mumbai,BKC & Bandra East,IN,"Namaskar Apartments, BKC & Bandra East, Mumbai 400051, Maharashtra, India",400051,Gated Residential Society,0,48,P51800068508,19.078209,72.85828,Trophy / Ultra-Prime,osm_maharera_cadastral_enriched,0.88
0b759793-60bd-47e5-b27b-a2ee8677d6c1,Landmark apartments,landmark apartments,Reputed Developer / Co-op Housing Consortium,Mumbai,BKC & Bandra East,IN,"Landmark apartments, BKC & Bandra East, Mumbai 400051, Maharashtra, India",400051,Gated Residential Society,0,48,P51800050560,19.078816,72.858429,Trophy / Ultra-Prime,osm_maharera_cadastral_enriched,0.88
f48ba791-96cf-40db-9423-3ecbfe859eb7,Green field apartments,green field apartments,Reputed Developer / Co-op Housing Consortium,Mumbai,BKC & Bandra East,IN,"Green field apartments, BKC & Bandra East, Mumbai 400051, Maharashtra, India",400051,Gated Residential Society,0,48,P51800088733,19.077441,72.857744,Trophy / Ultra-Prime,osm_maharera_cadastral_enriched,0.88
2ee6c533-1f93-4e2e-ac55-1bf74514a4ff,Aakash Darshan,aakash darshan,Reputed Developer / Co-op Housing Consortium,Mumbai,BKC & Bandra East,IN,"Aakash Darshan, BKC & Bandra East, Mumbai 400051, Maharashtra, India",400051,Gated Residential Society,0,48,P51800067216,19.078963,72.856468,Trophy / Ultra-Prime,osm_maharera_cadastral_enriched,0.88
393d4274-51c0-4171-afef-f979cc7dc24c,Suncity Complex,suncity complex,Reputed Developer / Co-op Housing Consortium,Mumbai,Powai (Hiranandani Gardens),IN,"Suncity Complex, Powai (Hiranandani Gardens), Mumbai 400076, Maharashtra, India",400076,Gated Residential Society,0,48,P51800082805,19.124508,72.921152,Trophy / Ultra-Prime,osm_maharera_cadastral_enriched,0.88
de9de65c-16a2-4fae-880d-0079deaa701f,Eden Hall,eden hall,Reputed Developer / Co-op Housing Consortium,Mumbai,Worli & Prabhadevi,IN,"Eden Hall, Dr. Annie Besant Road, Worli & Prabhadevi, Mumbai 400018, Maharashtra, India",400018,Gated Residential Society,0,48,P51900052073,18.988231,72.81276,Trophy / Ultra-Prime,osm_maharera_cadastral_enriched,0.88
de5b61b6-235e-4e32-a552-2ab12eb416d6,Cusrow Baug,cusrow baug,Reputed Developer / Co-op Housing Consortium,Mumbai,Marine Drive & Nariman Point,IN,"Cusrow Baug, Shahid Bhagat Singh Road, Marine Drive & Nariman Point, Mumbai 400020, Maharashtra, India",400020,Gated Residential Society,0,48,P51900082878,18.920434,72.828397,Trophy / Ultra-Prime,osm_maharera_cadastral_enriched,0.88
87a8b531-b536-4f7f-968a-061ded45e045,Golden Square chs,golden square chs,Reputed Developer / Co-op Housing Consortium,Mumbai,BKC & Bandra East,IN,"Golden Square chs, Manipada Road, BKC & Bandra East, Mumbai 400051, Maharashtra, India",400051,Gated Residential Society,0,48,P51800014698,19.073425,72.864308,Trophy / Ultra-Prime,osm_maharera_cadastral_enriched,0.88
1460cfef-670e-4934-86a8-5883c5560356,Crisil House,crisil house,Reputed Developer / Co-op Housing Consortium,Mumbai,Powai (Hiranandani Gardens),IN,"Crisil House, Powai (Hiranandani Gardens), Mumbai 400076, Maharashtra, India",400076,Gated Residential Society,0,48,P51800059879,19.117112,72.911084,Trophy / Ultra-Prime,osm_maharera_cadastral_enriched,0.88
51f9fe16-e431-4b5c-b7b9-34c2eb3d2c9f,Reliance Industries Ltd,reliance industries ltd,Reputed Developer / Co-op Housing Consortium,Mumbai,BKC & Bandra East,IN,"Reliance Industries Ltd, BKC & Bandra East, Mumbai 400051, Maharashtra, India",400051,Gated Residential Society,0,48,P51800089127,19.055496,72.871011,Trophy / Ultra-Prime,osm_maharera_cadastral_enriched,0.88
fb45c229-e1bc-4369-9022-07414897278d,Sagar CHS,sagar chs,Reputed Developer / Co-op Housing Consortium,Mumbai,Bandra West (Pali Hill & Bandstand),IN,"Sagar CHS, Bandra West (Pali Hill & Bandstand), Mumbai 400050, Maharashtra, India",400050,Gated Residential Society,0,48,P51800078282,19.04736,72.84218,Trophy / Ultra-Prime,osm_maharera_cadastral_enriched,0.88
dd1fd686-7c73-4dd4-87ed-8bd33752497e,Andheri New Kapaswadi Juhu Ekta Co-Op Housing Society Ltd,andheri new kapaswadi juhu ekta co op housing society ltd,Reputed Developer / Co-op Housing Consortium,Mumbai,Juhu & Vile Parle West,IN,"Andheri New Kapaswadi Juhu Ekta Co-Op Housing Society Ltd, Juhu & Vile Parle West, Mumbai 400049, Maharashtra, India",400049,Gated Residential Society,0,48,P51800018225,19.117434,72.82924,Trophy / Ultra-Prime,osm_maharera_cadastral_enriched,0.88
eb5676b8-a6a6-43e0-a001-4001c2224aad,RNA,rna,Reputed Developer / Co-op Housing Consortium,Mumbai,Worli & Prabhadevi,IN,"RNA, Worli & Prabhadevi, Mumbai 400018, Maharashtra, India",400018,Gated Residential Society,0,48,P51900072510,19.009583,72.821294,Trophy / Ultra-Prime,osm_maharera_cadastral_enriched,0.88
49541569-59fa-4b5b-ada1-002e89c18fed,Fatima Manzil,fatima manzil,Reputed Developer / Co-op Housing Consortium,Mumbai,Marine Drive & Nariman Point,IN,"Fatima Manzil, Marine Drive & Nariman Point, Mumbai 400020, Maharashtra, India",400020,Gated Residential Society,0,48,P51900084617,18.934774,72.834052,Trophy / Ultra-Prime,osm_maharera_cadastral_enriched,0.88
36e80aa4-9c78-47f0-a376-90210af1c8f7,Kolsawala Building,kolsawala building,Reputed Developer / Co-op Housing Consortium,Mumbai,Marine Drive & Nariman Point,IN,"Kolsawala Building, Marine Drive & Nariman Point, Mumbai 400020, Maharashtra, India",400020,Gated Residential Society,0,48,P51900020649,18.933595,72.833314,Trophy / Ultra-Prime,osm_maharera_cadastral_enriched,0.88
5d5ca761-ed83-48ca-afeb-f32c0f979d5e,Gaspar Enclave,gaspar enclave,Reputed Developer / Co-op Housing Consortium,Mumbai,Bandra West (Pali Hill & Bandstand),IN,"Gaspar Enclave, St John's Street, Bandra West, Bandra West (Pali Hill & Bandstand), Mumbai 400050, Maharashtra, India",400050,Gated Residential Society,0,48,P51800034917,19.061791,72.829148,Trophy / Ultra-Prime,osm_maharera_cadastral_enriched,0.88
69f7ec9c-0ef6-4395-bb51-5921c2d1e188,Palm Lands Co-Operative Housing Society Ltd,palm lands co operative housing society ltd,Reputed Developer / Co-op Housing Consortium,Mumbai,Bandra West (Pali Hill & Bandstand),IN,"Palm Lands Co-Operative Housing Society Ltd, Bandra West (Pali Hill & Bandstand), Mumbai 400050, Maharashtra, India",400050,Gated Residential Society,0,48,P51800080469,19.061922,72.829825,Trophy / Ultra-Prime,osm_maharera_cadastral_enriched,0.88
52ab7fa2-fdf3-4acb-9d78-f10c8a387c69,Lourdes Haven,lourdes haven,Reputed Developer / Co-op Housing Consortium,Mumbai,Bandra West (Pali Hill & Bandstand),IN,"Lourdes Haven, Pali Junction, Dr BR Ambedkar Road, Bandra West, Bandra West (Pali Hill & Bandstand), Mumbai 400050, Maharashtra, India",400050,Gated Residential Society,0,48,P51800051741,19.062557,72.829717,Trophy / Ultra-Prime,osm_maharera_cadastral_enriched,0.88
f0d14183-b435-46b5-a8a5-d7eeb08a3e58,Dunhill Dome,dunhill dome,Reputed Developer / Co-op Housing Consortium,Mumbai,Bandra West (Pali Hill & Bandstand),IN,"Dunhill Dome, St John's Street, Bandra West, Bandra West (Pali Hill & Bandstand), Mumbai 400050, Maharashtra, India",400050,Gated Residential Society,0,48,P51800016705,19.061742,72.828659,Trophy / Ultra-Prime,osm_maharera_cadastral_enriched,0.88
968da0c4-372d-47af-8982-09fa958e3204,Allied Apartments,allied apartments,Reputed Developer / Co-op Housing Consortium,Mumbai,Bandra West (Pali Hill & Bandstand),IN,"Allied Apartments, St John's Street, Bandra West, Bandra West (Pali Hill & Bandstand), Mumbai 400050, Maharashtra, India",400050,Gated Residential Society,0,48,P51800021825,19.061554,72.82756,Trophy / Ultra-Prime,osm_maharera_cadastral_enriched,0.88
5888eebe-6b12-4872-a666-4478b681cb30,Mangal Aarti,mangal aarti,Reputed Developer / Co-op Housing Consortium,Mumbai,Bandra West (Pali Hill & Bandstand),IN,"Mangal Aarti, Bandra West (Pali Hill & Bandstand), Mumbai 400050, Maharashtra, India",400050,Gated Residential Society,0,48,P51800052507,19.061177,72.82707,Trophy / Ultra-Prime,osm_maharera_cadastral_enriched,0.88
08c42edb-8c9b-4b5e-8cdb-169e59792e71,Jonelia,jonelia,Reputed Developer / Co-op Housing Consortium,Mumbai,Bandra West (Pali Hill & Bandstand),IN,"Jonelia, Bandra West (Pali Hill & Bandstand), Mumbai 400050, Maharashtra, India",400050,Gated Residential Society,0,48,P51800047159,19.06185,72.82763,Trophy / Ultra-Prime,osm_maharera_cadastral_enriched,0.88
92274d3f-afa2-4337-9089-92dcb98ea4a7,Confidence Apartments,confidence apartments,Reputed Developer / Co-op Housing Consortium,Mumbai,Bandra West (Pali Hill & Bandstand),IN,"Confidence Apartments, Pali Market Road, Bandra West, Bandra West (Pali Hill & Bandstand), Mumbai 400050, Maharashtra, India",400050,Gated Residential Society,0,48,P51800026936,19.061889,72.827882,Trophy / Ultra-Prime,osm_maharera_cadastral_enriched,0.88
7ec92843-85d0-446d-8612-a9477a2c252f,Hillock View,hillock view,Reputed Developer / Co-op Housing Consortium,Mumbai,Bandra West (Pali Hill & Bandstand),IN,"Hillock View, 212 Pali Market Road, Bandra West (Pali Hill & Bandstand), Mumbai 400050, Maharashtra, India",400050,Gated Residential Society,0,48,P51800083056,19.061912,72.828052,Trophy / Ultra-Prime,osm_maharera_cadastral_enriched,0.88
12887116-e72d-4b7b-a13f-f44fe03dccdf,Santaritta,santaritta,Reputed Developer / Co-op Housing Consortium,Mumbai,Bandra West (Pali Hill & Bandstand),IN,"Santaritta, Saint John's Street, Bandra West (Pali Hill & Bandstand), Mumbai 400050, Maharashtra, India",400050,Gated Residential Society,0,48,P51800070162,19.061655,72.828263,Trophy / Ultra-Prime,osm_maharera_cadastral_enriched,0.88
f4beab1b-96d6-42df-9664-f8694b7ad01b,Dots,dots,Reputed Developer / Co-op Housing Consortium,Mumbai,Bandra West (Pali Hill & Bandstand),IN,"Dots, Saint John's Street, Bandra West (Pali Hill & Bandstand), Mumbai 400050, Maharashtra, India",400050,Gated Residential Society,0,48,P51800022409,19.061657,72.828088,Trophy / Ultra-Prime,osm_maharera_cadastral_enriched,0.88
e20a3ff0-a269-4fda-83fe-02af00f120eb,Bombay Hospital and Medical Research Center,bombay hospital and medical research center,Reputed Developer / Co-op Housing Consortium,Mumbai,Marine Drive & Nariman Point,IN,"Bombay Hospital and Medical Research Center, Marine Drive & Nariman Point, Mumbai 400020, Maharashtra, India",400020,Gated Residential Society,0,48,P51900091874,18.941011,72.827425,Trophy / Ultra-Prime,osm_maharera_cadastral_enriched,0.88
5d2a6ba8-6ecc-4acb-a049-9470b8458927,Aaykar Bhavan,aaykar bhavan,Reputed Developer / Co-op Housing Consortium,Mumbai,Marine Drive & Nariman Point,IN,"Aaykar Bhavan, Marine Drive & Nariman Point, Mumbai 400020, Maharashtra, India",400020,Gated Residential Society,0,48,P51900096181,18.938692,72.827818,Trophy / Ultra-Prime,osm_maharera_cadastral_enriched,0.88
df2949fa-aff4-4104-a000-fae570886c9c,Thakur Niwas,thakur niwas,Reputed Developer / Co-op Housing Consortium,Mumbai,Marine Drive & Nariman Point,IN,"Thakur Niwas, Marine Drive & Nariman Point, Mumbai 400020, Maharashtra, India",400020,Gated Residential Society,0,48,P51900073421,18.929483,72.824725,Trophy / Ultra-Prime,osm_maharera_cadastral_enriched,0.88
e4942bff-f14a-4eb7-9b6b-45c6a0bfec21,Cusrow Baug,cusrow baug,Reputed Developer / Co-op Housing Consortium,Mumbai,Colaba & Cuffe Parade,IN,"Cusrow Baug, Colaba & Cuffe Parade, Mumbai 400005, Maharashtra, India",400005,Gated Residential Society,0,48,P51900010887,18.919538,72.829375,Trophy / Ultra-Prime,osm_maharera_cadastral_enriched,0.88
785d50fd-2220-4c9d-9ac4-282a431d1332,Karani Agairy,karani agairy,Reputed Developer / Co-op Housing Consortium,Mumbai,Marine Drive & Nariman Point,IN,"Karani Agairy, Marine Drive & Nariman Point, Mumbai 400020, Maharashtra, India",400020,Gated Residential Society,0,48,P51900089999,18.920971,72.828272,Trophy / Ultra-Prime,osm_maharera_cadastral_enriched,0.88
4f7842cf-9905-48b6-8a72-d890d47fbae1,Salmona Ville,salmona ville,Reputed Developer / Co-op Housing Consortium,Mumbai,Khar & Santacruz West,IN,"Salmona Ville, North Avenue, Khar & Santacruz West, Mumbai 400054, Maharashtra, India",400054,Gated Residential Society,0,48,P51800078320,19.078188,72.837153,Trophy / Ultra-Prime,osm_maharera_cadastral_enriched,0.88
4452a009-ea65-4dd5-bc25-48f31cf96075,Harsh Jyot,harsh jyot,Reputed Developer / Co-op Housing Consortium,Mumbai,Juhu & Vile Parle West,IN,"Harsh Jyot, Juhu & Vile Parle West, Mumbai 400049, Maharashtra, India",400049,Gated Residential Society,0,48,P51800061672,19.11147,72.829596,Trophy / Ultra-Prime,osm_maharera_cadastral_enriched,0.88
e244877e-350a-478e-90aa-ba4a57e6dcf3,Great Eastern Gardens,great eastern gardens,Reputed Developer / Co-op Housing Consortium,Mumbai,Powai (Hiranandani Gardens),IN,"Great Eastern Gardens, Powai (Hiranandani Gardens), Mumbai 400076, Maharashtra, India",400076,Gated Residential Society,0,48,P51800093173,19.134087,72.92992,Trophy / Ultra-Prime,osm_maharera_cadastral_enriched,0.88
911762da-81e1-466b-bc28-3321db77ac4d,K.V residential,k v residential,Reputed Developer / Co-op Housing Consortium,Mumbai,Powai (Hiranandani Gardens),IN,"K.V residential, Powai (Hiranandani Gardens), Mumbai 400076, Maharashtra, India",400076,Gated Residential Society,0,48,P51800080266,19.12743,72.922954,Trophy / Ultra-Prime,osm_maharera_cadastral_enriched,0.88
c3965427-84c1-463a-aa87-2d5788e07532,Bharucha Baug,bharucha baug,Reputed Developer / Co-op Housing Consortium,Mumbai,Juhu & Vile Parle West,IN,"Bharucha Baug, Swami Vivekanand Road, Juhu & Vile Parle West, Mumbai 400058, Maharashtra, India",400058,Gated Residential Society,0,48,P51800030097,19.11531,72.844112,Trophy / Ultra-Prime,osm_maharera_cadastral_enriched,0.88
cc2567ac-16c0-45e4-b1f7-53ef743caab3,Shivaji Nagar CHS,shivaji nagar chs,Reputed Developer / Co-op Housing Consortium,Mumbai,Juhu & Vile Parle West,IN,"Shivaji Nagar CHS, Juhu & Vile Parle West, Mumbai 400049, Maharashtra, India",400049,Gated Residential Society,0,48,P51800051889,19.118986,72.827543,Trophy / Ultra-Prime,osm_maharera_cadastral_enriched,0.88
2405a9e7-a141-4175-9034-f9ff0b782925,Juhu Sagar CHS,juhu sagar chs,Reputed Developer / Co-op Housing Consortium,Mumbai,Juhu & Vile Parle West,IN,"Juhu Sagar CHS, Juhu & Vile Parle West, Mumbai 400049, Maharashtra, India",400049,Gated Residential Society,0,48,P51800053182,19.119161,72.827771,Trophy / Ultra-Prime,osm_maharera_cadastral_enriched,0.88
acd3d77d-3b2a-4dd8-b8b0-120f38fff071,Juhu Kutir,juhu kutir,Reputed Developer / Co-op Housing Consortium,Mumbai,Juhu & Vile Parle West,IN,"Juhu Kutir, Juhu & Vile Parle West, Mumbai 400049, Maharashtra, India",400049,Gated Residential Society,0,48,P51800012460,19.118941,72.82795,Trophy / Ultra-Prime,osm_maharera_cadastral_enriched,0.88
60d11270-1786-4223-8f86-3da7a9c9077f,ONGC Residential Apartments,ongc residential apartments,Reputed Developer / Co-op Housing Consortium,Mumbai,Juhu & Vile Parle West,IN,"ONGC Residential Apartments, Juhu & Vile Parle West, Mumbai 400049, Maharashtra, India",400049,Gated Residential Society,0,48,P51800084350,19.114087,72.833011,Trophy / Ultra-Prime,osm_maharera_cadastral_enriched,0.88
804efc8e-c36b-4f0a-a0f8-449ef27bb66d,Juhu Sheetal CHS,juhu sheetal chs,Reputed Developer / Co-op Housing Consortium,Mumbai,Juhu & Vile Parle West,IN,"Juhu Sheetal CHS, Juhu & Vile Parle West, Mumbai 400049, Maharashtra, India",400049,Gated Residential Society,0,48,P51800094552,19.114309,72.833489,Trophy / Ultra-Prime,osm_maharera_cadastral_enriched,0.88
6426337d-d711-40f6-af1a-81a35acb8da4,Gitanjali CHS,gitanjali chs,Reputed Developer / Co-op Housing Consortium,Mumbai,Juhu & Vile Parle West,IN,"Gitanjali CHS, Juhu & Vile Parle West, Mumbai 400049, Maharashtra, India",400049,Gated Residential Society,0,48,P51800040820,19.11485,72.831444,Trophy / Ultra-Prime,osm_maharera_cadastral_enriched,0.88
18297615-05af-4f1a-aaed-966c08240556,Yogi Smriti,yogi smriti,Reputed Developer / Co-op Housing Consortium,Mumbai,Juhu & Vile Parle West,IN,"Yogi Smriti, Juhu & Vile Parle West, Mumbai 400049, Maharashtra, India",400049,Gated Residential Society,0,48,P51800020497,19.110645,72.829644,Trophy / Ultra-Prime,osm_maharera_cadastral_enriched,0.88
83fa270e-e27d-462b-b56d-3d117f13d15a,Gurukripa,gurukripa,Reputed Developer / Co-op Housing Consortium,Mumbai,Juhu & Vile Parle West,IN,"Gurukripa, Juhu & Vile Parle West, Mumbai 400049, Maharashtra, India",400049,Gated Residential Society,0,48,P51800011750,19.111059,72.829218,Trophy / Ultra-Prime,osm_maharera_cadastral_enriched,0.88
c37be0dd-9a4c-4a3d-8385-64b0bf27c3a9,Vraj,vraj,Reputed Developer / Co-op Housing Consortium,Mumbai,Juhu & Vile Parle West,IN,"Vraj, Juhu & Vile Parle West, Mumbai 400049, Maharashtra, India",400049,Gated Residential Society,0,48,P51800033756,19.111251,72.829616,Trophy / Ultra-Prime,osm_maharera_cadastral_enriched,0.88
33c757cd-a426-4f98-aa57-f1b950ad8207,Aditya CHS,aditya chs,Reputed Developer / Co-op Housing Consortium,Mumbai,Juhu & Vile Parle West,IN,"Aditya CHS, Juhu & Vile Parle West, Mumbai 400049, Maharashtra, India",400049,Gated Residential Society,0,48,P51800049483,19.113387,72.834721,Trophy / Ultra-Prime,osm_maharera_cadastral_enriched,0.88
835dbd99-b402-4b2e-9dba-23be03a8025a,Chrysalis,chrysalis,Reputed Developer / Co-op Housing Consortium,Mumbai,Juhu & Vile Parle West,IN,"Chrysalis, Juhu & Vile Parle West, Mumbai 400049, Maharashtra, India",400049,Gated Residential Society,0,48,P51800061044,19.112971,72.83189,Trophy / Ultra-Prime,osm_maharera_cadastral_enriched,0.88
4d40e8ba-55ea-421a-ad91-a2b88120e18f,Tushar Bindu CHS,tushar bindu chs,Reputed Developer / Co-op Housing Consortium,Mumbai,Juhu & Vile Parle West,IN,"Tushar Bindu CHS, Juhu & Vile Parle West, Mumbai 400049, Maharashtra, India",400049,Gated Residential Society,0,48,P51800013552,19.113635,72.83401,Trophy / Ultra-Prime,osm_maharera_cadastral_enriched,0.88
aa6e48e3-5b0d-4799-b3a8-aa6b6160efc5,Gulistan E Hind CHS,gulistan e hind chs,Reputed Developer / Co-op Housing Consortium,Mumbai,Juhu & Vile Parle West,IN,"Gulistan E Hind CHS, Juhu & Vile Parle West, Mumbai 400049, Maharashtra, India",400049,Gated Residential Society,0,48,P51800055861,19.115374,72.830286,Trophy / Ultra-Prime,osm_maharera_cadastral_enriched,0.88
5beb41bd-bf69-468a-ac37-714123dad783,Juhu Natraj,juhu natraj,Reputed Developer / Co-op Housing Consortium,Mumbai,Juhu & Vile Parle West,IN,"Juhu Natraj, Juhu & Vile Parle West, Mumbai 400049, Maharashtra, India",400049,Gated Residential Society,0,48,P51800038590,19.114021,72.833952,Trophy / Ultra-Prime,osm_maharera_cadastral_enriched,0.88
4abad14c-51a2-4d08-b3e8-864fc3552f49,Juhu Gaurav,juhu gaurav,Reputed Developer / Co-op Housing Consortium,Mumbai,Juhu & Vile Parle West,IN,"Juhu Gaurav, Juhu & Vile Parle West, Mumbai 400049, Maharashtra, India",400049,Gated Residential Society,0,48,P51800045216,19.115225,72.832106,Trophy / Ultra-Prime,osm_maharera_cadastral_enriched,0.88
6b44a51f-7c57-4d16-9be5-d41a6dae819c,Juhu Vikrant,juhu vikrant,Reputed Developer / Co-op Housing Consortium,Mumbai,Juhu & Vile Parle West,IN,"Juhu Vikrant, Juhu & Vile Parle West, Mumbai 400049, Maharashtra, India",400049,Gated Residential Society,0,48,P51800091095,19.114903,72.833011,Trophy / Ultra-Prime,osm_maharera_cadastral_enriched,0.88
fc43d4ed-6a05-4397-84b2-9211d3625cb3,Chhaya Vihar,chhaya vihar,Reputed Developer / Co-op Housing Consortium,Mumbai,Juhu & Vile Parle West,IN,"Chhaya Vihar, Juhu & Vile Parle West, Mumbai 400049, Maharashtra, India",400049,Gated Residential Society,0,48,P51800095862,19.114349,72.833164,Trophy / Ultra-Prime,osm_maharera_cadastral_enriched,0.88
5657bc6d-63ab-4665-b5e1-03bddcf1922b,Juhu Jivan,juhu jivan,Reputed Developer / Co-op Housing Consortium,Mumbai,Juhu & Vile Parle West,IN,"Juhu Jivan, Juhu & Vile Parle West, Mumbai 400049, Maharashtra, India",400049,Gated Residential Society,0,48,P51800056589,19.113671,72.834517,Trophy / Ultra-Prime,osm_maharera_cadastral_enriched,0.88
5070fd23-bede-4679-b665-54d790bbac6b,Paavan Residency,paavan residency,Reputed Developer / Co-op Housing Consortium,Mumbai,Juhu & Vile Parle West,IN,"Paavan Residency, Juhu & Vile Parle West, Mumbai 400049, Maharashtra, India",400049,Gated Residential Society,0,48,P51800015964,19.11082,72.829227,Trophy / Ultra-Prime,osm_maharera_cadastral_enriched,0.88
ebf4bfa5-c7f7-44c2-960c-957c0a95cf1b,Bhanu,bhanu,Reputed Developer / Co-op Housing Consortium,Mumbai,Juhu & Vile Parle West,IN,"Bhanu, Juhu & Vile Parle West, Mumbai 400049, Maharashtra, India",400049,Gated Residential Society,0,48,P51800010266,19.110116,72.829691,Trophy / Ultra-Prime,osm_maharera_cadastral_enriched,0.88
cf7b4de7-c5df-460c-9a6b-7a0165c05cca,Mahran Society,mahran society,Reputed Developer / Co-op Housing Consortium,Mumbai,Juhu & Vile Parle West,IN,"Mahran Society, Juhu & Vile Parle West, Mumbai 400049, Maharashtra, India",400049,Gated Residential Society,0,48,P51800040187,19.114416,72.830587,Trophy / Ultra-Prime,osm_maharera_cadastral_enriched,0.88
4cb0e093-110c-460d-94e5-1e9f55db249a,Ananya,ananya,Reputed Developer / Co-op Housing Consortium,Mumbai,Juhu & Vile Parle West,IN,"Ananya, Juhu & Vile Parle West, Mumbai 400049, Maharashtra, India",400049,Gated Residential Society,0,48,P51800056436,19.113583,72.830246,Trophy / Ultra-Prime,osm_maharera_cadastral_enriched,0.88
4cb52987-a8e4-483c-9005-b3c84fce51a2,Windswept Dohad Saifee CHS Ltd,windswept dohad saifee chs ltd,Reputed Developer / Co-op Housing Consortium,Mumbai,Juhu & Vile Parle West,IN,"Windswept Dohad Saifee CHS Ltd, Juhu & Vile Parle West, Mumbai 400049, Maharashtra, India",400049,Gated Residential Society,0,48,P51800070978,19.112754,72.831393,Trophy / Ultra-Prime,osm_maharera_cadastral_enriched,0.88
1e74ca57-96a7-4fe5-82fc-dadaa9e1ef99,Doctor House,doctor house,Reputed Developer / Co-op Housing Consortium,Mumbai,Cumballa Hill & Breach Candy,IN,"Doctor House, Cumballa Hill & Breach Candy, Mumbai 400026, Maharashtra, India",400026,Gated Residential Society,0,48,P51900031119,18.97215,72.809203,Trophy / Ultra-Prime,osm_maharera_cadastral_enriched,0.88
7d89903a-e871-4e33-8fb3-15012acfa251,Colombia,colombia,Reputed Developer / Co-op Housing Consortium,Mumbai,Bandra West (Pali Hill & Bandstand),IN,"Colombia, St Dominic Street;7th Road, Bandra West (Pali Hill & Bandstand), Mumbai 400050, Maharashtra, India",400050,Gated Residential Society,0,48,P51800064974,19.057791,72.828928,Trophy / Ultra-Prime,osm_maharera_cadastral_enriched,0.88
8d9d4c1e-d26d-443f-b7d2-30e1e48ee51d,Satguru's Rendezvous,satguru s rendezvous,Reputed Developer / Co-op Housing Consortium,Mumbai,Bandra West (Pali Hill & Bandstand),IN,"Satguru's Rendezvous, Master Vinayak Road (Perry Road), Bandra West (Pali Hill & Bandstand), Mumbai 400050, Maharashtra, India",400050,Gated Residential Society,0,48,P51800036130,19.059482,72.827873,Trophy / Ultra-Prime,osm_maharera_cadastral_enriched,0.88
34786cdc-de54-4c9f-872f-b7a8c55e5622,Our Select,our select,Reputed Developer / Co-op Housing Consortium,Mumbai,Bandra West (Pali Hill & Bandstand),IN,"Our Select, Manuel Gonsalves Road, Bandra West (Pali Hill & Bandstand), Mumbai 400050, Maharashtra, India",400050,Gated Residential Society,0,48,P51800087874,19.057859,72.829388,Trophy / Ultra-Prime,osm_maharera_cadastral_enriched,0.88
0692cabb-9b05-4e0f-aa96-9e61a48d2a83,Sham's Palace,sham s palace,Reputed Developer / Co-op Housing Consortium,Mumbai,Bandra West (Pali Hill & Bandstand),IN,"Sham's Palace, Hill Road, Bandra West (Pali Hill & Bandstand), Mumbai 400050, Maharashtra, India",400050,Luxury High-Rise Tower,0,48,P51800033711,19.054998,72.825832,Trophy / Ultra-Prime,osm_maharera_cadastral_enriched,0.88
1ad8e405-4709-4229-8842-644b7bfdc93c,Casa De Rosa,casa de rosa,Reputed Developer / Co-op Housing Consortium,Mumbai,Bandra West (Pali Hill & Bandstand),IN,"Casa De Rosa, St. Dominic Street, Bandra West (Pali Hill & Bandstand), Mumbai 400050, Maharashtra, India",400050,Gated Residential Society,0,48,P51800083535,19.057498,72.829201,Trophy / Ultra-Prime,osm_maharera_cadastral_enriched,0.88
27601c18-3cf9-4ee5-b510-39c6009c1698,Mystique,mystique,Reputed Developer / Co-op Housing Consortium,Mumbai,Bandra West (Pali Hill & Bandstand),IN,"Mystique, Bandra West (Pali Hill & Bandstand), Mumbai 400050, Maharashtra, India",400050,Gated Residential Society,0,48,P51800089504,19.057714,72.828073,Trophy / Ultra-Prime,osm_maharera_cadastral_enriched,0.88
c61687c3-35ff-4320-977a-a75472b9346e,Phiroze,phiroze,Reputed Developer / Co-op Housing Consortium,Mumbai,Bandra West (Pali Hill & Bandstand),IN,"Phiroze, St. Leo Road, Bandra West (Pali Hill & Bandstand), Mumbai 400050, Maharashtra, India",400050,Gated Residential Society,0,48,P51800055123,19.058767,72.827693,Trophy / Ultra-Prime,osm_maharera_cadastral_enriched,0.88
7ede9df8-4b4c-41a3-9919-655ad6124e4d,Chez Nous,chez nous,Reputed Developer / Co-op Housing Consortium,Mumbai,Bandra West (Pali Hill & Bandstand),IN,"Chez Nous, St. Cyril Road, Bandra West (Pali Hill & Bandstand), Mumbai 400050, Maharashtra, India",400050,Gated Residential Society,0,48,P51800032378,19.058552,72.827987,Trophy / Ultra-Prime,osm_maharera_cadastral_enriched,0.88
08672ef1-bf56-439e-90bd-6a003f5dee4d,Felicitas,felicitas,Reputed Developer / Co-op Housing Consortium,Mumbai,Bandra West (Pali Hill & Bandstand),IN,"Felicitas, Bandra West (Pali Hill & Bandstand), Mumbai 400050, Maharashtra, India",400050,Gated Residential Society,0,48,P51800039286,19.056027,72.827725,Trophy / Ultra-Prime,osm_maharera_cadastral_enriched,0.88
e7a32295-ec8e-4e3e-aa84-68433c97397b,Shahina,shahina,Reputed Developer / Co-op Housing Consortium,Mumbai,Bandra West (Pali Hill & Bandstand),IN,"Shahina, Bandra West (Pali Hill & Bandstand), Mumbai 400050, Maharashtra, India",400050,Gated Residential Society,0,48,P51800091814,19.062606,72.827821,Trophy / Ultra-Prime,osm_maharera_cadastral_enriched,0.88
87764eec-5327-45b1-956c-8b93576dc966,Vishal Bandra,vishal bandra,Reputed Developer / Co-op Housing Consortium,Mumbai,Bandra West (Pali Hill & Bandstand),IN,"Vishal Bandra, Bandra West (Pali Hill & Bandstand), Mumbai 400050, Maharashtra, India",400050,Gated Residential Society,0,48,P51800051446,19.056305,72.829386,Trophy / Ultra-Prime,osm_maharera_cadastral_enriched,0.88
0b925613-e182-4f33-81f6-691fa4da2d30,Bandra Shelter Krupa Allure,bandra shelter krupa allure,Reputed Developer / Co-op Housing Consortium,Mumbai,Bandra West (Pali Hill & Bandstand),IN,"Bandra Shelter Krupa Allure, Manuel Gonsalves Road, Bandra West (Pali Hill & Bandstand), Mumbai 400050, Maharashtra, India",400050,Gated Residential Society,0,48,P51800035443,19.058067,72.829465,Trophy / Ultra-Prime,osm_maharera_cadastral_enriched,0.88
f739c1ed-ac19-456e-8f73-8b5ba05b1766,Villa Chiquita,villa chiquita,Reputed Developer / Co-op Housing Consortium,Mumbai,Bandra West (Pali Hill & Bandstand),IN,"Villa Chiquita, Saint John's Street, Bandra West (Pali Hill & Bandstand), Mumbai 400050, Maharashtra, India",400050,Gated Residential Society,0,48,P51800074192,19.061705,72.828457,Trophy / Ultra-Prime,osm_maharera_cadastral_enriched,0.88
759ff337-c94a-44e7-a022-ebca6ed5774c,Madhuban,madhuban,Reputed Developer / Co-op Housing Consortium,Mumbai,Bandra West (Pali Hill & Bandstand),IN,"Madhuban, Bandra West (Pali Hill & Bandstand), Mumbai 400050, Maharashtra, India",400050,Gated Residential Society,0,48,P51800037781,19.061434,72.826838,Trophy / Ultra-Prime,osm_maharera_cadastral_enriched,0.88
e3c2c96d-2067-463c-bbce-3746614236c5,C'est Mo,c est mo,Reputed Developer / Co-op Housing Consortium,Mumbai,Bandra West (Pali Hill & Bandstand),IN,"C'est Mo, St. Cyril Road, Bandra West (Pali Hill & Bandstand), Mumbai 400050, Maharashtra, India",400050,Gated Residential Society,0,48,P51800013725,19.058764,72.827969,Trophy / Ultra-Prime,osm_maharera_cadastral_enriched,0.88
797e1d35-5db5-4b6c-830a-5ea9991799d4,Aloma,aloma,Reputed Developer / Co-op Housing Consortium,Mumbai,Bandra West (Pali Hill & Bandstand),IN,"Aloma, Master Vinayak Road (Perry Road), Bandra West (Pali Hill & Bandstand), Mumbai 400050, Maharashtra, India",400050,Gated Residential Society,0,48,P51800064646,19.05958,72.828281,Trophy / Ultra-Prime,osm_maharera_cadastral_enriched,0.88
f3a026a4-7616-4755-9e7a-337cb52775f0,Roots,roots,Reputed Developer / Co-op Housing Consortium,Mumbai,Bandra West (Pali Hill & Bandstand),IN,"Roots, Saint Andrew Road, Bandra West (Pali Hill & Bandstand), Mumbai 400050, Maharashtra, India",400050,Gated Residential Society,0,48,P51800063937,19.057423,72.826889,Trophy / Ultra-Prime,osm_maharera_cadastral_enriched,0.88
babbb5ad-b576-4482-b603-23f3c325aafc,Helen Haven,helen haven,Reputed Developer / Co-op Housing Consortium,Mumbai,Bandra West (Pali Hill & Bandstand),IN,"Helen Haven, Bandra West (Pali Hill & Bandstand), Mumbai 400050, Maharashtra, India",400050,Gated Residential Society,0,48,P51800098267,19.057923,72.828465,Trophy / Ultra-Prime,osm_maharera_cadastral_enriched,0.88
8ec0f27f-c51b-4276-8af8-699c8913b2fa,Crescent,crescent,Reputed Developer / Co-op Housing Consortium,Mumbai,Bandra West (Pali Hill & Bandstand),IN,"Crescent, 9th Road, Bandra West (Pali Hill & Bandstand), Mumbai 400050, Maharashtra, India",400050,Gated Residential Society,0,48,P51800035094,19.056508,72.831277,Trophy / Ultra-Prime,osm_maharera_cadastral_enriched,0.88
4b08a68b-780e-4a4d-8194-32fce345698b,K Sara,k sara,Reputed Developer / Co-op Housing Consortium,Mumbai,Bandra West (Pali Hill & Bandstand),IN,"K Sara, Manuel Gonsalves Road, Bandra West (Pali Hill & Bandstand), Mumbai 400050, Maharashtra, India",400050,Gated Residential Society,0,48,P51800032427,19.058974,72.828793,Trophy / Ultra-Prime,osm_maharera_cadastral_enriched,0.88
d952e4eb-5639-4065-8d07-ab34b968cd18,Garden View,garden view,Reputed Developer / Co-op Housing Consortium,Mumbai,Bandra West (Pali Hill & Bandstand),IN,"Garden View, Bandra West (Pali Hill & Bandstand), Mumbai 400050, Maharashtra, India",400050,Gated Residential Society,0,48,P51800077356,19.056428,72.827912,Trophy / Ultra-Prime,osm_maharera_cadastral_enriched,0.88
b5558714-eb5f-4c8f-9fb1-57ada71c19fb,Skyper,skyper,Reputed Developer / Co-op Housing Consortium,Mumbai,Bandra West (Pali Hill & Bandstand),IN,"Skyper, Bandra West (Pali Hill & Bandstand), Mumbai 400050, Maharashtra, India",400050,Gated Residential Society,0,48,P51800082889,19.062279,72.828117,Trophy / Ultra-Prime,osm_maharera_cadastral_enriched,0.88
0cd96c69-715e-4058-983a-31840a55fb3a,Laburnum,laburnum,Reputed Developer / Co-op Housing Consortium,Mumbai,Bandra West (Pali Hill & Bandstand),IN,"Laburnum, D'Monte Road, Bandra West (Pali Hill & Bandstand), Mumbai 400050, Maharashtra, India",400050,Gated Residential Society,0,48,P51800016837,19.057836,72.826118,Trophy / Ultra-Prime,osm_maharera_cadastral_enriched,0.88
7391c480-ecdd-4e4c-b7e1-44bc4ca0fa65,Joycelyn,joycelyn,Reputed Developer / Co-op Housing Consortium,Mumbai,Bandra West (Pali Hill & Bandstand),IN,"Joycelyn, St. Leo Road, Bandra West (Pali Hill & Bandstand), Mumbai 400050, Maharashtra, India",400050,Gated Residential Society,0,48,P51800088359,19.057413,72.827321,Trophy / Ultra-Prime,osm_maharera_cadastral_enriched,0.88
c830424f-aee5-4721-b1e6-7529cb36ab1e,Rickashe,rickashe,Reputed Developer / Co-op Housing Consortium,Mumbai,Bandra West (Pali Hill & Bandstand),IN,"Rickashe, Manuel Gonsalves Road, Bandra West (Pali Hill & Bandstand), Mumbai 400050, Maharashtra, India",400050,Gated Residential Society,0,48,P51800020185,19.058507,72.829383,Trophy / Ultra-Prime,osm_maharera_cadastral_enriched,0.88
70ca12ed-a6a0-4d6d-9a89-c2700f018ccd,Morning Glory,morning glory,Reputed Developer / Co-op Housing Consortium,Mumbai,Bandra West (Pali Hill & Bandstand),IN,"Morning Glory, Bandra West (Pali Hill & Bandstand), Mumbai 400050, Maharashtra, India",400050,Gated Residential Society,0,48,P51800053837,19.062173,72.827326,Trophy / Ultra-Prime,osm_maharera_cadastral_enriched,0.88
9da8d8c6-7791-4bb4-aa6f-97d97d0c45d5,Clarette,clarette,Reputed Developer / Co-op Housing Consortium,Mumbai,Bandra West (Pali Hill & Bandstand),IN,"Clarette, Saint Andrew Road, Bandra West (Pali Hill & Bandstand), Mumbai 400050, Maharashtra, India",400050,Gated Residential Society,0,48,P51800076620,19.057874,72.826846,Trophy / Ultra-Prime,osm_maharera_cadastral_enriched,0.88
0e330b9a-09a2-40b1-bbbf-134d4345e884,Pete Ann Lou,pete ann lou,Reputed Developer / Co-op Housing Consortium,Mumbai,Bandra West (Pali Hill & Bandstand),IN,"Pete Ann Lou, St. Anthony Road, Bandra West (Pali Hill & Bandstand), Mumbai 400050, Maharashtra, India",400050,Gated Residential Society,0,48,P51800021370,19.058426,72.828985,Trophy / Ultra-Prime,osm_maharera_cadastral_enriched,0.88
4fce63c6-28fc-4f79-973f-688ccdff717f,Woodwinds,woodwinds,Reputed Developer / Co-op Housing Consortium,Mumbai,Bandra West (Pali Hill & Bandstand),IN,"Woodwinds, Saint Andrew Road, Bandra West (Pali Hill & Bandstand), Mumbai 400050, Maharashtra, India",400050,Gated Residential Society,0,48,P51800052209,19.05536,72.826616,Trophy / Ultra-Prime,osm_maharera_cadastral_enriched,0.88
fd2bfac7-0c39-4a61-a3be-50c9a7381223,Marble Palace,marble palace,Reputed Developer / Co-op Housing Consortium,Mumbai,Bandra West (Pali Hill & Bandstand),IN,"Marble Palace, Bandra West (Pali Hill & Bandstand), Mumbai 400050, Maharashtra, India",400050,Luxury High-Rise Tower,0,48,P51800099937,19.062003,72.828368,Trophy / Ultra-Prime,osm_maharera_cadastral_enriched,0.88
24df5d7e-9d12-4bf3-abd2-0dc0f430c5d8,Cuz-Inns,cuz inns,Reputed Developer / Co-op Housing Consortium,Mumbai,Bandra West (Pali Hill & Bandstand),IN,"Cuz-Inns, St. Cyril Road, Bandra West (Pali Hill & Bandstand), Mumbai 400050, Maharashtra, India",400050,Gated Residential Society,0,48,P51800041226,19.059013,72.828005,Trophy / Ultra-Prime,osm_maharera_cadastral_enriched,0.88
fcb51d29-2020-4a9f-8a56-ba356a2a4c24,Ebenezer,ebenezer,Reputed Developer / Co-op Housing Consortium,Mumbai,Bandra West (Pali Hill & Bandstand),IN,"Ebenezer, St Dominic Street, Bandra West (Pali Hill & Bandstand), Mumbai 400050, Maharashtra, India",400050,Gated Residential Society,0,48,P51800058416,19.057376,72.827106,Trophy / Ultra-Prime,osm_maharera_cadastral_enriched,0.88
a2c8f7d3-ca31-4d47-9af5-e32d7c3031b6,Chandni,chandni,Reputed Developer / Co-op Housing Consortium,Mumbai,Bandra West (Pali Hill & Bandstand),IN,"Chandni, Manuel Gonsalves Road, Bandra West (Pali Hill & Bandstand), Mumbai 400050, Maharashtra, India",400050,Gated Residential Society,0,48,P51800083846,19.058675,72.829452,Trophy / Ultra-Prime,osm_maharera_cadastral_enriched,0.88
3e19f9af-90ca-442b-ab24-607fe9a2f0fc,Windsor,windsor,Reputed Developer / Co-op Housing Consortium,Mumbai,Bandra West (Pali Hill & Bandstand),IN,"Windsor, St. Cyril Road, Bandra West (Pali Hill & Bandstand), Mumbai 400050, Maharashtra, India",400050,Gated Residential Society,0,48,P51800056176,19.059248,72.827931,Trophy / Ultra-Prime,osm_maharera_cadastral_enriched,0.88
5b2b27c7-0127-4369-98f7-47ff8f50d11f,Carlton Court,carlton court,Reputed Developer / Co-op Housing Consortium,Mumbai,Bandra West (Pali Hill & Bandstand),IN,"Carlton Court, Turner Road (Gurunanak Marg), Bandra West (Pali Hill & Bandstand), Mumbai 400050, Maharashtra, India",400050,Gated Residential Society,0,48,P51800017176,19.059276,72.829372,Trophy / Ultra-Prime,osm_maharera_cadastral_enriched,0.88
45128c65-04c8-4a36-a2cc-ffdbf643c87e,Ivorick,ivorick,Reputed Developer / Co-op Housing Consortium,Mumbai,Bandra West (Pali Hill & Bandstand),IN,"Ivorick, Bandra West (Pali Hill & Bandstand), Mumbai 400050, Maharashtra, India",400050,Gated Residential Society,0,48,P51800079481,19.057911,72.82802,Trophy / Ultra-Prime,osm_maharera_cadastral_enriched,0.88
ae567d01-b54e-48cf-8911-5653fc67dd7d,Bella Villa,bella villa,Reputed Developer / Co-op Housing Consortium,Mumbai,Bandra West (Pali Hill & Bandstand),IN,"Bella Villa, Saint Andrew Road, Bandra West (Pali Hill & Bandstand), Mumbai 400050, Maharashtra, India",400050,Gated Residential Society,0,48,P51800026111,19.057022,72.826558,Trophy / Ultra-Prime,osm_maharera_cadastral_enriched,0.88
5d9d7211-e13a-4f04-9224-8ea39f6854dc,Wilfred Apartments,wilfred apartments,Reputed Developer / Co-op Housing Consortium,Mumbai,Bandra West (Pali Hill & Bandstand),IN,"Wilfred Apartments, St. Leo Road, Bandra West (Pali Hill & Bandstand), Mumbai 400050, Maharashtra, India",400050,Gated Residential Society,0,48,P51800083354,19.057888,72.827718,Trophy / Ultra-Prime,osm_maharera_cadastral_enriched,0.88
471a387c-ee50-4fe2-8e95-7e91153d0fff,Cherrysons,cherrysons,Reputed Developer / Co-op Housing Consortium,Mumbai,Bandra West (Pali Hill & Bandstand),IN,"Cherrysons, St. Cyril Road, Bandra West (Pali Hill & Bandstand), Mumbai 400050, Maharashtra, India",400050,Gated Residential Society,0,48,P51800022356,19.05914,72.828379,Trophy / Ultra-Prime,osm_maharera_cadastral_enriched,0.88
82a3f505-3471-4f3f-8bbe-06a05c224250,Capri Heights,capri heights,Reputed Developer / Co-op Housing Consortium,Mumbai,Bandra West (Pali Hill & Bandstand),IN,"Capri Heights, Bandra West (Pali Hill & Bandstand), Mumbai 400050, Maharashtra, India",400050,Luxury High-Rise Tower,0,48,P51800086131,19.062463,72.827419,Trophy / Ultra-Prime,osm_maharera_cadastral_enriched,0.88
d4250098-c148-463a-8678-2526ba930c8c,Anita Apartments,anita apartments,Reputed Developer / Co-op Housing Consortium,Mumbai,Bandra West (Pali Hill & Bandstand),IN,"Anita Apartments, Manuel Gonsalves Road, Bandra West (Pali Hill & Bandstand), Mumbai 400050, Maharashtra, India",400050,Gated Residential Society,0,48,P51800026805,19.057517,72.829472,Trophy / Ultra-Prime,osm_maharera_cadastral_enriched,0.88
53c29f0a-38cb-4f3d-9e91-1f979d976f5b,Monisha,monisha,Reputed Developer / Co-op Housing Consortium,Mumbai,Bandra West (Pali Hill & Bandstand),IN,"Monisha, Saint Andrew Road, Bandra West (Pali Hill & Bandstand), Mumbai 400050, Maharashtra, India",400050,Gated Residential Society,0,48,P51800029358,19.055644,72.826516,Trophy / Ultra-Prime,osm_maharera_cadastral_enriched,0.88
e546d4de-cd51-4154-85d0-6d228019d1c7,Classic Corner,classic corner,Reputed Developer / Co-op Housing Consortium,Mumbai,Bandra West (Pali Hill & Bandstand),IN,"Classic Corner, Bandra West (Pali Hill & Bandstand), Mumbai 400050, Maharashtra, India",400050,Gated Residential Society,0,48,P51800059791,19.055022,72.826609,Trophy / Ultra-Prime,osm_maharera_cadastral_enriched,0.88
e613aadb-dbd7-4822-bc5b-24baa9680332,Shantivanam,shantivanam,Reputed Developer / Co-op Housing Consortium,Mumbai,Bandra West (Pali Hill & Bandstand),IN,"Shantivanam, Manuel Gonsalves Road, Bandra West (Pali Hill & Bandstand), Mumbai 400050, Maharashtra, India",400050,Gated Residential Society,0,48,P51800037923,19.058687,72.829104,Trophy / Ultra-Prime,osm_maharera_cadastral_enriched,0.88
5cd93d74-8e9d-4df5-9cd0-a8659517a6f9,Yuwan B,yuwan b,Reputed Developer / Co-op Housing Consortium,Mumbai,Bandra West (Pali Hill & Bandstand),IN,"Yuwan B, Bandra West (Pali Hill & Bandstand), Mumbai 400050, Maharashtra, India",400050,Gated Residential Society,0,48,P51800071247,19.052007,72.822809,Trophy / Ultra-Prime,osm_maharera_cadastral_enriched,0.88
6d5c7a94-58d9-4466-b536-d74b1bcaa2f4,Catherina,catherina,Reputed Developer / Co-op Housing Consortium,Mumbai,Bandra West (Pali Hill & Bandstand),IN,"Catherina, Bandra West (Pali Hill & Bandstand), Mumbai 400050, Maharashtra, India",400050,Gated Residential Society,0,48,P51800069452,19.051145,72.827372,Trophy / Ultra-Prime,osm_maharera_cadastral_enriched,0.88
eaa85246-7bc8-4b24-b113-d0eaee1606d8,Fonseca,fonseca,Reputed Developer / Co-op Housing Consortium,Mumbai,Bandra West (Pali Hill & Bandstand),IN,"Fonseca, Rebello Road, Bandra West (Pali Hill & Bandstand), Mumbai 400050, Maharashtra, India",400050,Gated Residential Society,0,48,P51800036129,19.051458,72.825884,Trophy / Ultra-Prime,osm_maharera_cadastral_enriched,0.88
42da8363-7893-4547-80ba-64dca3cad223,Mitra Kunj,mitra kunj,Reputed Developer / Co-op Housing Consortium,Mumbai,Bandra West (Pali Hill & Bandstand),IN,"Mitra Kunj, Bandra West (Pali Hill & Bandstand), Mumbai 400050, Maharashtra, India",400050,Gated Residential Society,0,48,P51800062588,19.050825,72.827005,Trophy / Ultra-Prime,osm_maharera_cadastral_enriched,0.88
6ad1965e-2930-411c-aa4f-b86d46c11b8d,Yuwan A,yuwan a,Reputed Developer / Co-op Housing Consortium,Mumbai,Bandra West (Pali Hill & Bandstand),IN,"Yuwan A, Bandra West (Pali Hill & Bandstand), Mumbai 400050, Maharashtra, India",400050,Gated Residential Society,0,48,P51800072823,19.052136,72.823188,Trophy / Ultra-Prime,osm_maharera_cadastral_enriched,0.88
5cf5c0a7-796a-4716-9dca-0f576edc4188,Yuwan D,yuwan d,Reputed Developer / Co-op Housing Consortium,Mumbai,Bandra West (Pali Hill & Bandstand),IN,"Yuwan D, Bandra West (Pali Hill & Bandstand), Mumbai 400050, Maharashtra, India",400050,Gated Residential Society,0,48,P51800051351,19.052733,72.823423,Trophy / Ultra-Prime,osm_maharera_cadastral_enriched,0.88
70bd56a9-7137-4c17-8c23-d88bbfdc864e,Dinkar Smruti,dinkar smruti,Reputed Developer / Co-op Housing Consortium,Mumbai,Bandra West (Pali Hill & Bandstand),IN,"Dinkar Smruti, Bandra West (Pali Hill & Bandstand), Mumbai 400050, Maharashtra, India",400050,Gated Residential Society,0,48,P51800062597,19.051279,72.827124,Trophy / Ultra-Prime,osm_maharera_cadastral_enriched,0.88
e8839ae2-8b3c-4a72-bbc1-d5e66f385bcc,Dinaco Kiran,dinaco kiran,Reputed Developer / Co-op Housing Consortium,Mumbai,Bandra West (Pali Hill & Bandstand),IN,"Dinaco Kiran, Somnath Lane, Bandra West (Pali Hill & Bandstand), Mumbai 400050, Maharashtra, India",400050,Gated Residential Society,0,48,P51800047086,19.055563,72.827729,Trophy / Ultra-Prime,osm_maharera_cadastral_enriched,0.88
760c0b6c-4891-4657-ad1c-b07ecc230a31,Escada,escada,Reputed Developer / Co-op Housing Consortium,Mumbai,Bandra West (Pali Hill & Bandstand),IN,"Escada, Rebello Road, Bandra West (Pali Hill & Bandstand), Mumbai 400050, Maharashtra, India",400050,Gated Residential Society,0,48,P51800084319,19.05137,72.82578,Trophy / Ultra-Prime,osm_maharera_cadastral_enriched,0.88
8b741d27-2c6d-43d3-a892-8ef6caf5f918,Avalon,avalon,Reputed Developer / Co-op Housing Consortium,Mumbai,Bandra West (Pali Hill & Bandstand),IN,"Avalon, St Sebastian Road, Bandra West (Pali Hill & Bandstand), Mumbai 400050, Maharashtra, India",400050,Gated Residential Society,0,48,P51800065305,19.051435,72.825423,Trophy / Ultra-Prime,osm_maharera_cadastral_enriched,0.88
f1c3ebde-8704-48e1-b08c-3fcc13b1341c,Resita,resita,Reputed Developer / Co-op Housing Consortium,Mumbai,Bandra West (Pali Hill & Bandstand),IN,"Resita, Mount Carmel Road, Bandra West (Pali Hill & Bandstand), Mumbai 400050, Maharashtra, India",400050,Gated Residential Society,0,48,P51800051189,19.051671,72.825123,Trophy / Ultra-Prime,osm_maharera_cadastral_enriched,0.88
3f0f7837-510c-4e7f-b90d-6b09ffb9609c,Sunbeam,sunbeam,Reputed Developer / Co-op Housing Consortium,Mumbai,Bandra West (Pali Hill & Bandstand),IN,"Sunbeam, Mount Carmel Road, Bandra West (Pali Hill & Bandstand), Mumbai 400050, Maharashtra, India",400050,Gated Residential Society,0,48,P51800054214,19.051162,72.827558,Trophy / Ultra-Prime,osm_maharera_cadastral_enriched,0.88
0d83da7e-4f00-4c05-9821-be1def1e1914,Zakaria House,zakaria house,Reputed Developer / Co-op Housing Consortium,Mumbai,Bandra West (Pali Hill & Bandstand),IN,"Zakaria House, Almeida Park Road, Bandra West (Pali Hill & Bandstand), Mumbai 400050, Maharashtra, India",400050,Gated Residential Society,0,48,P51800045865,19.056986,72.832456,Trophy / Ultra-Prime,osm_maharera_cadastral_enriched,0.88
a63d8acc-fd17-46ba-ad7f-b55db8cdf418,Sona CHSL,sona chsl,Reputed Developer / Co-op Housing Consortium,Mumbai,Bandra West (Pali Hill & Bandstand),IN,"Sona CHSL, Bandra West (Pali Hill & Bandstand), Mumbai 400050, Maharashtra, India",400050,Gated Residential Society,0,48,P51800065929,19.055591,72.833895,Trophy / Ultra-Prime,osm_maharera_cadastral_enriched,0.88
cc365d1d-99d1-4b10-a45b-5e6c5c1013da,Veneziana,veneziana,Reputed Developer / Co-op Housing Consortium,Mumbai,Bandra West (Pali Hill & Bandstand),IN,"Veneziana, Bandra West (Pali Hill & Bandstand), Mumbai 400050, Maharashtra, India",400050,Gated Residential Society,0,48,P51800025300,19.057009,72.832673,Trophy / Ultra-Prime,osm_maharera_cadastral_enriched,0.88
cddc22eb-933f-4f59-91c3-faaceacacdce,Regiland,regiland,Reputed Developer / Co-op Housing Consortium,Mumbai,Bandra West (Pali Hill & Bandstand),IN,"Regiland, 4th Road, Bandra West (Pali Hill & Bandstand), Mumbai 400050, Maharashtra, India",400050,Gated Residential Society,0,48,P51800052298,19.057461,72.832622,Trophy / Ultra-Prime,osm_maharera_cadastral_enriched,0.88
75e26775-ee66-4b02-b5a8-c50de1b346e8,Razia Manor,razia manor,Reputed Developer / Co-op Housing Consortium,Mumbai,Bandra West (Pali Hill & Bandstand),IN,"Razia Manor, Bandra West (Pali Hill & Bandstand), Mumbai 400050, Maharashtra, India",400050,Gated Residential Society,0,48,P51800070284,19.057444,72.832396,Trophy / Ultra-Prime,osm_maharera_cadastral_enriched,0.88
4cff2146-5b0b-42d3-8228-f48b8b91e112,Bandra Hill View,bandra hill view,Reputed Developer / Co-op Housing Consortium,Mumbai,Bandra West (Pali Hill & Bandstand),IN,"Bandra Hill View, Bandra West (Pali Hill & Bandstand), Mumbai 400050, Maharashtra, India",400050,Gated Residential Society,0,48,P51800092842,19.055571,72.83427,Trophy / Ultra-Prime,osm_maharera_cadastral_enriched,0.88
66cf0e24-e5e3-42e7-a450-2c950377e407,Amarjiwan,amarjiwan,Reputed Developer / Co-op Housing Consortium,Mumbai,Bandra West (Pali Hill & Bandstand),IN,"Amarjiwan, St. Martin's Road, Bandra West (Pali Hill & Bandstand), Mumbai 400050, Maharashtra, India",400050,Gated Residential Society,0,48,P51800035235,19.057492,72.834992,Trophy / Ultra-Prime,osm_maharera_cadastral_enriched,0.88
8e2a3741-06e2-424a-b4d3-ba00b91d862f,Lubina,lubina,Reputed Developer / Co-op Housing Consortium,Mumbai,Bandra West (Pali Hill & Bandstand),IN,"Lubina, Gurunanak Marg, Bandra West (Pali Hill & Bandstand), Mumbai 400050, Maharashtra, India",400050,Gated Residential Society,0,48,P51800097828,19.059289,72.832098,Trophy / Ultra-Prime,osm_maharera_cadastral_enriched,0.88
de3b5c32-55c1-435e-9c1e-94a095937206,D.T.T.C. Telephone Exchange,d t t c telephone exchange,Reputed Developer / Co-op Housing Consortium,Mumbai,Bandra West (Pali Hill & Bandstand),IN,"D.T.T.C. Telephone Exchange, Bandra West (Pali Hill & Bandstand), Mumbai 400050, Maharashtra, India",400050,Gated Residential Society,0,48,P51800086093,19.057942,72.8351,Trophy / Ultra-Prime,osm_maharera_cadastral_enriched,0.88
a3fb7cd3-4f7e-48f4-90a5-1fe59f84bb18,Therese Ville Dawn CHSL,therese ville dawn chsl,Reputed Developer / Co-op Housing Consortium,Mumbai,Bandra West (Pali Hill & Bandstand),IN,"Therese Ville Dawn CHSL, 1st Road, Bandra West (Pali Hill & Bandstand), Mumbai 400050, Maharashtra, India",400050,Gated Residential Society,0,48,P51800016111,19.058867,72.831141,Trophy / Ultra-Prime,osm_maharera_cadastral_enriched,0.88
45b952b0-56cd-409f-ad7f-b96c51530aac,L'Amour,l amour,Reputed Developer / Co-op Housing Consortium,Mumbai,Bandra West (Pali Hill & Bandstand),IN,"L'Amour, Gurunanak Marg, Bandra West (Pali Hill & Bandstand), Mumbai 400050, Maharashtra, India",400050,Gated Residential Society,0,48,P51800028313,19.059223,72.831311,Trophy / Ultra-Prime,osm_maharera_cadastral_enriched,0.88
5f2d9825-a85f-4291-b0d8-c2764174735d,Pinaacle Gold,pinaacle gold,Reputed Developer / Co-op Housing Consortium,Mumbai,Bandra West (Pali Hill & Bandstand),IN,"Pinaacle Gold, 9th Road, Bandra West (Pali Hill & Bandstand), Mumbai 400050, Maharashtra, India",400050,Gated Residential Society,0,48,P51800046846,19.056038,72.831474,Trophy / Ultra-Prime,osm_maharera_cadastral_enriched,0.88
04961080-a15d-44a0-ab85-14d436236d63,Hira Wala Apartments,hira wala apartments,Reputed Developer / Co-op Housing Consortium,Mumbai,Bandra West (Pali Hill & Bandstand),IN,"Hira Wala Apartments, Bandra West (Pali Hill & Bandstand), Mumbai 400050, Maharashtra, India",400050,Gated Residential Society,0,48,P51800047774,19.060226,72.830054,Trophy / Ultra-Prime,osm_maharera_cadastral_enriched,0.88
48a420e9-da38-4ce8-b173-968e32393d62,Marinette,marinette,Reputed Developer / Co-op Housing Consortium,Mumbai,Bandra West (Pali Hill & Bandstand),IN,"Marinette, St. Paul Road, Bandra West (Pali Hill & Bandstand), Mumbai 400050, Maharashtra, India",400050,Gated Residential Society,0,48,P51800056732,19.057773,72.82534,Trophy / Ultra-Prime,osm_maharera_cadastral_enriched,0.88
4b0ac788-02b8-48a6-bf73-d4354a8d4b1e,Elco Arcade Residential Apartments,elco arcade residential apartments,Reputed Developer / Co-op Housing Consortium,Mumbai,Bandra West (Pali Hill & Bandstand),IN,"Elco Arcade Residential Apartments, Bandra West (Pali Hill & Bandstand), Mumbai 400050, Maharashtra, India",400050,Gated Residential Society,0,48,P51800065660,19.056604,72.833116,Trophy / Ultra-Prime,osm_maharera_cadastral_enriched,0.88
4cbd7a6f-2b12-4d8c-8772-884afdca4ec5,Niamat,niamat,Reputed Developer / Co-op Housing Consortium,Mumbai,Bandra West (Pali Hill & Bandstand),IN,"Niamat, Almeida Park Road, Bandra West (Pali Hill & Bandstand), Mumbai 400050, Maharashtra, India",400050,Gated Residential Society,0,48,P51800032912,19.056799,72.832497,Trophy / Ultra-Prime,osm_maharera_cadastral_enriched,0.88
2ee5b508-f29e-43f0-92e1-9d4a7a924ba7,Rays,rays,Reputed Developer / Co-op Housing Consortium,Mumbai,Bandra West (Pali Hill & Bandstand),IN,"Rays, 1st Road, Bandra West (Pali Hill & Bandstand), Mumbai 400050, Maharashtra, India",400050,Gated Residential Society,0,48,P51800058106,19.058845,72.831496,Trophy / Ultra-Prime,osm_maharera_cadastral_enriched,0.88
75925de7-2b4f-471e-b1c3-cfa8a295189d,The Legacy,the legacy,Reputed Developer / Co-op Housing Consortium,Mumbai,Bandra West (Pali Hill & Bandstand),IN,"The Legacy, 3rd Road, Bandra West (Pali Hill & Bandstand), Mumbai 400050, Maharashtra, India",400050,Gated Residential Society,0,48,P51800074767,19.058698,72.830582,Trophy / Ultra-Prime,osm_maharera_cadastral_enriched,0.88
54429293-c391-4b78-b76b-c21cd8a54d48,Ladhani House,ladhani house,Reputed Developer / Co-op Housing Consortium,Mumbai,Bandra West (Pali Hill & Bandstand),IN,"Ladhani House, Bandra West (Pali Hill & Bandstand), Mumbai 400050, Maharashtra, India",400050,Gated Residential Society,0,48,P51800049126,19.056299,72.832605,Trophy / Ultra-Prime,osm_maharera_cadastral_enriched,0.88
2f771212-d0bc-4110-b1fa-b0eec3e19d07,Simar Tara,simar tara,Reputed Developer / Co-op Housing Consortium,Mumbai,Bandra West (Pali Hill & Bandstand),IN,"Simar Tara, 1st Road, Bandra West (Pali Hill & Bandstand), Mumbai 400050, Maharashtra, India",400050,Gated Residential Society,0,48,P51800033442,19.058865,72.833606,Trophy / Ultra-Prime,osm_maharera_cadastral_enriched,0.88
d4e0b2b3-f67a-48e0-9915-978deae4bb03,Sarup Sagar,sarup sagar,Reputed Developer / Co-op Housing Consortium,Mumbai,Bandra West (Pali Hill & Bandstand),IN,"Sarup Sagar, Almeida Park Road, Bandra West (Pali Hill & Bandstand), Mumbai 400050, Maharashtra, India",400050,Gated Residential Society,0,48,P51800079897,19.056562,72.83257,Trophy / Ultra-Prime,osm_maharera_cadastral_enriched,0.88
6f80d506-0f70-4419-936e-f4fc8e88c120,Benezet,benezet,Reputed Developer / Co-op Housing Consortium,Mumbai,Bandra West (Pali Hill & Bandstand),IN,"Benezet, 1st Road, Bandra West (Pali Hill & Bandstand), Mumbai 400050, Maharashtra, India",400050,Gated Residential Society,0,48,P51800059541,19.058924,72.833112,Trophy / Ultra-Prime,osm_maharera_cadastral_enriched,0.88
6aef9668-c5bf-4610-a503-57aa119efd1d,Elysium,elysium,Reputed Developer / Co-op Housing Consortium,Mumbai,Bandra West (Pali Hill & Bandstand),IN,"Elysium, D'Monte Road, Bandra West (Pali Hill & Bandstand), Mumbai 400050, Maharashtra, India",400050,Gated Residential Society,0,48,P51800035555,19.058012,72.825693,Trophy / Ultra-Prime,osm_maharera_cadastral_enriched,0.88
2958635b-1bd0-49da-8b18-1ce0c9feeda5,Lord's Apartment,lord s apartment,Reputed Developer / Co-op Housing Consortium,Mumbai,Bandra West (Pali Hill & Bandstand),IN,"Lord's Apartment, 6th Road, Bandra West (Pali Hill & Bandstand), Mumbai 400050, Maharashtra, India",400050,Gated Residential Society,0,48,P51800051933,19.057078,72.831718,Trophy / Ultra-Prime,osm_maharera_cadastral_enriched,0.88
ae04f5b4-3728-4164-a36b-17d2f81dec91,Clifton,clifton,Reputed Developer / Co-op Housing Consortium,Mumbai,Bandra West (Pali Hill & Bandstand),IN,"Clifton, Almeida Park Road, Bandra West (Pali Hill & Bandstand), Mumbai 400050, Maharashtra, India",400050,Gated Residential Society,0,48,P51800057422,19.058478,72.832028,Trophy / Ultra-Prime,osm_maharera_cadastral_enriched,0.88
38501f69-369c-4870-8d2d-dafaba8c700b,Loyola House,loyola house,Reputed Developer / Co-op Housing Consortium,Mumbai,Bandra West (Pali Hill & Bandstand),IN,"Loyola House, Manuel Gonsalves Road, Bandra West (Pali Hill & Bandstand), Mumbai 400050, Maharashtra, India",400050,Gated Residential Society,0,48,P51800085159,19.058775,72.8298,Trophy / Ultra-Prime,osm_maharera_cadastral_enriched,0.88
e1670ea8-adf2-4fda-96f0-43a6b0988076,Gulsherabad,gulsherabad,Reputed Developer / Co-op Housing Consortium,Mumbai,Bandra West (Pali Hill & Bandstand),IN,"Gulsherabad, Hill Road, Bandra West (Pali Hill & Bandstand), Mumbai 400050, Maharashtra, India",400050,Gated Residential Society,0,48,P51800019247,19.055692,72.831667,Trophy / Ultra-Prime,osm_maharera_cadastral_enriched,0.88
1ba8a9b2-db31-4b2e-bb5c-a8eb69e56ffd,Berchman House,berchman house,Reputed Developer / Co-op Housing Consortium,Mumbai,Bandra West (Pali Hill & Bandstand),IN,"Berchman House, Manuel Gonsalves Road, Bandra West (Pali Hill & Bandstand), Mumbai 400050, Maharashtra, India",400050,Gated Residential Society,0,48,P51800049226,19.058508,72.830314,Trophy / Ultra-Prime,osm_maharera_cadastral_enriched,0.88
e0b9420c-e1a5-4a48-86a2-9bdc92ef4404,Salsette Catholic Co-Op,salsette catholic co op,Reputed Developer / Co-op Housing Consortium,Mumbai,Bandra West (Pali Hill & Bandstand),IN,"Salsette Catholic Co-Op, Bandra West (Pali Hill & Bandstand), Mumbai 400050, Maharashtra, India",400050,Gated Residential Society,0,48,P51800049314,19.055744,72.831882,Trophy / Ultra-Prime,osm_maharera_cadastral_enriched,0.88
d8f39a05-0e08-43b3-abb7-36333ee63f8c,Shiva,shiva,Reputed Developer / Co-op Housing Consortium,Mumbai,Bandra West (Pali Hill & Bandstand),IN,"Shiva, Gurunanak Marg, Bandra West (Pali Hill & Bandstand), Mumbai 400050, Maharashtra, India",400050,Gated Residential Society,0,48,P51800059532,19.059217,72.830874,Trophy / Ultra-Prime,osm_maharera_cadastral_enriched,0.88
49fb6a19-0f45-4ffd-89c6-57050b01ae5c,Khubsons,khubsons,Reputed Developer / Co-op Housing Consortium,Mumbai,Bandra West (Pali Hill & Bandstand),IN,"Khubsons, Almeida Park Road, Bandra West (Pali Hill & Bandstand), Mumbai 400050, Maharashtra, India",400050,Gated Residential Society,0,48,P51800084971,19.058973,72.832067,Trophy / Ultra-Prime,osm_maharera_cadastral_enriched,0.88
361dd2ef-cf48-4fcf-ae77-20c3ac2126d6,De Britto House,de britto house,Reputed Developer / Co-op Housing Consortium,Mumbai,Bandra West (Pali Hill & Bandstand),IN,"De Britto House, Manuel Gonsalves Road, Bandra West (Pali Hill & Bandstand), Mumbai 400050, Maharashtra, India",400050,Gated Residential Society,0,48,P51800024696,19.058496,72.830116,Trophy / Ultra-Prime,osm_maharera_cadastral_enriched,0.88
a17a944c-d9b1-4b03-9445-f64c9d7f91b3,Annarissa,annarissa,Reputed Developer / Co-op Housing Consortium,Mumbai,Bandra West (Pali Hill & Bandstand),IN,"Annarissa, D'Monte Road, Bandra West (Pali Hill & Bandstand), Mumbai 400050, Maharashtra, India",400050,Gated Residential Society,0,48,P51800076623,19.058225,72.825693,Trophy / Ultra-Prime,osm_maharera_cadastral_enriched,0.88
8e00375a-e167-4017-8808-0809ad5fe38d,Kavarana Villa,kavarana villa,Reputed Developer / Co-op Housing Consortium,Mumbai,Bandra West (Pali Hill & Bandstand),IN,"Kavarana Villa, 1st Road, Bandra West (Pali Hill & Bandstand), Mumbai 400050, Maharashtra, India",400050,Gated Residential Society,0,48,P51800027764,19.058779,72.830804,Trophy / Ultra-Prime,osm_maharera_cadastral_enriched,0.88
a62700ef-204c-4322-9a4a-c301e7f8bf46,New Garden View,new garden view,Reputed Developer / Co-op Housing Consortium,Mumbai,Bandra West (Pali Hill & Bandstand),IN,"New Garden View, Almeida Park Road, Bandra West (Pali Hill & Bandstand), Mumbai 400050, Maharashtra, India",400050,Gated Residential Society,0,48,P51800074256,19.058101,72.831933,Trophy / Ultra-Prime,osm_maharera_cadastral_enriched,0.88
2cf3a139-9cec-4f2b-b24c-8a5f33c207fb,Sheetal Palace,sheetal palace,Reputed Developer / Co-op Housing Consortium,Mumbai,Bandra West (Pali Hill & Bandstand),IN,"Sheetal Palace, 1st Road, Bandra West (Pali Hill & Bandstand), Mumbai 400050, Maharashtra, India",400050,Luxury High-Rise Tower,0,48,P51800036198,19.058856,72.831838,Trophy / Ultra-Prime,osm_maharera_cadastral_enriched,0.88
64d26e16-4ebb-40b3-ab41-d6770732dc35,Ivan Lodge,ivan lodge,Reputed Developer / Co-op Housing Consortium,Mumbai,Bandra West (Pali Hill & Bandstand),IN,"Ivan Lodge, Bandra West (Pali Hill & Bandstand), Mumbai 400050, Maharashtra, India",400050,Gated Residential Society,0,48,P51800041938,19.057672,72.826069,Trophy / Ultra-Prime,osm_maharera_cadastral_enriched,0.88
24294ea4-ef9f-4ddb-81f7-45f9daff908c,Seville,seville,Reputed Developer / Co-op Housing Consortium,Mumbai,Bandra West (Pali Hill & Bandstand),IN,"Seville, St. Paul Road, Bandra West (Pali Hill & Bandstand), Mumbai 400050, Maharashtra, India",400050,Gated Residential Society,0,48,P51800027547,19.058249,72.825328,Trophy / Ultra-Prime,osm_maharera_cadastral_enriched,0.88
740ca077-a500-4b04-a27b-840b8c72b07f,Pinnaacle d'Pride,pinnaacle d pride,Reputed Developer / Co-op Housing Consortium,Mumbai,Bandra West (Pali Hill & Bandstand),IN,"Pinnaacle d'Pride, 3rd Road, Bandra West (Pali Hill & Bandstand), Mumbai 400050, Maharashtra, India",400050,Gated Residential Society,0,48,P51800024804,19.058925,72.830807,Trophy / Ultra-Prime,osm_maharera_cadastral_enriched,0.88
696ac6a9-4f73-4c1b-ab51-9d1461267fc9,Xavier House,xavier house,Reputed Developer / Co-op Housing Consortium,Mumbai,Bandra West (Pali Hill & Bandstand),IN,"Xavier House, Manuel Gonsalves Road, Bandra West (Pali Hill & Bandstand), Mumbai 400050, Maharashtra, India",400050,Gated Residential Society,0,48,P51800013450,19.058504,72.829859,Trophy / Ultra-Prime,osm_maharera_cadastral_enriched,0.88
0c0aed46-a4dd-4216-89f6-7561bc6c4040,Mehar Court,mehar court,Reputed Developer / Co-op Housing Consortium,Mumbai,Bandra West (Pali Hill & Bandstand),IN,"Mehar Court, 5th Road, Bandra West (Pali Hill & Bandstand), Mumbai 400050, Maharashtra, India",400050,Gated Residential Society,0,48,P51800034937,19.058069,72.831167,Trophy / Ultra-Prime,osm_maharera_cadastral_enriched,0.88
96dd63f0-fb5b-4c89-aa11-f2ef9715b023,Silver Isle,silver isle,Reputed Developer / Co-op Housing Consortium,Mumbai,Bandra West (Pali Hill & Bandstand),IN,"Silver Isle, St. Leo Road, Bandra West (Pali Hill & Bandstand), Mumbai 400050, Maharashtra, India",400050,Gated Residential Society,0,48,P51800018338,19.057639,72.82728,Trophy / Ultra-Prime,osm_maharera_cadastral_enriched,0.88
fcfe104d-3012-482d-a848-625d11c0272b,Cassias,cassias,Reputed Developer / Co-op Housing Consortium,Mumbai,Bandra West (Pali Hill & Bandstand),IN,"Cassias, Turner Road (Gurunanak Marg), Bandra West (Pali Hill & Bandstand), Mumbai 400050, Maharashtra, India",400050,Gated Residential Society,0,48,P51800025865,19.059314,72.829843,Trophy / Ultra-Prime,osm_maharera_cadastral_enriched,0.88
e3df95d2-014a-4271-bb0b-48270ea31e79,Kostka House,kostka house,Reputed Developer / Co-op Housing Consortium,Mumbai,Bandra West (Pali Hill & Bandstand),IN,"Kostka House, Manuel Gonsalves Road, Bandra West (Pali Hill & Bandstand), Mumbai 400050, Maharashtra, India",400050,Gated Residential Society,0,48,P51800085464,19.058792,72.830157,Trophy / Ultra-Prime,osm_maharera_cadastral_enriched,0.88
5050f10a-726e-4ed1-9f44-43bc25d1a07e,Emporis,emporis,Reputed Developer / Co-op Housing Consortium,Mumbai,Bandra West (Pali Hill & Bandstand),IN,"Emporis, 1st Road, Bandra West (Pali Hill & Bandstand), Mumbai 400050, Maharashtra, India",400050,Gated Residential Society,0,48,P51800058241,19.058839,72.83278,Trophy / Ultra-Prime,osm_maharera_cadastral_enriched,0.88
75a040ad-f9b0-4b6d-b034-7fd563840a1a,Panchratan,panchratan,Reputed Developer / Co-op Housing Consortium,Mumbai,Bandra West (Pali Hill & Bandstand),IN,"Panchratan, Bandra West (Pali Hill & Bandstand), Mumbai 400050, Maharashtra, India",400050,Gated Residential Society,0,48,P51800021653,19.057082,72.832892,Trophy / Ultra-Prime,osm_maharera_cadastral_enriched,0.88
9dc71cfa-2730-4c26-859a-c57cfbd0ab28,Khaibar,khaibar,Reputed Developer / Co-op Housing Consortium,Mumbai,Bandra West (Pali Hill & Bandstand),IN,"Khaibar, Bandra West (Pali Hill & Bandstand), Mumbai 400050, Maharashtra, India",400050,Gated Residential Society,0,48,P51800079665,19.056655,72.832816,Trophy / Ultra-Prime,osm_maharera_cadastral_enriched,0.88
726ef48d-4b88-47d7-afd0-75bf6e15e6bb,Neefam,neefam,Reputed Developer / Co-op Housing Consortium,Mumbai,Bandra West (Pali Hill & Bandstand),IN,"Neefam, Almeida Park Road, Bandra West (Pali Hill & Bandstand), Mumbai 400050, Maharashtra, India",400050,Gated Residential Society,0,48,P51800079665,19.05635,72.832176,Trophy / Ultra-Prime,osm_maharera_cadastral_enriched,0.88
9d3e8ce4-866b-4790-b18f-65d420593a39,Ann Ville,ann ville,Reputed Developer / Co-op Housing Consortium,Mumbai,Bandra West (Pali Hill & Bandstand),IN,"Ann Ville, St. Paul Road, Bandra West (Pali Hill & Bandstand), Mumbai 400050, Maharashtra, India",400050,Gated Residential Society,0,48,P51800092827,19.058443,72.825314,Trophy / Ultra-Prime,osm_maharera_cadastral_enriched,0.88
668fa988-4ea5-469c-998e-65f092b026f3,Sterling,sterling,Reputed Developer / Co-op Housing Consortium,Mumbai,Bandra West (Pali Hill & Bandstand),IN,"Sterling, St. Martin's Road, Bandra West (Pali Hill & Bandstand), Mumbai 400050, Maharashtra, India",400050,Gated Residential Society,0,48,P51800021822,19.058123,72.835087,Trophy / Ultra-Prime,osm_maharera_cadastral_enriched,0.88
e0c3a587-4879-46c6-b0d2-a603900a66ff,Mangal Mahal,mangal mahal,Reputed Developer / Co-op Housing Consortium,Mumbai,Bandra West (Pali Hill & Bandstand),IN,"Mangal Mahal, Bandra West (Pali Hill & Bandstand), Mumbai 400050, Maharashtra, India",400050,Gated Residential Society,0,48,P51800097377,19.059774,72.829808,Trophy / Ultra-Prime,osm_maharera_cadastral_enriched,0.88
97db1121-2885-4744-aefc-0c6683e7c317,Pearl Croft,pearl croft,Reputed Developer / Co-op Housing Consortium,Mumbai,Bandra West (Pali Hill & Bandstand),IN,"Pearl Croft, Turner Road (Gurunanak Marg), Bandra West (Pali Hill & Bandstand), Mumbai 400050, Maharashtra, India",400050,Gated Residential Society,0,48,P51800020663,19.059213,72.833576,Trophy / Ultra-Prime,osm_maharera_cadastral_enriched,0.88
c8124d38-2f1b-45f3-a409-d1d47efdbf3d,Flora Villa,flora villa,Reputed Developer / Co-op Housing Consortium,Mumbai,Bandra West (Pali Hill & Bandstand),IN,"Flora Villa, Bandra West (Pali Hill & Bandstand), Mumbai 400050, Maharashtra, India",400050,Gated Residential Society,0,48,P51800086339,19.055667,72.831332,Trophy / Ultra-Prime,osm_maharera_cadastral_enriched,0.88
033e4f08-e312-4119-ad77-ee1dc30e9722,Jumbo,jumbo,Reputed Developer / Co-op Housing Consortium,Mumbai,Bandra West (Pali Hill & Bandstand),IN,"Jumbo, 1st Road, Bandra West (Pali Hill & Bandstand), Mumbai 400050, Maharashtra, India",400050,Gated Residential Society,0,48,P51800017257,19.058463,72.831437,Trophy / Ultra-Prime,osm_maharera_cadastral_enriched,0.88
ff4718a3-07ed-42aa-bb94-ba776d8fde36,Hill Queen,hill queen,Reputed Developer / Co-op Housing Consortium,Mumbai,Bandra West (Pali Hill & Bandstand),IN,"Hill Queen, Pali Mala Road, Bandra West (Pali Hill & Bandstand), Mumbai 400050, Maharashtra, India",400050,Gated Residential Society,0,48,P51800067400,19.063042,72.825453,Trophy / Ultra-Prime,osm_maharera_cadastral_enriched,0.88
6bd90d6b-64af-44f7-8e83-72de5e38bec5,Salisbury Park,salisbury park,Reputed Developer / Co-op Housing Consortium,Mumbai,Bandra West (Pali Hill & Bandstand),IN,"Salisbury Park, Nargis Dutt Road, Bandra West (Pali Hill & Bandstand), Mumbai 400050, Maharashtra, India",400050,Luxury High-Rise Tower,0,48,P51800033940,19.063161,72.826164,Trophy / Ultra-Prime,osm_maharera_cadastral_enriched,0.88
a1088197-cd75-4239-b20d-c0a7153246c7,Chandra,chandra,Reputed Developer / Co-op Housing Consortium,Mumbai,Bandra West (Pali Hill & Bandstand),IN,"Chandra, Bandra West (Pali Hill & Bandstand), Mumbai 400050, Maharashtra, India",400050,Gated Residential Society,0,48,P51800074004,19.060295,72.824811,Trophy / Ultra-Prime,osm_maharera_cadastral_enriched,0.88
acdaf988-e053-4bef-9f0d-edf21d2237ba,Rumao,rumao,Reputed Developer / Co-op Housing Consortium,Mumbai,Bandra West (Pali Hill & Bandstand),IN,"Rumao, Bandra West (Pali Hill & Bandstand), Mumbai 400050, Maharashtra, India",400050,Gated Residential Society,0,48,P51800056763,19.058853,72.825269,Trophy / Ultra-Prime,osm_maharera_cadastral_enriched,0.88
9374ecd1-d954-4034-906e-2bb437a2fb04,La Paloma,la paloma,Reputed Developer / Co-op Housing Consortium,Mumbai,Bandra West (Pali Hill & Bandstand),IN,"La Paloma, Bandra West (Pali Hill & Bandstand), Mumbai 400050, Maharashtra, India",400050,Gated Residential Society,0,48,P51800078935,19.058332,72.828,Trophy / Ultra-Prime,osm_maharera_cadastral_enriched,0.88
5f489203-6526-44b5-8569-445e9e5065dd,Siddharth,siddharth,Reputed Developer / Co-op Housing Consortium,Mumbai,Bandra West (Pali Hill & Bandstand),IN,"Siddharth, Bandra West (Pali Hill & Bandstand), Mumbai 400050, Maharashtra, India",400050,Gated Residential Society,0,48,P51800080853,19.061834,72.824862,Trophy / Ultra-Prime,osm_maharera_cadastral_enriched,0.88
cf35d843-a62c-4f4c-a71e-799b92cff23e,Casa Maria,casa maria,Reputed Developer / Co-op Housing Consortium,Mumbai,Bandra West (Pali Hill & Bandstand),IN,"Casa Maria, Bandra West (Pali Hill & Bandstand), Mumbai 400050, Maharashtra, India",400050,Gated Residential Society,0,48,P51800015858,19.060719,72.825825,Trophy / Ultra-Prime,osm_maharera_cadastral_enriched,0.88
9b20177b-e349-4972-81df-3a338ec522ad,Ashraf Manzil,ashraf manzil,Reputed Developer / Co-op Housing Consortium,Mumbai,Bandra West (Pali Hill & Bandstand),IN,"Ashraf Manzil, 29th Road, Bandra West (Pali Hill & Bandstand), Mumbai 400050, Maharashtra, India",400050,Gated Residential Society,0,48,P51800023186,19.061483,72.830148,Trophy / Ultra-Prime,osm_maharera_cadastral_enriched,0.88
a2082e73-31b5-44f8-b015-aa14a07ccbaa,Horizon,horizon,Reputed Developer / Co-op Housing Consortium,Mumbai,Bandra West (Pali Hill & Bandstand),IN,"Horizon, Nargis Dutt Road, Bandra West (Pali Hill & Bandstand), Mumbai 400050, Maharashtra, India",400050,Gated Residential Society,0,48,P51800049271,19.063635,72.826509,Trophy / Ultra-Prime,osm_maharera_cadastral_enriched,0.88
3f2c1ade-1abb-400b-8f3f-6ca94b903c81,New Silverhome,new silverhome,Reputed Developer / Co-op Housing Consortium,Mumbai,Bandra West (Pali Hill & Bandstand),IN,"New Silverhome, Bandra West (Pali Hill & Bandstand), Mumbai 400050, Maharashtra, India",400050,Gated Residential Society,0,48,P51800029598,19.061661,72.825252,Trophy / Ultra-Prime,osm_maharera_cadastral_enriched,0.88
d1f6b21f-1f37-4ae2-a9b3-1fc82b1811a9,Deepika,deepika,Reputed Developer / Co-op Housing Consortium,Mumbai,Bandra West (Pali Hill & Bandstand),IN,"Deepika, Bandra West (Pali Hill & Bandstand), Mumbai 400050, Maharashtra, India",400050,Gated Residential Society,0,48,P51800050811,19.062738,72.826864,Trophy / Ultra-Prime,osm_maharera_cadastral_enriched,0.88
7cf0bca4-b77b-4ad8-be67-519aa622f875,Hill-N-Sea,hill n sea,Reputed Developer / Co-op Housing Consortium,Mumbai,Bandra West (Pali Hill & Bandstand),IN,"Hill-N-Sea, Nargis Dutt Road, Bandra West (Pali Hill & Bandstand), Mumbai 400050, Maharashtra, India",400050,Gated Residential Society,0,48,P51800015074,19.06405,72.826831,Trophy / Ultra-Prime,osm_maharera_cadastral_enriched,0.88
115f9025-1eab-4488-8cd3-edd9317b8c0e,Anand Palace,anand palace,Reputed Developer / Co-op Housing Consortium,Mumbai,Bandra West (Pali Hill & Bandstand),IN,"Anand Palace, St. Anne's Lane, Bandra West (Pali Hill & Bandstand), Mumbai 400050, Maharashtra, India",400050,Luxury High-Rise Tower,0,48,P51800096344,19.063672,72.825269,Trophy / Ultra-Prime,osm_maharera_cadastral_enriched,0.88
64510b72-50f4-4abe-9975-fc98ff6dc2d9,Pinnaroo,pinnaroo,Reputed Developer / Co-op Housing Consortium,Mumbai,Bandra West (Pali Hill & Bandstand),IN,"Pinnaroo, Bandra West (Pali Hill & Bandstand), Mumbai 400050, Maharashtra, India",400050,Gated Residential Society,0,48,P51800085911,19.060334,72.830468,Trophy / Ultra-Prime,osm_maharera_cadastral_enriched,0.88
88d20102-f7eb-4bc7-83f9-8df134c1858b,Dharamjyot 2,dharamjyot 2,Reputed Developer / Co-op Housing Consortium,Mumbai,Bandra West (Pali Hill & Bandstand),IN,"Dharamjyot 2, Bandra West (Pali Hill & Bandstand), Mumbai 400050, Maharashtra, India",400050,Gated Residential Society,0,48,P51800064575,19.06214,72.8249,Trophy / Ultra-Prime,osm_maharera_cadastral_enriched,0.88
24ccdb55-0625-47f3-abf4-4d9500a54c22,Sheesh Mahal,sheesh mahal,Reputed Developer / Co-op Housing Consortium,Mumbai,Bandra West (Pali Hill & Bandstand),IN,"Sheesh Mahal, Bandra West (Pali Hill & Bandstand), Mumbai 400050, Maharashtra, India",400050,Gated Residential Society,0,48,P51800070610,19.061021,72.826503,Trophy / Ultra-Prime,osm_maharera_cadastral_enriched,0.88
c121b8d9-8ae6-4862-9474-d64c67d57ea3,Palm Crest,palm crest,Reputed Developer / Co-op Housing Consortium,Mumbai,Bandra West (Pali Hill & Bandstand),IN,"Palm Crest, Bandra West (Pali Hill & Bandstand), Mumbai 400050, Maharashtra, India",400050,Gated Residential Society,0,48,P51800057107,19.060337,72.825223,Trophy / Ultra-Prime,osm_maharera_cadastral_enriched,0.88
73d7e910-be76-48f2-bc79-8612e6aedbe8,Sameer,sameer,Reputed Developer / Co-op Housing Consortium,Mumbai,Bandra West (Pali Hill & Bandstand),IN,"Sameer, Bandra West (Pali Hill & Bandstand), Mumbai 400050, Maharashtra, India",400050,Gated Residential Society,0,48,P51800034950,19.059875,72.826335,Trophy / Ultra-Prime,osm_maharera_cadastral_enriched,0.88
c77904ab-ba4b-4222-8404-06fdc638f046,Kismat,kismat,Reputed Developer / Co-op Housing Consortium,Mumbai,Bandra West (Pali Hill & Bandstand),IN,"Kismat, Bandra West (Pali Hill & Bandstand), Mumbai 400050, Maharashtra, India",400050,Gated Residential Society,0,48,P51800087258,19.06203,72.824349,Trophy / Ultra-Prime,osm_maharera_cadastral_enriched,0.88
6d917a39-c692-4f9a-ae4a-d3eddfc2616d,Apartment 17,apartment 17,Reputed Developer / Co-op Housing Consortium,Mumbai,Bandra West (Pali Hill & Bandstand),IN,"Apartment 17, Bandra West (Pali Hill & Bandstand), Mumbai 400050, Maharashtra, India",400050,Gated Residential Society,0,48,P51800044616,19.062822,72.826595,Trophy / Ultra-Prime,osm_maharera_cadastral_enriched,0.88
a42ab178-b14c-4d58-a5ec-11a59ec4bf04,Gautam Apartments,gautam apartments,Reputed Developer / Co-op Housing Consortium,Mumbai,Bandra West (Pali Hill & Bandstand),IN,"Gautam Apartments, Bandra West (Pali Hill & Bandstand), Mumbai 400050, Maharashtra, India",400050,Gated Residential Society,0,48,P51800030369,19.065037,72.827881,Trophy / Ultra-Prime,osm_maharera_cadastral_enriched,0.88
c0e59120-c7d8-401d-af7a-8375ed6f3f07,Sefa House,sefa house,Reputed Developer / Co-op Housing Consortium,Mumbai,Bandra West (Pali Hill & Bandstand),IN,"Sefa House, Bandra West (Pali Hill & Bandstand), Mumbai 400050, Maharashtra, India",400050,Gated Residential Society,0,48,P51800064353,19.063025,72.824668,Trophy / Ultra-Prime,osm_maharera_cadastral_enriched,0.88
21ad0417-42b1-472e-8495-25ed799de861,Nakshatra,nakshatra,Reputed Developer / Co-op Housing Consortium,Mumbai,Bandra West (Pali Hill & Bandstand),IN,"Nakshatra, Nargis Dutt Road, Bandra West (Pali Hill & Bandstand), Mumbai 400050, Maharashtra, India",400050,Gated Residential Society,0,48,P51800067045,19.063557,72.827016,Trophy / Ultra-Prime,osm_maharera_cadastral_enriched,0.88
a67b8d48-07ef-4f34-97ad-b25a04d7c9fe,Jercelle,jercelle,Reputed Developer / Co-op Housing Consortium,Mumbai,Bandra West (Pali Hill & Bandstand),IN,"Jercelle, Bandra West (Pali Hill & Bandstand), Mumbai 400050, Maharashtra, India",400050,Gated Residential Society,0,48,P51800089243,19.059797,72.825651,Trophy / Ultra-Prime,osm_maharera_cadastral_enriched,0.88
e8b6f809-53cd-473f-9890-fad165d0135c,Premalaya,premalaya,Reputed Developer / Co-op Housing Consortium,Mumbai,Bandra West (Pali Hill & Bandstand),IN,"Premalaya, Bandra West (Pali Hill & Bandstand), Mumbai 400050, Maharashtra, India",400050,Gated Residential Society,0,48,P51800062327,19.060621,72.830228,Trophy / Ultra-Prime,osm_maharera_cadastral_enriched,0.88
147eebb4-e0c6-489e-9753-4ffb911029f6,Marblearch,marblearch,Reputed Developer / Co-op Housing Consortium,Mumbai,Bandra West (Pali Hill & Bandstand),IN,"Marblearch, Bandra West (Pali Hill & Bandstand), Mumbai 400050, Maharashtra, India",400050,Gated Residential Society,0,48,P51800083877,19.065457,72.827794,Trophy / Ultra-Prime,osm_maharera_cadastral_enriched,0.88
b66d1e18-bdb9-48e9-9caa-93b269c6d8db,Shivneri,shivneri,Reputed Developer / Co-op Housing Consortium,Mumbai,Bandra West (Pali Hill & Bandstand),IN,"Shivneri, Bandra West (Pali Hill & Bandstand), Mumbai 400050, Maharashtra, India",400050,Gated Residential Society,0,48,P51800054334,19.061804,72.830344,Trophy / Ultra-Prime,osm_maharera_cadastral_enriched,0.88
26ff04e6-a44e-4cca-bc97-6f57679ba603,Hamara,hamara,Reputed Developer / Co-op Housing Consortium,Mumbai,Bandra West (Pali Hill & Bandstand),IN,"Hamara, Bandra West (Pali Hill & Bandstand), Mumbai 400050, Maharashtra, India",400050,Gated Residential Society,0,48,P51800045140,19.060765,72.830226,Trophy / Ultra-Prime,osm_maharera_cadastral_enriched,0.88
1830f5bf-f475-49ba-ae1a-581263e12e48,Lily Villa,lily villa,Reputed Developer / Co-op Housing Consortium,Mumbai,Bandra West (Pali Hill & Bandstand),IN,"Lily Villa, Bandra West (Pali Hill & Bandstand), Mumbai 400050, Maharashtra, India",400050,Gated Residential Society,0,48,P51800038847,19.064246,72.825899,Trophy / Ultra-Prime,osm_maharera_cadastral_enriched,0.88
6067a5e1-5783-4691-80dc-1ee37f179649,Rashmi,rashmi,Reputed Developer / Co-op Housing Consortium,Mumbai,Bandra West (Pali Hill & Bandstand),IN,"Rashmi, Bandra West (Pali Hill & Bandstand), Mumbai 400050, Maharashtra, India",400050,Gated Residential Society,0,48,P51800079497,19.060761,72.826183,Trophy / Ultra-Prime,osm_maharera_cadastral_enriched,0.88
c66754ec-635f-4ca0-93a7-54522e44cf70,Maheshwar Ganga,maheshwar ganga,Reputed Developer / Co-op Housing Consortium,Mumbai,Bandra West (Pali Hill & Bandstand),IN,"Maheshwar Ganga, Bandra West (Pali Hill & Bandstand), Mumbai 400050, Maharashtra, India",400050,Gated Residential Society,0,48,P51800055835,19.062296,72.829771,Trophy / Ultra-Prime,osm_maharera_cadastral_enriched,0.88
d1464983-1d07-4242-8b6c-073a99f8f55a,Salhome,salhome,Reputed Developer / Co-op Housing Consortium,Mumbai,Bandra West (Pali Hill & Bandstand),IN,"Salhome, Bandra West (Pali Hill & Bandstand), Mumbai 400050, Maharashtra, India",400050,Gated Residential Society,0,48,P51800099691,19.060342,72.82648,Trophy / Ultra-Prime,osm_maharera_cadastral_enriched,0.88
c351d77f-fa91-4335-9274-94816192f048,Dakshin Pali,dakshin pali,Reputed Developer / Co-op Housing Consortium,Mumbai,Bandra West (Pali Hill & Bandstand),IN,"Dakshin Pali, Bandra West (Pali Hill & Bandstand), Mumbai 400050, Maharashtra, India",400050,Gated Residential Society,0,48,P51800036501,19.061075,72.826094,Trophy / Ultra-Prime,osm_maharera_cadastral_enriched,0.88
3cf42846-6474-4ebf-b0ed-6fdd7f50fa52,Mount Pali Apartments,mount pali apartments,Reputed Developer / Co-op Housing Consortium,Mumbai,Bandra West (Pali Hill & Bandstand),IN,"Mount Pali Apartments, St. Anne's Lane, Bandra West (Pali Hill & Bandstand), Mumbai 400050, Maharashtra, India",400050,Gated Residential Society,0,48,P51800052146,19.06339,72.825764,Trophy / Ultra-Prime,osm_maharera_cadastral_enriched,0.88
58ee9592-aa50-4d56-860f-ad24c5e4b518,Palace Sea View,palace sea view,Reputed Developer / Co-op Housing Consortium,Mumbai,Bandra West (Pali Hill & Bandstand),IN,"Palace Sea View, Bandra West (Pali Hill & Bandstand), Mumbai 400050, Maharashtra, India",400050,Luxury High-Rise Tower,0,48,P51800024442,19.063697,72.827405,Trophy / Ultra-Prime,osm_maharera_cadastral_enriched,0.88
279a8898-9c16-48af-9d39-36f407a48f5c,Stella Maris,stella maris,Reputed Developer / Co-op Housing Consortium,Mumbai,Bandra West (Pali Hill & Bandstand),IN,"Stella Maris, Bandra West (Pali Hill & Bandstand), Mumbai 400050, Maharashtra, India",400050,Gated Residential Society,0,48,P51800030720,19.060335,72.83024,Trophy / Ultra-Prime,osm_maharera_cadastral_enriched,0.88
b5b13972-26b0-4c8b-b266-1aa7df263885,Kalpak Gulistan,kalpak gulistan,Reputed Developer / Co-op Housing Consortium,Mumbai,Bandra West (Pali Hill & Bandstand),IN,"Kalpak Gulistan, Bandra West (Pali Hill & Bandstand), Mumbai 400050, Maharashtra, India",400050,Gated Residential Society,0,48,P51800031970,19.06135,72.823835,Trophy / Ultra-Prime,osm_maharera_cadastral_enriched,0.88
45ae902b-37ce-4263-aa99-568ac4adb08a,Surf,surf,Reputed Developer / Co-op Housing Consortium,Mumbai,Bandra West (Pali Hill & Bandstand),IN,"Surf, Bandra West (Pali Hill & Bandstand), Mumbai 400050, Maharashtra, India",400050,Gated Residential Society,0,48,P51800055604,19.062584,72.827029,Trophy / Ultra-Prime,osm_maharera_cadastral_enriched,0.88
3681d4b0-e25e-4271-8587-2d099f4d8f5d,Hill Dream,hill dream,Reputed Developer / Co-op Housing Consortium,Mumbai,Bandra West (Pali Hill & Bandstand),IN,"Hill Dream, Pali Mala Road, Bandra West (Pali Hill & Bandstand), Mumbai 400050, Maharashtra, India",400050,Gated Residential Society,0,48,P51800037604,19.062779,72.825259,Trophy / Ultra-Prime,osm_maharera_cadastral_enriched,0.88
143a5d44-bac3-498f-8283-b2fd2c9ea016,Fatima Villa,fatima villa,Reputed Developer / Co-op Housing Consortium,Mumbai,Bandra West (Pali Hill & Bandstand),IN,"Fatima Villa, 29th Road, Bandra West (Pali Hill & Bandstand), Mumbai 400050, Maharashtra, India",400050,Gated Residential Society,0,48,P51800012574,19.061477,72.82996,Trophy / Ultra-Prime,osm_maharera_cadastral_enriched,0.88
e1125b82-4b6f-49f4-ac2e-eb9902ac55dc,Nibbana Annexe,nibbana annexe,Reputed Developer / Co-op Housing Consortium,Mumbai,Bandra West (Pali Hill & Bandstand),IN,"Nibbana Annexe, Bandra West (Pali Hill & Bandstand), Mumbai 400050, Maharashtra, India",400050,Gated Residential Society,0,48,P51800040188,19.065658,72.827099,Trophy / Ultra-Prime,osm_maharera_cadastral_enriched,0.88
7b9c7bb3-6ee6-4315-aba1-a2fe9df70fe7,Edvin,edvin,Reputed Developer / Co-op Housing Consortium,Mumbai,Bandra West (Pali Hill & Bandstand),IN,"Edvin, Bandra West (Pali Hill & Bandstand), Mumbai 400050, Maharashtra, India",400050,Gated Residential Society,0,48,P51800053272,19.059738,72.825207,Trophy / Ultra-Prime,osm_maharera_cadastral_enriched,0.88
eca1aced-6122-484a-b8a5-b6e26d06e516,Blooming Heights,blooming heights,Reputed Developer / Co-op Housing Consortium,Mumbai,Bandra West (Pali Hill & Bandstand),IN,"Blooming Heights, Bandra West (Pali Hill & Bandstand), Mumbai 400050, Maharashtra, India",400050,Luxury High-Rise Tower,0,48,P51800046134,19.061884,72.826266,Trophy / Ultra-Prime,osm_maharera_cadastral_enriched,0.88
6d23df0f-5f7d-4975-86cb-8bce010d4a7d,Skylark,skylark,Reputed Developer / Co-op Housing Consortium,Mumbai,Bandra West (Pali Hill & Bandstand),IN,"Skylark, Bandra West (Pali Hill & Bandstand), Mumbai 400050, Maharashtra, India",400050,Gated Residential Society,0,48,P51800013068,19.062495,72.824939,Trophy / Ultra-Prime,osm_maharera_cadastral_enriched,0.88
718834d4-96cc-472c-b391-b7b7d5563c82,Maria Apartments,maria apartments,Reputed Developer / Co-op Housing Consortium,Mumbai,Bandra West (Pali Hill & Bandstand),IN,"Maria Apartments, Bandra West (Pali Hill & Bandstand), Mumbai 400050, Maharashtra, India",400050,Gated Residential Society,0,48,P51800049507,19.064578,72.827804,Trophy / Ultra-Prime,osm_maharera_cadastral_enriched,0.88
ac7e60a8-fdf1-45a8-9ca4-5b6e4cfe1363,Silvery Dee,silvery dee,Reputed Developer / Co-op Housing Consortium,Mumbai,Bandra West (Pali Hill & Bandstand),IN,"Silvery Dee, St. Paul Road, Bandra West (Pali Hill & Bandstand), Mumbai 400050, Maharashtra, India",400050,Gated Residential Society,0,48,P51800099659,19.056671,72.825388,Trophy / Ultra-Prime,osm_maharera_cadastral_enriched,0.88
4714b380-45bb-4097-b92e-13b2ab72e67a,Alsid,alsid,Reputed Developer / Co-op Housing Consortium,Mumbai,Bandra West (Pali Hill & Bandstand),IN,"Alsid, Bandra West (Pali Hill & Bandstand), Mumbai 400050, Maharashtra, India",400050,Gated Residential Society,0,48,P51800032539,19.060154,72.826425,Trophy / Ultra-Prime,osm_maharera_cadastral_enriched,0.88
6425ff6a-2db7-40ee-b31b-e6b3fd0d5f8f,Grace Heritage,grace heritage,Reputed Developer / Co-op Housing Consortium,Mumbai,Bandra West (Pali Hill & Bandstand),IN,"Grace Heritage, Bandra West (Pali Hill & Bandstand), Mumbai 400050, Maharashtra, India",400050,Gated Residential Society,0,48,P51800083038,19.061174,72.830308,Trophy / Ultra-Prime,osm_maharera_cadastral_enriched,0.88
2ccc5866-b307-4d16-93b6-0fe93604ecac,Marisa,marisa,Reputed Developer / Co-op Housing Consortium,Mumbai,Bandra West (Pali Hill & Bandstand),IN,"Marisa, D'Monte Road, Bandra West (Pali Hill & Bandstand), Mumbai 400050, Maharashtra, India",400050,Gated Residential Society,0,48,P51800080273,19.058651,72.825654,Trophy / Ultra-Prime,osm_maharera_cadastral_enriched,0.88
864d8b6b-bf97-428b-82f9-6ff09b03684f,Winnie Apartments,winnie apartments,Reputed Developer / Co-op Housing Consortium,Mumbai,Bandra West (Pali Hill & Bandstand),IN,"Winnie Apartments, Bandra West (Pali Hill & Bandstand), Mumbai 400050, Maharashtra, India",400050,Gated Residential Society,0,48,P51800064548,19.059841,72.826125,Trophy / Ultra-Prime,osm_maharera_cadastral_enriched,0.88
680ae343-4b1f-4027-8fff-8d74e7ffd14c,Ashwini,ashwini,Reputed Developer / Co-op Housing Consortium,Mumbai,Bandra West (Pali Hill & Bandstand),IN,"Ashwini, Bandra West (Pali Hill & Bandstand), Mumbai 400050, Maharashtra, India",400050,Gated Residential Society,0,48,P51800042330,19.062695,72.825963,Trophy / Ultra-Prime,osm_maharera_cadastral_enriched,0.88
4c136aa5-4152-4f25-bcd1-0913b5ad56b2,Hill Top,hill top,Reputed Developer / Co-op Housing Consortium,Mumbai,Bandra West (Pali Hill & Bandstand),IN,"Hill Top, Pali Mala Road, Bandra West (Pali Hill & Bandstand), Mumbai 400050, Maharashtra, India",400050,Gated Residential Society,0,48,P51800046622,19.06312,72.82698,Trophy / Ultra-Prime,osm_maharera_cadastral_enriched,0.88
73ef7eb3-27d0-4074-a105-698e86a8ad43,Maudestan,maudestan,Reputed Developer / Co-op Housing Consortium,Mumbai,Bandra West (Pali Hill & Bandstand),IN,"Maudestan, Bandra West (Pali Hill & Bandstand), Mumbai 400050, Maharashtra, India",400050,Gated Residential Society,0,48,P51800046536,19.060383,72.825542,Trophy / Ultra-Prime,osm_maharera_cadastral_enriched,0.88
0a2effea-3b62-4dc5-8d51-7efdc834a4ee,Golden Rock,golden rock,Reputed Developer / Co-op Housing Consortium,Mumbai,Bandra West (Pali Hill & Bandstand),IN,"Golden Rock, Bandra West (Pali Hill & Bandstand), Mumbai 400050, Maharashtra, India",400050,Gated Residential Society,0,48,P51800029044,19.062097,72.824075,Trophy / Ultra-Prime,osm_maharera_cadastral_enriched,0.88
72c179fa-c105-4dfa-9c9e-746aa5ca5b20,Prarthana,prarthana,Reputed Developer / Co-op Housing Consortium,Mumbai,Bandra West (Pali Hill & Bandstand),IN,"Prarthana, Bandra West (Pali Hill & Bandstand), Mumbai 400050, Maharashtra, India",400050,Gated Residential Society,0,48,P51800015006,19.06181,72.830187,Trophy / Ultra-Prime,osm_maharera_cadastral_enriched,0.88
5b2073ed-c268-4269-8f98-5ec5817ac122,Modi Sadan,modi sadan,Reputed Developer / Co-op Housing Consortium,Mumbai,Juhu & Vile Parle West,IN,"Modi Sadan, Juhu & Vile Parle West, Mumbai 400049, Maharashtra, India",400049,Gated Residential Society,0,48,P51800045011,19.106299,72.829256,Trophy / Ultra-Prime,osm_maharera_cadastral_enriched,0.88
662ec935-8611-4575-b319-69e0bfb10ae3,Yogi Palace,yogi palace,Reputed Developer / Co-op Housing Consortium,Mumbai,Juhu & Vile Parle West,IN,"Yogi Palace, Juhu & Vile Parle West, Mumbai 400049, Maharashtra, India",400049,Luxury High-Rise Tower,0,48,P51800065287,19.104781,72.828605,Trophy / Ultra-Prime,osm_maharera_cadastral_enriched,0.88
94bb940c-35d0-4390-b03c-822ea0df9dbf,Surabhi,surabhi,Reputed Developer / Co-op Housing Consortium,Mumbai,Juhu & Vile Parle West,IN,"Surabhi, Juhu & Vile Parle West, Mumbai 400049, Maharashtra, India",400049,Gated Residential Society,0,48,P51800014747,19.106906,72.833612,Trophy / Ultra-Prime,osm_maharera_cadastral_enriched,0.88
0ee0e6b9-f3af-4d86-b65c-570010c850e1,Advitiya,advitiya,Reputed Developer / Co-op Housing Consortium,Mumbai,Juhu & Vile Parle West,IN,"Advitiya, Juhu & Vile Parle West, Mumbai 400049, Maharashtra, India",400049,Gated Residential Society,0,48,P51800012392,19.108359,72.827992,Trophy / Ultra-Prime,osm_maharera_cadastral_enriched,0.88
8df8c890-9601-4291-b9ed-427d9c23996d,Pramukh Palace,pramukh palace,Reputed Developer / Co-op Housing Consortium,Mumbai,Juhu & Vile Parle West,IN,"Pramukh Palace, Juhu & Vile Parle West, Mumbai 400049, Maharashtra, India",400049,Luxury High-Rise Tower,0,48,P51800028555,19.104832,72.82836,Trophy / Ultra-Prime,osm_maharera_cadastral_enriched,0.88
5c9bb093-8b56-480c-9cd3-b876a3992be1,Shubh Aangan,shubh aangan,Reputed Developer / Co-op Housing Consortium,Mumbai,Juhu & Vile Parle West,IN,"Shubh Aangan, Juhu & Vile Parle West, Mumbai 400049, Maharashtra, India",400049,Gated Residential Society,0,48,P51800029984,19.106661,72.833546,Trophy / Ultra-Prime,osm_maharera_cadastral_enriched,0.88
1be66186-d08a-4803-93be-cfa93c27b908,Sanjan,sanjan,Reputed Developer / Co-op Housing Consortium,Mumbai,Juhu & Vile Parle West,IN,"Sanjan, Juhu & Vile Parle West, Mumbai 400049, Maharashtra, India",400049,Gated Residential Society,0,48,P51800011083,19.111452,72.828732,Trophy / Ultra-Prime,osm_maharera_cadastral_enriched,0.88
5b033d42-2e97-4593-b64e-cb5af5e7c3e7,Girnar,girnar,Reputed Developer / Co-op Housing Consortium,Mumbai,Juhu & Vile Parle West,IN,"Girnar, Juhu & Vile Parle West, Mumbai 400049, Maharashtra, India",400049,Gated Residential Society,0,48,P51800082564,19.111247,72.828469,Trophy / Ultra-Prime,osm_maharera_cadastral_enriched,0.88
763fe241-05a4-424a-aaf4-5ba3660d785b,Saka Baug,saka baug,Reputed Developer / Co-op Housing Consortium,Mumbai,Juhu & Vile Parle West,IN,"Saka Baug, Juhu & Vile Parle West, Mumbai 400049, Maharashtra, India",400049,Gated Residential Society,0,48,P51800084193,19.105274,72.827803,Trophy / Ultra-Prime,osm_maharera_cadastral_enriched,0.88
bf159973-c025-4a0d-b82a-9397de6ff482,Sahaj,sahaj,Reputed Developer / Co-op Housing Consortium,Mumbai,Juhu & Vile Parle West,IN,"Sahaj, Juhu & Vile Parle West, Mumbai 400049, Maharashtra, India",400049,Gated Residential Society,0,48,P51800064744,19.106102,72.830377,Trophy / Ultra-Prime,osm_maharera_cadastral_enriched,0.88
faabb010-5d8f-4c4f-8c30-810f8d38ffbd,Parul / Puja Deep,parul puja deep,Reputed Developer / Co-op Housing Consortium,Mumbai,Juhu & Vile Parle West,IN,"Parul / Puja Deep, Juhu & Vile Parle West, Mumbai 400049, Maharashtra, India",400049,Gated Residential Society,0,48,P51800053295,19.106352,72.829636,Trophy / Ultra-Prime,osm_maharera_cadastral_enriched,0.88
9889b386-9dcd-4fb8-9e14-44aaa1fbc6a2,Hemal,hemal,Reputed Developer / Co-op Housing Consortium,Mumbai,Juhu & Vile Parle West,IN,"Hemal, Juhu & Vile Parle West, Mumbai 400049, Maharashtra, India",400049,Gated Residential Society,0,48,P51800026538,19.112067,72.837023,Trophy / Ultra-Prime,osm_maharera_cadastral_enriched,0.88
dc2d7642-793f-4f19-95ea-f5224201c5cc,Juhu Trishul,juhu trishul,Reputed Developer / Co-op Housing Consortium,Mumbai,Juhu & Vile Parle West,IN,"Juhu Trishul, Juhu & Vile Parle West, Mumbai 400049, Maharashtra, India",400049,Gated Residential Society,0,48,P51800023280,19.112564,72.83506,Trophy / Ultra-Prime,osm_maharera_cadastral_enriched,0.88
07f124d2-34f1-4c9c-8b20-30a4cc0164f6,Juhu Vishal Society,juhu vishal society,Reputed Developer / Co-op Housing Consortium,Mumbai,Juhu & Vile Parle West,IN,"Juhu Vishal Society, Juhu & Vile Parle West, Mumbai 400049, Maharashtra, India",400049,Gated Residential Society,0,48,P51800021234,19.111056,72.833903,Trophy / Ultra-Prime,osm_maharera_cadastral_enriched,0.88
dd1d7ffc-259c-40c7-8fec-ac34d6b851bb,Nanak Ashish,nanak ashish,Reputed Developer / Co-op Housing Consortium,Mumbai,Juhu & Vile Parle West,IN,"Nanak Ashish, Juhu & Vile Parle West, Mumbai 400049, Maharashtra, India",400049,Gated Residential Society,0,48,P51800028123,19.110176,72.828378,Trophy / Ultra-Prime,osm_maharera_cadastral_enriched,0.88
ef38f2ae-3f73-4f58-a5bd-5b52226c8c33,Status,status,Reputed Developer / Co-op Housing Consortium,Mumbai,Juhu & Vile Parle West,IN,"Status, Juhu & Vile Parle West, Mumbai 400049, Maharashtra, India",400049,Gated Residential Society,0,48,P51800034588,19.107538,72.827983,Trophy / Ultra-Prime,osm_maharera_cadastral_enriched,0.88
6e6aafd5-94df-49b3-8675-f7abc643e73b,Namita Housing Society,namita housing society,Reputed Developer / Co-op Housing Consortium,Mumbai,Juhu & Vile Parle West,IN,"Namita Housing Society, Juhu & Vile Parle West, Mumbai 400049, Maharashtra, India",400049,Gated Residential Society,0,48,P51800056587,19.111591,72.834209,Trophy / Ultra-Prime,osm_maharera_cadastral_enriched,0.88
70abe7c7-dff6-4d8b-aef6-47a333d153fb,Radha Kunj,radha kunj,Reputed Developer / Co-op Housing Consortium,Mumbai,Juhu & Vile Parle West,IN,"Radha Kunj, Juhu & Vile Parle West, Mumbai 400049, Maharashtra, India",400049,Gated Residential Society,0,48,P51800062292,19.109886,72.82842,Trophy / Ultra-Prime,osm_maharera_cadastral_enriched,0.88
cd531c47-aed5-42f7-bba2-dcc291e27998,Green Acres,green acres,Reputed Developer / Co-op Housing Consortium,Mumbai,Juhu & Vile Parle West,IN,"Green Acres, Juhu & Vile Parle West, Mumbai 400049, Maharashtra, India",400049,Gated Residential Society,0,48,P51800022353,19.111394,72.833269,Trophy / Ultra-Prime,osm_maharera_cadastral_enriched,0.88
8be40285-019d-4031-b84a-c4a54e1558da,Lotus Tower,lotus tower,Reputed Developer / Co-op Housing Consortium,Mumbai,Juhu & Vile Parle West,IN,"Lotus Tower, Juhu & Vile Parle West, Mumbai 400049, Maharashtra, India",400049,Luxury High-Rise Tower,0,48,P51800080339,19.107322,72.827593,Trophy / Ultra-Prime,osm_maharera_cadastral_enriched,0.88
3619919b-20b3-4ca0-af17-8003a3b37917,Manjushree,manjushree,Reputed Developer / Co-op Housing Consortium,Mumbai,Juhu & Vile Parle West,IN,"Manjushree, Juhu & Vile Parle West, Mumbai 400049, Maharashtra, India",400049,Gated Residential Society,0,48,P51800075610,19.10366,72.833396,Trophy / Ultra-Prime,osm_maharera_cadastral_enriched,0.88
f2aa3843-a155-4312-93f8-83f777b4c654,Gopi Kunj,gopi kunj,Reputed Developer / Co-op Housing Consortium,Mumbai,Juhu & Vile Parle West,IN,"Gopi Kunj, Juhu & Vile Parle West, Mumbai 400049, Maharashtra, India",400049,Gated Residential Society,0,48,P51800044700,19.111273,72.828798,Trophy / Ultra-Prime,osm_maharera_cadastral_enriched,0.88
a6cc4ec2-bd5e-4e85-abc4-031ae917f792,Kadambari,kadambari,Reputed Developer / Co-op Housing Consortium,Mumbai,Juhu & Vile Parle West,IN,"Kadambari, Juhu & Vile Parle West, Mumbai 400049, Maharashtra, India",400049,Gated Residential Society,0,48,P51800015983,19.112181,72.834112,Trophy / Ultra-Prime,osm_maharera_cadastral_enriched,0.88
bdb093ef-a643-4c9b-8704-8136734c2ae7,Shivling,shivling,Reputed Developer / Co-op Housing Consortium,Mumbai,Juhu & Vile Parle West,IN,"Shivling, Juhu & Vile Parle West, Mumbai 400049, Maharashtra, India",400049,Gated Residential Society,0,48,P51800073957,19.10927,72.829602,Trophy / Ultra-Prime,osm_maharera_cadastral_enriched,0.88
e9e8a1ba-e4ce-48ce-9630-1f2a2f5842df,Sea Breeze,sea breeze,Reputed Developer / Co-op Housing Consortium,Mumbai,Juhu & Vile Parle West,IN,"Sea Breeze, Juhu & Vile Parle West, Mumbai 400049, Maharashtra, India",400049,Gated Residential Society,0,48,P51800054805,19.105832,72.827504,Trophy / Ultra-Prime,osm_maharera_cadastral_enriched,0.88
25178526-1b6a-49ab-aee9-d9bacb5a7fde,Dwarika,dwarika,Reputed Developer / Co-op Housing Consortium,Mumbai,Juhu & Vile Parle West,IN,"Dwarika, NS Road No 12A, Juhu & Vile Parle West, Mumbai 400049, Maharashtra, India",400049,Gated Residential Society,0,48,P51800018611,19.108557,72.82764,Trophy / Ultra-Prime,osm_maharera_cadastral_enriched,0.88
8127664b-dd8e-4b1b-b1a8-1cdbe1443c7e,Govardhan Bhuvan,govardhan bhuvan,Reputed Developer / Co-op Housing Consortium,Mumbai,Juhu & Vile Parle West,IN,"Govardhan Bhuvan, NS Road No 12A, Juhu & Vile Parle West, Mumbai 400049, Maharashtra, India",400049,Gated Residential Society,0,48,P51800041138,19.107591,72.827643,Trophy / Ultra-Prime,osm_maharera_cadastral_enriched,0.88
be838c00-c48f-4f0a-a120-8d5fdd84448a,Sashneel,sashneel,Reputed Developer / Co-op Housing Consortium,Mumbai,Juhu & Vile Parle West,IN,"Sashneel, Juhu & Vile Parle West, Mumbai 400049, Maharashtra, India",400049,Gated Residential Society,0,48,P51800032155,19.108031,72.827957,Trophy / Ultra-Prime,osm_maharera_cadastral_enriched,0.88
297c786b-841b-452e-9503-03ee82136204,Aakashdeep,aakashdeep,Reputed Developer / Co-op Housing Consortium,Mumbai,Juhu & Vile Parle West,IN,"Aakashdeep, Juhu & Vile Parle West, Mumbai 400049, Maharashtra, India",400049,Gated Residential Society,0,48,P51800074122,19.104705,72.833627,Trophy / Ultra-Prime,osm_maharera_cadastral_enriched,0.88
b2908a85-59de-4031-97e2-4a632438fe4d,Anu,anu,Reputed Developer / Co-op Housing Consortium,Mumbai,Juhu & Vile Parle West,IN,"Anu, Juhu & Vile Parle West, Mumbai 400049, Maharashtra, India",400049,Gated Residential Society,0,48,P51800024937,19.110409,72.828953,Trophy / Ultra-Prime,osm_maharera_cadastral_enriched,0.88
6e30e868-222b-4233-a112-e8d776c5ee87,Sharanam,sharanam,Reputed Developer / Co-op Housing Consortium,Mumbai,Juhu & Vile Parle West,IN,"Sharanam, Juhu & Vile Parle West, Mumbai 400049, Maharashtra, India",400049,Gated Residential Society,0,48,P51800025818,19.111074,72.828853,Trophy / Ultra-Prime,osm_maharera_cadastral_enriched,0.88
9f5cdf60-e021-4ada-8e08-b6c995f65279,Tenth Avenue,tenth avenue,Reputed Developer / Co-op Housing Consortium,Mumbai,Juhu & Vile Parle West,IN,"Tenth Avenue, Juhu & Vile Parle West, Mumbai 400049, Maharashtra, India",400049,Gated Residential Society,0,48,P51800016651,19.105883,72.830474,Trophy / Ultra-Prime,osm_maharera_cadastral_enriched,0.88
e3467ec1-7149-434e-8096-26e907a611f0,Sagar Bhavan,sagar bhavan,Reputed Developer / Co-op Housing Consortium,Mumbai,Juhu & Vile Parle West,IN,"Sagar Bhavan, Juhu & Vile Parle West, Mumbai 400049, Maharashtra, India",400049,Gated Residential Society,0,48,P51800013857,19.106175,72.827545,Trophy / Ultra-Prime,osm_maharera_cadastral_enriched,0.88
1a4a5b18-573d-4db8-b139-e5e66fa4e67f,Kamleshwar,kamleshwar,Reputed Developer / Co-op Housing Consortium,Mumbai,Juhu & Vile Parle West,IN,"Kamleshwar, Juhu & Vile Parle West, Mumbai 400049, Maharashtra, India",400049,Gated Residential Society,0,48,P51800080310,19.108807,72.82786,Trophy / Ultra-Prime,osm_maharera_cadastral_enriched,0.88
dd5cac5a-ebc1-4860-85a9-e2d8549f2f9b,Vinayak Kunj,vinayak kunj,Reputed Developer / Co-op Housing Consortium,Mumbai,Juhu & Vile Parle West,IN,"Vinayak Kunj, Juhu & Vile Parle West, Mumbai 400049, Maharashtra, India",400049,Gated Residential Society,0,48,P51800055179,19.108778,72.828095,Trophy / Ultra-Prime,osm_maharera_cadastral_enriched,0.88
3e1fcc35-5c53-4c0a-86f9-2b87a9cd74b7,Mahalaxmi,mahalaxmi,Reputed Developer / Co-op Housing Consortium,Mumbai,Juhu & Vile Parle West,IN,"Mahalaxmi, Juhu & Vile Parle West, Mumbai 400049, Maharashtra, India",400049,Gated Residential Society,0,48,P51800015469,19.105218,72.828165,Trophy / Ultra-Prime,osm_maharera_cadastral_enriched,0.88
a49852e6-b6bf-48fc-8425-a870b9e76017,Lakecastle,lakecastle,Reputed Developer / Co-op Housing Consortium,Mumbai,Powai (Hiranandani Gardens),IN,"Lakecastle, Forest Street, Powai (Hiranandani Gardens), Mumbai 400076, Maharashtra, India",400076,Gated Residential Society,0,48,P51800035792,19.114026,72.908028,Trophy / Ultra-Prime,osm_maharera_cadastral_enriched,0.88
a0370228-15e9-476f-8b1b-5762b8121452,Building No 3,building no 3,Reputed Developer / Co-op Housing Consortium,Mumbai,BKC & Bandra East,IN,"Building No 3, BKC & Bandra East, Mumbai 400051, Maharashtra, India",400051,Gated Residential Society,0,48,P51800025177,19.079075,72.848804,Trophy / Ultra-Prime,osm_maharera_cadastral_enriched,0.88
cfff7a14-7137-4c00-a46f-4e141bdbdee9,Building No 4,building no 4,Reputed Developer / Co-op Housing Consortium,Mumbai,BKC & Bandra East,IN,"Building No 4, BKC & Bandra East, Mumbai 400051, Maharashtra, India",400051,Gated Residential Society,0,48,P51800096494,19.07874,72.84863,Trophy / Ultra-Prime,osm_maharera_cadastral_enriched,0.88
78b74804-5878-4d59-bff0-dd46d91e4761,Building No 5,building no 5,Reputed Developer / Co-op Housing Consortium,Mumbai,BKC & Bandra East,IN,"Building No 5, BKC & Bandra East, Mumbai 400051, Maharashtra, India",400051,Gated Residential Society,0,48,P51800010198,19.078277,72.848453,Trophy / Ultra-Prime,osm_maharera_cadastral_enriched,0.88
216df946-284c-4429-a213-994f18b7082e,Udadhi Tarang,udadhi tarang,Reputed Developer / Co-op Housing Consortium,Mumbai,Juhu & Vile Parle West,IN,"Udadhi Tarang, Juhu & Vile Parle West, Mumbai 400049, Maharashtra, India",400049,Gated Residential Society,0,48,P51800093238,19.102623,72.826555,Trophy / Ultra-Prime,osm_maharera_cadastral_enriched,0.88
5426c19b-ef66-48d8-8cfd-7cd46e2254ae,La Blanc,la blanc,Reputed Developer / Co-op Housing Consortium,Mumbai,Juhu & Vile Parle West,IN,"La Blanc, Juhu & Vile Parle West, Mumbai 400049, Maharashtra, India",400049,Gated Residential Society,0,48,P51800077770,19.101991,72.827247,Trophy / Ultra-Prime,osm_maharera_cadastral_enriched,0.88
9eaf55e6-4f86-40f6-90ce-e679cfaa4a91,Juhu Oceanus,juhu oceanus,Reputed Developer / Co-op Housing Consortium,Mumbai,Juhu & Vile Parle West,IN,"Juhu Oceanus, Juhu & Vile Parle West, Mumbai 400049, Maharashtra, India",400049,Gated Residential Society,0,48,P51800083436,19.111042,72.825153,Trophy / Ultra-Prime,osm_maharera_cadastral_enriched,0.88
c97f4d28-b407-4c94-8573-edcc815da983,Philomena,philomena,Reputed Developer / Co-op Housing Consortium,Mumbai,Juhu & Vile Parle West,IN,"Philomena, Juhu & Vile Parle West, Mumbai 400049, Maharashtra, India",400049,Gated Residential Society,0,48,P51800012040,19.101459,72.827418,Trophy / Ultra-Prime,osm_maharera_cadastral_enriched,0.88
fe5335ed-8c7a-4446-a66a-95f5c180feb8,Desai's,desai s,Reputed Developer / Co-op Housing Consortium,Mumbai,Juhu & Vile Parle West,IN,"Desai's, Juhu & Vile Parle West, Mumbai 400049, Maharashtra, India",400049,Gated Residential Society,0,48,P51800020359,19.109642,72.825135,Trophy / Ultra-Prime,osm_maharera_cadastral_enriched,0.88
396412bb-e211-408e-897e-53a8d7608bdb,Shernaz Navbahar,shernaz navbahar,Reputed Developer / Co-op Housing Consortium,Mumbai,Juhu & Vile Parle West,IN,"Shernaz Navbahar, Juhu & Vile Parle West, Mumbai 400049, Maharashtra, India",400049,Gated Residential Society,0,48,P51800081864,19.101357,72.827036,Trophy / Ultra-Prime,osm_maharera_cadastral_enriched,0.88
66c884f1-9901-45df-8829-dc63a0380516,Juhu Shilpa,juhu shilpa,Reputed Developer / Co-op Housing Consortium,Mumbai,Juhu & Vile Parle West,IN,"Juhu Shilpa, Juhu & Vile Parle West, Mumbai 400049, Maharashtra, India",400049,Gated Residential Society,0,48,P51800026985,19.10122,72.828249,Trophy / Ultra-Prime,osm_maharera_cadastral_enriched,0.88
b319de96-b76a-4d1d-9a59-07dbe731d0b0,Gazdar,gazdar,Reputed Developer / Co-op Housing Consortium,Mumbai,Juhu & Vile Parle West,IN,"Gazdar, Juhu & Vile Parle West, Mumbai 400049, Maharashtra, India",400049,Gated Residential Society,0,48,P51800070769,19.103015,72.826716,Trophy / Ultra-Prime,osm_maharera_cadastral_enriched,0.88
1030668c-caa5-4971-9776-4b3197601500,Kings Apartment,kings apartment,Reputed Developer / Co-op Housing Consortium,Mumbai,Juhu & Vile Parle West,IN,"Kings Apartment, Juhu & Vile Parle West, Mumbai 400049, Maharashtra, India",400049,Gated Residential Society,0,48,P51800029188,19.103507,72.826197,Trophy / Ultra-Prime,osm_maharera_cadastral_enriched,0.88
395a9625-98b8-498d-8732-b1131fe1f023,IIT Bombay Staff CHS Ltd,iit bombay staff chs ltd,Reputed Developer / Co-op Housing Consortium,Mumbai,Powai (Hiranandani Gardens),IN,"IIT Bombay Staff CHS Ltd, 10E, Kopri Village, Powai (Hiranandani Gardens), Mumbai 400076, Maharashtra, India",400076,Gated Residential Society,0,48,P51800012835,19.114525,72.905099,Trophy / Ultra-Prime,osm_maharera_cadastral_enriched,0.88
7ef066e4-c538-4cdf-9a76-507c3df3a050,Marathon NextGen Era,marathon nextgen era,Reputed Developer / Co-op Housing Consortium,Mumbai,Worli & Prabhadevi,IN,"Marathon NextGen Era, Ganapatrao Kadam Marg, Worli & Prabhadevi, Mumbai 400013, Maharashtra, India",400013,Gated Residential Society,0,48,P51900086103,18.996381,72.823536,Trophy / Ultra-Prime,osm_maharera_cadastral_enriched,0.88
f6f05f60-0906-4135-b193-f0dc181c82ee,The Carmel Co op Housing Society,the carmel co op housing society,Reputed Developer / Co-op Housing Consortium,Mumbai,Bandra West (Pali Hill & Bandstand),IN,"The Carmel Co op Housing Society, Bandra West (Pali Hill & Bandstand), Mumbai 400050, Maharashtra, India",400050,Gated Residential Society,0,48,P51800064826,19.050032,72.827003,Trophy / Ultra-Prime,osm_maharera_cadastral_enriched,0.88
a83b7b5b-572d-4bb3-8150-8f6109792d86,Olar,olar,Reputed Developer / Co-op Housing Consortium,Mumbai,Bandra West (Pali Hill & Bandstand),IN,"Olar, Bandra West (Pali Hill & Bandstand), Mumbai 400050, Maharashtra, India",400050,Gated Residential Society,0,48,P51800084709,19.051036,72.825322,Trophy / Ultra-Prime,osm_maharera_cadastral_enriched,0.88
387b69c5-cdab-4468-81bc-1e295a89d990,Rochdale 2,rochdale 2,Reputed Developer / Co-op Housing Consortium,Mumbai,Bandra West (Pali Hill & Bandstand),IN,"Rochdale 2, Cross Road 1, Bandra West (Pali Hill & Bandstand), Mumbai 400050, Maharashtra, India",400050,Gated Residential Society,0,48,P51800072496,19.050356,72.825035,Trophy / Ultra-Prime,osm_maharera_cadastral_enriched,0.88
c1d0e83d-1b22-404b-8f13-e55777ed6c64,Sojourn Apartments,sojourn apartments,Reputed Developer / Co-op Housing Consortium,Mumbai,Bandra West (Pali Hill & Bandstand),IN,"Sojourn Apartments, Cross Road 1, Bandra West (Pali Hill & Bandstand), Mumbai 400050, Maharashtra, India",400050,Gated Residential Society,0,48,P51800039320,19.050292,72.825145,Trophy / Ultra-Prime,osm_maharera_cadastral_enriched,0.88
f781c51b-0960-4e48-93af-114a4733c285,Regent Park,regent park,Reputed Developer / Co-op Housing Consortium,Mumbai,Bandra West (Pali Hill & Bandstand),IN,"Regent Park, Rebello Road, Bandra West (Pali Hill & Bandstand), Mumbai 400050, Maharashtra, India",400050,Luxury High-Rise Tower,0,48,P51800059282,19.050524,72.825341,Trophy / Ultra-Prime,osm_maharera_cadastral_enriched,0.88
6d9b3ce9-7c89-4e19-afd5-ec7cbf861243,Peteville,peteville,Reputed Developer / Co-op Housing Consortium,Mumbai,Bandra West (Pali Hill & Bandstand),IN,"Peteville, Rebello Road, Bandra West (Pali Hill & Bandstand), Mumbai 400050, Maharashtra, India",400050,Gated Residential Society,0,48,P51800041665,19.050706,72.8254,Trophy / Ultra-Prime,osm_maharera_cadastral_enriched,0.88
32320af1-d090-41ab-b5e6-e8c45cba7867,Dilkush Terraces,dilkush terraces,Reputed Developer / Co-op Housing Consortium,Mumbai,Bandra West (Pali Hill & Bandstand),IN,"Dilkush Terraces, Bandra West (Pali Hill & Bandstand), Mumbai 400050, Maharashtra, India",400050,Gated Residential Society,0,48,P51800037068,19.050923,72.824988,Trophy / Ultra-Prime,osm_maharera_cadastral_enriched,0.88
9f29c33c-282e-4edb-9152-370cc64ccb76,Sabian,sabian,Reputed Developer / Co-op Housing Consortium,Mumbai,Bandra West (Pali Hill & Bandstand),IN,"Sabian, Bandra West (Pali Hill & Bandstand), Mumbai 400050, Maharashtra, India",400050,Gated Residential Society,0,48,P51800080125,19.05081,72.825179,Trophy / Ultra-Prime,osm_maharera_cadastral_enriched,0.88
f5312085-7987-4640-82b5-45f8a35bb181,Julie CHSL,julie chsl,Reputed Developer / Co-op Housing Consortium,Mumbai,Bandra West (Pali Hill & Bandstand),IN,"Julie CHSL, Bandra West (Pali Hill & Bandstand), Mumbai 400050, Maharashtra, India",400050,Gated Residential Society,0,48,P51800080272,19.050023,72.824557,Trophy / Ultra-Prime,osm_maharera_cadastral_enriched,0.88
f5f894f1-d368-4490-b98f-d1578da2ae58,Roque Villa,roque villa,Reputed Developer / Co-op Housing Consortium,Mumbai,Bandra West (Pali Hill & Bandstand),IN,"Roque Villa, Cross Road 1, Bandra West (Pali Hill & Bandstand), Mumbai 400050, Maharashtra, India",400050,Gated Residential Society,0,48,P51800081066,19.050053,72.824725,Trophy / Ultra-Prime,osm_maharera_cadastral_enriched,0.88
938a5183-cc68-4140-92b1-2365851526cb,The St. Sebastian Homes Co-operative Society,the st sebastian homes co operative society,Reputed Developer / Co-op Housing Consortium,Mumbai,Bandra West (Pali Hill & Bandstand),IN,"The St. Sebastian Homes Co-operative Society, Rebello Road, Bandra West (Pali Hill & Bandstand), Mumbai 400050, Maharashtra, India",400050,Gated Residential Society,0,48,P51800071460,19.049525,72.825114,Trophy / Ultra-Prime,osm_maharera_cadastral_enriched,0.88
6c00b6d5-50ae-437c-9fbb-802ed3df8f8c,Peter Apartments,peter apartments,Reputed Developer / Co-op Housing Consortium,Mumbai,Bandra West (Pali Hill & Bandstand),IN,"Peter Apartments, Bandra West (Pali Hill & Bandstand), Mumbai 400050, Maharashtra, India",400050,Gated Residential Society,0,48,P51800022231,19.048658,72.824155,Trophy / Ultra-Prime,osm_maharera_cadastral_enriched,0.88
ead2a2a7-6111-4c70-afe5-d1fc9ec21d77,Mount Mary Apartments,mount mary apartments,Reputed Developer / Co-op Housing Consortium,Mumbai,Bandra West (Pali Hill & Bandstand),IN,"Mount Mary Apartments, Bandra West (Pali Hill & Bandstand), Mumbai 400050, Maharashtra, India",400050,Gated Residential Society,0,48,P51800091158,19.048148,72.824151,Trophy / Ultra-Prime,osm_maharera_cadastral_enriched,0.88
f6b1b641-a25f-4f9d-aee5-99c1e941eecc,Mona Lisa,mona lisa,Reputed Developer / Co-op Housing Consortium,Mumbai,Bandra West (Pali Hill & Bandstand),IN,"Mona Lisa, Bandra West (Pali Hill & Bandstand), Mumbai 400050, Maharashtra, India",400050,Gated Residential Society,0,48,P51800076903,19.047749,72.824393,Trophy / Ultra-Prime,osm_maharera_cadastral_enriched,0.88
00a18ead-f1e6-4b87-baf2-dc99cd0ed9a9,Yuwan,yuwan,Reputed Developer / Co-op Housing Consortium,Mumbai,Bandra West (Pali Hill & Bandstand),IN,"Yuwan, Bandra West (Pali Hill & Bandstand), Mumbai 400050, Maharashtra, India",400050,Gated Residential Society,0,48,P51800029982,19.052294,72.823129,Trophy / Ultra-Prime,osm_maharera_cadastral_enriched,0.88
19d32227-625c-42cf-aacd-7898ccc10bf9,Leo Apartments,leo apartments,Reputed Developer / Co-op Housing Consortium,Mumbai,Bandra West (Pali Hill & Bandstand),IN,"Leo Apartments, Bandra West (Pali Hill & Bandstand), Mumbai 400050, Maharashtra, India",400050,Gated Residential Society,0,48,P51800019843,19.046671,72.825111,Trophy / Ultra-Prime,osm_maharera_cadastral_enriched,0.88
afa3d83c-05cc-4031-83a2-a40c9695b51f,Le Papillon,le papillon,Reputed Developer / Co-op Housing Consortium,Mumbai,Bandra West (Pali Hill & Bandstand),IN,"Le Papillon, Mount Mary Road, Bandra West (Pali Hill & Bandstand), Mumbai 400050, Maharashtra, India",400050,Gated Residential Society,0,48,P51800046887,19.048786,72.823229,Trophy / Ultra-Prime,osm_maharera_cadastral_enriched,0.88
6f898965-7ff4-4701-9302-4782ddb54124,Sunflower Gobind Laxmi CHS,sunflower gobind laxmi chs,Reputed Developer / Co-op Housing Consortium,Mumbai,Bandra West (Pali Hill & Bandstand),IN,"Sunflower Gobind Laxmi CHS, Bandra West (Pali Hill & Bandstand), Mumbai 400050, Maharashtra, India",400050,Gated Residential Society,0,48,P51800065199,19.050723,72.824028,Trophy / Ultra-Prime,osm_maharera_cadastral_enriched,0.88
50ed0dbe-08bf-4076-b192-9ab2a2de18fd,O Priya,o priya,Reputed Developer / Co-op Housing Consortium,Mumbai,Bandra West (Pali Hill & Bandstand),IN,"O Priya, Cross Road 2, Bandra West (Pali Hill & Bandstand), Mumbai 400050, Maharashtra, India",400050,Gated Residential Society,0,48,P51800018425,19.049651,72.824722,Trophy / Ultra-Prime,osm_maharera_cadastral_enriched,0.88
c30ed956-613d-4185-9507-c09c03eb7a98,Vinayak Vasudev Chawal,vinayak vasudev chawal,Reputed Developer / Co-op Housing Consortium,Mumbai,Lower Parel & Mahalaxmi,IN,"Vinayak Vasudev Chawal, Lower Parel & Mahalaxmi, Mumbai 400013, Maharashtra, India",400013,Gated Residential Society,0,48,P51900064810,18.983874,72.832347,Trophy / Ultra-Prime,osm_maharera_cadastral_enriched,0.88
7aa935f4-04dc-4b60-b94b-30711bf20b4b,Bramha Vishnu Mahesh Society,bramha vishnu mahesh society,Reputed Developer / Co-op Housing Consortium,Mumbai,Lower Parel & Mahalaxmi,IN,"Bramha Vishnu Mahesh Society, Lower Parel & Mahalaxmi, Mumbai 400013, Maharashtra, India",400013,Gated Residential Society,0,48,P51900028014,18.982664,72.832354,Trophy / Ultra-Prime,osm_maharera_cadastral_enriched,0.88
25d63bb7-1598-4b33-948a-429a7cec0e1b,Isabella,isabella,Reputed Developer / Co-op Housing Consortium,Mumbai,Bandra West (Pali Hill & Bandstand),IN,"Isabella, Bandra West (Pali Hill & Bandstand), Mumbai 400050, Maharashtra, India",400050,Gated Residential Society,0,48,P51800025776,19.063142,72.829579,Trophy / Ultra-Prime,osm_maharera_cadastral_enriched,0.88
044fd679-c79e-4107-9717-17f7f9d9576f,Somerset,somerset,Reputed Developer / Co-op Housing Consortium,Mumbai,Bandra West (Pali Hill & Bandstand),IN,"Somerset, Bandra West (Pali Hill & Bandstand), Mumbai 400050, Maharashtra, India",400050,Gated Residential Society,0,48,P51800061649,19.066854,72.827759,Trophy / Ultra-Prime,osm_maharera_cadastral_enriched,0.88
118ec2e3-58c3-427c-86d5-321f92d180a7,Reshma,reshma,Reputed Developer / Co-op Housing Consortium,Mumbai,Bandra West (Pali Hill & Bandstand),IN,"Reshma, Bandra West (Pali Hill & Bandstand), Mumbai 400050, Maharashtra, India",400050,Gated Residential Society,0,48,P51800030772,19.067981,72.827457,Trophy / Ultra-Prime,osm_maharera_cadastral_enriched,0.88
ce909df7-3c89-41c4-8f65-eca1da8132cd,Mayqueen/Melrose,mayqueen melrose,Reputed Developer / Co-op Housing Consortium,Mumbai,Bandra West (Pali Hill & Bandstand),IN,"Mayqueen/Melrose, Bandra West (Pali Hill & Bandstand), Mumbai 400050, Maharashtra, India",400050,Gated Residential Society,0,48,P51800037421,19.066579,72.827782,Trophy / Ultra-Prime,osm_maharera_cadastral_enriched,0.88
0509e865-f0f7-4e80-adc8-f51c4520cfc2,Manju Mahal,manju mahal,Reputed Developer / Co-op Housing Consortium,Mumbai,Bandra West (Pali Hill & Bandstand),IN,"Manju Mahal, Bandra West (Pali Hill & Bandstand), Mumbai 400050, Maharashtra, India",400050,Gated Residential Society,0,48,P51800066106,19.069509,72.828901,Trophy / Ultra-Prime,osm_maharera_cadastral_enriched,0.88
4aefb706-0766-4852-8e7c-9e9a7bf0eb65,Nibbana,nibbana,Reputed Developer / Co-op Housing Consortium,Mumbai,Bandra West (Pali Hill & Bandstand),IN,"Nibbana, Bandra West (Pali Hill & Bandstand), Mumbai 400050, Maharashtra, India",400050,Gated Residential Society,0,48,P51800016844,19.066333,72.827527,Trophy / Ultra-Prime,osm_maharera_cadastral_enriched,0.88
d29dc5c6-33a5-428c-870b-62893ae8d9ad,Shailja,shailja,Reputed Developer / Co-op Housing Consortium,Mumbai,Bandra West (Pali Hill & Bandstand),IN,"Shailja, Bandra West (Pali Hill & Bandstand), Mumbai 400050, Maharashtra, India",400050,Gated Residential Society,0,48,P51800090959,19.068983,72.828313,Trophy / Ultra-Prime,osm_maharera_cadastral_enriched,0.88
8aaa3ffd-dce2-4040-b539-acab1a0ad7fb,Pali Hill Niketan,pali hill niketan,Reputed Developer / Co-op Housing Consortium,Mumbai,Bandra West (Pali Hill & Bandstand),IN,"Pali Hill Niketan, Bandra West (Pali Hill & Bandstand), Mumbai 400050, Maharashtra, India",400050,Gated Residential Society,0,48,P51800049284,19.068526,72.826,Trophy / Ultra-Prime,osm_maharera_cadastral_enriched,0.88
77edbe99-ffc6-41fa-a048-ca17177d9c48,Solitaire,solitaire,Reputed Developer / Co-op Housing Consortium,Mumbai,Bandra West (Pali Hill & Bandstand),IN,"Solitaire, Bandra West (Pali Hill & Bandstand), Mumbai 400050, Maharashtra, India",400050,Gated Residential Society,0,48,P51800051232,19.067602,72.826754,Trophy / Ultra-Prime,osm_maharera_cadastral_enriched,0.88
c60f9848-6d39-4ec3-88f7-ab3bb7114c62,Orchids,orchids,Reputed Developer / Co-op Housing Consortium,Mumbai,Bandra West (Pali Hill & Bandstand),IN,"Orchids, Bandra West (Pali Hill & Bandstand), Mumbai 400050, Maharashtra, India",400050,Gated Residential Society,0,48,P51800083089,19.069521,72.827781,Trophy / Ultra-Prime,osm_maharera_cadastral_enriched,0.88
5c2413a2-a85a-47a9-aa3d-4ec937d34015,Air India Apartments,air india apartments,Reputed Developer / Co-op Housing Consortium,Mumbai,Bandra West (Pali Hill & Bandstand),IN,"Air India Apartments, Bandra West (Pali Hill & Bandstand), Mumbai 400050, Maharashtra, India",400050,Gated Residential Society,0,48,P51800045101,19.068779,72.826182,Trophy / Ultra-Prime,osm_maharera_cadastral_enriched,0.88
b96f55d2-2b78-44a8-9c2d-66acb1f603da,Shiv Sagar,shiv sagar,Reputed Developer / Co-op Housing Consortium,Mumbai,Bandra West (Pali Hill & Bandstand),IN,"Shiv Sagar, Bandra West (Pali Hill & Bandstand), Mumbai 400050, Maharashtra, India",400050,Gated Residential Society,0,48,P51800010453,19.069482,72.82844,Trophy / Ultra-Prime,osm_maharera_cadastral_enriched,0.88
1a6576cc-d5c8-4fc8-8c58-f43ba5a08a41,Green Acres,green acres,Reputed Developer / Co-op Housing Consortium,Mumbai,Bandra West (Pali Hill & Bandstand),IN,"Green Acres, Bandra West (Pali Hill & Bandstand), Mumbai 400050, Maharashtra, India",400050,Gated Residential Society,0,48,P51800092090,19.068359,72.826228,Trophy / Ultra-Prime,osm_maharera_cadastral_enriched,0.88
d4589843-f5a2-4ccb-9743-2f3f2fc6a7ed,Delphi,delphi,Reputed Developer / Co-op Housing Consortium,Mumbai,Bandra West (Pali Hill & Bandstand),IN,"Delphi, Bandra West (Pali Hill & Bandstand), Mumbai 400050, Maharashtra, India",400050,Gated Residential Society,0,48,P51800014391,19.06954,72.827569,Trophy / Ultra-Prime,osm_maharera_cadastral_enriched,0.88
5e0c154f-3875-4e65-88cf-a03e9296aa7c,Panchsheel,panchsheel,Reputed Developer / Co-op Housing Consortium,Mumbai,Bandra West (Pali Hill & Bandstand),IN,"Panchsheel, Bandra West (Pali Hill & Bandstand), Mumbai 400050, Maharashtra, India",400050,Gated Residential Society,0,48,P51800045702,19.066288,72.82814,Trophy / Ultra-Prime,osm_maharera_cadastral_enriched,0.88
73f9c7ca-3267-402a-bdd9-7c069920f32e,Neptune,neptune,Reputed Developer / Co-op Housing Consortium,Mumbai,Bandra West (Pali Hill & Bandstand),IN,"Neptune, Bandra West (Pali Hill & Bandstand), Mumbai 400050, Maharashtra, India",400050,Gated Residential Society,0,48,P51800015446,19.067686,72.828063,Trophy / Ultra-Prime,osm_maharera_cadastral_enriched,0.88
eeb3bfe7-74ea-4bc6-b1e7-c2131591bd9f,Imperial Heights,imperial heights,Reputed Developer / Co-op Housing Consortium,Mumbai,Bandra West (Pali Hill & Bandstand),IN,"Imperial Heights, Bandra West (Pali Hill & Bandstand), Mumbai 400050, Maharashtra, India",400050,Luxury High-Rise Tower,0,48,P51800029421,19.067637,72.827244,Trophy / Ultra-Prime,osm_maharera_cadastral_enriched,0.88
16b9a8c4-0492-4700-984f-7008efbe299d,Samshiba,samshiba,Reputed Developer / Co-op Housing Consortium,Mumbai,Bandra West (Pali Hill & Bandstand),IN,"Samshiba, Bandra West (Pali Hill & Bandstand), Mumbai 400050, Maharashtra, India",400050,Gated Residential Society,0,48,P51800053687,19.068776,72.827173,Trophy / Ultra-Prime,osm_maharera_cadastral_enriched,0.88
ef2fb9d2-0ad5-4fb2-854b-e0658013533b,Amber Croft Annexe,amber croft annexe,Reputed Developer / Co-op Housing Consortium,Mumbai,Bandra West (Pali Hill & Bandstand),IN,"Amber Croft Annexe, Bandra West (Pali Hill & Bandstand), Mumbai 400050, Maharashtra, India",400050,Gated Residential Society,0,48,P51800078088,19.06873,72.829691,Trophy / Ultra-Prime,osm_maharera_cadastral_enriched,0.88
e05819b3-738a-4269-b46f-cc65bb4b70e4,Summer Palace,summer palace,Reputed Developer / Co-op Housing Consortium,Mumbai,Bandra West (Pali Hill & Bandstand),IN,"Summer Palace, Bandra West (Pali Hill & Bandstand), Mumbai 400050, Maharashtra, India",400050,Luxury High-Rise Tower,0,48,P51800025454,19.068657,72.826681,Trophy / Ultra-Prime,osm_maharera_cadastral_enriched,0.88
88fdd59d-4ef7-463a-82e9-2f75ba7ec4f1,Apsara,apsara,Reputed Developer / Co-op Housing Consortium,Mumbai,Bandra West (Pali Hill & Bandstand),IN,"Apsara, Bandra West (Pali Hill & Bandstand), Mumbai 400050, Maharashtra, India",400050,Gated Residential Society,0,48,P51800015760,19.068284,72.826775,Trophy / Ultra-Prime,osm_maharera_cadastral_enriched,0.88
4359afc9-55a3-4e9f-b95b-016d663e333a,Highland,highland,Reputed Developer / Co-op Housing Consortium,Mumbai,Bandra West (Pali Hill & Bandstand),IN,"Highland, Bandra West (Pali Hill & Bandstand), Mumbai 400050, Maharashtra, India",400050,Gated Residential Society,0,48,P51800073096,19.0695,72.828064,Trophy / Ultra-Prime,osm_maharera_cadastral_enriched,0.88
03ad87c1-c89d-43e7-8533-d1c2006d1e5e,Bhagat,bhagat,Reputed Developer / Co-op Housing Consortium,Mumbai,Bandra West (Pali Hill & Bandstand),IN,"Bhagat, 14th Road, Bandra West (Pali Hill & Bandstand), Mumbai 400050, Maharashtra, India",400050,Gated Residential Society,0,48,P51800032440,19.064866,72.832298,Trophy / Ultra-Prime,osm_maharera_cadastral_enriched,0.88
59e65e49-bdec-4546-980c-c147a2a71f76,Little Flower No. 3,little flower no 3,Reputed Developer / Co-op Housing Consortium,Mumbai,Bandra West (Pali Hill & Bandstand),IN,"Little Flower No. 3, 14th Road, Bandra West (Pali Hill & Bandstand), Mumbai 400050, Maharashtra, India",400050,Gated Residential Society,0,48,P51800080604,19.062928,72.832134,Trophy / Ultra-Prime,osm_maharera_cadastral_enriched,0.88
8ce96425-158a-4dfe-9124-42d6cf982dd3,Maple Shades,maple shades,Reputed Developer / Co-op Housing Consortium,Mumbai,Bandra West (Pali Hill & Bandstand),IN,"Maple Shades, 14th Road, Bandra West (Pali Hill & Bandstand), Mumbai 400050, Maharashtra, India",400050,Gated Residential Society,0,48,P51800045846,19.064106,72.832246,Trophy / Ultra-Prime,osm_maharera_cadastral_enriched,0.88
cd93d6da-f3f2-4e2d-805a-bb914209924b,Supreme Residency,supreme residency,Reputed Developer / Co-op Housing Consortium,Mumbai,Bandra West (Pali Hill & Bandstand),IN,"Supreme Residency, 14th Road, Bandra West (Pali Hill & Bandstand), Mumbai 400050, Maharashtra, India",400050,Gated Residential Society,0,48,P51800066885,19.064399,72.832267,Trophy / Ultra-Prime,osm_maharera_cadastral_enriched,0.88
9d333f82-04bc-44c8-825d-6c4cd5e5b03a,Lu-Phil,lu phil,Reputed Developer / Co-op Housing Consortium,Mumbai,Bandra West (Pali Hill & Bandstand),IN,"Lu-Phil, 15th Road, Bandra West (Pali Hill & Bandstand), Mumbai 400050, Maharashtra, India",400050,Gated Residential Society,0,48,P51800048981,19.062534,72.831389,Trophy / Ultra-Prime,osm_maharera_cadastral_enriched,0.88
808d32d4-7704-4d86-b06d-112db2c57fad,Ruby Light,ruby light,Reputed Developer / Co-op Housing Consortium,Mumbai,Bandra West (Pali Hill & Bandstand),IN,"Ruby Light, 16th Road, Bandra West (Pali Hill & Bandstand), Mumbai 400050, Maharashtra, India",400050,Gated Residential Society,0,48,P51800090458,19.064087,72.831125,Trophy / Ultra-Prime,osm_maharera_cadastral_enriched,0.88
9461a092-2629-45fd-a558-5dd57cdca5dc,Uttam Niwas,uttam niwas,Reputed Developer / Co-op Housing Consortium,Mumbai,Bandra West (Pali Hill & Bandstand),IN,"Uttam Niwas, 14th Road, Bandra West (Pali Hill & Bandstand), Mumbai 400050, Maharashtra, India",400050,Gated Residential Society,0,48,P51800037425,19.064633,72.832245,Trophy / Ultra-Prime,osm_maharera_cadastral_enriched,0.88
4a7527df-1258-4be0-a7a3-0267a3d27313,Kamal Vishranti Kutir,kamal vishranti kutir,Reputed Developer / Co-op Housing Consortium,Mumbai,Bandra West (Pali Hill & Bandstand),IN,"Kamal Vishranti Kutir, St. Theresa's Road, Bandra West (Pali Hill & Bandstand), Mumbai 400050, Maharashtra, India",400050,Gated Residential Society,0,48,P51800073050,19.062843,72.832771,Trophy / Ultra-Prime,osm_maharera_cadastral_enriched,0.88
299afbed-35f8-4ac8-9314-66c9a54bbdfa,Blue Moon,blue moon,Reputed Developer / Co-op Housing Consortium,Mumbai,Bandra West (Pali Hill & Bandstand),IN,"Blue Moon, 14th Road, Bandra West (Pali Hill & Bandstand), Mumbai 400050, Maharashtra, India",400050,Gated Residential Society,0,48,P51800018160,19.062538,72.832103,Trophy / Ultra-Prime,osm_maharera_cadastral_enriched,0.88
e95f8a0d-18e0-4b79-a6a8-be37b8b755d5,Simple Apartments,simple apartments,Reputed Developer / Co-op Housing Consortium,Mumbai,Bandra West (Pali Hill & Bandstand),IN,"Simple Apartments, Bandra West (Pali Hill & Bandstand), Mumbai 400050, Maharashtra, India",400050,Gated Residential Society,0,48,P51800014739,19.065101,72.831163,Trophy / Ultra-Prime,osm_maharera_cadastral_enriched,0.88
24842a5d-b8cf-47d8-8425-08c99bf217bb,Cyrus House,cyrus house,Reputed Developer / Co-op Housing Consortium,Mumbai,Bandra West (Pali Hill & Bandstand),IN,"Cyrus House, St. Theresa's Road, Bandra West (Pali Hill & Bandstand), Mumbai 400050, Maharashtra, India",400050,Gated Residential Society,0,48,P51800072602,19.06246,72.83269,Trophy / Ultra-Prime,osm_maharera_cadastral_enriched,0.88
a49591d9-b8f7-46b6-88d5-44874ee6ac34,Navchetan,navchetan,Reputed Developer / Co-op Housing Consortium,Mumbai,Bandra West (Pali Hill & Bandstand),IN,"Navchetan, 15th Road, Bandra West (Pali Hill & Bandstand), Mumbai 400050, Maharashtra, India",400050,Gated Residential Society,0,48,P51800036538,19.063589,72.831385,Trophy / Ultra-Prime,osm_maharera_cadastral_enriched,0.88
b26a0758-cf03-4adf-bf49-becbd29c6adf,L'Amour,l amour,Reputed Developer / Co-op Housing Consortium,Mumbai,Bandra West (Pali Hill & Bandstand),IN,"L'Amour, 15th Road, Bandra West (Pali Hill & Bandstand), Mumbai 400050, Maharashtra, India",400050,Gated Residential Society,0,48,P51800028313,19.062736,72.831396,Trophy / Ultra-Prime,osm_maharera_cadastral_enriched,0.88
b47ffa82-3bad-49bf-a92f-e51e951992dc,Jamal Manzil,jamal manzil,Reputed Developer / Co-op Housing Consortium,Mumbai,Bandra West (Pali Hill & Bandstand),IN,"Jamal Manzil, 14th Road, Bandra West (Pali Hill & Bandstand), Mumbai 400050, Maharashtra, India",400050,Gated Residential Society,0,48,P51800060287,19.063206,72.832175,Trophy / Ultra-Prime,osm_maharera_cadastral_enriched,0.88
bb2d014e-798e-478e-bea6-4b0c7a058a48,Shanti Villa,shanti villa,Reputed Developer / Co-op Housing Consortium,Mumbai,Bandra West (Pali Hill & Bandstand),IN,"Shanti Villa, 14th Road, Bandra West (Pali Hill & Bandstand), Mumbai 400050, Maharashtra, India",400050,Gated Residential Society,0,48,P51800075198,19.062482,72.832482,Trophy / Ultra-Prime,osm_maharera_cadastral_enriched,0.88
679d7571-df8f-49e8-9a27-f423db7d2490,Summer Breeze,summer breeze,Reputed Developer / Co-op Housing Consortium,Mumbai,Bandra West (Pali Hill & Bandstand),IN,"Summer Breeze, 15th Road, Bandra West (Pali Hill & Bandstand), Mumbai 400050, Maharashtra, India",400050,Gated Residential Society,0,48,P51800099435,19.064017,72.83144,Trophy / Ultra-Prime,osm_maharera_cadastral_enriched,0.88
db80a3ec-f237-47e1-badd-ea77864485f9,Lata-Soni,lata soni,Reputed Developer / Co-op Housing Consortium,Mumbai,Bandra West (Pali Hill & Bandstand),IN,"Lata-Soni, Dr KS Hedgewar Road (30th Road), Bandra West (Pali Hill & Bandstand), Mumbai 400050, Maharashtra, India",400050,Gated Residential Society,0,48,P51800075880,19.062472,72.831167,Trophy / Ultra-Prime,osm_maharera_cadastral_enriched,0.88
f367d99b-1b01-4abc-9982-e69de8d043e5,Ebony,ebony,Reputed Developer / Co-op Housing Consortium,Mumbai,Bandra West (Pali Hill & Bandstand),IN,"Ebony, 14th Road, Bandra West (Pali Hill & Bandstand), Mumbai 400050, Maharashtra, India",400050,Gated Residential Society,0,48,P51800043136,19.064741,72.832714,Trophy / Ultra-Prime,osm_maharera_cadastral_enriched,0.88
e774a246-4bb1-461c-8f02-a674317f5b7f,Souvenier,souvenier,Reputed Developer / Co-op Housing Consortium,Mumbai,Bandra West (Pali Hill & Bandstand),IN,"Souvenier, 15th Road, Bandra West (Pali Hill & Bandstand), Mumbai 400050, Maharashtra, India",400050,Gated Residential Society,0,48,P51800093871,19.064179,72.831462,Trophy / Ultra-Prime,osm_maharera_cadastral_enriched,0.88
f63d3c8d-f439-43f3-b132-6aa4bcca9d04,Luis Belle,luis belle,Reputed Developer / Co-op Housing Consortium,Mumbai,Bandra West (Pali Hill & Bandstand),IN,"Luis Belle, 16th Road, Bandra West (Pali Hill & Bandstand), Mumbai 400050, Maharashtra, India",400050,Gated Residential Society,0,48,P51800073740,19.062499,72.830955,Trophy / Ultra-Prime,osm_maharera_cadastral_enriched,0.88
997a2db1-d4e8-47bd-9a3c-75f8065113ef,Villa Queenie,villa queenie,Reputed Developer / Co-op Housing Consortium,Mumbai,Bandra West (Pali Hill & Bandstand),IN,"Villa Queenie, 16th Road, Bandra West (Pali Hill & Bandstand), Mumbai 400050, Maharashtra, India",400050,Gated Residential Society,0,48,P51800062827,19.064311,72.83107,Trophy / Ultra-Prime,osm_maharera_cadastral_enriched,0.88
fad68cdd-9d87-40e1-8063-2ae63682076b,Pleasant Park,pleasant park,Reputed Developer / Co-op Housing Consortium,Mumbai,Bandra West (Pali Hill & Bandstand),IN,"Pleasant Park, St. Theresa's Road, Bandra West (Pali Hill & Bandstand), Mumbai 400050, Maharashtra, India",400050,Luxury High-Rise Tower,0,48,P51800054996,19.063705,72.832879,Trophy / Ultra-Prime,osm_maharera_cadastral_enriched,0.88
77293fea-57e5-4011-8359-12366b9c5531,Empress,empress,Reputed Developer / Co-op Housing Consortium,Mumbai,Bandra West (Pali Hill & Bandstand),IN,"Empress, St. Theresa's Road, Bandra West (Pali Hill & Bandstand), Mumbai 400050, Maharashtra, India",400050,Gated Residential Society,0,48,P51800021821,19.063107,72.832823,Trophy / Ultra-Prime,osm_maharera_cadastral_enriched,0.88
f85e2c23-0e2d-42dc-b848-41c558fac046,New Veena Society,new veena society,Reputed Developer / Co-op Housing Consortium,Mumbai,Bandra West (Pali Hill & Bandstand),IN,"New Veena Society, Bandra West (Pali Hill & Bandstand), Mumbai 400050, Maharashtra, India",400050,Gated Residential Society,0,48,P51800098639,19.063833,72.831077,Trophy / Ultra-Prime,osm_maharera_cadastral_enriched,0.88
379c106b-e941-4bc6-a835-68596a0dfe56,Kiran,kiran,Reputed Developer / Co-op Housing Consortium,Mumbai,Bandra West (Pali Hill & Bandstand),IN,"Kiran, St. Theresa's Road, Bandra West (Pali Hill & Bandstand), Mumbai 400050, Maharashtra, India",400050,Gated Residential Society,0,48,P51800020684,19.062655,72.832738,Trophy / Ultra-Prime,osm_maharera_cadastral_enriched,0.88
f3d3859b-11d0-462c-942d-cab7ffc8cbd0,Hemkund Villa,hemkund villa,Reputed Developer / Co-op Housing Consortium,Mumbai,Bandra West (Pali Hill & Bandstand),IN,"Hemkund Villa, 14th Road, Bandra West (Pali Hill & Bandstand), Mumbai 400050, Maharashtra, India",400050,Gated Residential Society,0,48,P51800013516,19.064925,72.83274,Trophy / Ultra-Prime,osm_maharera_cadastral_enriched,0.88
ada3c315-d993-429d-b7c8-6b3fc1e36324,Roshni,roshni,Reputed Developer / Co-op Housing Consortium,Mumbai,Bandra West (Pali Hill & Bandstand),IN,"Roshni, 15th Road, Bandra West (Pali Hill & Bandstand), Mumbai 400050, Maharashtra, India",400050,Gated Residential Society,0,48,P51800068143,19.064358,72.831503,Trophy / Ultra-Prime,osm_maharera_cadastral_enriched,0.88
b6c12be3-8332-4f03-9041-d497761a92e4,Rup Niwas,rup niwas,Reputed Developer / Co-op Housing Consortium,Mumbai,Bandra West (Pali Hill & Bandstand),IN,"Rup Niwas, 33rd Road, Bandra West (Pali Hill & Bandstand), Mumbai 400050, Maharashtra, India",400050,Gated Residential Society,0,48,P51800070925,19.065214,72.832698,Trophy / Ultra-Prime,osm_maharera_cadastral_enriched,0.88
f19cd5be-031c-4775-99ae-0422453b4921,Louella,louella,Reputed Developer / Co-op Housing Consortium,Mumbai,Bandra West (Pali Hill & Bandstand),IN,"Louella, 14th Road, Bandra West (Pali Hill & Bandstand), Mumbai 400050, Maharashtra, India",400050,Gated Residential Society,0,48,P51800076268,19.063723,72.832562,Trophy / Ultra-Prime,osm_maharera_cadastral_enriched,0.88
c0d24752-3384-49a0-bcc3-7036cb8612c4,Jolly Friends,jolly friends,Reputed Developer / Co-op Housing Consortium,Mumbai,Bandra West (Pali Hill & Bandstand),IN,"Jolly Friends, 15th Road, Bandra West (Pali Hill & Bandstand), Mumbai 400050, Maharashtra, India",400050,Gated Residential Society,0,48,P51800049880,19.063496,72.8318,Trophy / Ultra-Prime,osm_maharera_cadastral_enriched,0.88
719c90a7-9c5b-48fc-b757-48c40b8c30ea,Satguru Paman,satguru paman,Reputed Developer / Co-op Housing Consortium,Mumbai,Bandra West (Pali Hill & Bandstand),IN,"Satguru Paman, 15th Road, Bandra West (Pali Hill & Bandstand), Mumbai 400050, Maharashtra, India",400050,Gated Residential Society,0,48,P51800040665,19.062715,72.831782,Trophy / Ultra-Prime,osm_maharera_cadastral_enriched,0.88
5768f2b6-6f30-4979-b55d-7d9802f210f2,Paramjyot,paramjyot,Reputed Developer / Co-op Housing Consortium,Mumbai,Bandra West (Pali Hill & Bandstand),IN,"Paramjyot, 16th Road, Bandra West (Pali Hill & Bandstand), Mumbai 400050, Maharashtra, India",400050,Gated Residential Society,0,48,P51800027709,19.064822,72.831152,Trophy / Ultra-Prime,osm_maharera_cadastral_enriched,0.88
eb6fded3-e29d-4c68-b8fa-6ab374025c1c,Blue Rose,blue rose,Reputed Developer / Co-op Housing Consortium,Mumbai,Bandra West (Pali Hill & Bandstand),IN,"Blue Rose, 15th Road, Bandra West (Pali Hill & Bandstand), Mumbai 400050, Maharashtra, India",400050,Gated Residential Society,0,48,P51800081615,19.063843,72.831423,Trophy / Ultra-Prime,osm_maharera_cadastral_enriched,0.88
87b6968b-dac5-4545-9a9f-2d6e0a7da4cc,Ananta,ananta,Reputed Developer / Co-op Housing Consortium,Mumbai,Bandra West (Pali Hill & Bandstand),IN,"Ananta, 14th Road, Bandra West (Pali Hill & Bandstand), Mumbai 400050, Maharashtra, India",400050,Gated Residential Society,0,48,P51800097129,19.062863,72.832526,Trophy / Ultra-Prime,osm_maharera_cadastral_enriched,0.88
757fa77c-ad3e-41d9-b274-76ab9f2284bc,Vasukamal,vasukamal,Reputed Developer / Co-op Housing Consortium,Mumbai,Bandra West (Pali Hill & Bandstand),IN,"Vasukamal, 14th Road, Bandra West (Pali Hill & Bandstand), Mumbai 400050, Maharashtra, India",400050,Gated Residential Society,0,48,P51800029418,19.063467,72.832167,Trophy / Ultra-Prime,osm_maharera_cadastral_enriched,0.88
79f96f71-6ab4-4c8f-8c93-c7062eb29a0f,Summer Queen,summer queen,Reputed Developer / Co-op Housing Consortium,Mumbai,Bandra West (Pali Hill & Bandstand),IN,"Summer Queen, 15th Road, Bandra West (Pali Hill & Bandstand), Mumbai 400050, Maharashtra, India",400050,Gated Residential Society,0,48,P51800091913,19.062919,72.831397,Trophy / Ultra-Prime,osm_maharera_cadastral_enriched,0.88
523bcc44-4f42-41ef-b736-990ca55e73aa,Bandra Olympic,bandra olympic,Reputed Developer / Co-op Housing Consortium,Mumbai,Bandra West (Pali Hill & Bandstand),IN,"Bandra Olympic, 16th Road, Bandra West (Pali Hill & Bandstand), Mumbai 400050, Maharashtra, India",400050,Gated Residential Society,0,48,P51800047823,19.064327,72.830723,Trophy / Ultra-Prime,osm_maharera_cadastral_enriched,0.88
e868e592-5045-4047-a19b-5bb31b2796d7,Shubhalakshmi,shubhalakshmi,Reputed Developer / Co-op Housing Consortium,Mumbai,Bandra West (Pali Hill & Bandstand),IN,"Shubhalakshmi, 15th Road, Bandra West (Pali Hill & Bandstand), Mumbai 400050, Maharashtra, India",400050,Gated Residential Society,0,48,P51800041031,19.062481,72.8318,Trophy / Ultra-Prime,osm_maharera_cadastral_enriched,0.88
61194374-d55f-43c5-a1b5-40985ca152bf,Man Dunes,man dunes,Reputed Developer / Co-op Housing Consortium,Mumbai,Bandra West (Pali Hill & Bandstand),IN,"Man Dunes, St. Theresa's Road, Bandra West (Pali Hill & Bandstand), Mumbai 400050, Maharashtra, India",400050,Gated Residential Society,0,48,P51800054174,19.064912,72.832988,Trophy / Ultra-Prime,osm_maharera_cadastral_enriched,0.88
9ab40287-7811-4c77-be71-f346eadb50b6,Hicon Heights,hicon heights,Reputed Developer / Co-op Housing Consortium,Mumbai,Bandra West (Pali Hill & Bandstand),IN,"Hicon Heights, St. Theresa's Road, Bandra West (Pali Hill & Bandstand), Mumbai 400050, Maharashtra, India",400050,Luxury High-Rise Tower,0,48,P51800076866,19.06331,72.832853,Trophy / Ultra-Prime,osm_maharera_cadastral_enriched,0.88
213ac8cc-a0c6-4337-8c2b-0df7b5b1178b,Oxford,oxford,Reputed Developer / Co-op Housing Consortium,Mumbai,Bandra West (Pali Hill & Bandstand),IN,"Oxford, 15th Road, Bandra West (Pali Hill & Bandstand), Mumbai 400050, Maharashtra, India",400050,Gated Residential Society,0,48,P51800094934,19.064647,72.831898,Trophy / Ultra-Prime,osm_maharera_cadastral_enriched,0.88
c04eb555-fa57-4607-b2f6-7f86c205c70e,Happy Dream,happy dream,Reputed Developer / Co-op Housing Consortium,Mumbai,Bandra West (Pali Hill & Bandstand),IN,"Happy Dream, St. Theresa's Road, Bandra West (Pali Hill & Bandstand), Mumbai 400050, Maharashtra, India",400050,Gated Residential Society,0,48,P51800060214,19.065243,72.833067,Trophy / Ultra-Prime,osm_maharera_cadastral_enriched,0.88
0f33e7f5-f9ec-4f6e-9dfe-44250397bc13,Neel Ganga,neel ganga,Reputed Developer / Co-op Housing Consortium,Mumbai,Bandra West (Pali Hill & Bandstand),IN,"Neel Ganga, Jn. of 28th Road & St. Theresa's Road, T.P.S. III, Bandra West (Pali Hill & Bandstand), Mumbai 400050, Maharashtra, India",400050,Gated Residential Society,0,48,P51800076426,19.060354,72.832294,Trophy / Ultra-Prime,osm_maharera_cadastral_enriched,0.88
e0419190-4278-4587-9bfd-dd1a2b565219,Crown Palace,crown palace,Reputed Developer / Co-op Housing Consortium,Mumbai,Bandra West (Pali Hill & Bandstand),IN,"Crown Palace, 23rd Road, Bandra West (Pali Hill & Bandstand), Mumbai 400050, Maharashtra, India",400050,Luxury High-Rise Tower,0,48,P51800050636,19.060504,72.832025,Trophy / Ultra-Prime,osm_maharera_cadastral_enriched,0.88
3ba66bc7-ffa6-4bb1-a3ac-05efe31bb9d1,Darvesh Royale,darvesh royale,Reputed Developer / Co-op Housing Consortium,Mumbai,Bandra West (Pali Hill & Bandstand),IN,"Darvesh Royale, Bandra West (Pali Hill & Bandstand), Mumbai 400050, Maharashtra, India",400050,Gated Residential Society,0,48,P51800046745,19.059404,72.82899,Trophy / Ultra-Prime,osm_maharera_cadastral_enriched,0.88
400c2bc2-88e8-4e5a-8d39-a9dc080e0ff8,Sandhu Palace,sandhu palace,Reputed Developer / Co-op Housing Consortium,Mumbai,Bandra West (Pali Hill & Bandstand),IN,"Sandhu Palace, Bandra West (Pali Hill & Bandstand), Mumbai 400050, Maharashtra, India",400050,Luxury High-Rise Tower,0,48,P51800061518,19.06852,72.828979,Trophy / Ultra-Prime,osm_maharera_cadastral_enriched,0.88
d2bdd86b-3c62-44d7-99ea-67f5bc0dc21a,Jeevan,jeevan,Reputed Developer / Co-op Housing Consortium,Mumbai,Bandra West (Pali Hill & Bandstand),IN,"Jeevan, Dr KS Hedgewar Road (30th Road), Bandra West (Pali Hill & Bandstand), Mumbai 400050, Maharashtra, India",400050,Gated Residential Society,0,48,P51800031816,19.062185,72.831348,Trophy / Ultra-Prime,osm_maharera_cadastral_enriched,0.88
a0c55351-6207-4ede-bbea-01ebad133804,Villa Rosa,villa rosa,Reputed Developer / Co-op Housing Consortium,Mumbai,Bandra West (Pali Hill & Bandstand),IN,"Villa Rosa, St. Theresa's Road, Bandra West (Pali Hill & Bandstand), Mumbai 400050, Maharashtra, India",400050,Gated Residential Society,0,48,P51800024752,19.062201,72.832643,Trophy / Ultra-Prime,osm_maharera_cadastral_enriched,0.88
0304b9f7-4cd7-461b-b9ba-cb3c882ff47f,Bandra Joy Palace,bandra joy palace,Reputed Developer / Co-op Housing Consortium,Mumbai,Bandra West (Pali Hill & Bandstand),IN,"Bandra Joy Palace, 29th Road, Bandra West (Pali Hill & Bandstand), Mumbai 400050, Maharashtra, India",400050,Luxury High-Rise Tower,0,48,P51800055426,19.061833,72.831538,Trophy / Ultra-Prime,osm_maharera_cadastral_enriched,0.88
eec650dc-0659-4222-9b5a-ac57bfb45082,Fortune Heights,fortune heights,Reputed Developer / Co-op Housing Consortium,Mumbai,Bandra West (Pali Hill & Bandstand),IN,"Fortune Heights, 29th Road, Bandra West (Pali Hill & Bandstand), Mumbai 400050, Maharashtra, India",400050,Luxury High-Rise Tower,0,48,P51800058797,19.061724,72.832354,Trophy / Ultra-Prime,osm_maharera_cadastral_enriched,0.88
1fd95573-8f12-4ef3-8925-3b4c29a09a84,Kaypee Mansion,kaypee mansion,Reputed Developer / Co-op Housing Consortium,Mumbai,Bandra West (Pali Hill & Bandstand),IN,"Kaypee Mansion, 29th Road, Bandra West (Pali Hill & Bandstand), Mumbai 400050, Maharashtra, India",400050,Gated Residential Society,0,48,P51800081700,19.061853,72.831163,Trophy / Ultra-Prime,osm_maharera_cadastral_enriched,0.88
3405bd24-416a-4c17-865f-4c472e3379ac,Vintage Pearl,vintage pearl,Reputed Developer / Co-op Housing Consortium,Mumbai,Bandra West (Pali Hill & Bandstand),IN,"Vintage Pearl, 29th Road, Bandra West (Pali Hill & Bandstand), Mumbai 400050, Maharashtra, India",400050,Gated Residential Society,0,48,P51800087905,19.061783,72.831982,Trophy / Ultra-Prime,osm_maharera_cadastral_enriched,0.88
8fb451e8-8ca5-46cf-807d-98b19742dc77,Queen's Corner,queen s corner,Reputed Developer / Co-op Housing Consortium,Mumbai,Bandra West (Pali Hill & Bandstand),IN,"Queen's Corner, 16th Road, Bandra West (Pali Hill & Bandstand), Mumbai 400050, Maharashtra, India",400050,Gated Residential Society,0,48,P51800059966,19.061808,72.830892,Trophy / Ultra-Prime,osm_maharera_cadastral_enriched,0.88
afb42976-23f0-4b01-8b32-4de43b13c380,Duru Mehr,duru mehr,Reputed Developer / Co-op Housing Consortium,Mumbai,Bandra West (Pali Hill & Bandstand),IN,"Duru Mehr, St. Theresa's Road, Bandra West (Pali Hill & Bandstand), Mumbai 400050, Maharashtra, India",400050,Gated Residential Society,0,48,P51800092013,19.061893,72.832588,Trophy / Ultra-Prime,osm_maharera_cadastral_enriched,0.88
36b475df-f86a-4474-b3b2-617c9e203fab,Fortune Heritage,fortune heritage,Reputed Developer / Co-op Housing Consortium,Mumbai,Bandra West (Pali Hill & Bandstand),IN,"Fortune Heritage, Dr KS Hedgewar Road (30th Road), Bandra West (Pali Hill & Bandstand), Mumbai 400050, Maharashtra, India",400050,Gated Residential Society,0,48,P51800057288,19.062178,72.831684,Trophy / Ultra-Prime,osm_maharera_cadastral_enriched,0.88
da4d7c15-4423-4b6b-833b-a30b0fc03e54,Annville,annville,Reputed Developer / Co-op Housing Consortium,Mumbai,Bandra West (Pali Hill & Bandstand),IN,"Annville, Dr KS Hedgewar Road (30th Road), Bandra West (Pali Hill & Bandstand), Mumbai 400050, Maharashtra, India",400050,Gated Residential Society,0,48,P51800072685,19.06219,72.832297,Trophy / Ultra-Prime,osm_maharera_cadastral_enriched,0.88
1a38b483-8c58-4fce-8197-27bdce043cb4,Satnam,satnam,Reputed Developer / Co-op Housing Consortium,Mumbai,Bandra West (Pali Hill & Bandstand),IN,"Satnam, 29th Road, Bandra West (Pali Hill & Bandstand), Mumbai 400050, Maharashtra, India",400050,Gated Residential Society,0,48,P51800055399,19.061871,72.831356,Trophy / Ultra-Prime,osm_maharera_cadastral_enriched,0.88
a78746eb-f135-4f41-83ce-ca4c566dfb17,Elron Gardens,elron gardens,Reputed Developer / Co-op Housing Consortium,Mumbai,Bandra West (Pali Hill & Bandstand),IN,"Elron Gardens, Dr KS Hedgewar Road (30th Road), Bandra West (Pali Hill & Bandstand), Mumbai 400050, Maharashtra, India",400050,Gated Residential Society,0,48,P51800069201,19.062165,72.832041,Trophy / Ultra-Prime,osm_maharera_cadastral_enriched,0.88
fe015ea1-63de-468e-b8a9-3a79f6a39e74,Ruby,ruby,Reputed Developer / Co-op Housing Consortium,Mumbai,Bandra West (Pali Hill & Bandstand),IN,"Ruby, Bandra West (Pali Hill & Bandstand), Mumbai 400050, Maharashtra, India",400050,Gated Residential Society,0,48,P51800072365,19.061771,72.831774,Trophy / Ultra-Prime,osm_maharera_cadastral_enriched,0.88
6ad59683-35d3-4d91-9066-c11e6e4c25b7,Beach Haven II,beach haven ii,Reputed Developer / Co-op Housing Consortium,Mumbai,Juhu & Vile Parle West,IN,"Beach Haven II, Juhu & Vile Parle West, Mumbai 400049, Maharashtra, India",400049,Gated Residential Society,0,48,P51800020030,19.099003,72.827405,Trophy / Ultra-Prime,osm_maharera_cadastral_enriched,0.88
4eaa9cfd-a440-4005-8725-9fc551bc9a34,Sagarika,sagarika,Reputed Developer / Co-op Housing Consortium,Mumbai,Juhu & Vile Parle West,IN,"Sagarika, Juhu & Vile Parle West, Mumbai 400049, Maharashtra, India",400049,Gated Residential Society,0,48,P51800050834,19.099236,72.827828,Trophy / Ultra-Prime,osm_maharera_cadastral_enriched,0.88
95bc6d9d-6292-46d7-969b-b3db747e80d0,Juhu Princess,juhu princess,Reputed Developer / Co-op Housing Consortium,Mumbai,Juhu & Vile Parle West,IN,"Juhu Princess, Juhu & Vile Parle West, Mumbai 400049, Maharashtra, India",400049,Gated Residential Society,0,48,P51800084509,19.098907,72.827856,Trophy / Ultra-Prime,osm_maharera_cadastral_enriched,0.88
11be2540-13a2-485a-9f4d-44c3965a44f8,Rotunda,rotunda,Reputed Developer / Co-op Housing Consortium,Mumbai,Malabar Hill & Walkeshwar,IN,"Rotunda, Malabar Hill & Walkeshwar, Mumbai 400006, Maharashtra, India",400006,Gated Residential Society,0,48,P51900056283,18.955273,72.80545,Trophy / Ultra-Prime,osm_maharera_cadastral_enriched,0.88
787729b3-a99d-4519-b093-50ca9c138fc3,Suryodaya Co Op Housing Society,suryodaya co op housing society,Reputed Developer / Co-op Housing Consortium,Mumbai,Bandra West (Pali Hill & Bandstand),IN,"Suryodaya Co Op Housing Society, Bandra West (Pali Hill & Bandstand), Mumbai 400050, Maharashtra, India",400050,Gated Residential Society,0,48,P51800025060,19.060794,72.844076,Trophy / Ultra-Prime,osm_maharera_cadastral_enriched,0.88
b2380828-f119-4ba8-b9a2-6a8acbca2d22,Dushyant Villa,dushyant villa,Reputed Developer / Co-op Housing Consortium,Mumbai,Bandra West (Pali Hill & Bandstand),IN,"Dushyant Villa, Bandra West (Pali Hill & Bandstand), Mumbai 400050, Maharashtra, India",400050,Gated Residential Society,0,48,P51800083571,19.062034,72.833744,Trophy / Ultra-Prime,osm_maharera_cadastral_enriched,0.88
2f679879-3426-4568-8c6e-37acbdc77af3,Vimaldev Villa,vimaldev villa,Reputed Developer / Co-op Housing Consortium,Mumbai,Bandra West (Pali Hill & Bandstand),IN,"Vimaldev Villa, Dr KS Hedgewar Road (30th Road), Bandra West (Pali Hill & Bandstand), Mumbai 400050, Maharashtra, India",400050,Gated Residential Society,0,48,P51800094487,19.062032,72.833568,Trophy / Ultra-Prime,osm_maharera_cadastral_enriched,0.88
0800f120-b4a9-432b-b455-32e5de72187d,Nirvana,nirvana,Reputed Developer / Co-op Housing Consortium,Mumbai,Bandra West (Pali Hill & Bandstand),IN,"Nirvana, St. Theresa's Road, Bandra West (Pali Hill & Bandstand), Mumbai 400050, Maharashtra, India",400050,Gated Residential Society,0,48,P51800090367,19.062098,72.832992,Trophy / Ultra-Prime,osm_maharera_cadastral_enriched,0.88
65468518-2d85-4877-bea7-12c7f0097291,Next Avenue,next avenue,Reputed Developer / Co-op Housing Consortium,Mumbai,Bandra West (Pali Hill & Bandstand),IN,"Next Avenue, 29th Road, Bandra West (Pali Hill & Bandstand), Mumbai 400050, Maharashtra, India",400050,Gated Residential Society,0,48,P51800066894,19.061765,72.833284,Trophy / Ultra-Prime,osm_maharera_cadastral_enriched,0.88
25ef1394-27a0-4e89-8b85-11a71ff35252,Satguru Sharan,satguru sharan,Reputed Developer / Co-op Housing Consortium,Mumbai,Bandra West (Pali Hill & Bandstand),IN,"Satguru Sharan, St. Theresa's Road, Bandra West (Pali Hill & Bandstand), Mumbai 400050, Maharashtra, India",400050,Gated Residential Society,0,48,P51800042664,19.061762,72.832881,Trophy / Ultra-Prime,osm_maharera_cadastral_enriched,0.88
088eeaa6-ea9b-43ff-9286-9c4852c80a0a,Marian House,marian house,Reputed Developer / Co-op Housing Consortium,Mumbai,Bandra West (Pali Hill & Bandstand),IN,"Marian House, 29th Road, Bandra West (Pali Hill & Bandstand), Mumbai 400050, Maharashtra, India",400050,Gated Residential Society,0,48,P51800036112,19.061708,72.83387,Trophy / Ultra-Prime,osm_maharera_cadastral_enriched,0.88
4394a095-7052-4b9d-8035-fc0a813610ed,Belfer,belfer,Reputed Developer / Co-op Housing Consortium,Mumbai,Bandra West (Pali Hill & Bandstand),IN,"Belfer, RK Patkar Marg (Waterfield Road), Bandra West (Pali Hill & Bandstand), Mumbai 400050, Maharashtra, India",400050,Gated Residential Society,0,48,P51800012326,19.060342,72.834056,Trophy / Ultra-Prime,osm_maharera_cadastral_enriched,0.88
a14b0d0b-a601-4430-a319-d90caa2763a7,Water Queen,water queen,Reputed Developer / Co-op Housing Consortium,Mumbai,Bandra West (Pali Hill & Bandstand),IN,"Water Queen, Bandra West (Pali Hill & Bandstand), Mumbai 400050, Maharashtra, India",400050,Gated Residential Society,0,48,P51800023045,19.060126,72.834056,Trophy / Ultra-Prime,osm_maharera_cadastral_enriched,0.88
4a2700d2-58d4-41b0-a742-838fa5a8986f,Mansionz One,mansionz one,Reputed Developer / Co-op Housing Consortium,Mumbai,Bandra West (Pali Hill & Bandstand),IN,"Mansionz One, Bandra West (Pali Hill & Bandstand), Mumbai 400050, Maharashtra, India",400050,Gated Residential Society,0,48,P51800050798,19.061101,72.836578,Trophy / Ultra-Prime,osm_maharera_cadastral_enriched,0.88
aa329358-08e2-449b-a69a-1f2ab46090d2,Ratnadeep,ratnadeep,Reputed Developer / Co-op Housing Consortium,Mumbai,BKC & Bandra East,IN,"Ratnadeep, BKC & Bandra East, Mumbai 400051, Maharashtra, India",400051,Gated Residential Society,0,48,P51800061738,19.059085,72.848286,Trophy / Ultra-Prime,osm_maharera_cadastral_enriched,0.88
4a925f68-79a2-4541-aadf-78ebaf62c5f4,Arunodaya,arunodaya,Reputed Developer / Co-op Housing Consortium,Mumbai,BKC & Bandra East,IN,"Arunodaya, BKC & Bandra East, Mumbai 400051, Maharashtra, India",400051,Gated Residential Society,0,48,P51800063742,19.05938,72.848016,Trophy / Ultra-Prime,osm_maharera_cadastral_enriched,0.88
fd079d1f-7d5e-4b9e-bf54-2d72d667488e,Azzure,azzure,Reputed Developer / Co-op Housing Consortium,Mumbai,BKC & Bandra East,IN,"Azzure, BKC & Bandra East, Mumbai 400051, Maharashtra, India",400051,Gated Residential Society,0,48,P51800030846,19.05793,72.846017,Trophy / Ultra-Prime,osm_maharera_cadastral_enriched,0.88
1bb30a6e-f1ad-4982-b903-2ee12e3129d5,Monarch,monarch,Reputed Developer / Co-op Housing Consortium,Mumbai,BKC & Bandra East,IN,"Monarch, BKC & Bandra East, Mumbai 400051, Maharashtra, India",400051,Gated Residential Society,0,48,P51800030739,19.059051,72.847908,Trophy / Ultra-Prime,osm_maharera_cadastral_enriched,0.88
60265f63-5ac8-4f09-81f6-272475201623,Bandra Tarang,bandra tarang,Reputed Developer / Co-op Housing Consortium,Mumbai,BKC & Bandra East,IN,"Bandra Tarang, BKC & Bandra East, Mumbai 400051, Maharashtra, India",400051,Gated Residential Society,0,48,P51800077263,19.059373,72.847825,Trophy / Ultra-Prime,osm_maharera_cadastral_enriched,0.88
ecde780f-d66b-4183-ad17-905d9b6098cc,Bandra Rosewood,bandra rosewood,Reputed Developer / Co-op Housing Consortium,Mumbai,BKC & Bandra East,IN,"Bandra Rosewood, Road No 8, BKC & Bandra East, Mumbai 400051, Maharashtra, India",400051,Gated Residential Society,0,48,P51800065769,19.058898,72.848307,Trophy / Ultra-Prime,osm_maharera_cadastral_enriched,0.88
2b82b303-29fb-41c8-94c6-5edbf87c1813,Pipal,pipal,Reputed Developer / Co-op Housing Consortium,Mumbai,BKC & Bandra East,IN,"Pipal, BKC & Bandra East, Mumbai 400051, Maharashtra, India",400051,Gated Residential Society,0,48,P51800023082,19.058904,72.847933,Trophy / Ultra-Prime,osm_maharera_cadastral_enriched,0.88
ee6a1395-6120-427a-a081-bdf3b61c082d,Shreeji Urban,shreeji urban,Reputed Developer / Co-op Housing Consortium,Mumbai,BKC & Bandra East,IN,"Shreeji Urban, BKC & Bandra East, Mumbai 400051, Maharashtra, India",400051,Gated Residential Society,0,48,P51800093788,19.059479,72.848284,Trophy / Ultra-Prime,osm_maharera_cadastral_enriched,0.88
b8001c48-1203-4052-a7f7-5e0034f6880c,Princeton,princeton,Reputed Developer / Co-op Housing Consortium,Mumbai,Powai (Hiranandani Gardens),IN,"Princeton, Powai (Hiranandani Gardens), Mumbai 400076, Maharashtra, India",400076,Gated Residential Society,0,48,P51800063227,19.118226,72.913363,Trophy / Ultra-Prime,osm_maharera_cadastral_enriched,0.88
9f147f05-ab9e-4b37-be4d-48f060b86cb5,Gypsy,gypsy,Reputed Developer / Co-op Housing Consortium,Mumbai,Powai (Hiranandani Gardens),IN,"Gypsy, Powai (Hiranandani Gardens), Mumbai 400076, Maharashtra, India",400076,Gated Residential Society,0,48,P51800034971,19.118224,72.91382,Trophy / Ultra-Prime,osm_maharera_cadastral_enriched,0.88
c1913913-0d54-459f-9e76-e595da33e39e,Octavius,octavius,Reputed Developer / Co-op Housing Consortium,Mumbai,Powai (Hiranandani Gardens),IN,"Octavius, Powai (Hiranandani Gardens), Mumbai 400076, Maharashtra, India",400076,Gated Residential Society,0,48,P51800088410,19.114558,72.912841,Trophy / Ultra-Prime,osm_maharera_cadastral_enriched,0.88
47edc415-4604-4b40-9908-30aae608eeba,Raj Legacy 2,raj legacy 2,Reputed Developer / Co-op Housing Consortium,Mumbai,Powai (Hiranandani Gardens),IN,"Raj Legacy 2, Powai (Hiranandani Gardens), Mumbai 400076, Maharashtra, India",400076,Gated Residential Society,0,48,P51800082569,19.117147,72.927532,Trophy / Ultra-Prime,osm_maharera_cadastral_enriched,0.88
92d0517d-8445-4cac-be74-ac3ac45ee511,Sahyog CHS,sahyog chs,Reputed Developer / Co-op Housing Consortium,Mumbai,Powai (Hiranandani Gardens),IN,"Sahyog CHS, Powai (Hiranandani Gardens), Mumbai 400076, Maharashtra, India",400076,Gated Residential Society,0,48,P51800047316,19.110339,72.89615,Trophy / Ultra-Prime,osm_maharera_cadastral_enriched,0.88
b1d5fca2-8818-46ae-af82-b4cdac272624,Sai Sadan CHS,sai sadan chs,Reputed Developer / Co-op Housing Consortium,Mumbai,Powai (Hiranandani Gardens),IN,"Sai Sadan CHS, Powai (Hiranandani Gardens), Mumbai 400076, Maharashtra, India",400076,Gated Residential Society,0,48,P51800076287,19.110918,72.896671,Trophy / Ultra-Prime,osm_maharera_cadastral_enriched,0.88
8be246a6-15c2-4d5c-a9c3-df2a695aef9b,Safalya CHS,safalya chs,Reputed Developer / Co-op Housing Consortium,Mumbai,Powai (Hiranandani Gardens),IN,"Safalya CHS, Powai (Hiranandani Gardens), Mumbai 400076, Maharashtra, India",400076,Gated Residential Society,0,48,P51800082370,19.111836,72.896191,Trophy / Ultra-Prime,osm_maharera_cadastral_enriched,0.88
4887e155-dbd6-4b63-9d13-21ffad913f34,Giridarshan CHS,giridarshan chs,Reputed Developer / Co-op Housing Consortium,Mumbai,Powai (Hiranandani Gardens),IN,"Giridarshan CHS, Powai (Hiranandani Gardens), Mumbai 400076, Maharashtra, India",400076,Gated Residential Society,0,48,P51800053975,19.110471,72.896592,Trophy / Ultra-Prime,osm_maharera_cadastral_enriched,0.88
8b7aada1-81d8-491a-b5c0-ffa88172c5e4,lantana,lantana,Reputed Developer / Co-op Housing Consortium,Mumbai,Powai (Hiranandani Gardens),IN,"lantana, Powai (Hiranandani Gardens), Mumbai 400076, Maharashtra, India",400076,Gated Residential Society,0,48,P51800071274,19.111911,72.895718,Trophy / Ultra-Prime,osm_maharera_cadastral_enriched,0.88
ad965974-6e91-4e3a-8bb4-6fb6e1c650e7,Ram Darshan CHS,ram darshan chs,Reputed Developer / Co-op Housing Consortium,Mumbai,Powai (Hiranandani Gardens),IN,"Ram Darshan CHS, Powai (Hiranandani Gardens), Mumbai 400076, Maharashtra, India",400076,Gated Residential Society,0,48,P51800070529,19.111642,72.895703,Trophy / Ultra-Prime,osm_maharera_cadastral_enriched,0.88
45d34050-d7aa-4bc4-9422-4bade941e6f0,Yashomangal,yashomangal,Reputed Developer / Co-op Housing Consortium,Mumbai,BKC & Bandra East,IN,"Yashomangal, BKC & Bandra East, Mumbai 400051, Maharashtra, India",400051,Gated Residential Society,0,48,P51800061406,19.059506,72.847577,Trophy / Ultra-Prime,osm_maharera_cadastral_enriched,0.88
af8efd38-486c-40a3-bd0d-ee8fef0ed4cc,HP Officers Apartments,hp officers apartments,Reputed Developer / Co-op Housing Consortium,Mumbai,BKC & Bandra East,IN,"HP Officers Apartments, G.N. Block, BKC & Bandra East, Mumbai 400051, Maharashtra, India",400051,Gated Residential Society,0,48,P51800028921,19.065925,72.857767,Trophy / Ultra-Prime,osm_maharera_cadastral_enriched,0.88
e9894258-5403-4863-9727-97c345e41338,Glen Ridge,glen ridge,Reputed Developer / Co-op Housing Consortium,Mumbai,Powai (Hiranandani Gardens),IN,"Glen Ridge, Powai (Hiranandani Gardens), Mumbai 400076, Maharashtra, India",400076,Gated Residential Society,0,48,P51800088468,19.115849,72.91122,Trophy / Ultra-Prime,osm_maharera_cadastral_enriched,0.88
ef2cc882-6664-4c91-ba1e-79e21fcbef3c,Glen Croft,glen croft,Reputed Developer / Co-op Housing Consortium,Mumbai,Powai (Hiranandani Gardens),IN,"Glen Croft, Powai (Hiranandani Gardens), Mumbai 400076, Maharashtra, India",400076,Gated Residential Society,0,48,P51800059713,19.115668,72.910724,Trophy / Ultra-Prime,osm_maharera_cadastral_enriched,0.88
da830101-98ef-4a3d-9b0f-67b49d42f5a1,Avalon,avalon,Reputed Developer / Co-op Housing Consortium,Mumbai,Powai (Hiranandani Gardens),IN,"Avalon, Powai (Hiranandani Gardens), Mumbai 400076, Maharashtra, India",400076,Gated Residential Society,0,48,P51800097621,19.113465,72.909827,Trophy / Ultra-Prime,osm_maharera_cadastral_enriched,0.88
fb40a7d3-c0dd-4136-9f41-c0c04326cd48,Verona,verona,Reputed Developer / Co-op Housing Consortium,Mumbai,Powai (Hiranandani Gardens),IN,"Verona, Powai (Hiranandani Gardens), Mumbai 400076, Maharashtra, India",400076,Gated Residential Society,0,48,P51800079294,19.114027,72.909449,Trophy / Ultra-Prime,osm_maharera_cadastral_enriched,0.88
dde047af-518a-4f23-b9e0-478b20d7e7f8,Glen Heights,glen heights,Reputed Developer / Co-op Housing Consortium,Mumbai,Powai (Hiranandani Gardens),IN,"Glen Heights, Powai (Hiranandani Gardens), Mumbai 400076, Maharashtra, India",400076,Luxury High-Rise Tower,0,48,P51800044487,19.115116,72.909797,Trophy / Ultra-Prime,osm_maharera_cadastral_enriched,0.88
2bdb5ad9-3e36-4690-abcb-acf847f3d24f,Golden Oak,golden oak,Reputed Developer / Co-op Housing Consortium,Mumbai,Powai (Hiranandani Gardens),IN,"Golden Oak, Powai (Hiranandani Gardens), Mumbai 400076, Maharashtra, India",400076,Gated Residential Society,0,48,P51800047333,19.117932,72.910307,Trophy / Ultra-Prime,osm_maharera_cadastral_enriched,0.88
8612fd3f-9cd6-4fd2-83a9-2ddd782a556c,Torino,torino,Reputed Developer / Co-op Housing Consortium,Mumbai,Powai (Hiranandani Gardens),IN,"Torino, Powai (Hiranandani Gardens), Mumbai 400076, Maharashtra, India",400076,Gated Residential Society,0,48,P51800079508,19.113278,72.910725,Trophy / Ultra-Prime,osm_maharera_cadastral_enriched,0.88
9e0b11ff-5834-4d5f-89a5-f47c6a2290ea,Glen Gate,glen gate,Reputed Developer / Co-op Housing Consortium,Mumbai,Powai (Hiranandani Gardens),IN,"Glen Gate, Powai (Hiranandani Gardens), Mumbai 400076, Maharashtra, India",400076,Gated Residential Society,0,48,P51800098117,19.11493,72.90946,Trophy / Ultra-Prime,osm_maharera_cadastral_enriched,0.88
fe7c8726-0889-488e-bfe2-8e498bea0638,Glen Dale,glen dale,Reputed Developer / Co-op Housing Consortium,Mumbai,Powai (Hiranandani Gardens),IN,"Glen Dale, Powai (Hiranandani Gardens), Mumbai 400076, Maharashtra, India",400076,Gated Residential Society,0,48,P51800010277,19.115581,72.911725,Trophy / Ultra-Prime,osm_maharera_cadastral_enriched,0.88
10e0789b-ba17-42fc-9181-d0c453d97ba9,Atlanta,atlanta,Reputed Developer / Co-op Housing Consortium,Mumbai,Bandra West (Pali Hill & Bandstand),IN,"Atlanta, Bandra West (Pali Hill & Bandstand), Mumbai 400050, Maharashtra, India",400050,Gated Residential Society,0,48,P51800037740,19.074957,72.83992,Trophy / Ultra-Prime,osm_maharera_cadastral_enriched,0.88
7ab20e69-0b8b-445c-862c-395cc9a98b62,Alicia,alicia,Reputed Developer / Co-op Housing Consortium,Mumbai,Khar & Santacruz West,IN,"Alicia, Khar & Santacruz West, Mumbai 400052, Maharashtra, India",400052,Gated Residential Society,0,48,P51800070557,19.076007,72.839326,Trophy / Ultra-Prime,osm_maharera_cadastral_enriched,0.88
0fd4b0a4-24ad-4fe9-9b18-de72e1cca105,Odyssey,odyssey,Reputed Developer / Co-op Housing Consortium,Mumbai,Powai (Hiranandani Gardens),IN,"Odyssey, Powai (Hiranandani Gardens), Mumbai 400076, Maharashtra, India",400076,Gated Residential Society,0,48,P51800084700,19.12016,72.910109,Trophy / Ultra-Prime,osm_maharera_cadastral_enriched,0.88
4b6ceaa9-4310-45a9-add6-8ec48174bb01,Sovereign,sovereign,Reputed Developer / Co-op Housing Consortium,Mumbai,Powai (Hiranandani Gardens),IN,"Sovereign, Powai (Hiranandani Gardens), Mumbai 400076, Maharashtra, India",400076,Gated Residential Society,0,48,P51800078682,19.119906,72.91132,Trophy / Ultra-Prime,osm_maharera_cadastral_enriched,0.88
81197f0d-72dc-44b9-8748-9e20585e09c2,Florentine,florentine,Reputed Developer / Co-op Housing Consortium,Mumbai,Powai (Hiranandani Gardens),IN,"Florentine, Powai (Hiranandani Gardens), Mumbai 400076, Maharashtra, India",400076,Gated Residential Society,0,48,P51800075211,19.119659,72.910882,Trophy / Ultra-Prime,osm_maharera_cadastral_enriched,0.88
4c40294e-8822-4a0f-833e-f4fba51d135b,Valencia,valencia,Reputed Developer / Co-op Housing Consortium,Mumbai,Powai (Hiranandani Gardens),IN,"Valencia, Powai (Hiranandani Gardens), Mumbai 400076, Maharashtra, India",400076,Gated Residential Society,0,48,P51800073502,19.120123,72.912155,Trophy / Ultra-Prime,osm_maharera_cadastral_enriched,0.88
048805b2-52d3-47c4-bd6e-0bedd9465a4c,Jheel Darshan CHS,jheel darshan chs,Reputed Developer / Co-op Housing Consortium,Mumbai,Powai (Hiranandani Gardens),IN,"Jheel Darshan CHS, Adi Shankracharya Marg, opp. Lake, Rambaug, MHADA Colony 20, Powai, Powai (Hiranandani Gardens), Mumbai 400076, Maharashtra, India",400076,Gated Residential Society,0,48,P51800067835,19.119538,72.901111,Trophy / Ultra-Prime,osm_maharera_cadastral_enriched,0.88
f5f521b3-8995-46e9-8d7f-48c2c5717a3c,Everest Heights,everest heights,Reputed Developer / Co-op Housing Consortium,Mumbai,Powai (Hiranandani Gardens),IN,"Everest Heights, Lake Homes Private Road, Powai (Hiranandani Gardens), Mumbai 400076, Maharashtra, India",400076,Luxury High-Rise Tower,0,48,P51800063786,19.11739,72.901005,Trophy / Ultra-Prime,osm_maharera_cadastral_enriched,0.88
d8568395-b58a-47db-b8ea-e11b30ac1291,New Lake Palace CHS,new lake palace chs,Reputed Developer / Co-op Housing Consortium,Mumbai,Powai (Hiranandani Gardens),IN,"New Lake Palace CHS, Rambaug, near CCD, behind Custom Collony, MHADA Colony 20, Powai, Powai (Hiranandani Gardens), Mumbai 400076, Maharashtra, India",400076,Luxury High-Rise Tower,0,48,P51800091455,19.118529,72.901321,Trophy / Ultra-Prime,osm_maharera_cadastral_enriched,0.88
4b883420-9b24-4f89-bf19-bb7df63de137,Solitaire,solitaire,Reputed Developer / Co-op Housing Consortium,Mumbai,Powai (Hiranandani Gardens),IN,"Solitaire, Powai (Hiranandani Gardens), Mumbai 400076, Maharashtra, India",400076,Gated Residential Society,0,48,P51800040961,19.119597,72.909558,Trophy / Ultra-Prime,osm_maharera_cadastral_enriched,0.88
2990e4b1-339d-41e2-beac-3e93cb38f945,Nilgiri,nilgiri,Reputed Developer / Co-op Housing Consortium,Mumbai,Powai (Hiranandani Gardens),IN,"Nilgiri, Powai (Hiranandani Gardens), Mumbai 400076, Maharashtra, India",400076,Gated Residential Society,0,48,P51800017899,19.12911,72.916828,Trophy / Ultra-Prime,osm_maharera_cadastral_enriched,0.88
0a8e3254-2073-4d7d-a478-5b492c4dd4d9,Sagar Kiran,sagar kiran,Reputed Developer / Co-op Housing Consortium,Mumbai,Bandra West (Pali Hill & Bandstand),IN,"Sagar Kiran, Bandra West (Pali Hill & Bandstand), Mumbai 400050, Maharashtra, India",400050,Gated Residential Society,0,48,P51800050418,19.046391,72.826853,Trophy / Ultra-Prime,osm_maharera_cadastral_enriched,0.88
3e5a0ff3-ac7b-4b9b-93bc-1500e3fa478f,Agasti,agasti,Reputed Developer / Co-op Housing Consortium,Mumbai,Bandra West (Pali Hill & Bandstand),IN,"Agasti, Bandra West (Pali Hill & Bandstand), Mumbai 400050, Maharashtra, India",400050,Gated Residential Society,0,48,P51800050679,19.046068,72.826912,Trophy / Ultra-Prime,osm_maharera_cadastral_enriched,0.88
c9a23ea6-0228-436e-8964-35e491846bb9,Sunset,sunset,Reputed Developer / Co-op Housing Consortium,Mumbai,Powai (Hiranandani Gardens),IN,"Sunset, Powai (Hiranandani Gardens), Mumbai 400076, Maharashtra, India",400076,Gated Residential Society,0,48,P51800062795,19.118902,72.895154,Trophy / Ultra-Prime,osm_maharera_cadastral_enriched,0.88
bc8911b5-0ee1-4735-956e-fc8dc37728db,Blue Haven,blue haven,Reputed Developer / Co-op Housing Consortium,Mumbai,Powai (Hiranandani Gardens),IN,"Blue Haven, Raheja Vihar Circular Road, Chandivali, Powai (Hiranandani Gardens), Mumbai 400076, Maharashtra, India",400076,Gated Residential Society,0,48,P51800053671,19.117678,72.895847,Trophy / Ultra-Prime,osm_maharera_cadastral_enriched,0.88
0f81dfb3-9331-44b9-9c1d-6b3044d053ea,Sunrise,sunrise,Reputed Developer / Co-op Housing Consortium,Mumbai,Powai (Hiranandani Gardens),IN,"Sunrise, Raheja Vihar Circular Road, Chandivali, Powai (Hiranandani Gardens), Mumbai 400076, Maharashtra, India",400076,Gated Residential Society,0,48,P51800097801,19.120256,72.896788,Trophy / Ultra-Prime,osm_maharera_cadastral_enriched,0.88
f28099f6-bb11-499a-9b69-e53421f90eaf,Hillcrest,hillcrest,Reputed Developer / Co-op Housing Consortium,Mumbai,Powai (Hiranandani Gardens),IN,"Hillcrest, Raheja Vihar Circular Roadx Chandivali, Powai (Hiranandani Gardens), Mumbai 400076, Maharashtra, India",400076,Gated Residential Society,0,48,P51800027614,19.118196,72.89618,Trophy / Ultra-Prime,osm_maharera_cadastral_enriched,0.88
a4c1bc52-b440-43a4-8c48-4f6030c7dcb4,Lakeside,lakeside,Reputed Developer / Co-op Housing Consortium,Mumbai,Powai (Hiranandani Gardens),IN,"Lakeside, Raheja Vihar Circular Road, Chandivali, Powai (Hiranandani Gardens), Mumbai 400076, Maharashtra, India",400076,Gated Residential Society,0,48,P51800090098,19.119483,72.896573,Trophy / Ultra-Prime,osm_maharera_cadastral_enriched,0.88
228b5ad2-9def-4cb7-aad3-674024385776,Rainbow Apartments,rainbow apartments,Reputed Developer / Co-op Housing Consortium,Mumbai,Powai (Hiranandani Gardens),IN,"Rainbow Apartments, Raheja Vihar Circular Road, Chandivali, Powai (Hiranandani Gardens), Mumbai 400076, Maharashtra, India",400076,Gated Residential Society,0,48,P51800042018,19.120413,72.896265,Trophy / Ultra-Prime,osm_maharera_cadastral_enriched,0.88
8d603411-adf7-4612-b253-1a346d3814d8,Yashashree CHS,yashashree chs,Reputed Developer / Co-op Housing Consortium,Mumbai,BKC & Bandra East,IN,"Yashashree CHS, BKC & Bandra East, Mumbai 400051, Maharashtra, India",400051,Gated Residential Society,0,48,P51800046349,19.061735,72.853625,Trophy / Ultra-Prime,osm_maharera_cadastral_enriched,0.88
52f1d7f5-193b-4422-9bca-2fcf933fe055,Darus Salaam,darus salaam,Reputed Developer / Co-op Housing Consortium,Mumbai,Bandra West (Pali Hill & Bandstand),IN,"Darus Salaam, Bandra West (Pali Hill & Bandstand), Mumbai 400050, Maharashtra, India",400050,Gated Residential Society,0,48,P51800088822,19.045339,72.821746,Trophy / Ultra-Prime,osm_maharera_cadastral_enriched,0.88
0cf43284-20af-4507-8e2d-6a45acf9b029,Rustom Manzil,rustom manzil,Reputed Developer / Co-op Housing Consortium,Mumbai,Bandra West (Pali Hill & Bandstand),IN,"Rustom Manzil, Bandra West (Pali Hill & Bandstand), Mumbai 400050, Maharashtra, India",400050,Gated Residential Society,0,48,P51800087133,19.046207,72.825637,Trophy / Ultra-Prime,osm_maharera_cadastral_enriched,0.88
64c7cea7-be42-4019-b78f-3a0fdf3baa56,Shangri La,shangri la,Reputed Developer / Co-op Housing Consortium,Mumbai,Bandra West (Pali Hill & Bandstand),IN,"Shangri La, Bandra West (Pali Hill & Bandstand), Mumbai 400050, Maharashtra, India",400050,Gated Residential Society,0,48,P51800036290,19.04626,72.8254,Trophy / Ultra-Prime,osm_maharera_cadastral_enriched,0.88
e7bdea8f-932e-4a37-8775-d0d703b8e18b,Silver Streak,silver streak,Reputed Developer / Co-op Housing Consortium,Mumbai,Bandra West (Pali Hill & Bandstand),IN,"Silver Streak, Bandra West (Pali Hill & Bandstand), Mumbai 400050, Maharashtra, India",400050,Gated Residential Society,0,48,P51800033356,19.046951,72.8256,Trophy / Ultra-Prime,osm_maharera_cadastral_enriched,0.88
0a7c4c55-e189-47b4-94f9-29ffbe280d78,Raut Sadan,raut sadan,Reputed Developer / Co-op Housing Consortium,Mumbai,Bandra West (Pali Hill & Bandstand),IN,"Raut Sadan, Bandra West (Pali Hill & Bandstand), Mumbai 400050, Maharashtra, India",400050,Gated Residential Society,0,48,P51800028365,19.047074,72.825444,Trophy / Ultra-Prime,osm_maharera_cadastral_enriched,0.88
2a39c196-8312-4009-8c07-2a28459bd61e,MTNL Quarters,mtnl quarters,Reputed Developer / Co-op Housing Consortium,Mumbai,BKC & Bandra East,IN,"MTNL Quarters, BKC & Bandra East, Mumbai 400051, Maharashtra, India",400051,Gated Residential Society,0,48,P51800022387,19.066063,72.856449,Trophy / Ultra-Prime,osm_maharera_cadastral_enriched,0.88
1412b925-8d77-4819-805c-002acb9c922d,Mary Hill,mary hill,Reputed Developer / Co-op Housing Consortium,Mumbai,Bandra West (Pali Hill & Bandstand),IN,"Mary Hill, Bandra West (Pali Hill & Bandstand), Mumbai 400050, Maharashtra, India",400050,Gated Residential Society,0,48,P51800028537,19.046148,72.822023,Trophy / Ultra-Prime,osm_maharera_cadastral_enriched,0.88
e5eb3b07-ddb5-42f8-ad6f-6bc422868903,Monticello,monticello,Reputed Developer / Co-op Housing Consortium,Mumbai,Bandra West (Pali Hill & Bandstand),IN,"Monticello, Bandra West (Pali Hill & Bandstand), Mumbai 400050, Maharashtra, India",400050,Gated Residential Society,0,48,P51800040801,19.045507,72.820238,Trophy / Ultra-Prime,osm_maharera_cadastral_enriched,0.88
eeb79d42-7183-4a0b-bb46-e5ba5ae9ec58,Berket/Identity,berket identity,Reputed Developer / Co-op Housing Consortium,Mumbai,Bandra West (Pali Hill & Bandstand),IN,"Berket/Identity, Byramji Jeejeebhoy Road, Bandra West (Pali Hill & Bandstand), Mumbai 400050, Maharashtra, India",400050,Gated Residential Society,0,48,P51800095328,19.046153,72.819999,Trophy / Ultra-Prime,osm_maharera_cadastral_enriched,0.88
7aa9b04f-a535-49c8-a8e3-9e01825e1404,Sarkar Heritage,sarkar heritage,Reputed Developer / Co-op Housing Consortium,Mumbai,Bandra West (Pali Hill & Bandstand),IN,"Sarkar Heritage, Bandra West (Pali Hill & Bandstand), Mumbai 400050, Maharashtra, India",400050,Gated Residential Society,0,48,P51800030014,19.045678,72.819858,Trophy / Ultra-Prime,osm_maharera_cadastral_enriched,0.88
b97a9540-b3cc-4df8-9745-4cb0c55ef06f,Hill View,hill view,Reputed Developer / Co-op Housing Consortium,Mumbai,Malabar Hill & Walkeshwar,IN,"Hill View, Malabar Hill & Walkeshwar, Mumbai 400006, Maharashtra, India",400006,Gated Residential Society,0,48,P51900020942,18.952528,72.80271,Trophy / Ultra-Prime,osm_maharera_cadastral_enriched,0.88
ab22bde4-39ed-4d3d-81fe-2bca1e52f558,Eden 2,eden 2,Reputed Developer / Co-op Housing Consortium,Mumbai,Powai (Hiranandani Gardens),IN,"Eden 2, Powai (Hiranandani Gardens), Mumbai 400076, Maharashtra, India",400076,Gated Residential Society,0,48,P51800059472,19.115455,72.907155,Trophy / Ultra-Prime,osm_maharera_cadastral_enriched,0.88
eb80fc6e-176e-454e-bb9b-b791cc922767,Lotus,lotus,Reputed Developer / Co-op Housing Consortium,Mumbai,Powai (Hiranandani Gardens),IN,"Lotus, Powai (Hiranandani Gardens), Mumbai 400076, Maharashtra, India",400076,Gated Residential Society,0,48,P51800087689,19.114689,72.908192,Trophy / Ultra-Prime,osm_maharera_cadastral_enriched,0.88
0f1ffb2d-a072-4ac6-8e02-f2a8ebe0a570,Cypress,cypress,Reputed Developer / Co-op Housing Consortium,Mumbai,Powai (Hiranandani Gardens),IN,"Cypress, Powai (Hiranandani Gardens), Mumbai 400076, Maharashtra, India",400076,Gated Residential Society,0,48,P51800036942,19.115193,72.908144,Trophy / Ultra-Prime,osm_maharera_cadastral_enriched,0.88
bd225568-d63d-4e18-8a9d-a5ccee7d1db4,Canna,canna,Reputed Developer / Co-op Housing Consortium,Mumbai,Powai (Hiranandani Gardens),IN,"Canna, Powai (Hiranandani Gardens), Mumbai 400076, Maharashtra, India",400076,Gated Residential Society,0,48,P51800064369,19.114631,72.907384,Trophy / Ultra-Prime,osm_maharera_cadastral_enriched,0.88
72cb0cff-76b5-4a33-88ac-7b6fe5f178f7,Eden 1,eden 1,Reputed Developer / Co-op Housing Consortium,Mumbai,Powai (Hiranandani Gardens),IN,"Eden 1, Powai (Hiranandani Gardens), Mumbai 400076, Maharashtra, India",400076,Gated Residential Society,0,48,P51800071521,19.115756,72.907847,Trophy / Ultra-Prime,osm_maharera_cadastral_enriched,0.88
2894c342-84ca-46c8-94fe-f69b313742c6,Richmond Tower,richmond tower,Reputed Developer / Co-op Housing Consortium,Mumbai,Powai (Hiranandani Gardens),IN,"Richmond Tower, Powai (Hiranandani Gardens), Mumbai 400076, Maharashtra, India",400076,Luxury High-Rise Tower,0,48,P51800079860,19.114005,72.906353,Trophy / Ultra-Prime,osm_maharera_cadastral_enriched,0.88
1b7a4fa4-1894-4729-a91f-adba0405ea33,Kailash Tower,kailash tower,Reputed Developer / Co-op Housing Consortium,Mumbai,Powai (Hiranandani Gardens),IN,"Kailash Tower, Powai (Hiranandani Gardens), Mumbai 400076, Maharashtra, India",400076,Luxury High-Rise Tower,0,48,P51800064655,19.114325,72.903537,Trophy / Ultra-Prime,osm_maharera_cadastral_enriched,0.88
5b945650-b9a5-4b2f-b175-cb2e7c9f9542,E Block,e block,Reputed Developer / Co-op Housing Consortium,Mumbai,Cumballa Hill & Breach Candy,IN,"E Block, Pedder Road, Cumballa Hill & Breach Candy, Mumbai 400026, Maharashtra, India",400026,Gated Residential Society,0,48,P51900024221,18.972974,72.809536,Trophy / Ultra-Prime,osm_maharera_cadastral_enriched,0.88
d3429e3e-206f-4017-b25f-5cee889c883c,White House,white house,Reputed Developer / Co-op Housing Consortium,Mumbai,Cumballa Hill & Breach Candy,IN,"White House, Cumballa Hill & Breach Candy, Mumbai 400026, Maharashtra, India",400026,Gated Residential Society,0,48,P51900072837,18.974994,72.807655,Trophy / Ultra-Prime,osm_maharera_cadastral_enriched,0.88
6fa870d8-884e-463c-83a9-0477a889ee5b,Sneha Sadan,sneha sadan,Reputed Developer / Co-op Housing Consortium,Mumbai,Cumballa Hill & Breach Candy,IN,"Sneha Sadan, Navroji Gamadia Road, Cumballa Hill & Breach Candy, Mumbai 400026, Maharashtra, India",400026,Gated Residential Society,0,48,P51900010093,18.974771,72.807543,Trophy / Ultra-Prime,osm_maharera_cadastral_enriched,0.88
83a5d0b7-c6c2-4f19-9952-7b7cbbd44ee2,Diocesan Pastoral Centre,diocesan pastoral centre,Reputed Developer / Co-op Housing Consortium,Mumbai,Bandra West (Pali Hill & Bandstand),IN,"Diocesan Pastoral Centre, Bandra West (Pali Hill & Bandstand), Mumbai 400050, Maharashtra, India",400050,Gated Residential Society,0,48,P51800072113,19.046222,72.821642,Trophy / Ultra-Prime,osm_maharera_cadastral_enriched,0.88
f61d91b4-10e9-4663-be28-a821121bfa4f,Hill Niketan,hill niketan,Reputed Developer / Co-op Housing Consortium,Mumbai,Bandra West (Pali Hill & Bandstand),IN,"Hill Niketan, Mount Mary Road, Bandra West (Pali Hill & Bandstand), Mumbai 400050, Maharashtra, India",400050,Gated Residential Society,0,48,P51800089808,19.047301,72.822525,Trophy / Ultra-Prime,osm_maharera_cadastral_enriched,0.88
186e5794-e8f6-498c-9fca-29cb95992d4c,Bandstand Apartments,bandstand apartments,Reputed Developer / Co-op Housing Consortium,Mumbai,Bandra West (Pali Hill & Bandstand),IN,"Bandstand Apartments, Byramji Jeejeebhoy Road, Bandra West (Pali Hill & Bandstand), Mumbai 400050, Maharashtra, India",400050,Gated Residential Society,0,48,P51800063503,19.047426,72.820137,Trophy / Ultra-Prime,osm_maharera_cadastral_enriched,0.88
de91950e-3dea-46ac-9e74-e4ebf3deca90,Lake Front Solitaire,lake front solitaire,Reputed Developer / Co-op Housing Consortium,Mumbai,Powai (Hiranandani Gardens),IN,"Lake Front Solitaire, Powai (Hiranandani Gardens), Mumbai 400076, Maharashtra, India",400076,Gated Residential Society,0,48,P51800083954,19.119277,72.905567,Trophy / Ultra-Prime,osm_maharera_cadastral_enriched,0.88
a2d6dfaf-3b5f-410c-a222-4751e794220d,Tushar,tushar,Reputed Developer / Co-op Housing Consortium,Mumbai,Marine Drive & Nariman Point,IN,"Tushar, Marine Drive & Nariman Point, Mumbai 400020, Maharashtra, India",400020,Gated Residential Society,0,48,P51900047595,18.934357,72.826442,Trophy / Ultra-Prime,osm_maharera_cadastral_enriched,0.88
849d26c9-8c61-49b9-8fe3-49daae83e327,Rajesh Mansion,rajesh mansion,Reputed Developer / Co-op Housing Consortium,Mumbai,Marine Drive & Nariman Point,IN,"Rajesh Mansion, Marine Drive & Nariman Point, Mumbai 400020, Maharashtra, India",400020,Gated Residential Society,0,48,P51900019366,18.929892,72.827956,Trophy / Ultra-Prime,osm_maharera_cadastral_enriched,0.88
e6df8592-3f30-4fa7-b736-9e0c1a760d53,Shalaka Building,shalaka building,Reputed Developer / Co-op Housing Consortium,Mumbai,Marine Drive & Nariman Point,IN,"Shalaka Building, Marine Drive & Nariman Point, Mumbai 400020, Maharashtra, India",400020,Gated Residential Society,0,48,P51900040112,18.924322,72.827695,Trophy / Ultra-Prime,osm_maharera_cadastral_enriched,0.88
c3da673a-646c-4635-9310-7f4c8e53f62e,Meghdoot,meghdoot,Reputed Developer / Co-op Housing Consortium,Mumbai,Marine Drive & Nariman Point,IN,"Meghdoot, Marine Drive & Nariman Point, Mumbai 400020, Maharashtra, India",400020,Gated Residential Society,0,48,P51900029084,18.943582,72.82347,Trophy / Ultra-Prime,osm_maharera_cadastral_enriched,0.88
4d9b0ffb-cd87-4cc7-ba9c-31618255e4f4,Shanti Niketan,shanti niketan,Reputed Developer / Co-op Housing Consortium,Mumbai,Marine Drive & Nariman Point,IN,"Shanti Niketan, Marine Drive & Nariman Point, Mumbai 400020, Maharashtra, India",400020,Gated Residential Society,0,48,P51900051760,18.943256,72.823595,Trophy / Ultra-Prime,osm_maharera_cadastral_enriched,0.88
aab608f9-61a9-402e-befe-d7564f17b837,Shriniketan Apartments,shriniketan apartments,Reputed Developer / Co-op Housing Consortium,Mumbai,Marine Drive & Nariman Point,IN,"Shriniketan Apartments, Marine Drive & Nariman Point, Mumbai 400020, Maharashtra, India",400020,Gated Residential Society,0,48,P51900096364,18.936203,72.828033,Trophy / Ultra-Prime,osm_maharera_cadastral_enriched,0.88
c3f851f3-4981-4b09-91a6-1e913bad36c6,Rajjab Mahal,rajjab mahal,Reputed Developer / Co-op Housing Consortium,Mumbai,Marine Drive & Nariman Point,IN,"Rajjab Mahal, Marine Drive & Nariman Point, Mumbai 400020, Maharashtra, India",400020,Gated Residential Society,0,48,P51900065699,18.929032,72.827905,Trophy / Ultra-Prime,osm_maharera_cadastral_enriched,0.88
a3262ce6-1d9d-45c2-84f3-44581d31a4a5,Shiv Shanti Bhuvan,shiv shanti bhuvan,Reputed Developer / Co-op Housing Consortium,Mumbai,Marine Drive & Nariman Point,IN,"Shiv Shanti Bhuvan, Marine Drive & Nariman Point, Mumbai 400020, Maharashtra, India",400020,Gated Residential Society,0,48,P51900048351,18.928745,72.82789,Trophy / Ultra-Prime,osm_maharera_cadastral_enriched,0.88
b578663f-962e-458e-8a3d-f4d30720ad3f,Chateau Windsor Hotel,chateau windsor hotel,Reputed Developer / Co-op Housing Consortium,Mumbai,Marine Drive & Nariman Point,IN,"Chateau Windsor Hotel, Marine Drive & Nariman Point, Mumbai 400020, Maharashtra, India",400020,Gated Residential Society,0,48,P51900045298,18.933723,72.825177,Trophy / Ultra-Prime,osm_maharera_cadastral_enriched,0.88
b2e2f7db-de24-46f5-adfb-671aca6a7ceb,Jay Mahal,jay mahal,Reputed Developer / Co-op Housing Consortium,Mumbai,Marine Drive & Nariman Point,IN,"Jay Mahal, Marine Drive & Nariman Point, Mumbai 400020, Maharashtra, India",400020,Gated Residential Society,0,48,P51900098645,18.933955,72.825977,Trophy / Ultra-Prime,osm_maharera_cadastral_enriched,0.88
b0cb9722-af8c-44f8-b3ac-b4662fb008fb,Pushp Kunj,pushp kunj,Reputed Developer / Co-op Housing Consortium,Mumbai,Marine Drive & Nariman Point,IN,"Pushp Kunj, Marine Drive & Nariman Point, Mumbai 400020, Maharashtra, India",400020,Gated Residential Society,0,48,P51900092441,18.933905,72.826351,Trophy / Ultra-Prime,osm_maharera_cadastral_enriched,0.88
12e77e36-f92c-4aaa-b2c2-543c986be1a3,Maison Belvedere,maison belvedere,Reputed Developer / Co-op Housing Consortium,Mumbai,Marine Drive & Nariman Point,IN,"Maison Belvedere, Marine Drive & Nariman Point, Mumbai 400020, Maharashtra, India",400020,Gated Residential Society,0,48,P51900038992,18.937798,72.827615,Trophy / Ultra-Prime,osm_maharera_cadastral_enriched,0.88
e38083f4-1575-4f4d-a344-6557c494de50,Pil Court,pil court,Reputed Developer / Co-op Housing Consortium,Mumbai,Marine Drive & Nariman Point,IN,"Pil Court, Marine Drive & Nariman Point, Mumbai 400020, Maharashtra, India",400020,Gated Residential Society,0,48,P51900078995,18.936992,72.82764,Trophy / Ultra-Prime,osm_maharera_cadastral_enriched,0.88
a6aad688-0f1c-461b-8531-ee72a14dacd5,MVM Banquets,mvm banquets,Reputed Developer / Co-op Housing Consortium,Mumbai,Marine Drive & Nariman Point,IN,"MVM Banquets, Marine Drive & Nariman Point, Mumbai 400020, Maharashtra, India",400020,Gated Residential Society,0,48,P51900086307,18.923106,72.827155,Trophy / Ultra-Prime,osm_maharera_cadastral_enriched,0.88
af8650f1-45ff-4b26-a6b7-6a1cef4f1c28,Maskati Court,maskati court,Reputed Developer / Co-op Housing Consortium,Mumbai,Marine Drive & Nariman Point,IN,"Maskati Court, Marine Drive & Nariman Point, Mumbai 400020, Maharashtra, India",400020,Gated Residential Society,0,48,P51900022435,18.936646,72.827652,Trophy / Ultra-Prime,osm_maharera_cadastral_enriched,0.88
2d5a2e20-8829-47e8-a336-2ac75088dd2e,Parijat,parijat,Reputed Developer / Co-op Housing Consortium,Mumbai,Marine Drive & Nariman Point,IN,"Parijat, Marine Drive & Nariman Point, Mumbai 400020, Maharashtra, India",400020,Gated Residential Society,0,48,P51900035406,18.942962,72.823699,Trophy / Ultra-Prime,osm_maharera_cadastral_enriched,0.88
bb55ec55-0cfc-4fbc-8e2c-5e84c921908a,Bharat Mahal,bharat mahal,Reputed Developer / Co-op Housing Consortium,Mumbai,Marine Drive & Nariman Point,IN,"Bharat Mahal, Marine Drive & Nariman Point, Mumbai 400020, Maharashtra, India",400020,Gated Residential Society,0,48,P51900079408,18.941858,72.824045,Trophy / Ultra-Prime,osm_maharera_cadastral_enriched,0.88
91524dbd-a6c2-4881-a39a-e02b61df567d,Shyam Sadan,shyam sadan,Reputed Developer / Co-op Housing Consortium,Mumbai,Marine Drive & Nariman Point,IN,"Shyam Sadan, Marine Drive & Nariman Point, Mumbai 400020, Maharashtra, India",400020,Gated Residential Society,0,48,P51900025551,18.94196,72.824509,Trophy / Ultra-Prime,osm_maharera_cadastral_enriched,0.88
2172618a-7fc0-4941-9fb7-f2ce87c8a854,Buena Vista CHS,buena vista chs,Reputed Developer / Co-op Housing Consortium,Mumbai,Marine Drive & Nariman Point,IN,"Buena Vista CHS, Marine Drive & Nariman Point, Mumbai 400020, Maharashtra, India",400020,Gated Residential Society,0,48,P51900095542,18.924288,72.827252,Trophy / Ultra-Prime,osm_maharera_cadastral_enriched,0.88
828b54ff-0172-49c0-8670-e0d08137848a,Shiv Sadan,shiv sadan,Reputed Developer / Co-op Housing Consortium,Mumbai,Marine Drive & Nariman Point,IN,"Shiv Sadan, Marine Drive & Nariman Point, Mumbai 400020, Maharashtra, India",400020,Gated Residential Society,0,48,P51900089132,18.935834,72.824447,Trophy / Ultra-Prime,osm_maharera_cadastral_enriched,0.88
262704d0-b550-4602-9829-42308900afe0,Chateau Marine,chateau marine,Reputed Developer / Co-op Housing Consortium,Mumbai,Marine Drive & Nariman Point,IN,"Chateau Marine, Marine Drive & Nariman Point, Mumbai 400020, Maharashtra, India",400020,Gated Residential Society,0,48,P51900096012,18.935517,72.824419,Trophy / Ultra-Prime,osm_maharera_cadastral_enriched,0.88
7138f4c8-f7fd-4278-a612-810784037c06,Churchgate Mansion,churchgate mansion,Reputed Developer / Co-op Housing Consortium,Mumbai,Marine Drive & Nariman Point,IN,"Churchgate Mansion, Marine Drive & Nariman Point, Mumbai 400020, Maharashtra, India",400020,Gated Residential Society,0,48,P51900096581,18.933861,72.826688,Trophy / Ultra-Prime,osm_maharera_cadastral_enriched,0.88
d2fc30c2-9662-4c78-ab30-53e0ac0fe15c,Norman Firdaus,norman firdaus,Reputed Developer / Co-op Housing Consortium,Mumbai,Marine Drive & Nariman Point,IN,"Norman Firdaus, Marine Drive & Nariman Point, Mumbai 400020, Maharashtra, India",400020,Gated Residential Society,0,48,P51900085502,18.936703,72.824542,Trophy / Ultra-Prime,osm_maharera_cadastral_enriched,0.88
9d57bb60-84c0-4394-9d51-c6680b9ed466,Parekh Mahal,parekh mahal,Reputed Developer / Co-op Housing Consortium,Mumbai,Marine Drive & Nariman Point,IN,"Parekh Mahal, Marine Drive & Nariman Point, Mumbai 400020, Maharashtra, India",400020,Gated Residential Society,0,48,P51900037291,18.933561,72.8263,Trophy / Ultra-Prime,osm_maharera_cadastral_enriched,0.88
fc9c7512-151e-4706-9be6-bbddd2f391e6,Roxana,roxana,Reputed Developer / Co-op Housing Consortium,Mumbai,Marine Drive & Nariman Point,IN,"Roxana, Marine Drive & Nariman Point, Mumbai 400020, Maharashtra, India",400020,Gated Residential Society,0,48,P51900080343,18.937488,72.827637,Trophy / Ultra-Prime,osm_maharera_cadastral_enriched,0.88
345f035d-3a06-491d-92df-98613ea5f55c,Empress Court,empress court,Reputed Developer / Co-op Housing Consortium,Mumbai,Marine Drive & Nariman Point,IN,"Empress Court, Marine Drive & Nariman Point, Mumbai 400020, Maharashtra, India",400020,Gated Residential Society,0,48,P51900099282,18.929366,72.827915,Trophy / Ultra-Prime,osm_maharera_cadastral_enriched,0.88
ae38ecca-21ec-426e-8756-28d8da86fe1f,Suruchi,suruchi,Reputed Developer / Co-op Housing Consortium,Mumbai,Marine Drive & Nariman Point,IN,"Suruchi, Marine Drive & Nariman Point, Mumbai 400020, Maharashtra, India",400020,Gated Residential Society,0,48,P51900086450,18.925558,72.826566,Trophy / Ultra-Prime,osm_maharera_cadastral_enriched,0.88
85f5e6b4-e9de-4874-abe7-df6a1eb933ca,Sagar,sagar,Reputed Developer / Co-op Housing Consortium,Mumbai,Marine Drive & Nariman Point,IN,"Sagar, Marine Drive & Nariman Point, Mumbai 400020, Maharashtra, India",400020,Gated Residential Society,0,48,P51900064964,18.934684,72.826507,Trophy / Ultra-Prime,osm_maharera_cadastral_enriched,0.88
a1c41f35-b1f6-42c1-b17f-1437f8ed134e,Charleville,charleville,Reputed Developer / Co-op Housing Consortium,Mumbai,Marine Drive & Nariman Point,IN,"Charleville, Marine Drive & Nariman Point, Mumbai 400020, Maharashtra, India",400020,Gated Residential Society,0,48,P51900054151,18.934407,72.82604,Trophy / Ultra-Prime,osm_maharera_cadastral_enriched,0.88
87d83f7d-24d9-4ecd-8c1a-353189bcc04c,Somerset,somerset,Reputed Developer / Co-op Housing Consortium,Mumbai,Powai (Hiranandani Gardens),IN,"Somerset, Powai (Hiranandani Gardens), Mumbai 400076, Maharashtra, India",400076,Gated Residential Society,0,48,P51800070851,19.11742,72.910328,Trophy / Ultra-Prime,osm_maharera_cadastral_enriched,0.88
feaa159e-187a-40ca-8e1d-bcf19f35f802,Eden 4,eden 4,Reputed Developer / Co-op Housing Consortium,Mumbai,Powai (Hiranandani Gardens),IN,"Eden 4, Powai (Hiranandani Gardens), Mumbai 400076, Maharashtra, India",400076,Gated Residential Society,0,48,P51800094145,19.116111,72.906764,Trophy / Ultra-Prime,osm_maharera_cadastral_enriched,0.88
a832b305-6e14-4a18-a690-d38e9ee7e32e,Neha,neha,Reputed Developer / Co-op Housing Consortium,Mumbai,Juhu & Vile Parle West,IN,"Neha, Juhu & Vile Parle West, Mumbai 400049, Maharashtra, India",400049,Gated Residential Society,0,48,P51800084328,19.093538,72.82793,Trophy / Ultra-Prime,osm_maharera_cadastral_enriched,0.88
785e6f90-83fb-4cc6-983c-15e9811fb3aa,Sea Sparkle,sea sparkle,Reputed Developer / Co-op Housing Consortium,Mumbai,Khar & Santacruz West,IN,"Sea Sparkle, Khar & Santacruz West, Mumbai 400052, Maharashtra, India",400052,Luxury High-Rise Tower,0,48,P51800060121,19.089341,72.827259,Trophy / Ultra-Prime,osm_maharera_cadastral_enriched,0.88
fec4aebf-fb87-4912-8dc0-9ea3ecd5fb31,Heritage,heritage,Reputed Developer / Co-op Housing Consortium,Mumbai,Powai (Hiranandani Gardens),IN,"Heritage, Powai (Hiranandani Gardens), Mumbai 400076, Maharashtra, India",400076,Gated Residential Society,0,48,P51800062548,19.115056,72.912373,Trophy / Ultra-Prime,osm_maharera_cadastral_enriched,0.88
7f03aaed-9afe-4d4d-9d80-941c22130e47,Adonia,adonia,Reputed Developer / Co-op Housing Consortium,Mumbai,Powai (Hiranandani Gardens),IN,"Adonia, Powai (Hiranandani Gardens), Mumbai 400076, Maharashtra, India",400076,Gated Residential Society,0,48,P51800093624,19.11349,72.911563,Trophy / Ultra-Prime,osm_maharera_cadastral_enriched,0.88
71cd89b9-05b0-442e-93de-0052bfbfbb6c,Bhagwati Society,bhagwati society,Reputed Developer / Co-op Housing Consortium,Mumbai,Khar & Santacruz West,IN,"Bhagwati Society, Khar & Santacruz West, Mumbai 400052, Maharashtra, India",400052,Gated Residential Society,0,48,P51800015764,19.088538,72.833691,Trophy / Ultra-Prime,osm_maharera_cadastral_enriched,0.88
0698d7fc-9b3f-4ff7-b84b-d5685b02a85c,Prayushi,prayushi,Reputed Developer / Co-op Housing Consortium,Mumbai,Khar & Santacruz West,IN,"Prayushi, Khar & Santacruz West, Mumbai 400052, Maharashtra, India",400052,Gated Residential Society,0,48,P51800050182,19.08318,72.837304,Trophy / Ultra-Prime,osm_maharera_cadastral_enriched,0.88
7283fd90-bdba-4ac4-8fe3-dff665dd204b,Snehkunj Society,snehkunj society,Reputed Developer / Co-op Housing Consortium,Mumbai,Khar & Santacruz West,IN,"Snehkunj Society, Khar & Santacruz West, Mumbai 400052, Maharashtra, India",400052,Gated Residential Society,0,48,P51800033562,19.087922,72.834092,Trophy / Ultra-Prime,osm_maharera_cadastral_enriched,0.88
0d100f3f-0b1f-44bf-b725-61c6b0e161e4,Manek,manek,Reputed Developer / Co-op Housing Consortium,Mumbai,Khar & Santacruz West,IN,"Manek, Khar & Santacruz West, Mumbai 400052, Maharashtra, India",400052,Gated Residential Society,0,48,P51800030497,19.083736,72.837702,Trophy / Ultra-Prime,osm_maharera_cadastral_enriched,0.88
465a2d35-3319-4671-b5b9-0b57d23d22c5,Sangam Building,sangam building,Reputed Developer / Co-op Housing Consortium,Mumbai,Colaba & Cuffe Parade,IN,"Sangam Building, Colaba & Cuffe Parade, Mumbai 400005, Maharashtra, India",400005,Gated Residential Society,0,48,P51900084103,18.910623,72.82535,Trophy / Ultra-Prime,osm_maharera_cadastral_enriched,0.88
cf6ab3ac-23a4-4691-a94d-8f81f01c562d,Wilson House Apartments,wilson house apartments,Reputed Developer / Co-op Housing Consortium,Mumbai,Colaba & Cuffe Parade,IN,"Wilson House Apartments, Colaba & Cuffe Parade, Mumbai 400005, Maharashtra, India",400005,Gated Residential Society,0,48,P51900062092,18.91098,72.825015,Trophy / Ultra-Prime,osm_maharera_cadastral_enriched,0.88
9af37689-e2ce-4632-943c-9a09f8d07e77,Sagar Sangeet,sagar sangeet,Reputed Developer / Co-op Housing Consortium,Mumbai,Colaba & Cuffe Parade,IN,"Sagar Sangeet, Nanabhai Moos Marg (Upper Colaba Road), Colaba & Cuffe Parade, Mumbai 400005, Maharashtra, India",400005,Gated Residential Society,0,48,P51900076403,18.911432,72.822691,Trophy / Ultra-Prime,osm_maharera_cadastral_enriched,0.88
aa788b1c-4582-41b4-8232-f9a7806c7697,Mangal Apartment,mangal apartment,Reputed Developer / Co-op Housing Consortium,Mumbai,BKC & Bandra East,IN,"Mangal Apartment, BKC & Bandra East, Mumbai 400051, Maharashtra, India",400051,Gated Residential Society,0,48,P51800084035,19.07987,72.864981,Trophy / Ultra-Prime,osm_maharera_cadastral_enriched,0.88
042e6d08-f5ef-4e90-822d-d86bb2d5b876,Bakhtavar,bakhtavar,Reputed Developer / Co-op Housing Consortium,Mumbai,Colaba & Cuffe Parade,IN,"Bakhtavar, Shahid Bhagat Singh Road,Azad Nagar, Cuffe Parade, Colaba & Cuffe Parade, Mumbai 400005, Maharashtra, India",400005,Gated Residential Society,0,48,P51900060936,18.91087,72.82188,Trophy / Ultra-Prime,osm_maharera_cadastral_enriched,0.88
5cdfcbc9-970a-48c9-944c-e154c209c888,Amalfi,amalfi,Reputed Developer / Co-op Housing Consortium,Mumbai,Malabar Hill & Walkeshwar,IN,"Amalfi, L D Ruparel Marg, Malabar Hill & Walkeshwar, Mumbai 400006, Maharashtra, India",400006,Gated Residential Society,0,48,P51900019912,18.953998,72.802475,Trophy / Ultra-Prime,osm_maharera_cadastral_enriched,0.88
bd26578f-cdf6-45d9-809d-45d208159dca,Skylark,skylark,Reputed Developer / Co-op Housing Consortium,Mumbai,Malabar Hill & Walkeshwar,IN,"Skylark, Malabar Hill & Walkeshwar, Mumbai 400006, Maharashtra, India",400006,Gated Residential Society,0,48,P51900072578,18.955426,72.801746,Trophy / Ultra-Prime,osm_maharera_cadastral_enriched,0.88
87ef49ac-e6a4-49fb-82c4-6ad8de1aa8a6,Malabar Court,malabar court,Reputed Developer / Co-op Housing Consortium,Mumbai,Malabar Hill & Walkeshwar,IN,"Malabar Court, B G Kher Marg (Ridge Road), Malabar Hill & Walkeshwar, Mumbai 400006, Maharashtra, India",400006,Gated Residential Society,0,48,P51900091750,18.953699,72.802881,Trophy / Ultra-Prime,osm_maharera_cadastral_enriched,0.88
8d50e427-fd24-4a90-9160-dfc4c5075650,Paras,paras,Reputed Developer / Co-op Housing Consortium,Mumbai,Malabar Hill & Walkeshwar,IN,"Paras, Ruparel Cross Lane, Malabar Hill & Walkeshwar, Mumbai 400006, Maharashtra, India",400006,Gated Residential Society,0,48,P51900020232,18.955561,72.802251,Trophy / Ultra-Prime,osm_maharera_cadastral_enriched,0.88
4f920427-9da6-412a-9559-bf02baf0d502,Ratnam Apartments,ratnam apartments,Reputed Developer / Co-op Housing Consortium,Mumbai,Malabar Hill & Walkeshwar,IN,"Ratnam Apartments, L D Ruparel Cross Marg, Malabar Hill & Walkeshwar, Mumbai 400006, Maharashtra, India",400006,Gated Residential Society,0,48,P51900042344,18.954807,72.802604,Trophy / Ultra-Prime,osm_maharera_cadastral_enriched,0.88
c9a355a4-1dc8-4f4e-b850-ec4b9ec30de7,Haveli,haveli,Reputed Developer / Co-op Housing Consortium,Mumbai,Malabar Hill & Walkeshwar,IN,"Haveli, Malabar Hill & Walkeshwar, Mumbai 400006, Maharashtra, India",400006,Gated Residential Society,0,48,P51900043455,18.955134,72.80154,Trophy / Ultra-Prime,osm_maharera_cadastral_enriched,0.88
6b24390a-11bd-4e7c-89f5-ffbce7b111ed,Bala Sadan,bala sadan,Reputed Developer / Co-op Housing Consortium,Mumbai,Khar & Santacruz West,IN,"Bala Sadan, Khar & Santacruz West, Mumbai 400052, Maharashtra, India",400052,Gated Residential Society,0,48,P51800035172,19.079782,72.833476,Trophy / Ultra-Prime,osm_maharera_cadastral_enriched,0.88
98630f9a-98c0-4769-a848-5b76ad6dce1b,Alka,alka,Reputed Developer / Co-op Housing Consortium,Mumbai,Khar & Santacruz West,IN,"Alka, Khar & Santacruz West, Mumbai 400052, Maharashtra, India",400052,Gated Residential Society,0,48,P51800047986,19.076563,72.831715,Trophy / Ultra-Prime,osm_maharera_cadastral_enriched,0.88
da2a7291-3241-4095-8319-714a8fddf049,Marylands,marylands,Reputed Developer / Co-op Housing Consortium,Mumbai,Khar & Santacruz West,IN,"Marylands, Khar & Santacruz West, Mumbai 400052, Maharashtra, India",400052,Gated Residential Society,0,48,P51800076982,19.078219,72.835914,Trophy / Ultra-Prime,osm_maharera_cadastral_enriched,0.88
0f2f6e59-3930-4717-aea0-630517f96a32,Usha Villa,usha villa,Reputed Developer / Co-op Housing Consortium,Mumbai,Khar & Santacruz West,IN,"Usha Villa, Khar & Santacruz West, Mumbai 400052, Maharashtra, India",400052,Gated Residential Society,0,48,P51800056580,19.078042,72.834118,Trophy / Ultra-Prime,osm_maharera_cadastral_enriched,0.88
1674e8f9-53d8-4782-bc89-7537e323ecf7,Aurum,aurum,Reputed Developer / Co-op Housing Consortium,Mumbai,Khar & Santacruz West,IN,"Aurum, Khar & Santacruz West, Mumbai 400052, Maharashtra, India",400052,Gated Residential Society,0,48,P51800057753,19.075213,72.832826,Trophy / Ultra-Prime,osm_maharera_cadastral_enriched,0.88
eb6aa387-7f62-4875-8646-db851c607ac3,Avanti,avanti,Reputed Developer / Co-op Housing Consortium,Mumbai,Khar & Santacruz West,IN,"Avanti, Khar & Santacruz West, Mumbai 400052, Maharashtra, India",400052,Gated Residential Society,0,48,P51800090813,19.076947,72.837453,Trophy / Ultra-Prime,osm_maharera_cadastral_enriched,0.88
dda021c5-9d01-4aff-aa7c-e8cce23f3c66,Sangeeta,sangeeta,Reputed Developer / Co-op Housing Consortium,Mumbai,Khar & Santacruz West,IN,"Sangeeta, Khar & Santacruz West, Mumbai 400052, Maharashtra, India",400052,Gated Residential Society,0,48,P51800035186,19.076369,72.831699,Trophy / Ultra-Prime,osm_maharera_cadastral_enriched,0.88
f0ad91d2-a082-43b5-892e-6efae67a0b6f,Anand Villa,anand villa,Reputed Developer / Co-op Housing Consortium,Mumbai,Khar & Santacruz West,IN,"Anand Villa, Khar & Santacruz West, Mumbai 400052, Maharashtra, India",400052,Gated Residential Society,0,48,P51800095743,19.076143,72.831699,Trophy / Ultra-Prime,osm_maharera_cadastral_enriched,0.88
3f8172be-b285-41d0-b477-9094e03eddaf,Sangeeta,sangeeta,Reputed Developer / Co-op Housing Consortium,Mumbai,Khar & Santacruz West,IN,"Sangeeta, Khar & Santacruz West, Mumbai 400052, Maharashtra, India",400052,Gated Residential Society,0,48,P51800035186,19.079578,72.833465,Trophy / Ultra-Prime,osm_maharera_cadastral_enriched,0.88
9d4f0f68-27ee-440d-9309-49ee18012e85,Elegant Arcade,elegant arcade,Reputed Developer / Co-op Housing Consortium,Mumbai,Khar & Santacruz West,IN,"Elegant Arcade, Khar & Santacruz West, Mumbai 400052, Maharashtra, India",400052,Gated Residential Society,0,48,P51800054196,19.079771,72.836015,Trophy / Ultra-Prime,osm_maharera_cadastral_enriched,0.88
0e5cb53b-ecf1-4fca-9dd1-1482503508cc,Geetanjali,geetanjali,Reputed Developer / Co-op Housing Consortium,Mumbai,Khar & Santacruz West,IN,"Geetanjali, Khar & Santacruz West, Mumbai 400052, Maharashtra, India",400052,Gated Residential Society,0,48,P51800022563,19.075889,72.833645,Trophy / Ultra-Prime,osm_maharera_cadastral_enriched,0.88
fc748c15-0b13-4088-8c5f-e89d411eab4c,Ram Krishna Chambers,ram krishna chambers,Reputed Developer / Co-op Housing Consortium,Mumbai,Bandra West (Pali Hill & Bandstand),IN,"Ram Krishna Chambers, Bandra West (Pali Hill & Bandstand), Mumbai 400050, Maharashtra, India",400050,Gated Residential Society,0,48,P51800013302,19.074798,72.834464,Trophy / Ultra-Prime,osm_maharera_cadastral_enriched,0.88
6cadb148-8b86-4c47-9708-18dd7dbc4ac4,Little Star,little star,Reputed Developer / Co-op Housing Consortium,Mumbai,Khar & Santacruz West,IN,"Little Star, Khar & Santacruz West, Mumbai 400052, Maharashtra, India",400052,Gated Residential Society,0,48,P51800015215,19.075653,72.832083,Trophy / Ultra-Prime,osm_maharera_cadastral_enriched,0.88
5a12e8d1-bb5e-4d13-a27c-6bd3d3f7f519,Vijay Apartments,vijay apartments,Reputed Developer / Co-op Housing Consortium,Mumbai,Juhu & Vile Parle West,IN,"Vijay Apartments, Juhu & Vile Parle West, Mumbai 400049, Maharashtra, India",400049,Gated Residential Society,0,48,P51800040665,19.116473,72.840523,Trophy / Ultra-Prime,osm_maharera_cadastral_enriched,0.88
a1fb57b6-cd34-42a3-a963-8fc1b1ae265c,Modern Apartment,modern apartment,Reputed Developer / Co-op Housing Consortium,Mumbai,Colaba & Cuffe Parade,IN,"Modern Apartment, Nathalal Parekh Road, Colaba, Colaba & Cuffe Parade, Mumbai 400005, Maharashtra, India",400005,Gated Residential Society,0,48,P51900095287,18.911991,72.820704,Trophy / Ultra-Prime,osm_maharera_cadastral_enriched,0.88
37d3ccb8-16e1-4503-82c6-801f66b3a66b,Gora Gandhi Apartment,gora gandhi apartment,Reputed Developer / Co-op Housing Consortium,Mumbai,Colaba & Cuffe Parade,IN,"Gora Gandhi Apartment, Cuffe Parade, Colaba & Cuffe Parade, Mumbai 400005, Maharashtra, India",400005,Gated Residential Society,0,48,P51900037090,18.911202,72.819915,Trophy / Ultra-Prime,osm_maharera_cadastral_enriched,0.88
4e08bc27-6769-4b80-ba7c-91a981e5bfbf,Connaught Mansions,connaught mansions,Reputed Developer / Co-op Housing Consortium,Mumbai,Colaba & Cuffe Parade,IN,"Connaught Mansions, Shahid Bhagat Singh Rd, Azad Nagar, Colaba, Colaba & Cuffe Parade, Mumbai 400005, Maharashtra, India",400005,Gated Residential Society,0,48,P51900085948,18.91045,72.820956,Trophy / Ultra-Prime,osm_maharera_cadastral_enriched,0.88
e33a83ba-6266-4264-9393-c317fc965abe,Sea Wind,sea wind,Reputed Developer / Co-op Housing Consortium,Mumbai,Colaba & Cuffe Parade,IN,"Sea Wind, Captain Prakash Pethe Marg, Colaba & Cuffe Parade, Mumbai 400005, Maharashtra, India",400005,Gated Residential Society,0,48,P51900058009,18.912328,72.821096,Trophy / Ultra-Prime,osm_maharera_cadastral_enriched,0.88
544c6671-e291-44fb-bea1-89322c42e06c,Reveal Fitness,reveal fitness,Reputed Developer / Co-op Housing Consortium,Mumbai,Colaba & Cuffe Parade,IN,"Reveal Fitness, Captain Prakash Pethe Marg,Cuffe Parade, Colaba & Cuffe Parade, Mumbai 400005, Maharashtra, India",400005,Gated Residential Society,0,48,P51900089413,18.913162,72.820982,Trophy / Ultra-Prime,osm_maharera_cadastral_enriched,0.88
880b7460-ab21-492c-8166-d8ddefdfeb42,Mittal Grandeur,mittal grandeur,Reputed Developer / Co-op Housing Consortium,Mumbai,Colaba & Cuffe Parade,IN,"Mittal Grandeur, Khatau Rd, Cuffe Parade, Colaba & Cuffe Parade, Mumbai 400005, Maharashtra, India",400005,Gated Residential Society,0,48,P51900066330,18.914519,72.822622,Trophy / Ultra-Prime,osm_maharera_cadastral_enriched,0.88
47a81b97-eb0a-45f3-a89e-b8efafdade98,Prince Chamber,prince chamber,Reputed Developer / Co-op Housing Consortium,Mumbai,Colaba & Cuffe Parade,IN,"Prince Chamber, Nanabhai Moose Marg,Azad Nagar, Colaba, Colaba & Cuffe Parade, Mumbai 400005, Maharashtra, India",400005,Gated Residential Society,0,48,P51900061944,18.910182,72.820808,Trophy / Ultra-Prime,osm_maharera_cadastral_enriched,0.88
6c6663cf-f373-4803-b53b-6bddc82339cb,Milan Dhara,milan dhara,Reputed Developer / Co-op Housing Consortium,Mumbai,Juhu & Vile Parle West,IN,"Milan Dhara, Juhu & Vile Parle West, Mumbai 400049, Maharashtra, India",400049,Gated Residential Society,0,48,P51800082834,19.112827,72.840229,Trophy / Ultra-Prime,osm_maharera_cadastral_enriched,0.88
985e98b8-2386-400d-b7b2-c4bb581894ce,Shatdal,shatdal,Reputed Developer / Co-op Housing Consortium,Mumbai,Juhu & Vile Parle West,IN,"Shatdal, Juhu & Vile Parle West, Mumbai 400049, Maharashtra, India",400049,Gated Residential Society,0,48,P51800078895,19.113812,72.840415,Trophy / Ultra-Prime,osm_maharera_cadastral_enriched,0.88
42172cb5-735d-434a-84e3-a536e089cdd2,Jeevan Sudha,jeevan sudha,Reputed Developer / Co-op Housing Consortium,Mumbai,Juhu & Vile Parle West,IN,"Jeevan Sudha, Juhu & Vile Parle West, Mumbai 400049, Maharashtra, India",400049,Gated Residential Society,0,48,P51800041854,19.115986,72.841604,Trophy / Ultra-Prime,osm_maharera_cadastral_enriched,0.88
a6c4c738-921f-4bc5-808e-69a8f54f1651,Platinum,platinum,Reputed Developer / Co-op Housing Consortium,Mumbai,Juhu & Vile Parle West,IN,"Platinum, Juhu & Vile Parle West, Mumbai 400049, Maharashtra, India",400049,Gated Residential Society,0,48,P51800053316,19.113317,72.838925,Trophy / Ultra-Prime,osm_maharera_cadastral_enriched,0.88
56c7e7a5-d467-4693-9be9-f01626ff641e,Windemere,windemere,Reputed Developer / Co-op Housing Consortium,Mumbai,Khar & Santacruz West,IN,"Windemere, Khar & Santacruz West, Mumbai 400052, Maharashtra, India",400052,Gated Residential Society,0,48,P51800086083,19.078202,72.83679,Trophy / Ultra-Prime,osm_maharera_cadastral_enriched,0.88
e408374a-fb02-473e-af28-25ef055b2342,Sushil,sushil,Reputed Developer / Co-op Housing Consortium,Mumbai,Khar & Santacruz West,IN,"Sushil, Khar & Santacruz West, Mumbai 400052, Maharashtra, India",400052,Gated Residential Society,0,48,P51800011145,19.078451,72.833373,Trophy / Ultra-Prime,osm_maharera_cadastral_enriched,0.88
66147c66-f848-49a3-8317-a3af85e360d7,Sea Breeze,sea breeze,Reputed Developer / Co-op Housing Consortium,Mumbai,Khar & Santacruz West,IN,"Sea Breeze, Khar & Santacruz West, Mumbai 400052, Maharashtra, India",400052,Gated Residential Society,0,48,P51800026616,19.075595,72.833687,Trophy / Ultra-Prime,osm_maharera_cadastral_enriched,0.88
835c5af0-91b0-4709-a2bd-5bfab0d9d043,Kakad Villa,kakad villa,Reputed Developer / Co-op Housing Consortium,Mumbai,Khar & Santacruz West,IN,"Kakad Villa, Khar & Santacruz West, Mumbai 400052, Maharashtra, India",400052,Gated Residential Society,0,48,P51800035411,19.081593,72.83421,Trophy / Ultra-Prime,osm_maharera_cadastral_enriched,0.88
b5ed6d1c-1c2c-408c-864b-9c723e3ec519,Ganga Bhavan,ganga bhavan,Reputed Developer / Co-op Housing Consortium,Mumbai,Khar & Santacruz West,IN,"Ganga Bhavan, Khar & Santacruz West, Mumbai 400052, Maharashtra, India",400052,Gated Residential Society,0,48,P51800086290,19.080213,72.834756,Trophy / Ultra-Prime,osm_maharera_cadastral_enriched,0.88
8cb4b95d-7c20-4760-9ed0-053cd0362e94,Pratik,pratik,Reputed Developer / Co-op Housing Consortium,Mumbai,Khar & Santacruz West,IN,"Pratik, Khar & Santacruz West, Mumbai 400052, Maharashtra, India",400052,Gated Residential Society,0,48,P51800093701,19.078775,72.833341,Trophy / Ultra-Prime,osm_maharera_cadastral_enriched,0.88
05af52c8-e3a5-475f-b8be-17048985bb23,Suvas,suvas,Reputed Developer / Co-op Housing Consortium,Mumbai,Khar & Santacruz West,IN,"Suvas, Khar & Santacruz West, Mumbai 400052, Maharashtra, India",400052,Gated Residential Society,0,48,P51800040312,19.079743,72.833827,Trophy / Ultra-Prime,osm_maharera_cadastral_enriched,0.88
7881d9ae-d283-40a0-8b3b-a2cdcd030b94,Sea View,sea view,Reputed Developer / Co-op Housing Consortium,Mumbai,Khar & Santacruz West,IN,"Sea View, Khar & Santacruz West, Mumbai 400052, Maharashtra, India",400052,Gated Residential Society,0,48,P51800080595,19.079654,72.829561,Trophy / Ultra-Prime,osm_maharera_cadastral_enriched,0.88
9c17a3d2-8f69-4fa9-9961-0f0c2c136718,Supreme Stellar,supreme stellar,Reputed Developer / Co-op Housing Consortium,Mumbai,Khar & Santacruz West,IN,"Supreme Stellar, Khar & Santacruz West, Mumbai 400052, Maharashtra, India",400052,Gated Residential Society,0,48,P51800038033,19.075372,72.832005,Trophy / Ultra-Prime,osm_maharera_cadastral_enriched,0.88
2f59b133-9bd0-410c-8de8-f702ffd9d2c2,Brindaban,brindaban,Reputed Developer / Co-op Housing Consortium,Mumbai,Khar & Santacruz West,IN,"Brindaban, Khar & Santacruz West, Mumbai 400052, Maharashtra, India",400052,Gated Residential Society,0,48,P51800038327,19.075556,72.83399,Trophy / Ultra-Prime,osm_maharera_cadastral_enriched,0.88
f20c9f19-6bf6-437d-91ee-23e3a36ade38,Asssitant Garrison Engineer B/R Central,asssitant garrison engineer b r central,Reputed Developer / Co-op Housing Consortium,Mumbai,Colaba & Cuffe Parade,IN,"Asssitant Garrison Engineer B/R Central, Colaba & Cuffe Parade, Mumbai 400005, Maharashtra, India",400005,Gated Residential Society,0,48,P51900070294,18.914168,72.823414,Trophy / Ultra-Prime,osm_maharera_cadastral_enriched,0.88
5ca850fe-5aee-4521-ad39-733bc3e1d5a9,Cleave House,cleave house,Reputed Developer / Co-op Housing Consortium,Mumbai,Colaba & Cuffe Parade,IN,"Cleave House, Colaba & Cuffe Parade, Mumbai 400005, Maharashtra, India",400005,Gated Residential Society,0,48,P51900056044,18.914559,72.8232,Trophy / Ultra-Prime,osm_maharera_cadastral_enriched,0.88
7029268c-0ba1-45cd-aa46-db9fc741c489,Colaba Court,colaba court,Reputed Developer / Co-op Housing Consortium,Mumbai,Colaba & Cuffe Parade,IN,"Colaba Court, Colaba & Cuffe Parade, Mumbai 400005, Maharashtra, India",400005,Gated Residential Society,0,48,P51900026857,18.916273,72.827086,Trophy / Ultra-Prime,osm_maharera_cadastral_enriched,0.88
47dd1e49-5b1c-4a39-8596-4e60547bbde8,Shivala Building,shivala building,Reputed Developer / Co-op Housing Consortium,Mumbai,Colaba & Cuffe Parade,IN,"Shivala Building, Colaba & Cuffe Parade, Mumbai 400005, Maharashtra, India",400005,Gated Residential Society,0,48,P51900046010,18.914734,72.822953,Trophy / Ultra-Prime,osm_maharera_cadastral_enriched,0.88
f8fef985-75a9-43af-a1a0-bd1d63584ae4,Elegant Apartment,elegant apartment,Reputed Developer / Co-op Housing Consortium,Mumbai,Colaba & Cuffe Parade,IN,"Elegant Apartment, Colaba & Cuffe Parade, Mumbai 400005, Maharashtra, India",400005,Gated Residential Society,0,48,P51900075799,18.915713,72.823869,Trophy / Ultra-Prime,osm_maharera_cadastral_enriched,0.88
18a17f7b-3e1f-4841-8b8e-44278cf9428a,Naples,naples,Reputed Developer / Co-op Housing Consortium,Mumbai,Colaba & Cuffe Parade,IN,"Naples, Colaba & Cuffe Parade, Mumbai 400005, Maharashtra, India",400005,Gated Residential Society,0,48,P51900032163,18.914967,72.823178,Trophy / Ultra-Prime,osm_maharera_cadastral_enriched,0.88
a1a7a3e6-6f9f-483e-89fd-beacef7b1b6f,Satya Bhavn,satya bhavn,Reputed Developer / Co-op Housing Consortium,Mumbai,Colaba & Cuffe Parade,IN,"Satya Bhavn, Colaba & Cuffe Parade, Mumbai 400005, Maharashtra, India",400005,Gated Residential Society,0,48,P51900093284,18.916121,72.827304,Trophy / Ultra-Prime,osm_maharera_cadastral_enriched,0.88
cfe8b118-ff3f-46f2-9c87-b6cac4e8790e,Vasvani Garden,vasvani garden,Reputed Developer / Co-op Housing Consortium,Mumbai,Colaba & Cuffe Parade,IN,"Vasvani Garden, Colaba & Cuffe Parade, Mumbai 400005, Maharashtra, India",400005,Gated Residential Society,0,48,P51900093298,18.915499,72.823605,Trophy / Ultra-Prime,osm_maharera_cadastral_enriched,0.88
5445cf7c-9b6c-4463-aad7-b671325f9c56,Bela Court,bela court,Reputed Developer / Co-op Housing Consortium,Mumbai,Colaba & Cuffe Parade,IN,"Bela Court, Colaba & Cuffe Parade, Mumbai 400005, Maharashtra, India",400005,Gated Residential Society,0,48,P51900023998,18.916028,72.826548,Trophy / Ultra-Prime,osm_maharera_cadastral_enriched,0.88
4eb33cc4-db20-4e8a-9915-bfd5dd64ebee,Atur Terraces,atur terraces,Reputed Developer / Co-op Housing Consortium,Mumbai,Colaba & Cuffe Parade,IN,"Atur Terraces, Captain Prakash Pethe Marg, Colaba & Cuffe Parade, Mumbai 400005, Maharashtra, India",400005,Gated Residential Society,0,48,P51900080221,18.915801,72.823341,Trophy / Ultra-Prime,osm_maharera_cadastral_enriched,0.88
4a5f846f-39e6-4114-ae10-ffb524fd450d,Vaibhav Apartments,vaibhav apartments,Reputed Developer / Co-op Housing Consortium,Mumbai,Worli & Prabhadevi,IN,"Vaibhav Apartments, Worli & Prabhadevi, Mumbai 400018, Maharashtra, India",400018,Gated Residential Society,0,48,P51900053532,19.015747,72.826166,Trophy / Ultra-Prime,osm_maharera_cadastral_enriched,0.88
3573dc50-38bc-48c7-8a29-c2266351d532,Bharat Apartment,bharat apartment,Reputed Developer / Co-op Housing Consortium,Mumbai,Juhu & Vile Parle West,IN,"Bharat Apartment, Juhu & Vile Parle West, Mumbai 400049, Maharashtra, India",400049,Gated Residential Society,0,48,P51800020991,19.116107,72.842259,Trophy / Ultra-Prime,osm_maharera_cadastral_enriched,0.88
4c08f7c4-1bd7-4142-8c85-f499ba15341d,Gundecha Gardens,gundecha gardens,Reputed Developer / Co-op Housing Consortium,Mumbai,Worli & Prabhadevi,IN,"Gundecha Gardens, Worli & Prabhadevi, Mumbai 400018, Maharashtra, India",400018,Gated Residential Society,0,48,P51900056541,18.990591,72.834449,Trophy / Ultra-Prime,osm_maharera_cadastral_enriched,0.88
1ef36000-eeae-482e-96da-de2f2f9ae9bf,Avighna IX,avighna ix,Reputed Developer / Co-op Housing Consortium,Mumbai,Lower Parel & Mahalaxmi,IN,"Avighna IX, Dr B.A Road, Lower Parel & Mahalaxmi, Mumbai 400012, Maharashtra, India",400012,Gated Residential Society,0,48,P51900058637,18.994905,72.836168,Trophy / Ultra-Prime,osm_maharera_cadastral_enriched,0.88
5ad9e669-1be2-4772-9438-279b81538bdf,Faridoon Court,faridoon court,Reputed Developer / Co-op Housing Consortium,Mumbai,Colaba & Cuffe Parade,IN,"Faridoon Court, Colaba & Cuffe Parade, Mumbai 400005, Maharashtra, India",400005,Gated Residential Society,0,48,P51900011888,18.916472,72.827281,Trophy / Ultra-Prime,osm_maharera_cadastral_enriched,0.88
65936e91-153b-4982-a818-2df85ae45f54,Ferena,ferena,Reputed Developer / Co-op Housing Consortium,Mumbai,Colaba & Cuffe Parade,IN,"Ferena, Colaba & Cuffe Parade, Mumbai 400005, Maharashtra, India",400005,Gated Residential Society,0,48,P51900011526,18.916891,72.829774,Trophy / Ultra-Prime,osm_maharera_cadastral_enriched,0.88
3c273b57-ecb4-46ff-a105-9b0b477a8447,Sea Khan CHS,sea khan chs,Reputed Developer / Co-op Housing Consortium,Mumbai,Colaba & Cuffe Parade,IN,"Sea Khan CHS, Colaba & Cuffe Parade, Mumbai 400005, Maharashtra, India",400005,Gated Residential Society,0,48,P51900048206,18.916486,72.829273,Trophy / Ultra-Prime,osm_maharera_cadastral_enriched,0.88
2981c6a0-f250-49f2-88e9-fced4ed0d72b,Sangita Apartments,sangita apartments,Reputed Developer / Co-op Housing Consortium,Mumbai,Colaba & Cuffe Parade,IN,"Sangita Apartments, Colaba & Cuffe Parade, Mumbai 400005, Maharashtra, India",400005,Gated Residential Society,0,48,P51900047564,18.916661,72.829536,Trophy / Ultra-Prime,osm_maharera_cadastral_enriched,0.88
4117a1a0-a64e-49d1-9fce-d9e424d1a80c,Prem Bhavan,prem bhavan,Reputed Developer / Co-op Housing Consortium,Mumbai,Colaba & Cuffe Parade,IN,"Prem Bhavan, Colaba & Cuffe Parade, Mumbai 400005, Maharashtra, India",400005,Gated Residential Society,0,48,P51900027038,18.916288,72.827496,Trophy / Ultra-Prime,osm_maharera_cadastral_enriched,0.88
3fc127dd-9071-4b49-9170-dc1895556898,Evershine CHS,evershine chs,Reputed Developer / Co-op Housing Consortium,Mumbai,Juhu & Vile Parle West,IN,"Evershine CHS, Juhu & Vile Parle West, Mumbai 400049, Maharashtra, India",400049,Gated Residential Society,0,48,P51800095648,19.091399,72.834789,Trophy / Ultra-Prime,osm_maharera_cadastral_enriched,0.88
27503782-9f3b-400f-86da-d10f2ec124b4,Kohinoor,kohinoor,Reputed Developer / Co-op Housing Consortium,Mumbai,Malabar Hill & Walkeshwar,IN,"Kohinoor, Malabar Hill & Walkeshwar, Mumbai 400006, Maharashtra, India",400006,Gated Residential Society,0,48,P51900034446,18.960499,72.809296,Trophy / Ultra-Prime,osm_maharera_cadastral_enriched,0.88
77f0809e-cedb-47bb-a7d1-fe549d5a9d42,Mamta A,mamta a,Reputed Developer / Co-op Housing Consortium,Mumbai,Worli & Prabhadevi,IN,"Mamta A, Appasaheb Marathe Marg, Worli & Prabhadevi, Mumbai 400025, Maharashtra, India",400025,Gated Residential Society,0,48,P51900093255,19.013402,72.828431,Trophy / Ultra-Prime,osm_maharera_cadastral_enriched,0.88
6ef5d5fe-62f3-4cb5-982d-bc981e68faf7,Khushi Belmondo,khushi belmondo,Reputed Developer / Co-op Housing Consortium,Mumbai,Khar & Santacruz West,IN,"Khushi Belmondo, Khar & Santacruz West, Mumbai 400052, Maharashtra, India",400052,Gated Residential Society,0,48,P51800042728,19.076178,72.833244,Trophy / Ultra-Prime,osm_maharera_cadastral_enriched,0.88
cdff26f4-611a-4bb8-8319-2f05bb91d68a,Crystal Blue Premises,crystal blue premises,Reputed Developer / Co-op Housing Consortium,Mumbai,Bandra West (Pali Hill & Bandstand),IN,"Crystal Blue Premises, Bandra West (Pali Hill & Bandstand), Mumbai 400050, Maharashtra, India",400050,Gated Residential Society,0,48,P51800094525,19.072825,72.831314,Trophy / Ultra-Prime,osm_maharera_cadastral_enriched,0.88
c756fa14-c5c6-4353-ad75-feb541394795,Gulshan,gulshan,Reputed Developer / Co-op Housing Consortium,Mumbai,Bandra West (Pali Hill & Bandstand),IN,"Gulshan, Bandra West (Pali Hill & Bandstand), Mumbai 400050, Maharashtra, India",400050,Gated Residential Society,0,48,P51800062654,19.072911,72.832325,Trophy / Ultra-Prime,osm_maharera_cadastral_enriched,0.88
399d6432-9ddb-4ee3-a477-a65fdbd830e9,Trailokya,trailokya,Reputed Developer / Co-op Housing Consortium,Mumbai,Bandra West (Pali Hill & Bandstand),IN,"Trailokya, Bandra West (Pali Hill & Bandstand), Mumbai 400050, Maharashtra, India",400050,Gated Residential Society,0,48,P51800090291,19.072901,72.830844,Trophy / Ultra-Prime,osm_maharera_cadastral_enriched,0.88
6e8e4e27-14be-41fd-b169-e3e373b1e780,Orchid Pride,orchid pride,Reputed Developer / Co-op Housing Consortium,Mumbai,Khar & Santacruz West,IN,"Orchid Pride, Khar & Santacruz West, Mumbai 400052, Maharashtra, India",400052,Gated Residential Society,0,48,P51800086201,19.076068,72.838022,Trophy / Ultra-Prime,osm_maharera_cadastral_enriched,0.88
bc962ea0-6dda-40a2-8cbd-f6803d78ba9c,Cupid,cupid,Reputed Developer / Co-op Housing Consortium,Mumbai,Bandra West (Pali Hill & Bandstand),IN,"Cupid, Bandra West (Pali Hill & Bandstand), Mumbai 400050, Maharashtra, India",400050,Gated Residential Society,0,48,P51800074922,19.074827,72.833994,Trophy / Ultra-Prime,osm_maharera_cadastral_enriched,0.88
eb256b1a-b76e-4eca-8dc7-ce4d0427e7bd,Sai Rachna Apartments,sai rachna apartments,Reputed Developer / Co-op Housing Consortium,Mumbai,Khar & Santacruz West,IN,"Sai Rachna Apartments, Khar & Santacruz West, Mumbai 400052, Maharashtra, India",400052,Gated Residential Society,0,48,P51800042384,19.084044,72.836526,Trophy / Ultra-Prime,osm_maharera_cadastral_enriched,0.88
e8359e3c-e62f-419d-af62-71005b4ddcc3,Hem-Dil,hem dil,Reputed Developer / Co-op Housing Consortium,Mumbai,Khar & Santacruz West,IN,"Hem-Dil, Khar & Santacruz West, Mumbai 400052, Maharashtra, India",400052,Gated Residential Society,0,48,P51800049334,19.082169,72.834755,Trophy / Ultra-Prime,osm_maharera_cadastral_enriched,0.88
ac47fe73-183a-4787-b943-63e9e8805d1a,Gilt Salon,gilt salon,Reputed Developer / Co-op Housing Consortium,Mumbai,Cumballa Hill & Breach Candy,IN,"Gilt Salon, ML Dahanukar Road (Carmichael Road), Cumballa Hill & Breach Candy, Mumbai 400026, Maharashtra, India",400026,Gated Residential Society,0,48,P51900080689,18.970507,72.809829,Trophy / Ultra-Prime,osm_maharera_cadastral_enriched,0.88
da7c2be5-7b29-4679-b781-2e4307cc8010,Dalamal Apartments,dalamal apartments,Reputed Developer / Co-op Housing Consortium,Mumbai,Colaba & Cuffe Parade,IN,"Dalamal Apartments, Rambhau Salgaonkar Road, Colaba & Cuffe Parade, Mumbai 400005, Maharashtra, India",400005,Gated Residential Society,0,48,P51900099225,18.916511,72.823895,Trophy / Ultra-Prime,osm_maharera_cadastral_enriched,0.88
f3961b6f-e32b-45e6-91b2-16485fbad897,Badhawar Park R Block,badhawar park r block,Reputed Developer / Co-op Housing Consortium,Mumbai,Colaba & Cuffe Parade,IN,"Badhawar Park R Block, Colaba & Cuffe Parade, Mumbai 400005, Maharashtra, India",400005,Luxury High-Rise Tower,0,48,P51900071130,18.916805,72.825198,Trophy / Ultra-Prime,osm_maharera_cadastral_enriched,0.88
c9ae76d7-4c14-4e2f-b4e1-7d9943bc1dee,Jolly Maker III,jolly maker iii,Reputed Developer / Co-op Housing Consortium,Mumbai,Colaba & Cuffe Parade,IN,"Jolly Maker III, GD Somani Road, Colaba & Cuffe Parade, Mumbai 400005, Maharashtra, India",400005,Gated Residential Society,0,48,P51900024601,18.916984,72.818715,Trophy / Ultra-Prime,osm_maharera_cadastral_enriched,0.88
638e535e-69d4-47b1-b8bc-fcb7000fd131,Badhawar Park P Block,badhawar park p block,Reputed Developer / Co-op Housing Consortium,Mumbai,Colaba & Cuffe Parade,IN,"Badhawar Park P Block, Colaba & Cuffe Parade, Mumbai 400005, Maharashtra, India",400005,Luxury High-Rise Tower,0,48,P51900014883,18.917337,72.825356,Trophy / Ultra-Prime,osm_maharera_cadastral_enriched,0.88
d56c68d0-f60b-4fbc-b99e-371289156882,Venus Apartments,venus apartments,Reputed Developer / Co-op Housing Consortium,Mumbai,Colaba & Cuffe Parade,IN,"Venus Apartments, Colaba & Cuffe Parade, Mumbai 400005, Maharashtra, India",400005,Gated Residential Society,0,48,P51900055174,18.913271,72.819608,Trophy / Ultra-Prime,osm_maharera_cadastral_enriched,0.88
4abfbdb8-6852-4a06-a498-72ba70ca7eea,Jupiter Apartments,jupiter apartments,Reputed Developer / Co-op Housing Consortium,Mumbai,Colaba & Cuffe Parade,IN,"Jupiter Apartments, Colaba & Cuffe Parade, Mumbai 400005, Maharashtra, India",400005,Gated Residential Society,0,48,P51900047961,18.913705,72.819952,Trophy / Ultra-Prime,osm_maharera_cadastral_enriched,0.88
8e1e6e43-fa87-4b50-bb7e-49f26eaa1311,Dalamal Park,dalamal park,Reputed Developer / Co-op Housing Consortium,Mumbai,Colaba & Cuffe Parade,IN,"Dalamal Park, Colaba & Cuffe Parade, Mumbai 400005, Maharashtra, India",400005,Luxury High-Rise Tower,0,48,P51900092633,18.914061,72.820377,Trophy / Ultra-Prime,osm_maharera_cadastral_enriched,0.88
8c64adf4-f9ec-4514-8351-5c2c4096a74a,Block K,block k,Reputed Developer / Co-op Housing Consortium,Mumbai,Colaba & Cuffe Parade,IN,"Block K, Captain Prakash Pethe Marg, Colaba, Colaba & Cuffe Parade, Mumbai 400005, Maharashtra, India",400005,Gated Residential Society,0,48,P51900013805,18.918143,72.826138,Trophy / Ultra-Prime,osm_maharera_cadastral_enriched,0.88
0befa0a9-a6da-4b51-ab46-65fa4687733c,Block D,block d,Reputed Developer / Co-op Housing Consortium,Mumbai,Colaba & Cuffe Parade,IN,"Block D, Captain Prakash Pethe Marg, Colaba, Colaba & Cuffe Parade, Mumbai 400005, Maharashtra, India",400005,Gated Residential Society,0,48,P51900069552,18.919116,72.826367,Trophy / Ultra-Prime,osm_maharera_cadastral_enriched,0.88
0735fbc2-3f94-46ef-9647-c5eb0b139a96,Sandhurst House,sandhurst house,Reputed Developer / Co-op Housing Consortium,Mumbai,Marine Drive & Nariman Point,IN,"Sandhurst House, Marine Drive & Nariman Point, Mumbai 400020, Maharashtra, India",400020,Gated Residential Society,0,48,P51900035159,18.92094,72.832396,Trophy / Ultra-Prime,osm_maharera_cadastral_enriched,0.88
45381330-0972-4d64-b376-ae2ce55b7ed3,Block J,block j,Reputed Developer / Co-op Housing Consortium,Mumbai,Colaba & Cuffe Parade,IN,"Block J, Captain Prakash Pethe Marg, Colaba, Colaba & Cuffe Parade, Mumbai 400005, Maharashtra, India",400005,Gated Residential Society,0,48,P51900099602,18.918453,72.826426,Trophy / Ultra-Prime,osm_maharera_cadastral_enriched,0.88
4acc2745-7ccd-469a-b467-277b73080675,Khan,khan,Reputed Developer / Co-op Housing Consortium,Mumbai,Colaba & Cuffe Parade,IN,"Khan, Colaba & Cuffe Parade, Mumbai 400005, Maharashtra, India",400005,Gated Residential Society,0,48,P51900088398,18.918913,72.83095,Trophy / Ultra-Prime,osm_maharera_cadastral_enriched,0.88
e761eca0-4f78-47c2-9fae-acd6668da0e8,Jairaz House 2,jairaz house 2,Reputed Developer / Co-op Housing Consortium,Mumbai,Colaba & Cuffe Parade,IN,"Jairaz House 2, Colaba & Cuffe Parade, Mumbai 400005, Maharashtra, India",400005,Gated Residential Society,0,48,P51900025366,18.912809,72.823149,Trophy / Ultra-Prime,osm_maharera_cadastral_enriched,0.88
6ddd670c-c768-427a-8282-1915676a5bb3,Joyeden,joyeden,Reputed Developer / Co-op Housing Consortium,Mumbai,Colaba & Cuffe Parade,IN,"Joyeden, Colaba & Cuffe Parade, Mumbai 400005, Maharashtra, India",400005,Gated Residential Society,0,48,P51900069004,18.919781,72.831846,Trophy / Ultra-Prime,osm_maharera_cadastral_enriched,0.88
06887679-94fd-4261-9ee3-f15bfd28a7d0,Ahmed Mansion,ahmed mansion,Reputed Developer / Co-op Housing Consortium,Mumbai,Colaba & Cuffe Parade,IN,"Ahmed Mansion, Colaba & Cuffe Parade, Mumbai 400005, Maharashtra, India",400005,Gated Residential Society,0,48,P51900047105,18.918838,72.830247,Trophy / Ultra-Prime,osm_maharera_cadastral_enriched,0.88
eb396372-3f4a-4868-9252-94d4206e3ae5,Alexandra House,alexandra house,Reputed Developer / Co-op Housing Consortium,Mumbai,Marine Drive & Nariman Point,IN,"Alexandra House, Marine Drive & Nariman Point, Mumbai 400020, Maharashtra, India",400020,Gated Residential Society,0,48,P51900083697,18.92053,72.832206,Trophy / Ultra-Prime,osm_maharera_cadastral_enriched,0.88
88ed7ce8-4ba5-4a63-ab2c-719c185ddd3b,Sunrise Building,sunrise building,Reputed Developer / Co-op Housing Consortium,Mumbai,Colaba & Cuffe Parade,IN,"Sunrise Building, Cawasji Jahangir Road, Colaba & Cuffe Parade, Mumbai 400005, Maharashtra, India",400005,Gated Residential Society,0,48,P51900034619,18.9178,72.82659,Trophy / Ultra-Prime,osm_maharera_cadastral_enriched,0.88
32a0571b-060c-4daa-9d47-cbc2b2a85f6d,Block N,block n,Reputed Developer / Co-op Housing Consortium,Mumbai,Colaba & Cuffe Parade,IN,"Block N, Captain Prakash Pethe Marg, Colaba, Colaba & Cuffe Parade, Mumbai 400005, Maharashtra, India",400005,Gated Residential Society,0,48,P51900094425,18.918807,72.826577,Trophy / Ultra-Prime,osm_maharera_cadastral_enriched,0.88
83192249-f42b-40b7-87c0-257f798ed0bb,Satasavli,satasavli,Reputed Developer / Co-op Housing Consortium,Mumbai,Colaba & Cuffe Parade,IN,"Satasavli, Colaba & Cuffe Parade, Mumbai 400005, Maharashtra, India",400005,Gated Residential Society,0,48,P51900046436,18.918944,72.829827,Trophy / Ultra-Prime,osm_maharera_cadastral_enriched,0.88
8f009006-0aa3-4e94-a48d-0a6c38099134,Elysium Mansion,elysium mansion,Reputed Developer / Co-op Housing Consortium,Mumbai,Marine Drive & Nariman Point,IN,"Elysium Mansion, Marine Drive & Nariman Point, Mumbai 400020, Maharashtra, India",400020,Gated Residential Society,0,48,P51900036661,18.920134,72.830373,Trophy / Ultra-Prime,osm_maharera_cadastral_enriched,0.88
c5c60760-fe5c-47d1-92e1-35e37cff5f97,Block E,block e,Reputed Developer / Co-op Housing Consortium,Mumbai,Colaba & Cuffe Parade,IN,"Block E, Captain Prakash Pethe Marg, Colaba, Colaba & Cuffe Parade, Mumbai 400005, Maharashtra, India",400005,Gated Residential Society,0,48,P51900098431,18.919604,72.826588,Trophy / Ultra-Prime,osm_maharera_cadastral_enriched,0.88
ba22334b-b866-41e1-becf-ed2df09dae17,Block A,block a,Reputed Developer / Co-op Housing Consortium,Mumbai,Colaba & Cuffe Parade,IN,"Block A, Captain Prakash Pethe Marg, Colaba, Colaba & Cuffe Parade, Mumbai 400005, Maharashtra, India",400005,Gated Residential Society,0,48,P51900044273,18.918514,72.826133,Trophy / Ultra-Prime,osm_maharera_cadastral_enriched,0.88
d1758f94-f8a7-4ab2-8b09-f9eacf360806,Block H,block h,Reputed Developer / Co-op Housing Consortium,Mumbai,Colaba & Cuffe Parade,IN,"Block H, Captain Prakash Pethe Marg, Colaba, Colaba & Cuffe Parade, Mumbai 400005, Maharashtra, India",400005,Gated Residential Society,0,48,P51900040958,18.919693,72.8271,Trophy / Ultra-Prime,osm_maharera_cadastral_enriched,0.88
948b7b58-f635-41ed-b645-23eade1deccd,Aamer House,aamer house,Reputed Developer / Co-op Housing Consortium,Mumbai,Marine Drive & Nariman Point,IN,"Aamer House, Marine Drive & Nariman Point, Mumbai 400020, Maharashtra, India",400020,Gated Residential Society,0,48,P51900098494,18.920331,72.832123,Trophy / Ultra-Prime,osm_maharera_cadastral_enriched,0.88
7b121075-cfac-4e26-8664-62526d4c96f9,Abbas,abbas,Reputed Developer / Co-op Housing Consortium,Mumbai,Marine Drive & Nariman Point,IN,"Abbas, Marine Drive & Nariman Point, Mumbai 400020, Maharashtra, India",400020,Gated Residential Society,0,48,P51900027327,18.92073,72.832309,Trophy / Ultra-Prime,osm_maharera_cadastral_enriched,0.88
1a47fe16-e2ae-43e4-9e11-018de7d287db,Sushil,sushil,Reputed Developer / Co-op Housing Consortium,Mumbai,Colaba & Cuffe Parade,IN,"Sushil, Colaba & Cuffe Parade, Mumbai 400005, Maharashtra, India",400005,Gated Residential Society,0,48,P51900024559,18.918879,72.830045,Trophy / Ultra-Prime,osm_maharera_cadastral_enriched,0.88
bfd05ab7-f998-4f4b-b083-9482ee779ff3,Block F,block f,Reputed Developer / Co-op Housing Consortium,Mumbai,Colaba & Cuffe Parade,IN,"Block F, Captain Prakash Pethe Marg, Colaba, Colaba & Cuffe Parade, Mumbai 400005, Maharashtra, India",400005,Gated Residential Society,0,48,P51900055823,18.919243,72.826775,Trophy / Ultra-Prime,osm_maharera_cadastral_enriched,0.88
93ab475f-9f8a-4882-b61e-8e36d57fcb44,Kartar Bhavan,kartar bhavan,Reputed Developer / Co-op Housing Consortium,Mumbai,Colaba & Cuffe Parade,IN,"Kartar Bhavan, Colaba & Cuffe Parade, Mumbai 400005, Maharashtra, India",400005,Gated Residential Society,0,48,P51900084968,18.919026,72.829546,Trophy / Ultra-Prime,osm_maharera_cadastral_enriched,0.88
0a483b78-eb42-4dd0-b1f9-618a1ed5b02d,Piroja Court,piroja court,Reputed Developer / Co-op Housing Consortium,Mumbai,Khar & Santacruz West,IN,"Piroja Court, Khar & Santacruz West, Mumbai 400052, Maharashtra, India",400052,Gated Residential Society,0,48,P51800056154,19.080659,72.830016,Trophy / Ultra-Prime,osm_maharera_cadastral_enriched,0.88
a6795fca-8887-4549-9fed-9bcfdcb4a849,The Enclave,the enclave,Reputed Developer / Co-op Housing Consortium,Mumbai,Worli & Prabhadevi,IN,"The Enclave, Worli & Prabhadevi, Mumbai 400018, Maharashtra, India",400018,Gated Residential Society,0,48,P51900086499,19.012649,72.828637,Trophy / Ultra-Prime,osm_maharera_cadastral_enriched,0.88
acfc7fcd-26f7-4155-80d9-fb89ed1ec036,Greenfields,greenfields,Reputed Developer / Co-op Housing Consortium,Mumbai,Khar & Santacruz West,IN,"Greenfields, Khar & Santacruz West, Mumbai 400052, Maharashtra, India",400052,Gated Residential Society,0,48,P51800077015,19.077225,72.837399,Trophy / Ultra-Prime,osm_maharera_cadastral_enriched,0.88
235aaaef-332d-42d1-9526-310fe0c188a1,Orchid Elegance,orchid elegance,Reputed Developer / Co-op Housing Consortium,Mumbai,Khar & Santacruz West,IN,"Orchid Elegance, Khar & Santacruz West, Mumbai 400052, Maharashtra, India",400052,Gated Residential Society,0,48,P51800035844,19.075738,72.839295,Trophy / Ultra-Prime,osm_maharera_cadastral_enriched,0.88
1590f075-9ee5-4a04-9c69-7edcdb64a6b0,Anand,anand,Reputed Developer / Co-op Housing Consortium,Mumbai,Juhu & Vile Parle West,IN,"Anand, Juhu & Vile Parle West, Mumbai 400049, Maharashtra, India",400049,Gated Residential Society,0,48,P51800033063,19.115492,72.840287,Trophy / Ultra-Prime,osm_maharera_cadastral_enriched,0.88
3d4d9be6-c405-4438-b142-b8849a6a8559,Green Court,green court,Reputed Developer / Co-op Housing Consortium,Mumbai,Juhu & Vile Parle West,IN,"Green Court, Juhu & Vile Parle West, Mumbai 400049, Maharashtra, India",400049,Gated Residential Society,0,48,P51800084475,19.11338,72.839453,Trophy / Ultra-Prime,osm_maharera_cadastral_enriched,0.88
2ac9e709-bd6b-4a16-88a7-1436a60d8a36,Prasad,prasad,Reputed Developer / Co-op Housing Consortium,Mumbai,Malabar Hill & Walkeshwar,IN,"Prasad, Ruparel Cross Lane, Malabar Hill & Walkeshwar, Mumbai 400006, Maharashtra, India",400006,Gated Residential Society,0,48,P51900083764,18.955681,72.801567,Trophy / Ultra-Prime,osm_maharera_cadastral_enriched,0.88
43ab8839-2714-43dd-81b8-034577ac5f95,Jolly Maker 1 - B Wing,jolly maker 1 b wing,Reputed Developer / Co-op Housing Consortium,Mumbai,Colaba & Cuffe Parade,IN,"Jolly Maker 1 - B Wing, GD Somani Road, Colaba & Cuffe Parade, Mumbai 400005, Maharashtra, India",400005,Gated Residential Society,0,48,P51900020570,18.916042,72.818024,Trophy / Ultra-Prime,osm_maharera_cadastral_enriched,0.88
5979549c-ae5c-4ec6-b2b0-13e182d5a33d,Jolly Maker 1 - A Wing,jolly maker 1 a wing,Reputed Developer / Co-op Housing Consortium,Mumbai,Colaba & Cuffe Parade,IN,"Jolly Maker 1 - A Wing, GD Somani Road, Colaba & Cuffe Parade, Mumbai 400005, Maharashtra, India",400005,Gated Residential Society,0,48,P51900038546,18.915655,72.818555,Trophy / Ultra-Prime,osm_maharera_cadastral_enriched,0.88
55c896fc-e0b1-4298-a308-fb8786a72ea2,Sunita,sunita,Reputed Developer / Co-op Housing Consortium,Mumbai,Colaba & Cuffe Parade,IN,"Sunita, GD Somani Road, Colaba & Cuffe Parade, Mumbai 400005, Maharashtra, India",400005,Gated Residential Society,0,48,P51900048771,18.91644,72.818257,Trophy / Ultra-Prime,osm_maharera_cadastral_enriched,0.88
9318205b-a6ea-4250-9c4c-b91ed9b66694,Sea Lord B Wing,sea lord b wing,Reputed Developer / Co-op Housing Consortium,Mumbai,Colaba & Cuffe Parade,IN,"Sea Lord B Wing, Colaba & Cuffe Parade, Mumbai 400005, Maharashtra, India",400005,Gated Residential Society,0,48,P51900029520,18.91583,72.820713,Trophy / Ultra-Prime,osm_maharera_cadastral_enriched,0.88
8c11ae6f-9df5-4661-8a5c-746b52a3addf,Basant,basant,Reputed Developer / Co-op Housing Consortium,Mumbai,Colaba & Cuffe Parade,IN,"Basant, GD Somani Road, Colaba & Cuffe Parade, Mumbai 400005, Maharashtra, India",400005,Gated Residential Society,0,48,P51900051196,18.915542,72.819512,Trophy / Ultra-Prime,osm_maharera_cadastral_enriched,0.88
a69a6c2f-379f-4314-8356-28f13b20fd6b,Jolly Maker II,jolly maker ii,Reputed Developer / Co-op Housing Consortium,Mumbai,Colaba & Cuffe Parade,IN,"Jolly Maker II, TL Wasvani Road, Colaba & Cuffe Parade, Mumbai 400005, Maharashtra, India",400005,Gated Residential Society,0,48,P51900021372,18.915239,72.818928,Trophy / Ultra-Prime,osm_maharera_cadastral_enriched,0.88
18a417a9-f4d5-4f02-937d-21487cb75929,Casablanca,casablanca,Reputed Developer / Co-op Housing Consortium,Mumbai,Colaba & Cuffe Parade,IN,"Casablanca, TL Wasvani Road, Colaba & Cuffe Parade, Mumbai 400005, Maharashtra, India",400005,Gated Residential Society,0,48,P51900069034,18.914775,72.819585,Trophy / Ultra-Prime,osm_maharera_cadastral_enriched,0.88
39b9d206-0877-41c8-9062-5e8fd266dc6b,Persepolis,persepolis,Reputed Developer / Co-op Housing Consortium,Mumbai,Colaba & Cuffe Parade,IN,"Persepolis, GD Somani Road, Colaba & Cuffe Parade, Mumbai 400005, Maharashtra, India",400005,Gated Residential Society,0,48,P51900027276,18.915835,72.81911,Trophy / Ultra-Prime,osm_maharera_cadastral_enriched,0.88
bac7243f-4def-436f-aaca-667955ae4a4a,Sunflower,sunflower,Reputed Developer / Co-op Housing Consortium,Mumbai,Colaba & Cuffe Parade,IN,"Sunflower, GD Somani Road, Colaba & Cuffe Parade, Mumbai 400005, Maharashtra, India",400005,Gated Residential Society,0,48,P51900084752,18.916121,72.81871,Trophy / Ultra-Prime,osm_maharera_cadastral_enriched,0.88
a8a8565c-aeb2-4391-91f8-87de0fb5be24,Iris,iris,Reputed Developer / Co-op Housing Consortium,Mumbai,Colaba & Cuffe Parade,IN,"Iris, GD Somani Road, Colaba & Cuffe Parade, Mumbai 400005, Maharashtra, India",400005,Gated Residential Society,0,48,P51900040049,18.915215,72.819879,Trophy / Ultra-Prime,osm_maharera_cadastral_enriched,0.88
25ccce34-3a0d-46ec-82a5-c00244d6ac05,Palazzo Opulence,palazzo opulence,Reputed Developer / Co-op Housing Consortium,Mumbai,Khar & Santacruz West,IN,"Palazzo Opulence, Khar & Santacruz West, Mumbai 400052, Maharashtra, India",400052,Gated Residential Society,0,48,P51800097068,19.075582,72.832868,Trophy / Ultra-Prime,osm_maharera_cadastral_enriched,0.88
e3dd7780-9f75-499e-8e6b-beeabd3c4a88,Vishnu Dham,vishnu dham,Reputed Developer / Co-op Housing Consortium,Mumbai,Bandra West (Pali Hill & Bandstand),IN,"Vishnu Dham, Bandra West (Pali Hill & Bandstand), Mumbai 400050, Maharashtra, India",400050,Gated Residential Society,0,48,P51800022710,19.07412,72.833776,Trophy / Ultra-Prime,osm_maharera_cadastral_enriched,0.88
6cfc1d93-3ce3-42bc-a5fd-7c6c99ac739b,Asha,asha,Reputed Developer / Co-op Housing Consortium,Mumbai,Colaba & Cuffe Parade,IN,"Asha, New Navy Nagar, Colaba, Colaba & Cuffe Parade, Mumbai 400005, Maharashtra, India",400005,Gated Residential Society,0,48,P51900099908,18.909327,72.810481,Trophy / Ultra-Prime,osm_maharera_cadastral_enriched,0.88
d36290ad-70df-4042-9641-f94d45d1f631,Building No-Af2,building no af2,Reputed Developer / Co-op Housing Consortium,Mumbai,Colaba & Cuffe Parade,IN,"Building No-Af2, New Navy Nagar, Colaba, Colaba & Cuffe Parade, Mumbai 400005, Maharashtra, India",400005,Gated Residential Society,0,48,P51900029670,18.910433,72.811552,Trophy / Ultra-Prime,osm_maharera_cadastral_enriched,0.88
18d8cb91-0319-4101-ae60-08443bce0eb0,Building No-Ai2,building no ai2,Reputed Developer / Co-op Housing Consortium,Mumbai,Colaba & Cuffe Parade,IN,"Building No-Ai2, New Navy Nagar, Colaba, Colaba & Cuffe Parade, Mumbai 400005, Maharashtra, India",400005,Gated Residential Society,0,48,P51900038429,18.908624,72.812153,Trophy / Ultra-Prime,osm_maharera_cadastral_enriched,0.88
aacc76dc-7379-47cb-9219-0ce7a69795b3,Building No-Ah,building no ah,Reputed Developer / Co-op Housing Consortium,Mumbai,Colaba & Cuffe Parade,IN,"Building No-Ah, New Navy Nagar, Backbay Reclamation, Colaba, Colaba & Cuffe Parade, Mumbai 400005, Maharashtra, India",400005,Gated Residential Society,0,48,P51900023257,18.910405,72.812408,Trophy / Ultra-Prime,osm_maharera_cadastral_enriched,0.88
fc887541-e4c4-4e88-89ce-f53b2884e83e,Building No-Ah2,building no ah2,Reputed Developer / Co-op Housing Consortium,Mumbai,Colaba & Cuffe Parade,IN,"Building No-Ah2, New Navy Nagar, Colaba, Colaba & Cuffe Parade, Mumbai 400005, Maharashtra, India",400005,Gated Residential Society,0,48,P51900059946,18.910898,72.811899,Trophy / Ultra-Prime,osm_maharera_cadastral_enriched,0.88
87940f98-b7d0-4ae4-9a95-c522e98787a2,Building No-Ag,building no ag,Reputed Developer / Co-op Housing Consortium,Mumbai,Colaba & Cuffe Parade,IN,"Building No-Ag, New Navy Nagar, Backbay Reclamation, Colaba, Colaba & Cuffe Parade, Mumbai 400005, Maharashtra, India",400005,Gated Residential Society,0,48,P51900041762,18.910234,72.812276,Trophy / Ultra-Prime,osm_maharera_cadastral_enriched,0.88
7d4b1048-1216-4ff9-add5-6337998cc3ac,Building No-Ag2,building no ag2,Reputed Developer / Co-op Housing Consortium,Mumbai,Colaba & Cuffe Parade,IN,"Building No-Ag2, New Navy Nagar, Colaba, Colaba & Cuffe Parade, Mumbai 400005, Maharashtra, India",400005,Gated Residential Society,0,48,P51900084097,18.910614,72.811692,Trophy / Ultra-Prime,osm_maharera_cadastral_enriched,0.88
d5db98db-01bd-4f06-bc64-63ec40ee6b5a,Building No-Ad2,building no ad2,Reputed Developer / Co-op Housing Consortium,Mumbai,Colaba & Cuffe Parade,IN,"Building No-Ad2, New Navy Nagar, Colaba, Colaba & Cuffe Parade, Mumbai 400005, Maharashtra, India",400005,Gated Residential Society,0,48,P51900073320,18.910005,72.81128,Trophy / Ultra-Prime,osm_maharera_cadastral_enriched,0.88
96382b0d-9e13-4639-b5a5-b9938feb7337,Building No-Ai,building no ai,Reputed Developer / Co-op Housing Consortium,Mumbai,Colaba & Cuffe Parade,IN,"Building No-Ai, New Navy Nagar, Backbay Reclamation, Colaba, Colaba & Cuffe Parade, Mumbai 400005, Maharashtra, India",400005,Gated Residential Society,0,48,P51900034423,18.908834,72.812242,Trophy / Ultra-Prime,osm_maharera_cadastral_enriched,0.88
aa0bf10d-96c3-45a1-b6bd-362705e6e4a3,Building No-Ae2,building no ae2,Reputed Developer / Co-op Housing Consortium,Mumbai,Colaba & Cuffe Parade,IN,"Building No-Ae2, New Navy Nagar, Colaba, Colaba & Cuffe Parade, Mumbai 400005, Maharashtra, India",400005,Gated Residential Society,0,48,P51900030946,18.910199,72.811398,Trophy / Ultra-Prime,osm_maharera_cadastral_enriched,0.88
4cfa2f99-7b1a-4098-aa27-8cd36ced88cb,Building No-Aj,building no aj,Reputed Developer / Co-op Housing Consortium,Mumbai,Colaba & Cuffe Parade,IN,"Building No-Aj, New Navy Nagar, Backbay Reclamation, Colaba, Colaba & Cuffe Parade, Mumbai 400005, Maharashtra, India",400005,Gated Residential Society,0,48,P51900088192,18.908985,72.812313,Trophy / Ultra-Prime,osm_maharera_cadastral_enriched,0.88
8eff690f-7d45-4015-8d5b-600d0965a347,Building No-An,building no an,Reputed Developer / Co-op Housing Consortium,Mumbai,Colaba & Cuffe Parade,IN,"Building No-An, New Navy Nagar, Backbay Reclamation, Colaba, Colaba & Cuffe Parade, Mumbai 400005, Maharashtra, India",400005,Gated Residential Society,0,48,P51900057925,18.909666,72.812704,Trophy / Ultra-Prime,osm_maharera_cadastral_enriched,0.88
acfd07d9-d5e3-480a-b114-047634474db8,Commander Works Engineer,commander works engineer,Reputed Developer / Co-op Housing Consortium,Mumbai,Colaba & Cuffe Parade,IN,"Commander Works Engineer, New Navy Nagar, Backbay Reclamation, Colaba, Colaba & Cuffe Parade, Mumbai 400005, Maharashtra, India",400005,Gated Residential Society,0,48,P51900072100,18.9074,72.811166,Trophy / Ultra-Prime,osm_maharera_cadastral_enriched,0.88
45018658-0ad8-4dbe-a2bf-74c19b471da6,Rajdeep Building,rajdeep building,Reputed Developer / Co-op Housing Consortium,Mumbai,Malabar Hill & Walkeshwar,IN,"Rajdeep Building, Tukaram Javji Marg, Malabar Hill & Walkeshwar, Mumbai 400007, Maharashtra, India",400007,Gated Residential Society,0,48,P51900023480,18.965061,72.814882,Trophy / Ultra-Prime,osm_maharera_cadastral_enriched,0.88
2c26808c-45a2-4e8d-adcb-2bbbb8c431cc,Building No-Af,building no af,Reputed Developer / Co-op Housing Consortium,Mumbai,Colaba & Cuffe Parade,IN,"Building No-Af, New Navy Nagar, Backbay Reclamation, Colaba, Colaba & Cuffe Parade, Mumbai 400005, Maharashtra, India",400005,Gated Residential Society,0,48,P51900042225,18.91005,72.81212,Trophy / Ultra-Prime,osm_maharera_cadastral_enriched,0.88
395640df-b228-46dd-aeae-a2becff34b2d,Building No-Ae,building no ae,Reputed Developer / Co-op Housing Consortium,Mumbai,Colaba & Cuffe Parade,IN,"Building No-Ae, New Navy Nagar, Backbay Reclamation, Colaba, Colaba & Cuffe Parade, Mumbai 400005, Maharashtra, India",400005,Gated Residential Society,0,48,P51900027201,18.909864,72.812012,Trophy / Ultra-Prime,osm_maharera_cadastral_enriched,0.88
ef4e5b9c-fd88-48f3-84c7-a1be547af07d,Building No-Ab,building no ab,Reputed Developer / Co-op Housing Consortium,Mumbai,Colaba & Cuffe Parade,IN,"Building No-Ab, New Navy Nagar, Backbay Reclamation, Colaba, Colaba & Cuffe Parade, Mumbai 400005, Maharashtra, India",400005,Gated Residential Society,0,48,P51900056792,18.909273,72.811676,Trophy / Ultra-Prime,osm_maharera_cadastral_enriched,0.88
71473416-ab29-43c6-95e1-90d0647ee207,Building No-Am,building no am,Reputed Developer / Co-op Housing Consortium,Mumbai,Colaba & Cuffe Parade,IN,"Building No-Am, New Navy Nagar, Backbay Reclamation, Colaba, Colaba & Cuffe Parade, Mumbai 400005, Maharashtra, India",400005,Gated Residential Society,0,48,P51900066814,18.909535,72.812627,Trophy / Ultra-Prime,osm_maharera_cadastral_enriched,0.88
99e8044c-b4b0-4d3b-aa37-81cf3935fd82,Building No-Aa,building no aa,Reputed Developer / Co-op Housing Consortium,Mumbai,Colaba & Cuffe Parade,IN,"Building No-Aa, New Navy Nagar, Backbay Reclamation, Colaba, Colaba & Cuffe Parade, Mumbai 400005, Maharashtra, India",400005,Gated Residential Society,0,48,P51900060509,18.909081,72.811587,Trophy / Ultra-Prime,osm_maharera_cadastral_enriched,0.88
6bfb9feb-bef8-4747-a8e7-3a1dd977537f,Building No-Al,building no al,Reputed Developer / Co-op Housing Consortium,Mumbai,Colaba & Cuffe Parade,IN,"Building No-Al, New Navy Nagar, Backbay Reclamation, Colaba, Colaba & Cuffe Parade, Mumbai 400005, Maharashtra, India",400005,Gated Residential Society,0,48,P51900094121,18.909333,72.812498,Trophy / Ultra-Prime,osm_maharera_cadastral_enriched,0.88
6ea25699-78a3-4e69-9d0a-0c6cb9070e42,Building No-Ak,building no ak,Reputed Developer / Co-op Housing Consortium,Mumbai,Colaba & Cuffe Parade,IN,"Building No-Ak, New Navy Nagar, Backbay Reclamation, Colaba, Colaba & Cuffe Parade, Mumbai 400005, Maharashtra, India",400005,Gated Residential Society,0,48,P51900049694,18.909198,72.812421,Trophy / Ultra-Prime,osm_maharera_cadastral_enriched,0.88
91cf8c0c-66f5-4e3f-95b6-125a2c12a76b,Building No-Ac2,building no ac2,Reputed Developer / Co-op Housing Consortium,Mumbai,Colaba & Cuffe Parade,IN,"Building No-Ac2, New Navy Nagar, Colaba, Colaba & Cuffe Parade, Mumbai 400005, Maharashtra, India",400005,Gated Residential Society,0,48,P51900050193,18.909779,72.811148,Trophy / Ultra-Prime,osm_maharera_cadastral_enriched,0.88
5344570a-cc9b-4092-8095-600a6a3b7403,Building No-Ad,building no ad,Reputed Developer / Co-op Housing Consortium,Mumbai,Colaba & Cuffe Parade,IN,"Building No-Ad, New Navy Nagar, Backbay Reclamation, Colaba, Colaba & Cuffe Parade, Mumbai 400005, Maharashtra, India",400005,Gated Residential Society,0,48,P51900014008,18.909665,72.811895,Trophy / Ultra-Prime,osm_maharera_cadastral_enriched,0.88
01a5ea4f-8507-401f-90c0-f2f83cbe1e01,Building No-Ac,building no ac,Reputed Developer / Co-op Housing Consortium,Mumbai,Colaba & Cuffe Parade,IN,"Building No-Ac, New Navy Nagar, Backbay Reclamation, Colaba, Colaba & Cuffe Parade, Mumbai 400005, Maharashtra, India",400005,Gated Residential Society,0,48,P51900039634,18.909479,72.811778,Trophy / Ultra-Prime,osm_maharera_cadastral_enriched,0.88
914168b4-c1ab-494f-b588-eb786890193e,Block C,block c,Reputed Developer / Co-op Housing Consortium,Mumbai,Colaba & Cuffe Parade,IN,"Block C, Captain Prakash Pethe Marg, Colaba, Colaba & Cuffe Parade, Mumbai 400005, Maharashtra, India",400005,Gated Residential Society,0,48,P51900039567,18.918872,72.825883,Trophy / Ultra-Prime,osm_maharera_cadastral_enriched,0.88
76961dc6-66b3-474f-a3e2-e63b8adce46f,Block B,block b,Reputed Developer / Co-op Housing Consortium,Mumbai,Colaba & Cuffe Parade,IN,"Block B, Captain Prakash Pethe Marg, Colaba, Colaba & Cuffe Parade, Mumbai 400005, Maharashtra, India",400005,Gated Residential Society,0,48,P51900016864,18.918384,72.825696,Trophy / Ultra-Prime,osm_maharera_cadastral_enriched,0.88
2b0cad51-30ed-494e-8753-950ba54e4322,Churchill Chambers,churchill chambers,Reputed Developer / Co-op Housing Consortium,Mumbai,Marine Drive & Nariman Point,IN,"Churchill Chambers, B K Boman Behram Marg, Apollo Bandar, Colaba, Marine Drive & Nariman Point, Mumbai 400001, Maharashtra, India",400001,Gated Residential Society,0,48,P51900075150,18.921066,72.831929,Trophy / Ultra-Prime,osm_maharera_cadastral_enriched,0.88
a1b5d644-8e10-44d0-b97d-715168758b5a,Building No-Ap,building no ap,Reputed Developer / Co-op Housing Consortium,Mumbai,Colaba & Cuffe Parade,IN,"Building No-Ap, New Navy Nagar, Backbay Reclamation, Colaba, Colaba & Cuffe Parade, Mumbai 400005, Maharashtra, India",400005,Gated Residential Society,0,48,P51900045871,18.909975,72.812945,Trophy / Ultra-Prime,osm_maharera_cadastral_enriched,0.88
cd4f593e-cae8-4a73-9128-12bc8434daad,Lalit,lalit,Reputed Developer / Co-op Housing Consortium,Mumbai,Marine Drive & Nariman Point,IN,"Lalit, Marine Drive & Nariman Point, Mumbai 400020, Maharashtra, India",400020,Gated Residential Society,0,48,P51900064420,18.920635,72.826493,Trophy / Ultra-Prime,osm_maharera_cadastral_enriched,0.88
f8e61588-c9bf-4510-a334-1955adae1353,Sophia,sophia,Reputed Developer / Co-op Housing Consortium,Mumbai,Malabar Hill & Walkeshwar,IN,"Sophia, Malabar Hill & Walkeshwar, Mumbai 400006, Maharashtra, India",400006,Gated Residential Society,0,48,P51900081896,18.969764,72.807671,Trophy / Ultra-Prime,osm_maharera_cadastral_enriched,0.88
743ee13e-495c-4482-a3a1-e74b5eb3d3dd,Peru / 50 Tenements,peru 50 tenements,Reputed Developer / Co-op Housing Consortium,Mumbai,Worli & Prabhadevi,IN,"Peru / 50 Tenements, Gas Company Lane, Worli & Prabhadevi, Mumbai 400012, Maharashtra, India",400012,Gated Residential Society,0,48,P51900078748,18.990882,72.834887,Trophy / Ultra-Prime,osm_maharera_cadastral_enriched,0.88
2ac0f0b0-9051-4537-bd7c-5e9a9d337525,Las Palmas,las palmas,Reputed Developer / Co-op Housing Consortium,Mumbai,Malabar Hill & Walkeshwar,IN,"Las Palmas, Malabar Hill & Walkeshwar, Mumbai 400006, Maharashtra, India",400006,Gated Residential Society,0,48,P51900028279,18.957274,72.802981,Trophy / Ultra-Prime,osm_maharera_cadastral_enriched,0.88
5d8fc9b2-2cb2-4fca-993b-656a2586311b,Shivalik,shivalik,Reputed Developer / Co-op Housing Consortium,Mumbai,Powai (Hiranandani Gardens),IN,"Shivalik, Powai (Hiranandani Gardens), Mumbai 400076, Maharashtra, India",400076,Gated Residential Society,0,48,P51800090959,19.128151,72.917015,Trophy / Ultra-Prime,osm_maharera_cadastral_enriched,0.88
b6c71bc6-8de9-4c7f-a310-9f7c3b761060,Married Research Scholar's Building,married research scholar s building,Reputed Developer / Co-op Housing Consortium,Mumbai,Powai (Hiranandani Gardens),IN,"Married Research Scholar's Building, Powai (Hiranandani Gardens), Mumbai 400076, Maharashtra, India",400076,Gated Residential Society,0,48,P51800085869,19.135301,72.91844,Trophy / Ultra-Prime,osm_maharera_cadastral_enriched,0.88
b2729e2f-4a98-48c0-bcde-5c44caf3ea57,CSRE Building,csre building,Reputed Developer / Co-op Housing Consortium,Mumbai,Powai (Hiranandani Gardens),IN,"CSRE Building, Powai (Hiranandani Gardens), Mumbai 400076, Maharashtra, India",400076,Gated Residential Society,0,48,P51800078967,19.136392,72.916122,Trophy / Ultra-Prime,osm_maharera_cadastral_enriched,0.88
be23619a-d5a8-404b-8e76-9da72a20c61d,Buena Vista,buena vista,Reputed Developer / Co-op Housing Consortium,Mumbai,Worli & Prabhadevi,IN,"Buena Vista, Sir Pochkhanwala Marg, Worli & Prabhadevi, Mumbai 400030, Maharashtra, India",400030,Gated Residential Society,0,48,P51900059520,19.004568,72.815619,Trophy / Ultra-Prime,osm_maharera_cadastral_enriched,0.88
5136dcab-2473-4aed-91e0-029219f5142b,Ashish Wang,ashish wang,Reputed Developer / Co-op Housing Consortium,Mumbai,Worli & Prabhadevi,IN,"Ashish Wang, Sir Pochkhanwala Marg, Worli & Prabhadevi, Mumbai 400030, Maharashtra, India",400030,Gated Residential Society,0,48,P51900039870,19.00386,72.815161,Trophy / Ultra-Prime,osm_maharera_cadastral_enriched,0.88
95151a4b-5fd1-4d50-9cfa-064dafb50615,Bhoomi Tower,bhoomi tower,Reputed Developer / Co-op Housing Consortium,Mumbai,Khar & Santacruz West,IN,"Bhoomi Tower, Guru Narayan Marg, Khar & Santacruz West, Mumbai 400055, Maharashtra, India",400055,Luxury High-Rise Tower,0,48,P51800050232,19.081446,72.844618,Trophy / Ultra-Prime,osm_maharera_cadastral_enriched,0.88
a24b1e72-1307-447b-9e93-03537df5f3c2,Kalpana,kalpana,Reputed Developer / Co-op Housing Consortium,Mumbai,Khar & Santacruz West,IN,"Kalpana, Khar & Santacruz West, Mumbai 400052, Maharashtra, India",400052,Gated Residential Society,0,48,P51800093985,19.08546,72.839737,Trophy / Ultra-Prime,osm_maharera_cadastral_enriched,0.88
92a07376-29e1-48e4-b6af-0be5a8247e9e,cherry residency,cherry residency,Reputed Developer / Co-op Housing Consortium,Mumbai,BKC & Bandra East,IN,"cherry residency, Jawaharlal Nehru Road, BKC & Bandra East, Mumbai 400055, Maharashtra, India",400055,Gated Residential Society,0,48,P51800075070,19.079302,72.854878,Trophy / Ultra-Prime,osm_maharera_cadastral_enriched,0.88
f34b0ea8-9bbf-4acf-9442-7471f06b8c49,Meghwadi,meghwadi,Reputed Developer / Co-op Housing Consortium,Mumbai,Lower Parel & Mahalaxmi,IN,"Meghwadi, Lower Parel & Mahalaxmi, Mumbai 400013, Maharashtra, India",400013,Gated Residential Society,0,48,P51900094388,18.994601,72.838755,Trophy / Ultra-Prime,osm_maharera_cadastral_enriched,0.88
8b8cad5d-ef1d-4584-bf93-dde7cde739e6,Tulsi B Wing,tulsi b wing,Reputed Developer / Co-op Housing Consortium,Mumbai,Powai (Hiranandani Gardens),IN,"Tulsi B Wing, Powai (Hiranandani Gardens), Mumbai 400076, Maharashtra, India",400076,Gated Residential Society,0,48,P51800037044,19.138083,72.916114,Trophy / Ultra-Prime,osm_maharera_cadastral_enriched,0.88
08de46aa-15fc-47e9-a7a6-777383eedec3,B - 13,b 13,Reputed Developer / Co-op Housing Consortium,Mumbai,Powai (Hiranandani Gardens),IN,"B - 13, Powai (Hiranandani Gardens), Mumbai 400076, Maharashtra, India",400076,Gated Residential Society,0,48,P51800041180,19.12766,72.914439,Trophy / Ultra-Prime,osm_maharera_cadastral_enriched,0.88
de2e5a08-b437-413d-8afd-c904219b2ce4,White House A,white house a,Reputed Developer / Co-op Housing Consortium,Mumbai,Powai (Hiranandani Gardens),IN,"White House A, Powai (Hiranandani Gardens), Mumbai 400076, Maharashtra, India",400076,Gated Residential Society,0,48,P51800056347,19.12569,72.914548,Trophy / Ultra-Prime,osm_maharera_cadastral_enriched,0.88
32ad31ba-16d9-4595-bfd3-4d943fa6a219,White House B,white house b,Reputed Developer / Co-op Housing Consortium,Mumbai,Powai (Hiranandani Gardens),IN,"White House B, Powai (Hiranandani Gardens), Mumbai 400076, Maharashtra, India",400076,Gated Residential Society,0,48,P51800017434,19.125921,72.914587,Trophy / Ultra-Prime,osm_maharera_cadastral_enriched,0.88
479b7d4a-6b88-4d89-861a-db44e51539eb,Tulsi A Wing,tulsi a wing,Reputed Developer / Co-op Housing Consortium,Mumbai,Powai (Hiranandani Gardens),IN,"Tulsi A Wing, Powai (Hiranandani Gardens), Mumbai 400076, Maharashtra, India",400076,Gated Residential Society,0,48,P51800040569,19.138133,72.915831,Trophy / Ultra-Prime,osm_maharera_cadastral_enriched,0.88
e92c5d94-f967-438e-bea7-3540222e4ff1,Arristo Sapphire,arristo sapphire,Reputed Developer / Co-op Housing Consortium,Mumbai,Khar & Santacruz West,IN,"Arristo Sapphire, Hasanabad Road No 2, Khar & Santacruz West, Mumbai 400054, Maharashtra, India",400054,Gated Residential Society,0,48,P51800042054,19.077742,72.839269,Trophy / Ultra-Prime,osm_maharera_cadastral_enriched,0.88
56246fce-fc2f-48c8-b212-aac96cb89115,Hotel Karl Residency,hotel karl residency,Reputed Developer / Co-op Housing Consortium,Mumbai,Juhu & Vile Parle West,IN,"Hotel Karl Residency, Juhu & Vile Parle West, Mumbai 400049, Maharashtra, India",400049,Gated Residential Society,0,48,P51800048820,19.113034,72.844562,Trophy / Ultra-Prime,osm_maharera_cadastral_enriched,0.88
7e3a4071-036c-4081-b215-14aa3da8e7cc,Abhishek,abhishek,Reputed Developer / Co-op Housing Consortium,Mumbai,Juhu & Vile Parle West,IN,"Abhishek, Juhu & Vile Parle West, Mumbai 400049, Maharashtra, India",400049,Gated Residential Society,0,48,P51800030748,19.113162,72.842133,Trophy / Ultra-Prime,osm_maharera_cadastral_enriched,0.88
03f29544-a232-41ba-a79b-3df88c0c8337,2B - 24,2b 24,Reputed Developer / Co-op Housing Consortium,Mumbai,Powai (Hiranandani Gardens),IN,"2B - 24, Powai (Hiranandani Gardens), Mumbai 400076, Maharashtra, India",400076,Gated Residential Society,0,48,P51800096199,19.135657,72.915617,Trophy / Ultra-Prime,osm_maharera_cadastral_enriched,0.88
a1ead8c7-87e8-48c1-a2fc-0a9ee9875677,Royal Palace,royal palace,Reputed Developer / Co-op Housing Consortium,Mumbai,Worli & Prabhadevi,IN,"Royal Palace, Worli & Prabhadevi, Mumbai 400018, Maharashtra, India",400018,Luxury High-Rise Tower,0,48,P51900049618,19.007876,72.834295,Trophy / Ultra-Prime,osm_maharera_cadastral_enriched,0.88
e0bb38eb-c3e4-4794-a990-cb5491b7c626,Sanskar,sanskar,Reputed Developer / Co-op Housing Consortium,Mumbai,Juhu & Vile Parle West,IN,"Sanskar, Juhu & Vile Parle West, Mumbai 400049, Maharashtra, India",400049,Gated Residential Society,0,48,P51800076311,19.110146,72.826853,Trophy / Ultra-Prime,osm_maharera_cadastral_enriched,0.88
02f53bad-5a69-4db1-a634-61869021ea83,Vasant Villa,vasant villa,Reputed Developer / Co-op Housing Consortium,Mumbai,Juhu & Vile Parle West,IN,"Vasant Villa, Juhu & Vile Parle West, Mumbai 400049, Maharashtra, India",400049,Gated Residential Society,0,48,P51800029037,19.104105,72.828692,Trophy / Ultra-Prime,osm_maharera_cadastral_enriched,0.88
53f9ad02-a5e0-41fd-9b41-0f0c9b45cb3a,Archana Kutir,archana kutir,Reputed Developer / Co-op Housing Consortium,Mumbai,Juhu & Vile Parle West,IN,"Archana Kutir, Juhu & Vile Parle West, Mumbai 400049, Maharashtra, India",400049,Gated Residential Society,0,48,P51800058431,19.110027,72.82714,Trophy / Ultra-Prime,osm_maharera_cadastral_enriched,0.88
02d08e4b-acd9-459c-92c4-7d6de6268d5d,Hotel Radhakrishna,hotel radhakrishna,Reputed Developer / Co-op Housing Consortium,Mumbai,Khar & Santacruz West,IN,"Hotel Radhakrishna, Road No 6, Khar & Santacruz West, Mumbai 400055, Maharashtra, India",400055,Gated Residential Society,0,48,P51800061603,19.083396,72.842854,Trophy / Ultra-Prime,osm_maharera_cadastral_enriched,0.88
4b1ae128-c0bf-4a6d-8c2f-4dd2f9c87647,Building No-Ao,building no ao,Reputed Developer / Co-op Housing Consortium,Mumbai,Colaba & Cuffe Parade,IN,"Building No-Ao, New Navy Nagar, Backbay Reclamation, Colaba, Colaba & Cuffe Parade, Mumbai 400005, Maharashtra, India",400005,Gated Residential Society,0,48,P51900084345,18.909853,72.812865,Trophy / Ultra-Prime,osm_maharera_cadastral_enriched,0.88
29146e4f-0d25-4fda-96b2-8c8118ff8000,Ajinkya,ajinkya,Reputed Developer / Co-op Housing Consortium,Mumbai,Khar & Santacruz West,IN,"Ajinkya, Khar & Santacruz West, Mumbai 400052, Maharashtra, India",400052,Gated Residential Society,0,48,P51800036680,19.080243,72.83572,Trophy / Ultra-Prime,osm_maharera_cadastral_enriched,0.88
370ca0ed-af4a-45bc-b3da-273a8fd084f6,Sadashiv,sadashiv,Reputed Developer / Co-op Housing Consortium,Mumbai,Khar & Santacruz West,IN,"Sadashiv, Khar & Santacruz West, Mumbai 400052, Maharashtra, India",400052,Gated Residential Society,0,48,P51800053852,19.081947,72.836079,Trophy / Ultra-Prime,osm_maharera_cadastral_enriched,0.88
90f9829d-1a1d-41e5-929f-aac331416512,Jeevan,jeevan,Reputed Developer / Co-op Housing Consortium,Mumbai,Worli & Prabhadevi,IN,"Jeevan, Worli & Prabhadevi, Mumbai 400018, Maharashtra, India",400018,Gated Residential Society,0,48,P51900025381,19.020477,72.831587,Trophy / Ultra-Prime,osm_maharera_cadastral_enriched,0.88
f2bf882f-2b97-4460-8308-45a41cbba97c,Khar Ekta Tanna Kutir,khar ekta tanna kutir,Reputed Developer / Co-op Housing Consortium,Mumbai,Bandra West (Pali Hill & Bandstand),IN,"Khar Ekta Tanna Kutir, Bandra West (Pali Hill & Bandstand), Mumbai 400050, Maharashtra, India",400050,Gated Residential Society,0,48,P51800037743,19.073414,72.829939,Trophy / Ultra-Prime,osm_maharera_cadastral_enriched,0.88
62931f53-477d-42af-bc2b-c7d3736d502d,Utkarsh Building,utkarsh building,Reputed Developer / Co-op Housing Consortium,Mumbai,Worli & Prabhadevi,IN,"Utkarsh Building, Worli & Prabhadevi, Mumbai 400018, Maharashtra, India",400018,Gated Residential Society,0,48,P51900029518,19.012284,72.830173,Trophy / Ultra-Prime,osm_maharera_cadastral_enriched,0.88
fdff3294-6732-4142-ab2a-5ce67a925e18,Padmavati Darshan,padmavati darshan,Reputed Developer / Co-op Housing Consortium,Mumbai,Worli & Prabhadevi,IN,"Padmavati Darshan, Worli & Prabhadevi, Mumbai 400018, Maharashtra, India",400018,Gated Residential Society,0,48,P51900021058,19.00679,72.831059,Trophy / Ultra-Prime,osm_maharera_cadastral_enriched,0.88
7bd32fdf-4ffc-475a-8334-40419ef68833,Bhavanimata CHS,bhavanimata chs,Reputed Developer / Co-op Housing Consortium,Mumbai,Worli & Prabhadevi,IN,"Bhavanimata CHS, Worli & Prabhadevi, Mumbai 400018, Maharashtra, India",400018,Gated Residential Society,0,48,P51900018361,19.006946,72.831513,Trophy / Ultra-Prime,osm_maharera_cadastral_enriched,0.88
f24d55e4-1345-464d-833e-260c9794c352,Siddhi Sadan CHS,siddhi sadan chs,Reputed Developer / Co-op Housing Consortium,Mumbai,Worli & Prabhadevi,IN,"Siddhi Sadan CHS, Worli & Prabhadevi, Mumbai 400018, Maharashtra, India",400018,Gated Residential Society,0,48,P51900070976,19.007535,72.834184,Trophy / Ultra-Prime,osm_maharera_cadastral_enriched,0.88
f8944710-ae0e-414d-bbcf-660525660aba,Siddhi Prabha CHS,siddhi prabha chs,Reputed Developer / Co-op Housing Consortium,Mumbai,Worli & Prabhadevi,IN,"Siddhi Prabha CHS, Worli & Prabhadevi, Mumbai 400018, Maharashtra, India",400018,Gated Residential Society,0,48,P51900070852,19.012438,72.82817,Trophy / Ultra-Prime,osm_maharera_cadastral_enriched,0.88
041ab4bc-566f-4b8d-b1bc-332eb2fe59e2,Standard Prabha CHS,standard prabha chs,Reputed Developer / Co-op Housing Consortium,Mumbai,Worli & Prabhadevi,IN,"Standard Prabha CHS, Worli & Prabhadevi, Mumbai 400018, Maharashtra, India",400018,Gated Residential Society,0,48,P51900066856,19.012271,72.828212,Trophy / Ultra-Prime,osm_maharera_cadastral_enriched,0.88
f63dc5ce-6bdf-4267-94b8-d73d261f6565,Jodia Mansion,jodia mansion,Reputed Developer / Co-op Housing Consortium,Mumbai,Worli & Prabhadevi,IN,"Jodia Mansion, Worli & Prabhadevi, Mumbai 400018, Maharashtra, India",400018,Gated Residential Society,0,48,P51900013496,18.997917,72.82674,Trophy / Ultra-Prime,osm_maharera_cadastral_enriched,0.88
c458f13d-e53e-48b3-9cf7-82a4ef1fa30f,Badhwar Park Railway Officer's Residences,badhwar park railway officer s residences,Reputed Developer / Co-op Housing Consortium,Mumbai,Colaba & Cuffe Parade,IN,"Badhwar Park Railway Officer's Residences, Colaba & Cuffe Parade, Mumbai 400005, Maharashtra, India",400005,Luxury High-Rise Tower,0,48,P51900096631,18.919168,72.826473,Trophy / Ultra-Prime,osm_maharera_cadastral_enriched,0.88
b3c61393-d6b9-4f03-9a49-444fe2059000,Lifescapes Aquino,lifescapes aquino,Reputed Developer / Co-op Housing Consortium,Mumbai,Worli & Prabhadevi,IN,"Lifescapes Aquino, Worli & Prabhadevi, Mumbai 400018, Maharashtra, India",400018,Gated Residential Society,0,48,P51900066478,19.016222,72.825807,Trophy / Ultra-Prime,osm_maharera_cadastral_enriched,0.88
b6134aee-90fd-43de-b96d-54d58954c612,H1 - 5,h1 5,Reputed Developer / Co-op Housing Consortium,Mumbai,Powai (Hiranandani Gardens),IN,"H1 - 5, Powai (Hiranandani Gardens), Mumbai 400076, Maharashtra, India",400076,Gated Residential Society,0,48,P51800085752,19.136903,72.916588,Trophy / Ultra-Prime,osm_maharera_cadastral_enriched,0.88
f6050f9f-e250-4651-892a-c9d8c2948d65,H1 - 7,h1 7,Reputed Developer / Co-op Housing Consortium,Mumbai,Powai (Hiranandani Gardens),IN,"H1 - 7, Powai (Hiranandani Gardens), Mumbai 400076, Maharashtra, India",400076,Gated Residential Society,0,48,P51800013122,19.136589,72.916761,Trophy / Ultra-Prime,osm_maharera_cadastral_enriched,0.88
ec8e7d74-4b4d-4b9f-ac03-2234556a7094,Aravali,aravali,Reputed Developer / Co-op Housing Consortium,Mumbai,Powai (Hiranandani Gardens),IN,"Aravali, Powai (Hiranandani Gardens), Mumbai 400076, Maharashtra, India",400076,Gated Residential Society,0,48,P51800044070,19.137578,72.916001,Trophy / Ultra-Prime,osm_maharera_cadastral_enriched,0.88
1dc660fd-1dd3-4f64-9cbc-02dea009fcf9,H1 - 8,h1 8,Reputed Developer / Co-op Housing Consortium,Mumbai,Powai (Hiranandani Gardens),IN,"H1 - 8, Powai (Hiranandani Gardens), Mumbai 400076, Maharashtra, India",400076,Gated Residential Society,0,48,P51800058265,19.136487,72.916459,Trophy / Ultra-Prime,osm_maharera_cadastral_enriched,0.88
81d2906d-f63a-499c-af58-90930787b361,H1 - 6,h1 6,Reputed Developer / Co-op Housing Consortium,Mumbai,Powai (Hiranandani Gardens),IN,"H1 - 6, Powai (Hiranandani Gardens), Mumbai 400076, Maharashtra, India",400076,Gated Residential Society,0,48,P51800042605,19.136767,72.916297,Trophy / Ultra-Prime,osm_maharera_cadastral_enriched,0.88
27b1abbb-bda7-4ddf-ac6a-8071d35a82c2,Sainara,sainara,Reputed Developer / Co-op Housing Consortium,Mumbai,Colaba & Cuffe Parade,IN,"Sainara, Rambhau Salgaonkar Road, Colaba & Cuffe Parade, Mumbai 400005, Maharashtra, India",400005,Gated Residential Society,0,48,P51900066292,18.916237,72.823664,Trophy / Ultra-Prime,osm_maharera_cadastral_enriched,0.88
326e6e0c-49aa-46c3-afd7-7d27ab2bcaae,Vidhi Bhawan,vidhi bhawan,Reputed Developer / Co-op Housing Consortium,Mumbai,Marine Drive & Nariman Point,IN,"Vidhi Bhawan, Marine Drive & Nariman Point, Mumbai 400020, Maharashtra, India",400020,Gated Residential Society,0,48,P51900011585,18.922439,72.827083,Trophy / Ultra-Prime,osm_maharera_cadastral_enriched,0.88
d5d7975b-9a5d-4800-ab65-55a4ec34bde1,Neelambari,neelambari,Reputed Developer / Co-op Housing Consortium,Mumbai,Marine Drive & Nariman Point,IN,"Neelambari, Marine Drive & Nariman Point, Mumbai 400020, Maharashtra, India",400020,Gated Residential Society,0,48,P51900038768,18.922722,72.827602,Trophy / Ultra-Prime,osm_maharera_cadastral_enriched,0.88
4ab6213b-f138-4fd1-aa6e-38d035fdbc21,Bank of Baroda,bank of baroda,Reputed Developer / Co-op Housing Consortium,Mumbai,Marine Drive & Nariman Point,IN,"Bank of Baroda, Jagannath Bhosle Rd, Nariman Point, Marine Drive & Nariman Point, Mumbai 400021, Maharashtra, India",400021,Gated Residential Society,0,48,P51900058054,18.923911,72.827149,Trophy / Ultra-Prime,osm_maharera_cadastral_enriched,0.88
84826594-d540-4bd3-817f-15cb170d1ec6,Mehrina,mehrina,Reputed Developer / Co-op Housing Consortium,Mumbai,Malabar Hill & Walkeshwar,IN,"Mehrina, Godrej Baug Road, Malabar Hill & Walkeshwar, Mumbai 400036, Maharashtra, India",400036,Gated Residential Society,0,48,P51900047379,18.958265,72.801803,Trophy / Ultra-Prime,osm_maharera_cadastral_enriched,0.88
be8d4a14-0879-4b8c-8444-66be345d7f70,Jaldarshan Society,jaldarshan society,Reputed Developer / Co-op Housing Consortium,Mumbai,Malabar Hill & Walkeshwar,IN,"Jaldarshan Society, Laxmibai Jagmohandas Marg, Malabar Hill & Walkeshwar, Mumbai 400036, Maharashtra, India",400036,Gated Residential Society,0,48,P51900017693,18.958726,72.801168,Trophy / Ultra-Prime,osm_maharera_cadastral_enriched,0.88
998e5c13-ce90-413a-b8cd-7397c6ab7dbd,Acropolis,acropolis,Reputed Developer / Co-op Housing Consortium,Mumbai,Malabar Hill & Walkeshwar,IN,"Acropolis, K S Tayyabji Road No 2, Malabar Hill & Walkeshwar, Mumbai 400006, Maharashtra, India",400006,Gated Residential Society,0,48,P51900038602,18.955347,72.803455,Trophy / Ultra-Prime,osm_maharera_cadastral_enriched,0.88
b05d4ecf-eca0-47df-bb28-156c89cc0456,Laxmi,laxmi,Reputed Developer / Co-op Housing Consortium,Mumbai,Bandra West (Pali Hill & Bandstand),IN,"Laxmi, R. B. Vasudevrao Anant Bambardekar Road, Bandra West (Pali Hill & Bandstand), Mumbai 400050, Maharashtra, India",400050,Gated Residential Society,0,48,P51800092019,19.059059,72.839057,Trophy / Ultra-Prime,osm_maharera_cadastral_enriched,0.88
075e8796-6580-4fc7-b760-fedccd1f60fd,Bharat Petroleum Residential Colony,bharat petroleum residential colony,Reputed Developer / Co-op Housing Consortium,Mumbai,BKC & Bandra East,IN,"Bharat Petroleum Residential Colony, BKC & Bandra East, Mumbai 400051, Maharashtra, India",400051,Gated Residential Society,0,48,P51800020683,19.065896,72.856825,Trophy / Ultra-Prime,osm_maharera_cadastral_enriched,0.88
609c702f-d0c8-4a78-8bef-4c2342437efc,Prem Mayurasan,prem mayurasan,Reputed Developer / Co-op Housing Consortium,Mumbai,Bandra West (Pali Hill & Bandstand),IN,"Prem Mayurasan, Bandra West (Pali Hill & Bandstand), Mumbai 400050, Maharashtra, India",400050,Gated Residential Society,0,48,P51800043567,19.05838,72.839048,Trophy / Ultra-Prime,osm_maharera_cadastral_enriched,0.88
375d3c07-cd07-49d9-a9b7-4395408f769a,Grindlays Court,grindlays court,Reputed Developer / Co-op Housing Consortium,Mumbai,Bandra West (Pali Hill & Bandstand),IN,"Grindlays Court, Bandra West (Pali Hill & Bandstand), Mumbai 400050, Maharashtra, India",400050,Gated Residential Society,0,48,P51800045644,19.059561,72.838685,Trophy / Ultra-Prime,osm_maharera_cadastral_enriched,0.88
5b485efb-0861-403b-8536-64fb9df85295,Daulat House,daulat house,Reputed Developer / Co-op Housing Consortium,Mumbai,Bandra West (Pali Hill & Bandstand),IN,"Daulat House, Bandra West (Pali Hill & Bandstand), Mumbai 400050, Maharashtra, India",400050,Gated Residential Society,0,48,P51800088932,19.056797,72.839098,Trophy / Ultra-Prime,osm_maharera_cadastral_enriched,0.88
0dfba5c0-cef4-4403-9a84-c0d2de95fdbf,Rahat Manzil,rahat manzil,Reputed Developer / Co-op Housing Consortium,Mumbai,Bandra West (Pali Hill & Bandstand),IN,"Rahat Manzil, Bandra West (Pali Hill & Bandstand), Mumbai 400050, Maharashtra, India",400050,Gated Residential Society,0,48,P51800075981,19.058207,72.839203,Trophy / Ultra-Prime,osm_maharera_cadastral_enriched,0.88
96c286e1-5c5e-44e9-aec9-0269a5078788,Aradhana,aradhana,Reputed Developer / Co-op Housing Consortium,Mumbai,Bandra West (Pali Hill & Bandstand),IN,"Aradhana, Bandra West (Pali Hill & Bandstand), Mumbai 400050, Maharashtra, India",400050,Gated Residential Society,0,48,P51800081272,19.058815,72.838761,Trophy / Ultra-Prime,osm_maharera_cadastral_enriched,0.88
c63318ab-5c5e-4ce0-914d-a00c041a2686,Siddhivinayak,siddhivinayak,Reputed Developer / Co-op Housing Consortium,Mumbai,Bandra West (Pali Hill & Bandstand),IN,"Siddhivinayak, Bandra West (Pali Hill & Bandstand), Mumbai 400050, Maharashtra, India",400050,Gated Residential Society,0,48,P51800090138,19.058732,72.838455,Trophy / Ultra-Prime,osm_maharera_cadastral_enriched,0.88
f99bfdf8-2eff-4c85-a7cd-18b76e3106e3,Tara Mahal,tara mahal,Reputed Developer / Co-op Housing Consortium,Mumbai,Bandra West (Pali Hill & Bandstand),IN,"Tara Mahal, Bandra West (Pali Hill & Bandstand), Mumbai 400050, Maharashtra, India",400050,Gated Residential Society,0,48,P51800029709,19.067224,72.837768,Trophy / Ultra-Prime,osm_maharera_cadastral_enriched,0.88
d0ef2c96-6e24-44d6-8111-b476115943b7,MK Chambers,mk chambers,Reputed Developer / Co-op Housing Consortium,Mumbai,Bandra West (Pali Hill & Bandstand),IN,"MK Chambers, Bandra West (Pali Hill & Bandstand), Mumbai 400050, Maharashtra, India",400050,Gated Residential Society,0,48,P51800019469,19.057039,72.83896,Trophy / Ultra-Prime,osm_maharera_cadastral_enriched,0.88
6e587ed2-3d7d-474c-866a-7a82ebca9f92,Shakti Kunj,shakti kunj,Reputed Developer / Co-op Housing Consortium,Mumbai,Bandra West (Pali Hill & Bandstand),IN,"Shakti Kunj, Bandra West (Pali Hill & Bandstand), Mumbai 400050, Maharashtra, India",400050,Gated Residential Society,0,48,P51800011212,19.06612,72.838135,Trophy / Ultra-Prime,osm_maharera_cadastral_enriched,0.88
4844b1be-d76a-4eef-97a8-91337202fa42,Deccan House,deccan house,Reputed Developer / Co-op Housing Consortium,Mumbai,Bandra West (Pali Hill & Bandstand),IN,"Deccan House, Bandra West (Pali Hill & Bandstand), Mumbai 400050, Maharashtra, India",400050,Gated Residential Society,0,48,P51800055095,19.059307,72.838111,Trophy / Ultra-Prime,osm_maharera_cadastral_enriched,0.88
b778a7b9-1350-45b0-b9bb-b65ce8757b39,Gangotri,gangotri,Reputed Developer / Co-op Housing Consortium,Mumbai,Bandra West (Pali Hill & Bandstand),IN,"Gangotri, Bandra West (Pali Hill & Bandstand), Mumbai 400050, Maharashtra, India",400050,Gated Residential Society,0,48,P51800060032,19.0692,72.838139,Trophy / Ultra-Prime,osm_maharera_cadastral_enriched,0.88
a8319426-1e74-4e2a-bb88-d6d005dab5f6,Kakad Bhavan,kakad bhavan,Reputed Developer / Co-op Housing Consortium,Mumbai,Bandra West (Pali Hill & Bandstand),IN,"Kakad Bhavan, Bandra West (Pali Hill & Bandstand), Mumbai 400050, Maharashtra, India",400050,Gated Residential Society,0,48,P51800065067,19.061767,72.838254,Trophy / Ultra-Prime,osm_maharera_cadastral_enriched,0.88
8527ff53-63c1-41fa-aa4f-9ac5d7ef7823,Bandra Geet Gunjan,bandra geet gunjan,Reputed Developer / Co-op Housing Consortium,Mumbai,Bandra West (Pali Hill & Bandstand),IN,"Bandra Geet Gunjan, R. B. Vasudevrao Anant Bambardekar Road, Bandra West (Pali Hill & Bandstand), Mumbai 400050, Maharashtra, India",400050,Gated Residential Society,0,48,P51800015712,19.058862,72.839105,Trophy / Ultra-Prime,osm_maharera_cadastral_enriched,0.88
7df498cd-8cbb-4420-8c70-2d9fbe316e44,Sarvoday,sarvoday,Reputed Developer / Co-op Housing Consortium,Mumbai,Bandra West (Pali Hill & Bandstand),IN,"Sarvoday, Bandra West (Pali Hill & Bandstand), Mumbai 400050, Maharashtra, India",400050,Gated Residential Society,0,48,P51800067168,19.066263,72.838193,Trophy / Ultra-Prime,osm_maharera_cadastral_enriched,0.88
016588a5-141a-438a-96cc-6c257219046a,The Valentine Apartments,the valentine apartments,Reputed Developer / Co-op Housing Consortium,Mumbai,Bandra West (Pali Hill & Bandstand),IN,"The Valentine Apartments, Bandra West (Pali Hill & Bandstand), Mumbai 400050, Maharashtra, India",400050,Gated Residential Society,0,48,P51800020386,19.067438,72.838144,Trophy / Ultra-Prime,osm_maharera_cadastral_enriched,0.88
c6be5f13-04f5-4191-a8ae-12c8f48bea26,228,228,Reputed Developer / Co-op Housing Consortium,Mumbai,Bandra West (Pali Hill & Bandstand),IN,"228, Bandra West (Pali Hill & Bandstand), Mumbai 400050, Maharashtra, India",400050,Gated Residential Society,0,48,P51800097338,19.063371,72.837871,Trophy / Ultra-Prime,osm_maharera_cadastral_enriched,0.88
3b79be0b-97d2-4308-9ade-1a321d12c8b5,Deluxe Court,deluxe court,Reputed Developer / Co-op Housing Consortium,Mumbai,Bandra West (Pali Hill & Bandstand),IN,"Deluxe Court, Bandra West (Pali Hill & Bandstand), Mumbai 400050, Maharashtra, India",400050,Gated Residential Society,0,48,P51800071460,19.058638,72.83911,Trophy / Ultra-Prime,osm_maharera_cadastral_enriched,0.88
17d0d4de-c752-4d23-ba21-79b6fe9332cf,Jai Murli Govind,jai murli govind,Reputed Developer / Co-op Housing Consortium,Mumbai,Bandra West (Pali Hill & Bandstand),IN,"Jai Murli Govind, 5th Road, Bandra West (Pali Hill & Bandstand), Mumbai 400050, Maharashtra, India",400050,Gated Residential Society,0,48,P51800058654,19.067426,72.837759,Trophy / Ultra-Prime,osm_maharera_cadastral_enriched,0.88
ae9567c7-8f70-4491-94fd-4f19e56622ab,Sosar Solitaire,sosar solitaire,Reputed Developer / Co-op Housing Consortium,Mumbai,Bandra West (Pali Hill & Bandstand),IN,"Sosar Solitaire, Bandra West (Pali Hill & Bandstand), Mumbai 400050, Maharashtra, India",400050,Gated Residential Society,0,48,P51800083134,19.066137,72.83775,Trophy / Ultra-Prime,osm_maharera_cadastral_enriched,0.88
8f08f6e2-49b7-4209-8651-8b8f78f76317,Vindhiachal,vindhiachal,Reputed Developer / Co-op Housing Consortium,Mumbai,Bandra West (Pali Hill & Bandstand),IN,"Vindhiachal, Bandra West (Pali Hill & Bandstand), Mumbai 400050, Maharashtra, India",400050,Gated Residential Society,0,48,P51800016825,19.048869,72.822362,Trophy / Ultra-Prime,osm_maharera_cadastral_enriched,0.88
c003a2ba-3ccf-4c98-9682-8c51ab3e0b5b,Sai Ashish,sai ashish,Reputed Developer / Co-op Housing Consortium,Mumbai,Bandra West (Pali Hill & Bandstand),IN,"Sai Ashish, Tertullian Road, Bandra West (Pali Hill & Bandstand), Mumbai 400050, Maharashtra, India",400050,Gated Residential Society,0,48,P51800049064,19.049212,72.82346,Trophy / Ultra-Prime,osm_maharera_cadastral_enriched,0.88
a9a1b85a-cd22-4a5f-bf6c-294270425e97,Bhagtani Apartments,bhagtani apartments,Reputed Developer / Co-op Housing Consortium,Mumbai,Bandra West (Pali Hill & Bandstand),IN,"Bhagtani Apartments, St Roques Road, Bandra West (Pali Hill & Bandstand), Mumbai 400050, Maharashtra, India",400050,Gated Residential Society,0,48,P51800013008,19.053322,72.826019,Trophy / Ultra-Prime,osm_maharera_cadastral_enriched,0.88
60fcf44b-25d0-49d9-b23e-5d3ecb60b0ff,Sequilla,sequilla,Reputed Developer / Co-op Housing Consortium,Mumbai,Bandra West (Pali Hill & Bandstand),IN,"Sequilla, Dr. Peter Dias Road, Bandra West (Pali Hill & Bandstand), Mumbai 400050, Maharashtra, India",400050,Gated Residential Society,0,48,P51800049877,19.049385,72.824224,Trophy / Ultra-Prime,osm_maharera_cadastral_enriched,0.88
95a1d494-6ae3-447c-b155-008d45c6fae8,Roreyn Apartments,roreyn apartments,Reputed Developer / Co-op Housing Consortium,Mumbai,Bandra West (Pali Hill & Bandstand),IN,"Roreyn Apartments, Dr. Peter Dias Road, Bandra West (Pali Hill & Bandstand), Mumbai 400050, Maharashtra, India",400050,Gated Residential Society,0,48,P51800069308,19.049601,72.824232,Trophy / Ultra-Prime,osm_maharera_cadastral_enriched,0.88
ae10f3d7-4243-408e-ac81-528fb687bb43,Sea Glimpse,sea glimpse,Reputed Developer / Co-op Housing Consortium,Mumbai,Bandra West (Pali Hill & Bandstand),IN,"Sea Glimpse, HK Bhaba Road, Bandra West (Pali Hill & Bandstand), Mumbai 400050, Maharashtra, India",400050,Gated Residential Society,0,48,P51800046037,19.050197,72.822088,Trophy / Ultra-Prime,osm_maharera_cadastral_enriched,0.88
484ea700-8c30-41d3-afe1-ec49fd10af87,Kshitij,kshitij,Reputed Developer / Co-op Housing Consortium,Mumbai,Bandra West (Pali Hill & Bandstand),IN,"Kshitij, Bandra West (Pali Hill & Bandstand), Mumbai 400050, Maharashtra, India",400050,Gated Residential Society,0,48,P51800054524,19.054131,72.825575,Trophy / Ultra-Prime,osm_maharera_cadastral_enriched,0.88
0a8b7f34-2e48-4487-aed5-517760d25f31,Hillary Apartments,hillary apartments,Reputed Developer / Co-op Housing Consortium,Mumbai,Bandra West (Pali Hill & Bandstand),IN,"Hillary Apartments, St Roques Road, Bandra West (Pali Hill & Bandstand), Mumbai 400050, Maharashtra, India",400050,Gated Residential Society,0,48,P51800083186,19.053153,72.826318,Trophy / Ultra-Prime,osm_maharera_cadastral_enriched,0.88
e08e7274-1c56-4870-b01a-8bdcbce2fc64,Sarita,sarita,Reputed Developer / Co-op Housing Consortium,Mumbai,Bandra West (Pali Hill & Bandstand),IN,"Sarita, HK Bhaba Road, Bandra West (Pali Hill & Bandstand), Mumbai 400050, Maharashtra, India",400050,Gated Residential Society,0,48,P51800052524,19.049458,72.82163,Trophy / Ultra-Prime,osm_maharera_cadastral_enriched,0.88
8ffd9e09-8b43-411b-a059-cc895563e9c8,Neelam,neelam,Reputed Developer / Co-op Housing Consortium,Mumbai,Bandra West (Pali Hill & Bandstand),IN,"Neelam, Bandra West (Pali Hill & Bandstand), Mumbai 400050, Maharashtra, India",400050,Gated Residential Society,0,48,P51800058588,19.049182,72.822887,Trophy / Ultra-Prime,osm_maharera_cadastral_enriched,0.88
73ce946d-619d-434d-acdb-15115fdaaef0,Alvorada,alvorada,Reputed Developer / Co-op Housing Consortium,Mumbai,Bandra West (Pali Hill & Bandstand),IN,"Alvorada, St Roques Road, Bandra West (Pali Hill & Bandstand), Mumbai 400050, Maharashtra, India",400050,Gated Residential Society,0,48,P51800096671,19.053099,72.826036,Trophy / Ultra-Prime,osm_maharera_cadastral_enriched,0.88
fb183c29-8f7f-4e15-b34f-05721797bb49,Rodhol,rodhol,Reputed Developer / Co-op Housing Consortium,Mumbai,Bandra West (Pali Hill & Bandstand),IN,"Rodhol, St Roques Road, Bandra West (Pali Hill & Bandstand), Mumbai 400050, Maharashtra, India",400050,Gated Residential Society,0,48,P51800078833,19.052951,72.826929,Trophy / Ultra-Prime,osm_maharera_cadastral_enriched,0.88
19ef31de-127f-468e-b503-e096f7c9afd7,The Nest,the nest,Reputed Developer / Co-op Housing Consortium,Mumbai,Bandra West (Pali Hill & Bandstand),IN,"The Nest, Bandra West (Pali Hill & Bandstand), Mumbai 400050, Maharashtra, India",400050,Gated Residential Society,0,48,P51800095502,19.052845,72.826132,Trophy / Ultra-Prime,osm_maharera_cadastral_enriched,0.88
130b5782-1659-4614-adb1-8d472d3ba372,Deep Bella,deep bella,Reputed Developer / Co-op Housing Consortium,Mumbai,Bandra West (Pali Hill & Bandstand),IN,"Deep Bella, Bandra West (Pali Hill & Bandstand), Mumbai 400050, Maharashtra, India",400050,Gated Residential Society,0,48,P51800064479,19.05106,72.822483,Trophy / Ultra-Prime,osm_maharera_cadastral_enriched,0.88
3cde271b-2b73-4a19-9ec3-28e8655dbd28,Imaculata,imaculata,Reputed Developer / Co-op Housing Consortium,Mumbai,Bandra West (Pali Hill & Bandstand),IN,"Imaculata, Bandra West (Pali Hill & Bandstand), Mumbai 400050, Maharashtra, India",400050,Gated Residential Society,0,48,P51800046636,19.049094,72.82395,Trophy / Ultra-Prime,osm_maharera_cadastral_enriched,0.88
5900b8cf-7ffc-40db-a1ee-ccdc520b6557,Symbol,symbol,Reputed Developer / Co-op Housing Consortium,Mumbai,Bandra West (Pali Hill & Bandstand),IN,"Symbol, Tertullian Road, Bandra West (Pali Hill & Bandstand), Mumbai 400050, Maharashtra, India",400050,Gated Residential Society,0,48,P51800060751,19.04944,72.823701,Trophy / Ultra-Prime,osm_maharera_cadastral_enriched,0.88
11877e75-8e38-444f-9c2b-3e20ff4b64be,Dattani Palace,dattani palace,Reputed Developer / Co-op Housing Consortium,Mumbai,Bandra West (Pali Hill & Bandstand),IN,"Dattani Palace, Byramji Jeejeebhoy Road, Bandra West (Pali Hill & Bandstand), Mumbai 400050, Maharashtra, India",400050,Luxury High-Rise Tower,0,48,P51800032436,19.05188,72.822067,Trophy / Ultra-Prime,osm_maharera_cadastral_enriched,0.88
11febaa8-f678-458a-b703-108730090824,Vinaper Castle,vinaper castle,Reputed Developer / Co-op Housing Consortium,Mumbai,Bandra West (Pali Hill & Bandstand),IN,"Vinaper Castle, Pereira Road, Bandra West (Pali Hill & Bandstand), Mumbai 400050, Maharashtra, India",400050,Gated Residential Society,0,48,P51800087571,19.051079,72.822086,Trophy / Ultra-Prime,osm_maharera_cadastral_enriched,0.88
90580d04-3e7f-49f9-8cb2-822632e0e269,Hill Heaven,hill heaven,Reputed Developer / Co-op Housing Consortium,Mumbai,Bandra West (Pali Hill & Bandstand),IN,"Hill Heaven, Bandra West (Pali Hill & Bandstand), Mumbai 400050, Maharashtra, India",400050,Gated Residential Society,0,48,P51800088406,19.052097,72.823764,Trophy / Ultra-Prime,osm_maharera_cadastral_enriched,0.88
7f05708d-fee8-42d5-85eb-6231f22478b5,Savia,savia,Reputed Developer / Co-op Housing Consortium,Mumbai,Bandra West (Pali Hill & Bandstand),IN,"Savia, Cross Road 2, Bandra West (Pali Hill & Bandstand), Mumbai 400050, Maharashtra, India",400050,Gated Residential Society,0,48,P51800040558,19.04929,72.824843,Trophy / Ultra-Prime,osm_maharera_cadastral_enriched,0.88
ac51f8f0-f874-4b2e-8658-75b8072d8606,Concord,concord,Reputed Developer / Co-op Housing Consortium,Mumbai,Bandra West (Pali Hill & Bandstand),IN,"Concord, Cross Road 2, Bandra West (Pali Hill & Bandstand), Mumbai 400050, Maharashtra, India",400050,Gated Residential Society,0,48,P51800056869,19.049353,72.824691,Trophy / Ultra-Prime,osm_maharera_cadastral_enriched,0.88
83f868cc-c0b9-4039-8687-ee24bf80077f,Mount Pleasant,mount pleasant,Reputed Developer / Co-op Housing Consortium,Mumbai,Bandra West (Pali Hill & Bandstand),IN,"Mount Pleasant, Bandra West (Pali Hill & Bandstand), Mumbai 400050, Maharashtra, India",400050,Gated Residential Society,0,48,P51800069410,19.051702,72.823451,Trophy / Ultra-Prime,osm_maharera_cadastral_enriched,0.88
a29dac3e-4355-43f2-990d-1afe8525a21a,Benmar,benmar,Reputed Developer / Co-op Housing Consortium,Mumbai,Bandra West (Pali Hill & Bandstand),IN,"Benmar, Bandra West (Pali Hill & Bandstand), Mumbai 400050, Maharashtra, India",400050,Gated Residential Society,0,48,P51800082409,19.053071,72.825537,Trophy / Ultra-Prime,osm_maharera_cadastral_enriched,0.88
6312b848-8697-4e37-b404-7cd38e763889,Bandra Nisha,bandra nisha,Reputed Developer / Co-op Housing Consortium,Mumbai,Bandra West (Pali Hill & Bandstand),IN,"Bandra Nisha, Rebello Road, Bandra West (Pali Hill & Bandstand), Mumbai 400050, Maharashtra, India",400050,Gated Residential Society,0,48,P51800033810,19.048868,72.824916,Trophy / Ultra-Prime,osm_maharera_cadastral_enriched,0.88
faa6da12-8fff-47d3-a3aa-0c6313e7d200,Savia II,savia ii,Reputed Developer / Co-op Housing Consortium,Mumbai,Bandra West (Pali Hill & Bandstand),IN,"Savia II, Cross Road 2, Bandra West (Pali Hill & Bandstand), Mumbai 400050, Maharashtra, India",400050,Gated Residential Society,0,48,P51800076441,19.049243,72.825012,Trophy / Ultra-Prime,osm_maharera_cadastral_enriched,0.88
64728c0d-3d2a-4b8e-bc89-ef294d05307b,Island Heights,island heights,Reputed Developer / Co-op Housing Consortium,Mumbai,Bandra West (Pali Hill & Bandstand),IN,"Island Heights, Mount Mary Road, Bandra West (Pali Hill & Bandstand), Mumbai 400050, Maharashtra, India",400050,Luxury High-Rise Tower,0,48,P51800052393,19.050117,72.822543,Trophy / Ultra-Prime,osm_maharera_cadastral_enriched,0.88
fbf3e283-c361-40c7-be49-e33d149b3405,Gemstone,gemstone,Reputed Developer / Co-op Housing Consortium,Mumbai,Bandra West (Pali Hill & Bandstand),IN,"Gemstone, St Roques Road, Bandra West (Pali Hill & Bandstand), Mumbai 400050, Maharashtra, India",400050,Gated Residential Society,0,48,P51800021009,19.052384,72.826119,Trophy / Ultra-Prime,osm_maharera_cadastral_enriched,0.88
2a0498e1-61d6-4404-9cf7-faaa80919e0f,Royal Manor,royal manor,Reputed Developer / Co-op Housing Consortium,Mumbai,Bandra West (Pali Hill & Bandstand),IN,"Royal Manor, Veronica Street, Bandra West (Pali Hill & Bandstand), Mumbai 400050, Maharashtra, India",400050,Gated Residential Society,0,48,P51800079845,19.05307,72.827266,Trophy / Ultra-Prime,osm_maharera_cadastral_enriched,0.88
299bb49c-e96e-40e9-ac8f-4d25367c7669,Le Fonz,le fonz,Reputed Developer / Co-op Housing Consortium,Mumbai,Bandra West (Pali Hill & Bandstand),IN,"Le Fonz, Mount Carmel Road, Bandra West (Pali Hill & Bandstand), Mumbai 400050, Maharashtra, India",400050,Gated Residential Society,0,48,P51800029036,19.051736,72.827032,Trophy / Ultra-Prime,osm_maharera_cadastral_enriched,0.88
aa7d971a-ad4a-4c7c-892d-741f246fa6d2,Reggo Manor,reggo manor,Reputed Developer / Co-op Housing Consortium,Mumbai,Bandra West (Pali Hill & Bandstand),IN,"Reggo Manor, Mount Carmel Road, Bandra West (Pali Hill & Bandstand), Mumbai 400050, Maharashtra, India",400050,Gated Residential Society,0,48,P51800041263,19.051573,72.827443,Trophy / Ultra-Prime,osm_maharera_cadastral_enriched,0.88
570bef61-4b6e-4b5b-ab3c-0468d3820c8a,Azure,azure,Reputed Developer / Co-op Housing Consortium,Mumbai,Bandra West (Pali Hill & Bandstand),IN,"Azure, Rebello Road, Bandra West (Pali Hill & Bandstand), Mumbai 400050, Maharashtra, India",400050,Gated Residential Society,0,48,P51800016454,19.051993,72.827053,Trophy / Ultra-Prime,osm_maharera_cadastral_enriched,0.88
fd26f630-ee2d-4830-9a97-3aae9b335d12,Royal Arch,royal arch,Reputed Developer / Co-op Housing Consortium,Mumbai,Bandra West (Pali Hill & Bandstand),IN,"Royal Arch, Bandra West (Pali Hill & Bandstand), Mumbai 400050, Maharashtra, India",400050,Gated Residential Society,0,48,P51800090093,19.050425,72.824156,Trophy / Ultra-Prime,osm_maharera_cadastral_enriched,0.88
d142d4dc-0404-4bce-aead-8ec55661d88b,Helena,helena,Reputed Developer / Co-op Housing Consortium,Mumbai,Bandra West (Pali Hill & Bandstand),IN,"Helena, Mount Carmel Road, Bandra West (Pali Hill & Bandstand), Mumbai 400050, Maharashtra, India",400050,Gated Residential Society,0,48,P51800022220,19.051786,72.826882,Trophy / Ultra-Prime,osm_maharera_cadastral_enriched,0.88
dfba1e2a-ff73-410b-b74a-f16023297c98,Golden Ferns,golden ferns,Reputed Developer / Co-op Housing Consortium,Mumbai,Bandra West (Pali Hill & Bandstand),IN,"Golden Ferns, Rebello Road, Bandra West (Pali Hill & Bandstand), Mumbai 400050, Maharashtra, India",400050,Gated Residential Society,0,48,P51800066499,19.052112,72.82708,Trophy / Ultra-Prime,osm_maharera_cadastral_enriched,0.88
2eae7e3a-cf64-429e-8dd9-70adfca33edd,Bela-Rose,bela rose,Reputed Developer / Co-op Housing Consortium,Mumbai,Bandra West (Pali Hill & Bandstand),IN,"Bela-Rose, Rebello Road, Bandra West (Pali Hill & Bandstand), Mumbai 400050, Maharashtra, India",400050,Gated Residential Society,0,48,P51800075728,19.051945,72.82641,Trophy / Ultra-Prime,osm_maharera_cadastral_enriched,0.88
f96ff736-383e-4ecd-8c55-cfbce66f0632,Mount View,mount view,Reputed Developer / Co-op Housing Consortium,Mumbai,Bandra West (Pali Hill & Bandstand),IN,"Mount View, Bandra West (Pali Hill & Bandstand), Mumbai 400050, Maharashtra, India",400050,Gated Residential Society,0,48,P51800071483,19.048067,72.825641,Trophy / Ultra-Prime,osm_maharera_cadastral_enriched,0.88
92617e5a-c0e2-4c9f-8a62-411a0aacf4f3,GIC Officers' Quarters,gic officers quarters,Reputed Developer / Co-op Housing Consortium,Mumbai,Bandra West (Pali Hill & Bandstand),IN,"GIC Officers' Quarters, Bandra West (Pali Hill & Bandstand), Mumbai 400050, Maharashtra, India",400050,Gated Residential Society,0,48,P51800010826,19.048979,72.827241,Trophy / Ultra-Prime,osm_maharera_cadastral_enriched,0.88
039d6c31-a8e8-40b4-9857-a8ae04cb5a87,Esmeralda Apartments,esmeralda apartments,Reputed Developer / Co-op Housing Consortium,Mumbai,Bandra West (Pali Hill & Bandstand),IN,"Esmeralda Apartments, St John Baptist Road, Bandra West (Pali Hill & Bandstand), Mumbai 400050, Maharashtra, India",400050,Gated Residential Society,0,48,P51800042301,19.047986,72.826153,Trophy / Ultra-Prime,osm_maharera_cadastral_enriched,0.88
467a5276-ca3a-4701-8544-d169b67c2944,D-1 Kalol,d 1 kalol,Reputed Developer / Co-op Housing Consortium,Mumbai,Bandra West (Pali Hill & Bandstand),IN,"D-1 Kalol, K C Marg, Bandra West (Pali Hill & Bandstand), Mumbai 400050, Maharashtra, India",400050,Gated Residential Society,0,48,P51800033170,19.048491,72.827687,Trophy / Ultra-Prime,osm_maharera_cadastral_enriched,0.88
cb64d1cf-5bac-4d1e-b05f-3fca13d53fc3,Gloria,gloria,Reputed Developer / Co-op Housing Consortium,Mumbai,Bandra West (Pali Hill & Bandstand),IN,"Gloria, Bandra West (Pali Hill & Bandstand), Mumbai 400050, Maharashtra, India",400050,Gated Residential Society,0,48,P51800058536,19.04782,72.825169,Trophy / Ultra-Prime,osm_maharera_cadastral_enriched,0.88
b6095f60-4d91-4c27-bfff-59abd3eb2788,Adore,adore,Reputed Developer / Co-op Housing Consortium,Mumbai,Bandra West (Pali Hill & Bandstand),IN,"Adore, Rebello Road, Bandra West (Pali Hill & Bandstand), Mumbai 400050, Maharashtra, India",400050,Gated Residential Society,0,48,P51800095778,19.049696,72.825452,Trophy / Ultra-Prime,osm_maharera_cadastral_enriched,0.88
50b0378b-69f3-470a-858b-ecaeac903581,Excella,excella,Reputed Developer / Co-op Housing Consortium,Mumbai,Bandra West (Pali Hill & Bandstand),IN,"Excella, Bandra West (Pali Hill & Bandstand), Mumbai 400050, Maharashtra, India",400050,Gated Residential Society,0,48,P51800078043,19.049919,72.825775,Trophy / Ultra-Prime,osm_maharera_cadastral_enriched,0.88
ab60050f-4730-4131-b5c5-05a02613a98e,D-3 Champang,d 3 champang,Reputed Developer / Co-op Housing Consortium,Mumbai,Bandra West (Pali Hill & Bandstand),IN,"D-3 Champang, K C Marg, Bandra West (Pali Hill & Bandstand), Mumbai 400050, Maharashtra, India",400050,Gated Residential Society,0,48,P51800080977,19.049111,72.827984,Trophy / Ultra-Prime,osm_maharera_cadastral_enriched,0.88
29806f6e-26e3-414b-9081-5a8d73146af9,Phalshruti,phalshruti,Reputed Developer / Co-op Housing Consortium,Mumbai,Bandra West (Pali Hill & Bandstand),IN,"Phalshruti, K C Marg, Bandra West (Pali Hill & Bandstand), Mumbai 400050, Maharashtra, India",400050,Gated Residential Society,0,48,P51800080952,19.051346,72.82965,Trophy / Ultra-Prime,osm_maharera_cadastral_enriched,0.88
9e6c2e92-de78-47ec-bbc2-2c14957a40ed,D-2 Navagam,d 2 navagam,Reputed Developer / Co-op Housing Consortium,Mumbai,Bandra West (Pali Hill & Bandstand),IN,"D-2 Navagam, K C Marg, Bandra West (Pali Hill & Bandstand), Mumbai 400050, Maharashtra, India",400050,Gated Residential Society,0,48,P51800056957,19.048814,72.827839,Trophy / Ultra-Prime,osm_maharera_cadastral_enriched,0.88
4de2ef33-54c3-4e42-9faa-9b4a14cdc330,Rinkle,rinkle,Reputed Developer / Co-op Housing Consortium,Mumbai,Bandra West (Pali Hill & Bandstand),IN,"Rinkle, St John Baptist Road, Bandra West (Pali Hill & Bandstand), Mumbai 400050, Maharashtra, India",400050,Gated Residential Society,0,48,P51800027813,19.048247,72.825745,Trophy / Ultra-Prime,osm_maharera_cadastral_enriched,0.88
0da3e1a5-ab7d-4d84-a7b5-74daa4f513ed,Noorani Apartments,noorani apartments,Reputed Developer / Co-op Housing Consortium,Mumbai,Bandra West (Pali Hill & Bandstand),IN,"Noorani Apartments, Rebello Road, Bandra West (Pali Hill & Bandstand), Mumbai 400050, Maharashtra, India",400050,Gated Residential Society,0,48,P51800026013,19.049443,72.82541,Trophy / Ultra-Prime,osm_maharera_cadastral_enriched,0.88
130045d4-cf0b-4617-bbfd-6148ba19d4f8,Jasmine Nook,jasmine nook,Reputed Developer / Co-op Housing Consortium,Mumbai,Bandra West (Pali Hill & Bandstand),IN,"Jasmine Nook, Rebello Road, Bandra West (Pali Hill & Bandstand), Mumbai 400050, Maharashtra, India",400050,Gated Residential Society,0,48,P51800045017,19.050113,72.825533,Trophy / Ultra-Prime,osm_maharera_cadastral_enriched,0.88
b65c5156-fece-4652-872a-ae2aab37c2cd,Montevideo,montevideo,Reputed Developer / Co-op Housing Consortium,Mumbai,Bandra West (Pali Hill & Bandstand),IN,"Montevideo, Bandra West (Pali Hill & Bandstand), Mumbai 400050, Maharashtra, India",400050,Gated Residential Society,0,48,P51800012668,19.049128,72.825324,Trophy / Ultra-Prime,osm_maharera_cadastral_enriched,0.88
da7ef309-5589-4a18-91ac-62c45b08e7af,Sarita,sarita,Reputed Developer / Co-op Housing Consortium,Mumbai,Bandra West (Pali Hill & Bandstand),IN,"Sarita, Bandra West (Pali Hill & Bandstand), Mumbai 400050, Maharashtra, India",400050,Gated Residential Society,0,48,P51800052524,19.052706,72.832247,Trophy / Ultra-Prime,osm_maharera_cadastral_enriched,0.88
2d3be20b-ed29-4856-bf18-d93778de715f,Sunray,sunray,Reputed Developer / Co-op Housing Consortium,Mumbai,Bandra West (Pali Hill & Bandstand),IN,"Sunray, Bandra West (Pali Hill & Bandstand), Mumbai 400050, Maharashtra, India",400050,Gated Residential Society,0,48,P51800061113,19.049002,72.825583,Trophy / Ultra-Prime,osm_maharera_cadastral_enriched,0.88
62ef2df4-bcb7-43c1-be63-2b1fe6ad593f,Matai Mansion,matai mansion,Reputed Developer / Co-op Housing Consortium,Mumbai,Bandra West (Pali Hill & Bandstand),IN,"Matai Mansion, Bandra West (Pali Hill & Bandstand), Mumbai 400050, Maharashtra, India",400050,Gated Residential Society,0,48,P51800031390,19.048834,72.825835,Trophy / Ultra-Prime,osm_maharera_cadastral_enriched,0.88
52df9b3c-43f9-4c62-a7d9-9180391ef35f,Blue Heaven,blue heaven,Reputed Developer / Co-op Housing Consortium,Mumbai,Bandra West (Pali Hill & Bandstand),IN,"Blue Heaven, Bandra West (Pali Hill & Bandstand), Mumbai 400050, Maharashtra, India",400050,Gated Residential Society,0,48,P51800090156,19.048514,72.825223,Trophy / Ultra-Prime,osm_maharera_cadastral_enriched,0.88
400c47b4-28fe-446d-93de-f0f612c0298d,Manas,manas,Reputed Developer / Co-op Housing Consortium,Mumbai,Bandra West (Pali Hill & Bandstand),IN,"Manas, Bandra West (Pali Hill & Bandstand), Mumbai 400050, Maharashtra, India",400050,Gated Residential Society,0,48,P51800095528,19.052247,72.83159,Trophy / Ultra-Prime,osm_maharera_cadastral_enriched,0.88
643e237e-cc10-43dc-b8fb-3e122d726787,Sona,sona,Reputed Developer / Co-op Housing Consortium,Mumbai,Bandra West (Pali Hill & Bandstand),IN,"Sona, Bandra West (Pali Hill & Bandstand), Mumbai 400050, Maharashtra, India",400050,Gated Residential Society,0,48,P51800017361,19.049771,72.82763,Trophy / Ultra-Prime,osm_maharera_cadastral_enriched,0.88
88bc14f8-47e8-4a0a-9590-863688211ea1,Utsahi Maratha Mandal CHS,utsahi maratha mandal chs,Reputed Developer / Co-op Housing Consortium,Mumbai,Bandra West (Pali Hill & Bandstand),IN,"Utsahi Maratha Mandal CHS, Bandra West (Pali Hill & Bandstand), Mumbai 400050, Maharashtra, India",400050,Gated Residential Society,0,48,P51800024130,19.048124,72.825355,Trophy / Ultra-Prime,osm_maharera_cadastral_enriched,0.88
eb584e64-b0ff-436c-8f21-9403fcf8ab8e,Kaustubha,kaustubha,Reputed Developer / Co-op Housing Consortium,Mumbai,Bandra West (Pali Hill & Bandstand),IN,"Kaustubha, Bandra West (Pali Hill & Bandstand), Mumbai 400050, Maharashtra, India",400050,Gated Residential Society,0,48,P51800014471,19.051812,72.830733,Trophy / Ultra-Prime,osm_maharera_cadastral_enriched,0.88
d918f6a2-0c03-4da8-89f8-69396eef525d,Luisa,luisa,Reputed Developer / Co-op Housing Consortium,Mumbai,Bandra West (Pali Hill & Bandstand),IN,"Luisa, Bandra West (Pali Hill & Bandstand), Mumbai 400050, Maharashtra, India",400050,Gated Residential Society,0,48,P51800062339,19.048734,72.825487,Trophy / Ultra-Prime,osm_maharera_cadastral_enriched,0.88
cf87a01b-5e95-421c-830c-988f41985679,MTNL,mtnl,Reputed Developer / Co-op Housing Consortium,Mumbai,Bandra West (Pali Hill & Bandstand),IN,"MTNL, Bandra West (Pali Hill & Bandstand), Mumbai 400050, Maharashtra, India",400050,Gated Residential Society,0,48,P51800035441,19.049647,72.829322,Trophy / Ultra-Prime,osm_maharera_cadastral_enriched,0.88
77440ee4-d452-431c-88c7-cc469bae761c,Flamingo,flamingo,Reputed Developer / Co-op Housing Consortium,Mumbai,Bandra West (Pali Hill & Bandstand),IN,"Flamingo, Veronica Road, Bandra West (Pali Hill & Bandstand), Mumbai 400050, Maharashtra, India",400050,Gated Residential Society,0,48,P51800074755,19.052131,72.8276,Trophy / Ultra-Prime,osm_maharera_cadastral_enriched,0.88
0b1cc5ab-2765-4d4f-8717-ddd2b50fcdcc,Chapel Avenue,chapel avenue,Reputed Developer / Co-op Housing Consortium,Mumbai,Bandra West (Pali Hill & Bandstand),IN,"Chapel Avenue, Chapel Road, Bandra West (Pali Hill & Bandstand), Mumbai 400050, Maharashtra, India",400050,Gated Residential Society,0,48,P51800026621,19.051548,72.828322,Trophy / Ultra-Prime,osm_maharera_cadastral_enriched,0.88
c78000c6-1646-4aad-9234-fff192978182,Sach-Khand,sach khand,Reputed Developer / Co-op Housing Consortium,Mumbai,Bandra West (Pali Hill & Bandstand),IN,"Sach-Khand, Veronica Road, Bandra West (Pali Hill & Bandstand), Mumbai 400050, Maharashtra, India",400050,Gated Residential Society,0,48,P51800068665,19.05185,72.827993,Trophy / Ultra-Prime,osm_maharera_cadastral_enriched,0.88
a1219256-fc0c-49ae-b652-7d09d28c3804,Joylyn,joylyn,Reputed Developer / Co-op Housing Consortium,Mumbai,Bandra West (Pali Hill & Bandstand),IN,"Joylyn, Rebello Road, Bandra West (Pali Hill & Bandstand), Mumbai 400050, Maharashtra, India",400050,Gated Residential Society,0,48,P51800062007,19.052297,72.826737,Trophy / Ultra-Prime,osm_maharera_cadastral_enriched,0.88
b2649187-7be6-40ec-be53-e5e693af042a,Shagufta Manor,shagufta manor,Reputed Developer / Co-op Housing Consortium,Mumbai,Bandra West (Pali Hill & Bandstand),IN,"Shagufta Manor, Bandra West (Pali Hill & Bandstand), Mumbai 400050, Maharashtra, India",400050,Gated Residential Society,0,48,P51800032135,19.051997,72.828351,Trophy / Ultra-Prime,osm_maharera_cadastral_enriched,0.88
9a3b0934-cad6-4268-aac1-7a68a9cf7e2a,Rose Petal - B Wing,rose petal b wing,Reputed Developer / Co-op Housing Consortium,Mumbai,Bandra West (Pali Hill & Bandstand),IN,"Rose Petal - B Wing, Bandra West (Pali Hill & Bandstand), Mumbai 400050, Maharashtra, India",400050,Gated Residential Society,0,48,P51800073530,19.053253,72.827831,Trophy / Ultra-Prime,osm_maharera_cadastral_enriched,0.88
8183fa14-1d34-4205-9ccd-15a11c4cce0e,Waroda Apartments,waroda apartments,Reputed Developer / Co-op Housing Consortium,Mumbai,Bandra West (Pali Hill & Bandstand),IN,"Waroda Apartments, Bandra West (Pali Hill & Bandstand), Mumbai 400050, Maharashtra, India",400050,Gated Residential Society,0,48,P51800055570,19.053695,72.828036,Trophy / Ultra-Prime,osm_maharera_cadastral_enriched,0.88
593b14e5-7dbe-4c54-ac10-b7f34011f005,Dom Phil,dom phil,Reputed Developer / Co-op Housing Consortium,Mumbai,Bandra West (Pali Hill & Bandstand),IN,"Dom Phil, Veronica Road, Bandra West (Pali Hill & Bandstand), Mumbai 400050, Maharashtra, India",400050,Gated Residential Society,0,48,P51800045132,19.052584,72.827761,Trophy / Ultra-Prime,osm_maharera_cadastral_enriched,0.88
2594261e-7361-47ee-957c-1b5e7b4236a8,Roshni,roshni,Reputed Developer / Co-op Housing Consortium,Mumbai,Bandra West (Pali Hill & Bandstand),IN,"Roshni, Bandra West (Pali Hill & Bandstand), Mumbai 400050, Maharashtra, India",400050,Gated Residential Society,0,48,P51800068143,19.053065,72.828043,Trophy / Ultra-Prime,osm_maharera_cadastral_enriched,0.88
06b3c37f-0500-4ceb-9585-e8f7295259dc,Homelands,homelands,Reputed Developer / Co-op Housing Consortium,Mumbai,Bandra West (Pali Hill & Bandstand),IN,"Homelands, Hill Road, Bandra West (Pali Hill & Bandstand), Mumbai 400050, Maharashtra, India",400050,Gated Residential Society,0,48,P51800020334,19.055103,72.831345,Trophy / Ultra-Prime,osm_maharera_cadastral_enriched,0.88
68c9dfb5-2f92-4bea-85ec-6524a2cc54d0,Rose Kunj,rose kunj,Reputed Developer / Co-op Housing Consortium,Mumbai,Bandra West (Pali Hill & Bandstand),IN,"Rose Kunj, Veronica Road, Bandra West (Pali Hill & Bandstand), Mumbai 400050, Maharashtra, India",400050,Gated Residential Society,0,48,P51800087824,19.052961,72.827892,Trophy / Ultra-Prime,osm_maharera_cadastral_enriched,0.88
1adceef2-9593-41d9-96a7-ef7aa3565b1e,Andrew Villa,andrew villa,Reputed Developer / Co-op Housing Consortium,Mumbai,Bandra West (Pali Hill & Bandstand),IN,"Andrew Villa, Ice Factory Lane, Bandra West (Pali Hill & Bandstand), Mumbai 400050, Maharashtra, India",400050,Gated Residential Society,0,48,P51800079863,19.054589,72.832513,Trophy / Ultra-Prime,osm_maharera_cadastral_enriched,0.88
98a8916b-3dac-4026-9767-d30c664fb0e7,Abs Estate,abs estate,Reputed Developer / Co-op Housing Consortium,Mumbai,Bandra West (Pali Hill & Bandstand),IN,"Abs Estate, Bandra West (Pali Hill & Bandstand), Mumbai 400050, Maharashtra, India",400050,Gated Residential Society,0,48,P51800054842,19.053524,72.827068,Trophy / Ultra-Prime,osm_maharera_cadastral_enriched,0.88
3e54abca-6111-49de-956b-0342c78a7a38,Ben-O-Lil Haven,ben o lil haven,Reputed Developer / Co-op Housing Consortium,Mumbai,Bandra West (Pali Hill & Bandstand),IN,"Ben-O-Lil Haven, Varoda Cross Road, Bandra West (Pali Hill & Bandstand), Mumbai 400050, Maharashtra, India",400050,Gated Residential Society,0,48,P51800090275,19.053929,72.829759,Trophy / Ultra-Prime,osm_maharera_cadastral_enriched,0.88
c3ba9f4d-4fe2-4d88-b258-0ceef1989dd6,Hilla Apartments,hilla apartments,Reputed Developer / Co-op Housing Consortium,Mumbai,Bandra West (Pali Hill & Bandstand),IN,"Hilla Apartments, Bandra West (Pali Hill & Bandstand), Mumbai 400050, Maharashtra, India",400050,Gated Residential Society,0,48,P51800021993,19.054981,72.831752,Trophy / Ultra-Prime,osm_maharera_cadastral_enriched,0.88
9c58f54d-284f-45e5-a0a5-446d277e5cf4,Unis,unis,Reputed Developer / Co-op Housing Consortium,Mumbai,Bandra West (Pali Hill & Bandstand),IN,"Unis, St Roques Road, Bandra West (Pali Hill & Bandstand), Mumbai 400050, Maharashtra, India",400050,Gated Residential Society,0,48,P51800019844,19.052456,72.826374,Trophy / Ultra-Prime,osm_maharera_cadastral_enriched,0.88
d824f0f8-ca23-49bc-87fd-7c653eedb72e,Shree Baba Nagar,shree baba nagar,Reputed Developer / Co-op Housing Consortium,Mumbai,Bandra West (Pali Hill & Bandstand),IN,"Shree Baba Nagar, Bandra West (Pali Hill & Bandstand), Mumbai 400050, Maharashtra, India",400050,Gated Residential Society,0,48,P51800045200,19.054818,72.831014,Trophy / Ultra-Prime,osm_maharera_cadastral_enriched,0.88
bfea5407-8ec3-4612-9928-8b42d7bd3b9e,Dattatray,dattatray,Reputed Developer / Co-op Housing Consortium,Mumbai,Bandra West (Pali Hill & Bandstand),IN,"Dattatray, Bandra West (Pali Hill & Bandstand), Mumbai 400050, Maharashtra, India",400050,Gated Residential Society,0,48,P51800049886,19.053459,72.82782,Trophy / Ultra-Prime,osm_maharera_cadastral_enriched,0.88
9b14483a-f3b9-42d0-9ab2-97cd7a260e14,Francis Villa,francis villa,Reputed Developer / Co-op Housing Consortium,Mumbai,Bandra West (Pali Hill & Bandstand),IN,"Francis Villa, Veronica Road, Bandra West (Pali Hill & Bandstand), Mumbai 400050, Maharashtra, India",400050,Gated Residential Society,0,48,P51800014183,19.052692,72.828023,Trophy / Ultra-Prime,osm_maharera_cadastral_enriched,0.88
0d68b1d9-0d17-4b52-9cfc-88a57c9c4e7b,Mascot Apartments,mascot apartments,Reputed Developer / Co-op Housing Consortium,Mumbai,Bandra West (Pali Hill & Bandstand),IN,"Mascot Apartments, Veronica Road, Bandra West (Pali Hill & Bandstand), Mumbai 400050, Maharashtra, India",400050,Gated Residential Society,0,48,P51800059737,19.053662,72.828214,Trophy / Ultra-Prime,osm_maharera_cadastral_enriched,0.88
c6b7ac46-084f-4041-b2fd-9c7240478238,Amit Apartments,amit apartments,Reputed Developer / Co-op Housing Consortium,Mumbai,Bandra West (Pali Hill & Bandstand),IN,"Amit Apartments, Bandra West (Pali Hill & Bandstand), Mumbai 400050, Maharashtra, India",400050,Gated Residential Society,0,48,P51800054312,19.052981,72.828497,Trophy / Ultra-Prime,osm_maharera_cadastral_enriched,0.88
170e7526-9568-417d-b2d3-7f9935104970,Rose Mary,rose mary,Reputed Developer / Co-op Housing Consortium,Mumbai,Bandra West (Pali Hill & Bandstand),IN,"Rose Mary, Ice Factory Lane, Bandra West (Pali Hill & Bandstand), Mumbai 400050, Maharashtra, India",400050,Gated Residential Society,0,48,P51800074023,19.054906,72.83249,Trophy / Ultra-Prime,osm_maharera_cadastral_enriched,0.88
32c842a9-6eb5-4f56-b775-76cc409db40a,Afroz Villa,afroz villa,Reputed Developer / Co-op Housing Consortium,Mumbai,Bandra West (Pali Hill & Bandstand),IN,"Afroz Villa, Veronica Road, Bandra West (Pali Hill & Bandstand), Mumbai 400050, Maharashtra, India",400050,Gated Residential Society,0,48,P51800012706,19.054002,72.828303,Trophy / Ultra-Prime,osm_maharera_cadastral_enriched,0.88
a5b42182-9e9b-4f57-a82c-465c6e2f6e09,De Joss,de joss,Reputed Developer / Co-op Housing Consortium,Mumbai,Bandra West (Pali Hill & Bandstand),IN,"De Joss, Ice Factory Lane, Bandra West (Pali Hill & Bandstand), Mumbai 400050, Maharashtra, India",400050,Gated Residential Society,0,48,P51800070205,19.054773,72.832494,Trophy / Ultra-Prime,osm_maharera_cadastral_enriched,0.88
2a1f588b-cb44-4738-9016-a96c3d7b0346,Topaz Apartments,topaz apartments,Reputed Developer / Co-op Housing Consortium,Mumbai,Bandra West (Pali Hill & Bandstand),IN,"Topaz Apartments, Bandra West (Pali Hill & Bandstand), Mumbai 400050, Maharashtra, India",400050,Gated Residential Society,0,48,P51800060383,19.054286,72.82622,Trophy / Ultra-Prime,osm_maharera_cadastral_enriched,0.88
2571ba2e-126f-4afd-9e03-62f19d541f9b,Rose Petal - A Wing,rose petal a wing,Reputed Developer / Co-op Housing Consortium,Mumbai,Bandra West (Pali Hill & Bandstand),IN,"Rose Petal - A Wing, Bandra West (Pali Hill & Bandstand), Mumbai 400050, Maharashtra, India",400050,Gated Residential Society,0,48,P51800056909,19.053267,72.828061,Trophy / Ultra-Prime,osm_maharera_cadastral_enriched,0.88
db71b261-f742-4096-a59c-91acf064efd4,Bindiya,bindiya,Reputed Developer / Co-op Housing Consortium,Mumbai,Bandra West (Pali Hill & Bandstand),IN,"Bindiya, Bandra West (Pali Hill & Bandstand), Mumbai 400050, Maharashtra, India",400050,Gated Residential Society,0,48,P51800090087,19.055221,72.83199,Trophy / Ultra-Prime,osm_maharera_cadastral_enriched,0.88
ffbd1483-3f2e-4709-99f4-cc3b4f77c132,Sinclair,sinclair,Reputed Developer / Co-op Housing Consortium,Mumbai,Bandra West (Pali Hill & Bandstand),IN,"Sinclair, Bandra West (Pali Hill & Bandstand), Mumbai 400050, Maharashtra, India",400050,Gated Residential Society,0,48,P51800023923,19.054253,72.825847,Trophy / Ultra-Prime,osm_maharera_cadastral_enriched,0.88
b0c9f1e6-eda1-4342-a08a-478450417f7a,Blue Bell,blue bell,Reputed Developer / Co-op Housing Consortium,Mumbai,Bandra West (Pali Hill & Bandstand),IN,"Blue Bell, Veronica Road, Bandra West (Pali Hill & Bandstand), Mumbai 400050, Maharashtra, India",400050,Gated Residential Society,0,48,P51800037827,19.053457,72.828131,Trophy / Ultra-Prime,osm_maharera_cadastral_enriched,0.88
8bd7d3e3-98a5-43e1-ae7f-21ddb41aa312,Blue Nile Apartments,blue nile apartments,Reputed Developer / Co-op Housing Consortium,Mumbai,Bandra West (Pali Hill & Bandstand),IN,"Blue Nile Apartments, Bandra West (Pali Hill & Bandstand), Mumbai 400050, Maharashtra, India",400050,Gated Residential Society,0,48,P51800083645,19.053871,72.828813,Trophy / Ultra-Prime,osm_maharera_cadastral_enriched,0.88
5af48a8e-b27b-4e59-9648-0c2f701775d6,Valhall,valhall,Reputed Developer / Co-op Housing Consortium,Mumbai,Bandra West (Pali Hill & Bandstand),IN,"Valhall, Rebello Road, Bandra West (Pali Hill & Bandstand), Mumbai 400050, Maharashtra, India",400050,Gated Residential Society,0,48,P51800047807,19.052622,72.827098,Trophy / Ultra-Prime,osm_maharera_cadastral_enriched,0.88
4727347a-7c7f-4294-8e62-06e0b37f4fec,Beryl Apartments,beryl apartments,Reputed Developer / Co-op Housing Consortium,Mumbai,Bandra West (Pali Hill & Bandstand),IN,"Beryl Apartments, Veronica Road, Bandra West (Pali Hill & Bandstand), Mumbai 400050, Maharashtra, India",400050,Gated Residential Society,0,48,P51800093805,19.052302,72.828083,Trophy / Ultra-Prime,osm_maharera_cadastral_enriched,0.88
3d2968aa-44eb-4c5c-97f1-9378cc44a2b9,Farhan,farhan,Reputed Developer / Co-op Housing Consortium,Mumbai,Bandra West (Pali Hill & Bandstand),IN,"Farhan, Bandra West (Pali Hill & Bandstand), Mumbai 400050, Maharashtra, India",400050,Gated Residential Society,0,48,P51800067087,19.053725,72.827813,Trophy / Ultra-Prime,osm_maharera_cadastral_enriched,0.88
792922f6-0553-4938-8b2e-217e16298a09,Go Nidhi,go nidhi,Reputed Developer / Co-op Housing Consortium,Mumbai,Bandra West (Pali Hill & Bandstand),IN,"Go Nidhi, Bandra West (Pali Hill & Bandstand), Mumbai 400050, Maharashtra, India",400050,Gated Residential Society,0,48,P51800082121,19.054697,72.831763,Trophy / Ultra-Prime,osm_maharera_cadastral_enriched,0.88
8d0d468e-ca7a-4f34-82d4-aa1ba0859ee3,Cozyden,cozyden,Reputed Developer / Co-op Housing Consortium,Mumbai,Bandra West (Pali Hill & Bandstand),IN,"Cozyden, Bandra West (Pali Hill & Bandstand), Mumbai 400050, Maharashtra, India",400050,Gated Residential Society,0,48,P51800022982,19.053795,72.834864,Trophy / Ultra-Prime,osm_maharera_cadastral_enriched,0.88
f1d8658c-56e8-4367-848e-bfea07955b0e,Diamond Palace,diamond palace,Reputed Developer / Co-op Housing Consortium,Mumbai,Bandra West (Pali Hill & Bandstand),IN,"Diamond Palace, Bandra West (Pali Hill & Bandstand), Mumbai 400050, Maharashtra, India",400050,Luxury High-Rise Tower,0,48,P51800042560,19.055477,72.835567,Trophy / Ultra-Prime,osm_maharera_cadastral_enriched,0.88
2a1e9850-ee6e-4903-8d28-01dde7a0fa75,Dheeraj Plaza,dheeraj plaza,Reputed Developer / Co-op Housing Consortium,Mumbai,Bandra West (Pali Hill & Bandstand),IN,"Dheeraj Plaza, Bandra West (Pali Hill & Bandstand), Mumbai 400050, Maharashtra, India",400050,Gated Residential Society,0,48,P51800044242,19.055533,72.835277,Trophy / Ultra-Prime,osm_maharera_cadastral_enriched,0.88
648b9690-f7f2-4a6f-93ea-cfdcbce8500b,Pooja,pooja,Reputed Developer / Co-op Housing Consortium,Mumbai,Bandra West (Pali Hill & Bandstand),IN,"Pooja, Bandra West (Pali Hill & Bandstand), Mumbai 400050, Maharashtra, India",400050,Gated Residential Society,0,48,P51800058196,19.055248,72.834929,Trophy / Ultra-Prime,osm_maharera_cadastral_enriched,0.88
023880ba-790a-4953-a0be-5b56cc291da4,Caesclar,caesclar,Reputed Developer / Co-op Housing Consortium,Mumbai,Bandra West (Pali Hill & Bandstand),IN,"Caesclar, Boran Road, Bandra West (Pali Hill & Bandstand), Mumbai 400050, Maharashtra, India",400050,Gated Residential Society,0,48,P51800068299,19.054712,72.833247,Trophy / Ultra-Prime,osm_maharera_cadastral_enriched,0.88
e6db9323-859a-485a-b8e0-f4be090e8373,Bandra Liberty,bandra liberty,Reputed Developer / Co-op Housing Consortium,Mumbai,Bandra West (Pali Hill & Bandstand),IN,"Bandra Liberty, Bandra West (Pali Hill & Bandstand), Mumbai 400050, Maharashtra, India",400050,Gated Residential Society,0,48,P51800046595,19.055147,72.835807,Trophy / Ultra-Prime,osm_maharera_cadastral_enriched,0.88
e86b3935-19da-4b4a-8c00-c268f463c7f3,Chitrakoot,chitrakoot,Reputed Developer / Co-op Housing Consortium,Mumbai,Juhu & Vile Parle West,IN,"Chitrakoot, Juhu & Vile Parle West, Mumbai 400049, Maharashtra, India",400049,Gated Residential Society,0,48,P51800014029,19.108709,72.826385,Trophy / Ultra-Prime,osm_maharera_cadastral_enriched,0.88
4f789173-f266-485f-b616-1b3005f0aa51,Fatima Palace,fatima palace,Reputed Developer / Co-op Housing Consortium,Mumbai,Juhu & Vile Parle West,IN,"Fatima Palace, Juhu & Vile Parle West, Mumbai 400049, Maharashtra, India",400049,Luxury High-Rise Tower,0,48,P51800054782,19.110498,72.826778,Trophy / Ultra-Prime,osm_maharera_cadastral_enriched,0.88
67a9a7db-789c-47b5-80ab-108aba59ebe5,Haveli,haveli,Reputed Developer / Co-op Housing Consortium,Mumbai,Juhu & Vile Parle West,IN,"Haveli, Juhu & Vile Parle West, Mumbai 400049, Maharashtra, India",400049,Gated Residential Society,0,48,P51800093992,19.109204,72.834382,Trophy / Ultra-Prime,osm_maharera_cadastral_enriched,0.88
7e3d26cc-0957-434f-a772-8174d906c8d3,Dharam Jyot,dharam jyot,Reputed Developer / Co-op Housing Consortium,Mumbai,Juhu & Vile Parle West,IN,"Dharam Jyot, Juhu & Vile Parle West, Mumbai 400049, Maharashtra, India",400049,Gated Residential Society,0,48,P51800096504,19.110207,72.82547,Trophy / Ultra-Prime,osm_maharera_cadastral_enriched,0.88
4d020c02-60b4-4299-868c-690abe9db0bb,Diana House,diana house,Reputed Developer / Co-op Housing Consortium,Mumbai,Bandra West (Pali Hill & Bandstand),IN,"Diana House, Bandra West (Pali Hill & Bandstand), Mumbai 400050, Maharashtra, India",400050,Gated Residential Society,0,48,P51800031642,19.054122,72.831766,Trophy / Ultra-Prime,osm_maharera_cadastral_enriched,0.88
ad403230-8a6d-4e14-910b-6fe0901f8af5,Faridabad,faridabad,Reputed Developer / Co-op Housing Consortium,Mumbai,Bandra West (Pali Hill & Bandstand),IN,"Faridabad, Bandra West (Pali Hill & Bandstand), Mumbai 400050, Maharashtra, India",400050,Gated Residential Society,0,48,P51800046812,19.054312,72.832951,Trophy / Ultra-Prime,osm_maharera_cadastral_enriched,0.88
4ee17a28-19fc-44c4-94bf-a951d974fbe7,Fatema Apartment,fatema apartment,Reputed Developer / Co-op Housing Consortium,Mumbai,Bandra West (Pali Hill & Bandstand),IN,"Fatema Apartment, Bandra West (Pali Hill & Bandstand), Mumbai 400050, Maharashtra, India",400050,Gated Residential Society,0,48,P51800072188,19.054083,72.831351,Trophy / Ultra-Prime,osm_maharera_cadastral_enriched,0.88
89287315-458b-4d5d-8c57-171baaffc51b,Khatija Apartment,khatija apartment,Reputed Developer / Co-op Housing Consortium,Mumbai,Bandra West (Pali Hill & Bandstand),IN,"Khatija Apartment, Bandra West (Pali Hill & Bandstand), Mumbai 400050, Maharashtra, India",400050,Gated Residential Society,0,48,P51800071410,19.053579,72.836259,Trophy / Ultra-Prime,osm_maharera_cadastral_enriched,0.88
795cc3b8-ab04-4427-9353-ceb10a18734c,Giridharlal,giridharlal,Reputed Developer / Co-op Housing Consortium,Mumbai,Bandra West (Pali Hill & Bandstand),IN,"Giridharlal, Bandra West (Pali Hill & Bandstand), Mumbai 400050, Maharashtra, India",400050,Gated Residential Society,0,48,P51800093778,19.054107,72.832326,Trophy / Ultra-Prime,osm_maharera_cadastral_enriched,0.88
c904fa7d-a20d-4a40-92e6-52eefe779c7b,Sarkar Plaza,sarkar plaza,Reputed Developer / Co-op Housing Consortium,Mumbai,Bandra West (Pali Hill & Bandstand),IN,"Sarkar Plaza, Hill Road, Bandra West (Pali Hill & Bandstand), Mumbai 400050, Maharashtra, India",400050,Gated Residential Society,0,48,P51800036520,19.055069,72.831021,Trophy / Ultra-Prime,osm_maharera_cadastral_enriched,0.88
1a21d2e2-cd36-4dea-9b5f-8ce51598413c,High Peak,high peak,Reputed Developer / Co-op Housing Consortium,Mumbai,Bandra West (Pali Hill & Bandstand),IN,"High Peak, Bandra West (Pali Hill & Bandstand), Mumbai 400050, Maharashtra, India",400050,Gated Residential Society,0,48,P51800019360,19.057669,72.837341,Trophy / Ultra-Prime,osm_maharera_cadastral_enriched,0.88
51884168-f2b5-467f-b912-a748db74494e,Shree Anand Niketan,shree anand niketan,Reputed Developer / Co-op Housing Consortium,Mumbai,Bandra West (Pali Hill & Bandstand),IN,"Shree Anand Niketan, Bandra West (Pali Hill & Bandstand), Mumbai 400050, Maharashtra, India",400050,Gated Residential Society,0,48,P51800021587,19.058705,72.835826,Trophy / Ultra-Prime,osm_maharera_cadastral_enriched,0.88
c8c5a179-9d61-49a2-8aba-c026415c758e,Premesh,premesh,Reputed Developer / Co-op Housing Consortium,Mumbai,Bandra West (Pali Hill & Bandstand),IN,"Premesh, Bandra West (Pali Hill & Bandstand), Mumbai 400050, Maharashtra, India",400050,Gated Residential Society,0,48,P51800014320,19.059035,72.835992,Trophy / Ultra-Prime,osm_maharera_cadastral_enriched,0.88
176bcc77-3f27-4e0e-89c0-5fcca334fb27,Fabian,fabian,Reputed Developer / Co-op Housing Consortium,Mumbai,Bandra West (Pali Hill & Bandstand),IN,"Fabian, St. Martin's Road, Bandra West (Pali Hill & Bandstand), Mumbai 400050, Maharashtra, India",400050,Gated Residential Society,0,48,P51800012955,19.057404,72.835794,Trophy / Ultra-Prime,osm_maharera_cadastral_enriched,0.88
2963332a-d0bc-4468-a6d4-9f7b27941f95,Marina,marina,Reputed Developer / Co-op Housing Consortium,Mumbai,Bandra West (Pali Hill & Bandstand),IN,"Marina, Bandra West (Pali Hill & Bandstand), Mumbai 400050, Maharashtra, India",400050,Gated Residential Society,0,48,P51800032523,19.055095,72.837031,Trophy / Ultra-Prime,osm_maharera_cadastral_enriched,0.88
3a6e06a8-a4c8-4d5d-842f-429a8fed5fdd,Shantanu,shantanu,Reputed Developer / Co-op Housing Consortium,Mumbai,Bandra West (Pali Hill & Bandstand),IN,"Shantanu, St. Martin's Road, Bandra West (Pali Hill & Bandstand), Mumbai 400050, Maharashtra, India",400050,Gated Residential Society,0,48,P51800052094,19.058494,72.835462,Trophy / Ultra-Prime,osm_maharera_cadastral_enriched,0.88
e4c0fd31-bda1-452f-b780-0b855ff72eed,Geetanjali,geetanjali,Reputed Developer / Co-op Housing Consortium,Mumbai,Bandra West (Pali Hill & Bandstand),IN,"Geetanjali, Bandra West (Pali Hill & Bandstand), Mumbai 400050, Maharashtra, India",400050,Gated Residential Society,0,48,P51800045027,19.058711,72.836402,Trophy / Ultra-Prime,osm_maharera_cadastral_enriched,0.88
12daa1b2-dc04-4af6-b2c0-e65ba8da57b2,Savita,savita,Reputed Developer / Co-op Housing Consortium,Mumbai,Bandra West (Pali Hill & Bandstand),IN,"Savita, Dr. Raghunath Road, Bandra West (Pali Hill & Bandstand), Mumbai 400050, Maharashtra, India",400050,Gated Residential Society,0,48,P51800021519,19.057769,72.835696,Trophy / Ultra-Prime,osm_maharera_cadastral_enriched,0.88
18d21dc0-a289-4197-8aaf-8cba7358ea65,Jagir Apartments,jagir apartments,Reputed Developer / Co-op Housing Consortium,Mumbai,Bandra West (Pali Hill & Bandstand),IN,"Jagir Apartments, Bandra West (Pali Hill & Bandstand), Mumbai 400050, Maharashtra, India",400050,Gated Residential Society,0,48,P51800077329,19.059011,72.835768,Trophy / Ultra-Prime,osm_maharera_cadastral_enriched,0.88
baa0fb14-15b0-4ad2-a096-a46f551f4da3,Lalita Sadan,lalita sadan,Reputed Developer / Co-op Housing Consortium,Mumbai,Bandra West (Pali Hill & Bandstand),IN,"Lalita Sadan, Bandra West (Pali Hill & Bandstand), Mumbai 400050, Maharashtra, India",400050,Gated Residential Society,0,48,P51800054461,19.058681,72.836121,Trophy / Ultra-Prime,osm_maharera_cadastral_enriched,0.88
16358132-3a8e-407e-9712-8948c21c8dbd,Vishnu-Dham,vishnu dham,Reputed Developer / Co-op Housing Consortium,Mumbai,Bandra West (Pali Hill & Bandstand),IN,"Vishnu-Dham, Bandra West (Pali Hill & Bandstand), Mumbai 400050, Maharashtra, India",400050,Gated Residential Society,0,48,P51800081740,19.059263,72.835947,Trophy / Ultra-Prime,osm_maharera_cadastral_enriched,0.88
2607f6e4-b8ce-4bcf-b2f8-3b7a899a2588,Lubini,lubini,Reputed Developer / Co-op Housing Consortium,Mumbai,Bandra West (Pali Hill & Bandstand),IN,"Lubini, NL Rd, Bandra West (Pali Hill & Bandstand), Mumbai 400050, Maharashtra, India",400050,Gated Residential Society,0,48,P51800097241,19.055255,72.836472,Trophy / Ultra-Prime,osm_maharera_cadastral_enriched,0.88
2d986f9f-e514-4147-99f9-495d316b1e4a,White House,white house,Reputed Developer / Co-op Housing Consortium,Mumbai,Bandra West (Pali Hill & Bandstand),IN,"White House, Dr. Raghunath Road, Bandra West (Pali Hill & Bandstand), Mumbai 400050, Maharashtra, India",400050,Gated Residential Society,0,48,P51800091113,19.057912,72.836266,Trophy / Ultra-Prime,osm_maharera_cadastral_enriched,0.88
b0eea2ec-faee-40f7-8d83-f650cbe64e2d,Mary,mary,Reputed Developer / Co-op Housing Consortium,Mumbai,Bandra West (Pali Hill & Bandstand),IN,"Mary, Bandra West (Pali Hill & Bandstand), Mumbai 400050, Maharashtra, India",400050,Gated Residential Society,0,48,P51800098278,19.054944,72.837336,Trophy / Ultra-Prime,osm_maharera_cadastral_enriched,0.88
982a4697-3dbb-4906-b182-306a3a0f6a4a,Viraj,viraj,Reputed Developer / Co-op Housing Consortium,Mumbai,Bandra West (Pali Hill & Bandstand),IN,"Viraj, Bandra West (Pali Hill & Bandstand), Mumbai 400050, Maharashtra, India",400050,Gated Residential Society,0,48,P51800013176,19.05575,72.836637,Trophy / Ultra-Prime,osm_maharera_cadastral_enriched,0.88
07fb641f-8e12-4303-ab2c-1d630c2b8c00,St. Martins,st martins,Reputed Developer / Co-op Housing Consortium,Mumbai,Bandra West (Pali Hill & Bandstand),IN,"St. Martins, St. Martin's Road, Bandra West (Pali Hill & Bandstand), Mumbai 400050, Maharashtra, India",400050,Gated Residential Society,0,48,P51800090107,19.058591,72.835098,Trophy / Ultra-Prime,osm_maharera_cadastral_enriched,0.88
609388ab-776a-445e-8b81-ea4f8395d93a,Vinrita,vinrita,Reputed Developer / Co-op Housing Consortium,Mumbai,Bandra West (Pali Hill & Bandstand),IN,"Vinrita, Almeida Park Road, Bandra West (Pali Hill & Bandstand), Mumbai 400050, Maharashtra, India",400050,Gated Residential Society,0,48,P51800036153,19.058035,72.832217,Trophy / Ultra-Prime,osm_maharera_cadastral_enriched,0.88
fcf19283-bcc4-4455-a3d6-a277bfc17843,Aashna,aashna,Reputed Developer / Co-op Housing Consortium,Mumbai,Bandra West (Pali Hill & Bandstand),IN,"Aashna, Bandra West (Pali Hill & Bandstand), Mumbai 400050, Maharashtra, India",400050,Gated Residential Society,0,48,P51800064598,19.058817,72.834705,Trophy / Ultra-Prime,osm_maharera_cadastral_enriched,0.88
990b2144-9d85-4cb2-83c4-ae18d862e615,Behram-Abad,behram abad,Reputed Developer / Co-op Housing Consortium,Mumbai,Bandra West (Pali Hill & Bandstand),IN,"Behram-Abad, 4th Road, Bandra West (Pali Hill & Bandstand), Mumbai 400050, Maharashtra, India",400050,Gated Residential Society,0,48,P51800063310,19.057977,72.832938,Trophy / Ultra-Prime,osm_maharera_cadastral_enriched,0.88
27e97ece-2c15-4667-a473-2f78ed0652f3,Vertical Bliss,vertical bliss,Reputed Developer / Co-op Housing Consortium,Mumbai,Bandra West (Pali Hill & Bandstand),IN,"Vertical Bliss, 1st Road, Bandra West (Pali Hill & Bandstand), Mumbai 400050, Maharashtra, India",400050,Gated Residential Society,0,48,P51800089263,19.05834,72.832658,Trophy / Ultra-Prime,osm_maharera_cadastral_enriched,0.88
923edc51-2798-46c9-b98e-048210ee7106,Orva,orva,Reputed Developer / Co-op Housing Consortium,Mumbai,Bandra West (Pali Hill & Bandstand),IN,"Orva, 1st Road, Bandra West (Pali Hill & Bandstand), Mumbai 400050, Maharashtra, India",400050,Gated Residential Society,0,48,P51800077835,19.058387,72.832949,Trophy / Ultra-Prime,osm_maharera_cadastral_enriched,0.88
dd5add77-6849-4b9d-9d79-da87da377b04,Mehdi Villa / Shaheen Villa,mehdi villa shaheen villa,Reputed Developer / Co-op Housing Consortium,Mumbai,Bandra West (Pali Hill & Bandstand),IN,"Mehdi Villa / Shaheen Villa, 4th Road, Bandra West (Pali Hill & Bandstand), Mumbai 400050, Maharashtra, India",400050,Gated Residential Society,0,48,P51800098908,19.057979,72.833378,Trophy / Ultra-Prime,osm_maharera_cadastral_enriched,0.88
1559a221-1c52-4cd7-89a5-2c25a0fab4be,Rizvi Mahal,rizvi mahal,Reputed Developer / Co-op Housing Consortium,Mumbai,Bandra West (Pali Hill & Bandstand),IN,"Rizvi Mahal, 4th Road, Bandra West (Pali Hill & Bandstand), Mumbai 400050, Maharashtra, India",400050,Gated Residential Society,0,48,P51800044669,19.057896,72.833692,Trophy / Ultra-Prime,osm_maharera_cadastral_enriched,0.88
c5ad85ed-4c9d-4461-a591-deddb6bc3c3a,St. Martin's,st martin s,Reputed Developer / Co-op Housing Consortium,Mumbai,Bandra West (Pali Hill & Bandstand),IN,"St. Martin's, St. Martin's Road, Bandra West (Pali Hill & Bandstand), Mumbai 400050, Maharashtra, India",400050,Gated Residential Society,0,48,P51800031355,19.058595,72.834943,Trophy / Ultra-Prime,osm_maharera_cadastral_enriched,0.88
2ed31e66-2916-49c2-a334-346ba02b0904,Zarine Lodge,zarine lodge,Reputed Developer / Co-op Housing Consortium,Mumbai,Bandra West (Pali Hill & Bandstand),IN,"Zarine Lodge, 4th Road, Bandra West (Pali Hill & Bandstand), Mumbai 400050, Maharashtra, India",400050,Gated Residential Society,0,48,P51800014583,19.057976,72.833089,Trophy / Ultra-Prime,osm_maharera_cadastral_enriched,0.88
1b5286dd-3163-466c-a36b-0e6b85444216,Honeycomb,honeycomb,Reputed Developer / Co-op Housing Consortium,Mumbai,Bandra West (Pali Hill & Bandstand),IN,"Honeycomb, 4th Road, Bandra West (Pali Hill & Bandstand), Mumbai 400050, Maharashtra, India",400050,Gated Residential Society,0,48,P51800029227,19.057956,72.832591,Trophy / Ultra-Prime,osm_maharera_cadastral_enriched,0.88
57293381-f319-4234-be86-605aea548e89,Sunkst Windcliff,sunkst windcliff,Reputed Developer / Co-op Housing Consortium,Mumbai,Bandra West (Pali Hill & Bandstand),IN,"Sunkst Windcliff, Bandra West (Pali Hill & Bandstand), Mumbai 400050, Maharashtra, India",400050,Gated Residential Society,0,48,P51800080905,19.05847,72.833157,Trophy / Ultra-Prime,osm_maharera_cadastral_enriched,0.88
33cb8a27-bf00-481c-a76d-2303f578eece,Mangal Darshan,mangal darshan,Reputed Developer / Co-op Housing Consortium,Mumbai,Bandra West (Pali Hill & Bandstand),IN,"Mangal Darshan, Turner Road (Gurunanak Marg), Bandra West (Pali Hill & Bandstand), Mumbai 400050, Maharashtra, India",400050,Gated Residential Society,0,48,P51800045685,19.059007,72.834317,Trophy / Ultra-Prime,osm_maharera_cadastral_enriched,0.88
6a4b0e84-896b-421a-91b5-ff1dbd3d932d,Beach Haven I,beach haven i,Reputed Developer / Co-op Housing Consortium,Mumbai,Juhu & Vile Parle West,IN,"Beach Haven I, Juhu & Vile Parle West, Mumbai 400049, Maharashtra, India",400049,Gated Residential Society,0,48,P51800091862,19.098886,72.826512,Trophy / Ultra-Prime,osm_maharera_cadastral_enriched,0.88
b25eb098-890e-49fd-b867-59a233e5993c,Sheetal,sheetal,Reputed Developer / Co-op Housing Consortium,Mumbai,Juhu & Vile Parle West,IN,"Sheetal, Juhu & Vile Parle West, Mumbai 400049, Maharashtra, India",400049,Gated Residential Society,0,48,P51800053049,19.114077,72.82631,Trophy / Ultra-Prime,osm_maharera_cadastral_enriched,0.88
39701497-995b-4009-9667-26f0e03fe271,Massabielle,massabielle,Reputed Developer / Co-op Housing Consortium,Mumbai,Bandra West (Pali Hill & Bandstand),IN,"Massabielle, Manuel Gonsalves Road, Bandra West (Pali Hill & Bandstand), Mumbai 400050, Maharashtra, India",400050,Gated Residential Society,0,48,P51800021399,19.058184,72.829243,Trophy / Ultra-Prime,osm_maharera_cadastral_enriched,0.88
ec1039f4-2908-4850-93ed-554bd12c9c6e,Sea Mist,sea mist,Reputed Developer / Co-op Housing Consortium,Mumbai,Bandra West (Pali Hill & Bandstand),IN,"Sea Mist, Manuel Gonsalves Road, Bandra West (Pali Hill & Bandstand), Mumbai 400050, Maharashtra, India",400050,Gated Residential Society,0,48,P51800021053,19.058181,72.829928,Trophy / Ultra-Prime,osm_maharera_cadastral_enriched,0.88
40d8ced1-1284-4cc1-b860-8fd311eb417c,Super Star 17 Perry,super star 17 perry,Reputed Developer / Co-op Housing Consortium,Mumbai,Bandra West (Pali Hill & Bandstand),IN,"Super Star 17 Perry, Bandra West (Pali Hill & Bandstand), Mumbai 400050, Maharashtra, India",400050,Gated Residential Society,0,48,P51800032053,19.059714,72.823623,Trophy / Ultra-Prime,osm_maharera_cadastral_enriched,0.88
d9b0751e-9bcb-4d0b-a85d-16ee39c2d4f8,Jeradi,jeradi,Reputed Developer / Co-op Housing Consortium,Mumbai,Bandra West (Pali Hill & Bandstand),IN,"Jeradi, Almeida Park Road, Bandra West (Pali Hill & Bandstand), Mumbai 400050, Maharashtra, India",400050,Gated Residential Society,0,48,P51800022447,19.058253,72.832411,Trophy / Ultra-Prime,osm_maharera_cadastral_enriched,0.88
9d945cd7-51e2-48ff-bc02-b59462ba2f8a,Silver Oak,silver oak,Reputed Developer / Co-op Housing Consortium,Mumbai,Bandra West (Pali Hill & Bandstand),IN,"Silver Oak, Chimbai Rd, Bandra West (Pali Hill & Bandstand), Mumbai 400050, Maharashtra, India",400050,Gated Residential Society,0,48,P51800021938,19.059386,72.823808,Trophy / Ultra-Prime,osm_maharera_cadastral_enriched,0.88
d5c50836-0ca3-456c-be73-277f6e2818ff,New Greenfields,new greenfields,Reputed Developer / Co-op Housing Consortium,Mumbai,Bandra West (Pali Hill & Bandstand),IN,"New Greenfields, 5th Road, Bandra West (Pali Hill & Bandstand), Mumbai 400050, Maharashtra, India",400050,Gated Residential Society,0,48,P51800063465,19.05792,72.830848,Trophy / Ultra-Prime,osm_maharera_cadastral_enriched,0.88
ac883752-ad9e-4e5e-99dc-f42626f2ea8c,Kalpak Bela,kalpak bela,Reputed Developer / Co-op Housing Consortium,Mumbai,Bandra West (Pali Hill & Bandstand),IN,"Kalpak Bela, Bandra West (Pali Hill & Bandstand), Mumbai 400050, Maharashtra, India",400050,Gated Residential Society,0,48,P51800084935,19.059507,72.822631,Trophy / Ultra-Prime,osm_maharera_cadastral_enriched,0.88
79233675-5cb1-4bbc-8282-be2bfc404c13,Meghdoot,meghdoot,Reputed Developer / Co-op Housing Consortium,Mumbai,Bandra West (Pali Hill & Bandstand),IN,"Meghdoot, Bandra West (Pali Hill & Bandstand), Mumbai 400050, Maharashtra, India",400050,Gated Residential Society,0,48,P51800065851,19.059672,72.836416,Trophy / Ultra-Prime,osm_maharera_cadastral_enriched,0.88
bc83df36-5752-480f-8e6f-ad73d86e12ef,Turner Heights,turner heights,Reputed Developer / Co-op Housing Consortium,Mumbai,Bandra West (Pali Hill & Bandstand),IN,"Turner Heights, Gurunanak Marg, Bandra West (Pali Hill & Bandstand), Mumbai 400050, Maharashtra, India",400050,Luxury High-Rise Tower,0,48,P51800072099,19.059269,72.832492,Trophy / Ultra-Prime,osm_maharera_cadastral_enriched,0.88
e2d0ea6f-5462-485c-8014-feedb401644e,Satguru Simran,satguru simran,Reputed Developer / Co-op Housing Consortium,Mumbai,Bandra West (Pali Hill & Bandstand),IN,"Satguru Simran, 3rd Road, Bandra West (Pali Hill & Bandstand), Mumbai 400050, Maharashtra, India",400050,Gated Residential Society,0,48,P51800041064,19.058438,72.830621,Trophy / Ultra-Prime,osm_maharera_cadastral_enriched,0.88
4f58167c-14f3-4298-b554-afa5b047c9df,Pranay Classic,pranay classic,Reputed Developer / Co-op Housing Consortium,Mumbai,Bandra West (Pali Hill & Bandstand),IN,"Pranay Classic, 28th Road, T.P.S. III, Bandra West (Pali Hill & Bandstand), Mumbai 400050, Maharashtra, India",400050,Gated Residential Society,0,48,P51800018876,19.059798,72.833804,Trophy / Ultra-Prime,osm_maharera_cadastral_enriched,0.88
eebdb696-aad5-4268-9b15-ee6404542c84,Gabbana House,gabbana house,Reputed Developer / Co-op Housing Consortium,Mumbai,Bandra West (Pali Hill & Bandstand),IN,"Gabbana House, Bandra West (Pali Hill & Bandstand), Mumbai 400050, Maharashtra, India",400050,Gated Residential Society,0,48,P51800039840,19.072423,72.832098,Trophy / Ultra-Prime,osm_maharera_cadastral_enriched,0.88
75f3698a-98a3-444f-8455-2a5d793ad714,Al Mahmood Apartments,al mahmood apartments,Reputed Developer / Co-op Housing Consortium,Mumbai,Bandra West (Pali Hill & Bandstand),IN,"Al Mahmood Apartments, Bandra West (Pali Hill & Bandstand), Mumbai 400050, Maharashtra, India",400050,Gated Residential Society,0,48,P51800017955,19.05894,72.823142,Trophy / Ultra-Prime,osm_maharera_cadastral_enriched,0.88
d0c04297-ecc8-4aa0-b273-d70610a0d969,Sea Glimpse,sea glimpse,Reputed Developer / Co-op Housing Consortium,Mumbai,Bandra West (Pali Hill & Bandstand),IN,"Sea Glimpse, Bandra West (Pali Hill & Bandstand), Mumbai 400050, Maharashtra, India",400050,Gated Residential Society,0,48,P51800046037,19.058514,72.823981,Trophy / Ultra-Prime,osm_maharera_cadastral_enriched,0.88
667ba8d7-b236-416e-bb8c-35d248bd4202,"Neel Nandini ""B"" Co-op Housing Society",neel nandini b co op housing society,Reputed Developer / Co-op Housing Consortium,Mumbai,Bandra West (Pali Hill & Bandstand),IN,"Neel Nandini ""B"" Co-op Housing Society, Bandra West (Pali Hill & Bandstand), Mumbai 400050, Maharashtra, India",400050,Gated Residential Society,0,48,P51800040805,19.072284,72.8344,Trophy / Ultra-Prime,osm_maharera_cadastral_enriched,0.88
ce339194-4700-4d23-9974-b81cc5dac08a,Firdaus,firdaus,Reputed Developer / Co-op Housing Consortium,Mumbai,Bandra West (Pali Hill & Bandstand),IN,"Firdaus, Bandra West (Pali Hill & Bandstand), Mumbai 400050, Maharashtra, India",400050,Gated Residential Society,0,48,P51800031325,19.058369,72.8234,Trophy / Ultra-Prime,osm_maharera_cadastral_enriched,0.88
760a9440-40a0-43fe-be09-3df84a28fa14,Paramount,paramount,Reputed Developer / Co-op Housing Consortium,Mumbai,Bandra West (Pali Hill & Bandstand),IN,"Paramount, Bandra West (Pali Hill & Bandstand), Mumbai 400050, Maharashtra, India",400050,Gated Residential Society,0,48,P51800072283,19.071684,72.83221,Trophy / Ultra-Prime,osm_maharera_cadastral_enriched,0.88
53b618e0-8b1e-415b-ab2f-859836b11f6a,Jondele,jondele,Reputed Developer / Co-op Housing Consortium,Mumbai,Bandra West (Pali Hill & Bandstand),IN,"Jondele, Bandra West (Pali Hill & Bandstand), Mumbai 400050, Maharashtra, India",400050,Gated Residential Society,0,48,P51800091415,19.058359,72.824974,Trophy / Ultra-Prime,osm_maharera_cadastral_enriched,0.88
2582903a-6423-4917-8829-45e15283cbe4,Nensey,nensey,Reputed Developer / Co-op Housing Consortium,Mumbai,Bandra West (Pali Hill & Bandstand),IN,"Nensey, 3rd Road, Bandra West (Pali Hill & Bandstand), Mumbai 400050, Maharashtra, India",400050,Gated Residential Society,0,48,P51800010909,19.057793,72.830517,Trophy / Ultra-Prime,osm_maharera_cadastral_enriched,0.88
22be9515-9d29-4820-b70a-79dca3c4739c,Silver Clophil,silver clophil,Reputed Developer / Co-op Housing Consortium,Mumbai,Bandra West (Pali Hill & Bandstand),IN,"Silver Clophil, Bandra West (Pali Hill & Bandstand), Mumbai 400050, Maharashtra, India",400050,Gated Residential Society,0,48,P51800031972,19.058477,72.8244,Trophy / Ultra-Prime,osm_maharera_cadastral_enriched,0.88
a6017ea0-5934-461b-a6dc-1f3bb9b3481d,Supreme Evana,supreme evana,Reputed Developer / Co-op Housing Consortium,Mumbai,Bandra West (Pali Hill & Bandstand),IN,"Supreme Evana, 28th Road, Bandra West (Pali Hill & Bandstand), Mumbai 400050, Maharashtra, India",400050,Gated Residential Society,0,48,P51800039253,19.059967,72.834911,Trophy / Ultra-Prime,osm_maharera_cadastral_enriched,0.88
345ea65c-eb89-475f-80bc-a1a5428bb1f0,XVI Avenue,xvi avenue,Reputed Developer / Co-op Housing Consortium,Mumbai,Bandra West (Pali Hill & Bandstand),IN,"XVI Avenue, Bandra West (Pali Hill & Bandstand), Mumbai 400050, Maharashtra, India",400050,Gated Residential Society,0,48,P51800071823,19.072365,72.83134,Trophy / Ultra-Prime,osm_maharera_cadastral_enriched,0.88
ffeabeb3-aeb7-440f-ac78-beb0e5ad74f8,Saraswati,saraswati,Reputed Developer / Co-op Housing Consortium,Mumbai,Bandra West (Pali Hill & Bandstand),IN,"Saraswati, Bandra West (Pali Hill & Bandstand), Mumbai 400050, Maharashtra, India",400050,Gated Residential Society,0,48,P51800084826,19.07088,72.832741,Trophy / Ultra-Prime,osm_maharera_cadastral_enriched,0.88
2b47c80a-2955-4e83-b255-537e501a3e2f,Florenza,florenza,Reputed Developer / Co-op Housing Consortium,Mumbai,Bandra West (Pali Hill & Bandstand),IN,"Florenza, Bandra West (Pali Hill & Bandstand), Mumbai 400050, Maharashtra, India",400050,Gated Residential Society,0,48,P51800017129,19.059032,72.822431,Trophy / Ultra-Prime,osm_maharera_cadastral_enriched,0.88
2d613fd3-ece4-4fd6-a913-827d4c70211a,Milbert Lodge,milbert lodge,Reputed Developer / Co-op Housing Consortium,Mumbai,Bandra West (Pali Hill & Bandstand),IN,"Milbert Lodge, Bandra West (Pali Hill & Bandstand), Mumbai 400050, Maharashtra, India",400050,Gated Residential Society,0,48,P51800049035,19.059041,72.823759,Trophy / Ultra-Prime,osm_maharera_cadastral_enriched,0.88
30849ea7-c97a-4195-a7cd-7422bfb8a1b8,Grace Apartments Baitul Amin,grace apartments baitul amin,Reputed Developer / Co-op Housing Consortium,Mumbai,Bandra West (Pali Hill & Bandstand),IN,"Grace Apartments Baitul Amin, 3rd Road, Bandra West (Pali Hill & Bandstand), Mumbai 400050, Maharashtra, India",400050,Gated Residential Society,0,48,P51800090718,19.058133,72.830577,Trophy / Ultra-Prime,osm_maharera_cadastral_enriched,0.88
8bff0a3b-d806-4409-af72-2c3c9c54aeda,Seaworld,seaworld,Reputed Developer / Co-op Housing Consortium,Mumbai,Bandra West (Pali Hill & Bandstand),IN,"Seaworld, Bandra West (Pali Hill & Bandstand), Mumbai 400050, Maharashtra, India",400050,Gated Residential Society,0,48,P51800045344,19.059936,72.822818,Trophy / Ultra-Prime,osm_maharera_cadastral_enriched,0.88
c43213aa-15ca-43cd-96db-2540e5a90c2b,Sai Dwarka,sai dwarka,Reputed Developer / Co-op Housing Consortium,Mumbai,Bandra West (Pali Hill & Bandstand),IN,"Sai Dwarka, Bandra West (Pali Hill & Bandstand), Mumbai 400050, Maharashtra, India",400050,Gated Residential Society,0,48,P51800051992,19.07113,72.8343,Trophy / Ultra-Prime,osm_maharera_cadastral_enriched,0.88
f7bbffef-13c1-46e9-b918-8756522a331f,Pacific Enclave,pacific enclave,Reputed Developer / Co-op Housing Consortium,Mumbai,Bandra West (Pali Hill & Bandstand),IN,"Pacific Enclave, Bandra West (Pali Hill & Bandstand), Mumbai 400050, Maharashtra, India",400050,Gated Residential Society,0,48,P51800040143,19.071518,72.832241,Trophy / Ultra-Prime,osm_maharera_cadastral_enriched,0.88
8d4d1211-ed13-471e-b8fb-fa0d60f4101e,Josephine Apartments,josephine apartments,Reputed Developer / Co-op Housing Consortium,Mumbai,Bandra West (Pali Hill & Bandstand),IN,"Josephine Apartments, Bandra West (Pali Hill & Bandstand), Mumbai 400050, Maharashtra, India",400050,Gated Residential Society,0,48,P51800082809,19.058804,72.823471,Trophy / Ultra-Prime,osm_maharera_cadastral_enriched,0.88
679229ac-8656-4a4d-aed1-6009e00e07dc,Dwarka,dwarka,Reputed Developer / Co-op Housing Consortium,Mumbai,Bandra West (Pali Hill & Bandstand),IN,"Dwarka, Bandra West (Pali Hill & Bandstand), Mumbai 400050, Maharashtra, India",400050,Gated Residential Society,0,48,P51800096721,19.070486,72.833133,Trophy / Ultra-Prime,osm_maharera_cadastral_enriched,0.88
d3f7739f-b219-423b-b0a1-497f45d33989,Wilfern,wilfern,Reputed Developer / Co-op Housing Consortium,Mumbai,Bandra West (Pali Hill & Bandstand),IN,"Wilfern, Bandra West (Pali Hill & Bandstand), Mumbai 400050, Maharashtra, India",400050,Gated Residential Society,0,48,P51800061918,19.058118,72.825004,Trophy / Ultra-Prime,osm_maharera_cadastral_enriched,0.88
5c047a2a-5b94-4252-9e2d-723d4915c1d9,Convent View,convent view,Reputed Developer / Co-op Housing Consortium,Mumbai,Bandra West (Pali Hill & Bandstand),IN,"Convent View, 7th Road, Bandra West (Pali Hill & Bandstand), Mumbai 400050, Maharashtra, India",400050,Gated Residential Society,0,48,P51800012927,19.057599,72.830349,Trophy / Ultra-Prime,osm_maharera_cadastral_enriched,0.88
9acb856f-3580-4141-9e14-b13ca66c4ed7,Joanna Villa,joanna villa,Reputed Developer / Co-op Housing Consortium,Mumbai,Bandra West (Pali Hill & Bandstand),IN,"Joanna Villa, 28th Road, Bandra West (Pali Hill & Bandstand), Mumbai 400050, Maharashtra, India",400050,Gated Residential Society,0,48,P51800070505,19.059918,72.834677,Trophy / Ultra-Prime,osm_maharera_cadastral_enriched,0.88
03df8851-09d5-4394-8eba-3c99d7a93b38,Jagdambe,jagdambe,Reputed Developer / Co-op Housing Consortium,Mumbai,Bandra West (Pali Hill & Bandstand),IN,"Jagdambe, Bandra West (Pali Hill & Bandstand), Mumbai 400050, Maharashtra, India",400050,Gated Residential Society,0,48,P51800046586,19.071851,72.832216,Trophy / Ultra-Prime,osm_maharera_cadastral_enriched,0.88
079a79b3-a983-48bb-9c79-0d04ea8fcee6,Dandelion,dandelion,Reputed Developer / Co-op Housing Consortium,Mumbai,Bandra West (Pali Hill & Bandstand),IN,"Dandelion, Bandra West (Pali Hill & Bandstand), Mumbai 400050, Maharashtra, India",400050,Gated Residential Society,0,48,P51800017608,19.058338,72.82405,Trophy / Ultra-Prime,osm_maharera_cadastral_enriched,0.88
f151bdbc-e615-439d-8e64-5a5737159aff,Kakad Palace,kakad palace,Reputed Developer / Co-op Housing Consortium,Mumbai,Bandra West (Pali Hill & Bandstand),IN,"Kakad Palace, Turner Road (Gurunanak Marg), Bandra West (Pali Hill & Bandstand), Mumbai 400050, Maharashtra, India",400050,Luxury High-Rise Tower,0,48,P51800066243,19.059537,72.833787,Trophy / Ultra-Prime,osm_maharera_cadastral_enriched,0.88
57b33964-8fb0-48c9-a50d-ac3533d1f34f,Jewel Apartments,jewel apartments,Reputed Developer / Co-op Housing Consortium,Mumbai,Bandra West (Pali Hill & Bandstand),IN,"Jewel Apartments, Gurunanak Marg, Bandra West (Pali Hill & Bandstand), Mumbai 400050, Maharashtra, India",400050,Gated Residential Society,0,48,P51800010571,19.059658,72.834909,Trophy / Ultra-Prime,osm_maharera_cadastral_enriched,0.88
a983b1ce-f225-4758-9dd9-8961a30564f1,Sea Side,sea side,Reputed Developer / Co-op Housing Consortium,Mumbai,Bandra West (Pali Hill & Bandstand),IN,"Sea Side, Bandra West (Pali Hill & Bandstand), Mumbai 400050, Maharashtra, India",400050,Gated Residential Society,0,48,P51800073279,19.05831,72.82366,Trophy / Ultra-Prime,osm_maharera_cadastral_enriched,0.88
7f762d7b-6c59-4290-98b0-1e76862ea554,Little Heights,little heights,Reputed Developer / Co-op Housing Consortium,Mumbai,Bandra West (Pali Hill & Bandstand),IN,"Little Heights, Bandra West (Pali Hill & Bandstand), Mumbai 400050, Maharashtra, India",400050,Luxury High-Rise Tower,0,48,P51800056105,19.058461,72.823161,Trophy / Ultra-Prime,osm_maharera_cadastral_enriched,0.88
6888fe3d-c6fc-4167-a8d1-57399bcd2242,Mangal Simran,mangal simran,Reputed Developer / Co-op Housing Consortium,Mumbai,Bandra West (Pali Hill & Bandstand),IN,"Mangal Simran, 28th Road, Bandra West (Pali Hill & Bandstand), Mumbai 400050, Maharashtra, India",400050,Gated Residential Society,0,48,P51800033696,19.059866,72.832785,Trophy / Ultra-Prime,osm_maharera_cadastral_enriched,0.88
d52134ed-6418-4b3c-8348-be58eb400757,Silver Star,silver star,Reputed Developer / Co-op Housing Consortium,Mumbai,Bandra West (Pali Hill & Bandstand),IN,"Silver Star, Bandra West (Pali Hill & Bandstand), Mumbai 400050, Maharashtra, India",400050,Gated Residential Society,0,48,P51800021020,19.059038,72.824906,Trophy / Ultra-Prime,osm_maharera_cadastral_enriched,0.88
1588a1c2-e4af-487c-abc0-5e580b324b35,Belle Vue,belle vue,Reputed Developer / Co-op Housing Consortium,Mumbai,Bandra West (Pali Hill & Bandstand),IN,"Belle Vue, Master Vinayak Road (Perry Road), Bandra West (Pali Hill & Bandstand), Mumbai 400050, Maharashtra, India",400050,Gated Residential Society,0,48,P51800076502,19.059341,72.824644,Trophy / Ultra-Prime,osm_maharera_cadastral_enriched,0.88
e149a3e7-ae79-4a2d-b95b-94fcc336fbfa,Anica,anica,Reputed Developer / Co-op Housing Consortium,Mumbai,Bandra West (Pali Hill & Bandstand),IN,"Anica, Bandra West (Pali Hill & Bandstand), Mumbai 400050, Maharashtra, India",400050,Gated Residential Society,0,48,P51800086751,19.058781,72.824927,Trophy / Ultra-Prime,osm_maharera_cadastral_enriched,0.88
41607348-0a55-44c5-a4ce-c1aa7679a981,Warden,warden,Reputed Developer / Co-op Housing Consortium,Mumbai,Bandra West (Pali Hill & Bandstand),IN,"Warden, 28th Road, T.P.S. III, Bandra West (Pali Hill & Bandstand), Mumbai 400050, Maharashtra, India",400050,Gated Residential Society,0,48,P51800055073,19.059945,72.832551,Trophy / Ultra-Prime,osm_maharera_cadastral_enriched,0.88
a971510a-4a3c-4327-8565-e79d1cf7ca53,Evershine Jewel,evershine jewel,Reputed Developer / Co-op Housing Consortium,Mumbai,Bandra West (Pali Hill & Bandstand),IN,"Evershine Jewel, Bandra West (Pali Hill & Bandstand), Mumbai 400050, Maharashtra, India",400050,Gated Residential Society,0,48,P51800073617,19.072094,72.832209,Trophy / Ultra-Prime,osm_maharera_cadastral_enriched,0.88
30a5ccbe-c247-4b22-a7f6-705b2a9115a5,Ajanta Bandra,ajanta bandra,Reputed Developer / Co-op Housing Consortium,Mumbai,Bandra West (Pali Hill & Bandstand),IN,"Ajanta Bandra, Bandra West (Pali Hill & Bandstand), Mumbai 400050, Maharashtra, India",400050,Gated Residential Society,0,48,P51800051330,19.059061,72.824147,Trophy / Ultra-Prime,osm_maharera_cadastral_enriched,0.88
95404166-393e-467c-aa7c-d8f9fba29881,Golden Palace,golden palace,Reputed Developer / Co-op Housing Consortium,Mumbai,Bandra West (Pali Hill & Bandstand),IN,"Golden Palace, Turner Road (Gurunanak Marg), Bandra West (Pali Hill & Bandstand), Mumbai 400050, Maharashtra, India",400050,Luxury High-Rise Tower,0,48,P51800012785,19.059724,72.835176,Trophy / Ultra-Prime,osm_maharera_cadastral_enriched,0.88
1403b2c2-76d9-499d-be9c-22e03d82904f,Kalpak Heights,kalpak heights,Reputed Developer / Co-op Housing Consortium,Mumbai,Bandra West (Pali Hill & Bandstand),IN,"Kalpak Heights, Bandra West (Pali Hill & Bandstand), Mumbai 400050, Maharashtra, India",400050,Luxury High-Rise Tower,0,48,P51800054353,19.060165,72.822912,Trophy / Ultra-Prime,osm_maharera_cadastral_enriched,0.88
a90c04c9-766c-477b-8767-c8b6dd72808f,Mount Blanc Park View,mount blanc park view,Reputed Developer / Co-op Housing Consortium,Mumbai,Bandra West (Pali Hill & Bandstand),IN,"Mount Blanc Park View, Bandra West (Pali Hill & Bandstand), Mumbai 400050, Maharashtra, India",400050,Luxury High-Rise Tower,0,48,P51800026388,19.059403,72.822155,Trophy / Ultra-Prime,osm_maharera_cadastral_enriched,0.88
f6a7238b-3766-49c2-971a-19d0c97f888b,Ocean Delite Apartments,ocean delite apartments,Reputed Developer / Co-op Housing Consortium,Mumbai,Bandra West (Pali Hill & Bandstand),IN,"Ocean Delite Apartments, Bandra West (Pali Hill & Bandstand), Mumbai 400050, Maharashtra, India",400050,Gated Residential Society,0,48,P51800019747,19.058646,72.822552,Trophy / Ultra-Prime,osm_maharera_cadastral_enriched,0.88
b0f26e99-b95d-4628-9441-7a542f9c74e6,Leela Kunj,leela kunj,Reputed Developer / Co-op Housing Consortium,Mumbai,Bandra West (Pali Hill & Bandstand),IN,"Leela Kunj, Bandra West (Pali Hill & Bandstand), Mumbai 400050, Maharashtra, India",400050,Gated Residential Society,0,48,P51800073271,19.070902,72.832335,Trophy / Ultra-Prime,osm_maharera_cadastral_enriched,0.88
b6513f0b-22e7-49b2-8805-b46d95759509,Savita Chaya,savita chaya,Reputed Developer / Co-op Housing Consortium,Mumbai,Bandra West (Pali Hill & Bandstand),IN,"Savita Chaya, 28th Road, T.P.S. III, Bandra West (Pali Hill & Bandstand), Mumbai 400050, Maharashtra, India",400050,Gated Residential Society,0,48,P51800034461,19.059837,72.832998,Trophy / Ultra-Prime,osm_maharera_cadastral_enriched,0.88
ee928a6a-c961-4baf-81f5-84cb76be897e,Hari Niwas,hari niwas,Reputed Developer / Co-op Housing Consortium,Mumbai,Bandra West (Pali Hill & Bandstand),IN,"Hari Niwas, Bandra West (Pali Hill & Bandstand), Mumbai 400050, Maharashtra, India",400050,Gated Residential Society,0,48,P51800074444,19.072334,72.830879,Trophy / Ultra-Prime,osm_maharera_cadastral_enriched,0.88
d7d27732-c980-4116-a9c4-20a169346e6a,Manik Smruti,manik smruti,Reputed Developer / Co-op Housing Consortium,Mumbai,Bandra West (Pali Hill & Bandstand),IN,"Manik Smruti, Bandra West (Pali Hill & Bandstand), Mumbai 400050, Maharashtra, India",400050,Gated Residential Society,0,48,P51800039528,19.071968,72.831343,Trophy / Ultra-Prime,osm_maharera_cadastral_enriched,0.88
25df2095-d0f2-4068-9dd7-f8b01393f4a8,Moru Milan,moru milan,Reputed Developer / Co-op Housing Consortium,Mumbai,Bandra West (Pali Hill & Bandstand),IN,"Moru Milan, Bandra West (Pali Hill & Bandstand), Mumbai 400050, Maharashtra, India",400050,Gated Residential Society,0,48,P51800058666,19.071246,72.831439,Trophy / Ultra-Prime,osm_maharera_cadastral_enriched,0.88
21069f6d-1dc0-43e7-8672-5cf8c4092822,Ekta Empress,ekta empress,Reputed Developer / Co-op Housing Consortium,Mumbai,Bandra West (Pali Hill & Bandstand),IN,"Ekta Empress, Bandra West (Pali Hill & Bandstand), Mumbai 400050, Maharashtra, India",400050,Gated Residential Society,0,48,P51800099559,19.071746,72.830061,Trophy / Ultra-Prime,osm_maharera_cadastral_enriched,0.88
77339170-a310-49bf-a606-3fa4fd78a13f,Nav Bahar,nav bahar,Reputed Developer / Co-op Housing Consortium,Mumbai,Bandra West (Pali Hill & Bandstand),IN,"Nav Bahar, Bandra West (Pali Hill & Bandstand), Mumbai 400050, Maharashtra, India",400050,Gated Residential Society,0,48,P51800044759,19.071964,72.831748,Trophy / Ultra-Prime,osm_maharera_cadastral_enriched,0.88
22031fb8-0312-420d-9f7b-bbe8fe766c37,Sunder Bhavan,sunder bhavan,Reputed Developer / Co-op Housing Consortium,Mumbai,Bandra West (Pali Hill & Bandstand),IN,"Sunder Bhavan, Bandra West (Pali Hill & Bandstand), Mumbai 400050, Maharashtra, India",400050,Gated Residential Society,0,48,P51800019271,19.071587,72.83138,Trophy / Ultra-Prime,osm_maharera_cadastral_enriched,0.88
4cd1f694-35bd-4b53-bed0-0df6300d4565,Supreme Serenity Nahata,supreme serenity nahata,Reputed Developer / Co-op Housing Consortium,Mumbai,Bandra West (Pali Hill & Bandstand),IN,"Supreme Serenity Nahata, Bandra West (Pali Hill & Bandstand), Mumbai 400050, Maharashtra, India",400050,Gated Residential Society,0,48,P51800080764,19.072154,72.831377,Trophy / Ultra-Prime,osm_maharera_cadastral_enriched,0.88
afa10ddb-7a79-44f3-abea-4896ebdba3e8,Jhulelal,jhulelal,Reputed Developer / Co-op Housing Consortium,Mumbai,Bandra West (Pali Hill & Bandstand),IN,"Jhulelal, Bandra West (Pali Hill & Bandstand), Mumbai 400050, Maharashtra, India",400050,Gated Residential Society,0,48,P51800019160,19.072009,72.83092,Trophy / Ultra-Prime,osm_maharera_cadastral_enriched,0.88
42b435fd-201f-4829-862a-12b52621b82b,Roshandeep,roshandeep,Reputed Developer / Co-op Housing Consortium,Mumbai,Bandra West (Pali Hill & Bandstand),IN,"Roshandeep, Bandra West (Pali Hill & Bandstand), Mumbai 400050, Maharashtra, India",400050,Gated Residential Society,0,48,P51800012561,19.071566,72.83177,Trophy / Ultra-Prime,osm_maharera_cadastral_enriched,0.88
22f18186-57ec-436f-9d92-fbed3fb33f2f,Paliputra,paliputra,Reputed Developer / Co-op Housing Consortium,Mumbai,Bandra West (Pali Hill & Bandstand),IN,"Paliputra, Bandra West (Pali Hill & Bandstand), Mumbai 400050, Maharashtra, India",400050,Gated Residential Society,0,48,P51800087934,19.07146,72.83105,Trophy / Ultra-Prime,osm_maharera_cadastral_enriched,0.88
ba29136b-74c6-494a-8ac3-11c8d6865371,Satguru Dhristi,satguru dhristi,Reputed Developer / Co-op Housing Consortium,Mumbai,Bandra West (Pali Hill & Bandstand),IN,"Satguru Dhristi, Bandra West (Pali Hill & Bandstand), Mumbai 400050, Maharashtra, India",400050,Gated Residential Society,0,48,P51800060470,19.068637,72.830795,Trophy / Ultra-Prime,osm_maharera_cadastral_enriched,0.88
27d38505-032f-4b4b-bccc-f6f2a152f8d6,Shree,shree,Reputed Developer / Co-op Housing Consortium,Mumbai,Bandra West (Pali Hill & Bandstand),IN,"Shree, Bandra West (Pali Hill & Bandstand), Mumbai 400050, Maharashtra, India",400050,Gated Residential Society,0,48,P51800024427,19.069639,72.83235,Trophy / Ultra-Prime,osm_maharera_cadastral_enriched,0.88
388e8980-f809-498c-b027-9a9dac73ee1b,Jewel Palace,jewel palace,Reputed Developer / Co-op Housing Consortium,Mumbai,Bandra West (Pali Hill & Bandstand),IN,"Jewel Palace, Bandra West (Pali Hill & Bandstand), Mumbai 400050, Maharashtra, India",400050,Luxury High-Rise Tower,0,48,P51800011668,19.068491,72.832254,Trophy / Ultra-Prime,osm_maharera_cadastral_enriched,0.88
fffc60aa-87b5-4311-89fe-c5a702dea9d4,Kohinoor Palace,kohinoor palace,Reputed Developer / Co-op Housing Consortium,Mumbai,Bandra West (Pali Hill & Bandstand),IN,"Kohinoor Palace, Bandra West (Pali Hill & Bandstand), Mumbai 400050, Maharashtra, India",400050,Luxury High-Rise Tower,0,48,P51800096365,19.070066,72.833099,Trophy / Ultra-Prime,osm_maharera_cadastral_enriched,0.88
be698898-8eba-44ce-968e-a9066c69b088,Mantra,mantra,Reputed Developer / Co-op Housing Consortium,Mumbai,Bandra West (Pali Hill & Bandstand),IN,"Mantra, Bandra West (Pali Hill & Bandstand), Mumbai 400050, Maharashtra, India",400050,Gated Residential Society,0,48,P51800021653,19.068651,72.83098,Trophy / Ultra-Prime,osm_maharera_cadastral_enriched,0.88
eb7f5942-5ba3-429c-839d-d4625065919c,Deep Apartment,deep apartment,Reputed Developer / Co-op Housing Consortium,Mumbai,Bandra West (Pali Hill & Bandstand),IN,"Deep Apartment, Bandra West (Pali Hill & Bandstand), Mumbai 400050, Maharashtra, India",400050,Gated Residential Society,0,48,P51800040945,19.068582,72.831584,Trophy / Ultra-Prime,osm_maharera_cadastral_enriched,0.88
e5999d94-c60c-45d3-9851-240ed17826f0,Krishna Niwas,krishna niwas,Reputed Developer / Co-op Housing Consortium,Mumbai,Bandra West (Pali Hill & Bandstand),IN,"Krishna Niwas, Bandra West (Pali Hill & Bandstand), Mumbai 400050, Maharashtra, India",400050,Gated Residential Society,0,48,P51800060533,19.068751,72.831829,Trophy / Ultra-Prime,osm_maharera_cadastral_enriched,0.88
f17bfd40-c0ff-4516-ba5a-da8e53f60ca8,Whitefield,whitefield,Reputed Developer / Co-op Housing Consortium,Mumbai,Bandra West (Pali Hill & Bandstand),IN,"Whitefield, Bandra West (Pali Hill & Bandstand), Mumbai 400050, Maharashtra, India",400050,Gated Residential Society,0,48,P51800055931,19.06869,72.831346,Trophy / Ultra-Prime,osm_maharera_cadastral_enriched,0.88
756f9fff-347b-4e1a-9a8d-a6787c4a733f,Ashok Bhavan,ashok bhavan,Reputed Developer / Co-op Housing Consortium,Mumbai,Bandra West (Pali Hill & Bandstand),IN,"Ashok Bhavan, Bandra West (Pali Hill & Bandstand), Mumbai 400050, Maharashtra, India",400050,Gated Residential Society,0,48,P51800045124,19.070071,72.832753,Trophy / Ultra-Prime,osm_maharera_cadastral_enriched,0.88
889c2b48-b42d-4132-96fe-790274b73f76,Shyam Vihar,shyam vihar,Reputed Developer / Co-op Housing Consortium,Mumbai,Bandra West (Pali Hill & Bandstand),IN,"Shyam Vihar, Bandra West (Pali Hill & Bandstand), Mumbai 400050, Maharashtra, India",400050,Gated Residential Society,0,48,P51800063473,19.068104,72.833339,Trophy / Ultra-Prime,osm_maharera_cadastral_enriched,0.88
69326dd3-b20d-42ee-af36-0768c418bc95,Radheya,radheya,Reputed Developer / Co-op Housing Consortium,Mumbai,Bandra West (Pali Hill & Bandstand),IN,"Radheya, Bandra West (Pali Hill & Bandstand), Mumbai 400050, Maharashtra, India",400050,Gated Residential Society,0,48,P51800026908,19.069282,72.833131,Trophy / Ultra-Prime,osm_maharera_cadastral_enriched,0.88
2f62e2cf-cc84-4daa-9960-9411864f2a16,Raj Rishi,raj rishi,Reputed Developer / Co-op Housing Consortium,Mumbai,Bandra West (Pali Hill & Bandstand),IN,"Raj Rishi, Bandra West (Pali Hill & Bandstand), Mumbai 400050, Maharashtra, India",400050,Gated Residential Society,0,48,P51800061708,19.068696,72.832298,Trophy / Ultra-Prime,osm_maharera_cadastral_enriched,0.88
430126f4-7931-4680-97f2-ae1b79fafa88,Ashirvad,ashirvad,Reputed Developer / Co-op Housing Consortium,Mumbai,Bandra West (Pali Hill & Bandstand),IN,"Ashirvad, Bandra West (Pali Hill & Bandstand), Mumbai 400050, Maharashtra, India",400050,Gated Residential Society,0,48,P51800077081,19.069598,72.83069,Trophy / Ultra-Prime,osm_maharera_cadastral_enriched,0.88
662961af-e60d-41fc-97ae-702aeb012e61,Shreyas,shreyas,Reputed Developer / Co-op Housing Consortium,Mumbai,Bandra West (Pali Hill & Bandstand),IN,"Shreyas, Bandra West (Pali Hill & Bandstand), Mumbai 400050, Maharashtra, India",400050,Gated Residential Society,0,48,P51800028076,19.068808,72.832697,Trophy / Ultra-Prime,osm_maharera_cadastral_enriched,0.88
15789800-2cec-41d7-b6c5-3aa5d9cc13fc,Morumilap,morumilap,Reputed Developer / Co-op Housing Consortium,Mumbai,Bandra West (Pali Hill & Bandstand),IN,"Morumilap, Bandra West (Pali Hill & Bandstand), Mumbai 400050, Maharashtra, India",400050,Gated Residential Society,0,48,P51800062072,19.069763,72.832398,Trophy / Ultra-Prime,osm_maharera_cadastral_enriched,0.88
619c8f54-8986-4c47-896e-8c7a276eed26,Shriniwas,shriniwas,Reputed Developer / Co-op Housing Consortium,Mumbai,Bandra West (Pali Hill & Bandstand),IN,"Shriniwas, Bandra West (Pali Hill & Bandstand), Mumbai 400050, Maharashtra, India",400050,Gated Residential Society,0,48,P51800037169,19.069616,72.832694,Trophy / Ultra-Prime,osm_maharera_cadastral_enriched,0.88
42f41808-341d-405f-87d8-8841aaf0026c,Anand Ashram,anand ashram,Reputed Developer / Co-op Housing Consortium,Mumbai,Bandra West (Pali Hill & Bandstand),IN,"Anand Ashram, Bandra West (Pali Hill & Bandstand), Mumbai 400050, Maharashtra, India",400050,Gated Residential Society,0,48,P51800068305,19.069923,72.832732,Trophy / Ultra-Prime,osm_maharera_cadastral_enriched,0.88
5a675bcf-e87c-427d-bb0e-f007c3f7264a,Link Apartments,link apartments,Reputed Developer / Co-op Housing Consortium,Mumbai,Bandra West (Pali Hill & Bandstand),IN,"Link Apartments, Bandra West (Pali Hill & Bandstand), Mumbai 400050, Maharashtra, India",400050,Gated Residential Society,0,48,P51800022096,19.069917,72.833605,Trophy / Ultra-Prime,osm_maharera_cadastral_enriched,0.88
1ed76efe-cb64-4e45-9ead-ccd0a97aae63,Shree Shakti,shree shakti,Reputed Developer / Co-op Housing Consortium,Mumbai,Bandra West (Pali Hill & Bandstand),IN,"Shree Shakti, Bandra West (Pali Hill & Bandstand), Mumbai 400050, Maharashtra, India",400050,Gated Residential Society,0,48,P51800032509,19.068619,72.832651,Trophy / Ultra-Prime,osm_maharera_cadastral_enriched,0.88
a202611f-160a-4b30-a4f0-511880186195,Flora,flora,Reputed Developer / Co-op Housing Consortium,Mumbai,Bandra West (Pali Hill & Bandstand),IN,"Flora, Bandra West (Pali Hill & Bandstand), Mumbai 400050, Maharashtra, India",400050,Gated Residential Society,0,48,P51800090539,19.070013,72.833228,Trophy / Ultra-Prime,osm_maharera_cadastral_enriched,0.88
a369a92f-538e-4289-a4a6-9f8feb0c8956,Le Orchid,le orchid,Reputed Developer / Co-op Housing Consortium,Mumbai,Bandra West (Pali Hill & Bandstand),IN,"Le Orchid, Bandra West (Pali Hill & Bandstand), Mumbai 400050, Maharashtra, India",400050,Gated Residential Society,0,48,P51800078619,19.068871,72.832334,Trophy / Ultra-Prime,osm_maharera_cadastral_enriched,0.88
3060c40a-ab90-4330-ba57-df0a55b39c1d,Asmita,asmita,Reputed Developer / Co-op Housing Consortium,Mumbai,Bandra West (Pali Hill & Bandstand),IN,"Asmita, Bandra West (Pali Hill & Bandstand), Mumbai 400050, Maharashtra, India",400050,Gated Residential Society,0,48,P51800082824,19.068932,72.833108,Trophy / Ultra-Prime,osm_maharera_cadastral_enriched,0.88
39745f43-7a21-4b72-96d5-9120f65c6e8d,Lotia Mansion,lotia mansion,Reputed Developer / Co-op Housing Consortium,Mumbai,Bandra West (Pali Hill & Bandstand),IN,"Lotia Mansion, Bandra West (Pali Hill & Bandstand), Mumbai 400050, Maharashtra, India",400050,Gated Residential Society,0,48,P51800080954,19.069474,72.83235,Trophy / Ultra-Prime,osm_maharera_cadastral_enriched,0.88
ae3c810d-6ff1-4682-bebe-abb41aac23f7,Tulsi,tulsi,Reputed Developer / Co-op Housing Consortium,Mumbai,Bandra West (Pali Hill & Bandstand),IN,"Tulsi, Bandra West (Pali Hill & Bandstand), Mumbai 400050, Maharashtra, India",400050,Gated Residential Society,0,48,P51800083149,19.068115,72.832948,Trophy / Ultra-Prime,osm_maharera_cadastral_enriched,0.88
8277aeee-563b-4e99-b3d4-2bb7b5295307,Kesar Kripa,kesar kripa,Reputed Developer / Co-op Housing Consortium,Mumbai,Bandra West (Pali Hill & Bandstand),IN,"Kesar Kripa, Bandra West (Pali Hill & Bandstand), Mumbai 400050, Maharashtra, India",400050,Gated Residential Society,0,48,P51800046185,19.069587,72.833154,Trophy / Ultra-Prime,osm_maharera_cadastral_enriched,0.88
ba7602af-6816-4da4-9fc0-73edb3ff12b1,Chandra Bhuvan,chandra bhuvan,Reputed Developer / Co-op Housing Consortium,Mumbai,Bandra West (Pali Hill & Bandstand),IN,"Chandra Bhuvan, Bandra West (Pali Hill & Bandstand), Mumbai 400050, Maharashtra, India",400050,Gated Residential Society,0,48,P51800035722,19.069761,72.83269,Trophy / Ultra-Prime,osm_maharera_cadastral_enriched,0.88
4d4fe535-b0ee-484e-a3f2-ee1264ecc822,Springfield,springfield,Reputed Developer / Co-op Housing Consortium,Mumbai,Bandra West (Pali Hill & Bandstand),IN,"Springfield, Bandra West (Pali Hill & Bandstand), Mumbai 400050, Maharashtra, India",400050,Gated Residential Society,0,48,P51800075197,19.068952,72.82642,Trophy / Ultra-Prime,osm_maharera_cadastral_enriched,0.88
4a129478-cf3b-414e-9d41-0abce34bfcc9,Bajaj Pearl,bajaj pearl,Reputed Developer / Co-op Housing Consortium,Mumbai,Bandra West (Pali Hill & Bandstand),IN,"Bajaj Pearl, Bandra West (Pali Hill & Bandstand), Mumbai 400050, Maharashtra, India",400050,Gated Residential Society,0,48,P51800069425,19.072178,72.826498,Trophy / Ultra-Prime,osm_maharera_cadastral_enriched,0.88
4977d850-895a-486c-b011-475969fe2267,Ave Maria,ave maria,Reputed Developer / Co-op Housing Consortium,Mumbai,Bandra West (Pali Hill & Bandstand),IN,"Ave Maria, Bandra West (Pali Hill & Bandstand), Mumbai 400050, Maharashtra, India",400050,Gated Residential Society,0,48,P51800052326,19.071548,72.82765,Trophy / Ultra-Prime,osm_maharera_cadastral_enriched,0.88
b45587a3-155c-4c89-b275-768c4ce262e9,Gulab,gulab,Reputed Developer / Co-op Housing Consortium,Mumbai,Bandra West (Pali Hill & Bandstand),IN,"Gulab, Bandra West (Pali Hill & Bandstand), Mumbai 400050, Maharashtra, India",400050,Gated Residential Society,0,48,P51800074145,19.069398,72.823602,Trophy / Ultra-Prime,osm_maharera_cadastral_enriched,0.88
79419275-72a7-4ce0-9d21-4ff0ad79ac0d,Gul Palace,gul palace,Reputed Developer / Co-op Housing Consortium,Mumbai,Bandra West (Pali Hill & Bandstand),IN,"Gul Palace, Bandra West (Pali Hill & Bandstand), Mumbai 400050, Maharashtra, India",400050,Luxury High-Rise Tower,0,48,P51800075131,19.061851,72.826794,Trophy / Ultra-Prime,osm_maharera_cadastral_enriched,0.88
6d88c85b-33e2-428c-824e-21a90588f596,Varun,varun,Reputed Developer / Co-op Housing Consortium,Mumbai,Bandra West (Pali Hill & Bandstand),IN,"Varun, Bandra West (Pali Hill & Bandstand), Mumbai 400050, Maharashtra, India",400050,Gated Residential Society,0,48,P51800064321,19.063852,72.823208,Trophy / Ultra-Prime,osm_maharera_cadastral_enriched,0.88
04e926bd-1cfa-4102-afbf-7a4587a2df7f,Smoky Hill,smoky hill,Reputed Developer / Co-op Housing Consortium,Mumbai,Bandra West (Pali Hill & Bandstand),IN,"Smoky Hill, Bandra West (Pali Hill & Bandstand), Mumbai 400050, Maharashtra, India",400050,Gated Residential Society,0,48,P51800083360,19.06331,72.823972,Trophy / Ultra-Prime,osm_maharera_cadastral_enriched,0.88
bf5308be-2d2a-481d-a374-17f7c2b0083d,Naivedya,naivedya,Reputed Developer / Co-op Housing Consortium,Mumbai,Bandra West (Pali Hill & Bandstand),IN,"Naivedya, Bandra West (Pali Hill & Bandstand), Mumbai 400050, Maharashtra, India",400050,Gated Residential Society,0,48,P51800048749,19.066955,72.823126,Trophy / Ultra-Prime,osm_maharera_cadastral_enriched,0.88
45a4da5d-3c44-40da-b2c2-3ebe193957b6,Didol CHS,didol chs,Reputed Developer / Co-op Housing Consortium,Mumbai,Bandra West (Pali Hill & Bandstand),IN,"Didol CHS, Bandra West (Pali Hill & Bandstand), Mumbai 400050, Maharashtra, India",400050,Gated Residential Society,0,48,P51800077551,19.063752,72.824224,Trophy / Ultra-Prime,osm_maharera_cadastral_enriched,0.88
61e11cf5-26bf-482a-ac0d-b35b560314c1,Freeda One,freeda one,Reputed Developer / Co-op Housing Consortium,Mumbai,Bandra West (Pali Hill & Bandstand),IN,"Freeda One, Bandra West (Pali Hill & Bandstand), Mumbai 400050, Maharashtra, India",400050,Gated Residential Society,0,48,P51800057773,19.067164,72.823138,Trophy / Ultra-Prime,osm_maharera_cadastral_enriched,0.88
6c5dc418-f594-4355-98a1-0c1bd6f372af,Clefepete,clefepete,Reputed Developer / Co-op Housing Consortium,Mumbai,Bandra West (Pali Hill & Bandstand),IN,"Clefepete, Bandra West (Pali Hill & Bandstand), Mumbai 400050, Maharashtra, India",400050,Gated Residential Society,0,48,P51800034507,19.06807,72.823,Trophy / Ultra-Prime,osm_maharera_cadastral_enriched,0.88
00969b42-3a3d-44f6-bd5d-9011fac7285e,Dharmjyot,dharmjyot,Reputed Developer / Co-op Housing Consortium,Mumbai,Bandra West (Pali Hill & Bandstand),IN,"Dharmjyot, Bandra West (Pali Hill & Bandstand), Mumbai 400050, Maharashtra, India",400050,Gated Residential Society,0,48,P51800052678,19.063566,72.823925,Trophy / Ultra-Prime,osm_maharera_cadastral_enriched,0.88
5803f1ad-fe94-43b6-b154-f8145ab0fb68,Vinayak Heights,vinayak heights,Reputed Developer / Co-op Housing Consortium,Mumbai,Bandra West (Pali Hill & Bandstand),IN,"Vinayak Heights, Bandra West (Pali Hill & Bandstand), Mumbai 400050, Maharashtra, India",400050,Luxury High-Rise Tower,0,48,P51800062828,19.064811,72.828331,Trophy / Ultra-Prime,osm_maharera_cadastral_enriched,0.88
bb7eabb1-72f4-47cc-ba8e-99178eb36022,Shiv Asthan Heights,shiv asthan heights,Reputed Developer / Co-op Housing Consortium,Mumbai,Bandra West (Pali Hill & Bandstand),IN,"Shiv Asthan Heights, 16th Road, Bandra West (Pali Hill & Bandstand), Mumbai 400050, Maharashtra, India",400050,Luxury High-Rise Tower,0,48,P51800083212,19.062866,72.830494,Trophy / Ultra-Prime,osm_maharera_cadastral_enriched,0.88
bd82ac5a-13b5-4e1a-871f-eec0d1658e38,Ekta Elite Kokil Kunj,ekta elite kokil kunj,Reputed Developer / Co-op Housing Consortium,Mumbai,Bandra West (Pali Hill & Bandstand),IN,"Ekta Elite Kokil Kunj, Bandra West (Pali Hill & Bandstand), Mumbai 400050, Maharashtra, India",400050,Gated Residential Society,0,48,P51800099091,19.067637,72.830276,Trophy / Ultra-Prime,osm_maharera_cadastral_enriched,0.88
6941a2b5-2e77-4acd-88dc-828a94147052,Silver Croft,silver croft,Reputed Developer / Co-op Housing Consortium,Mumbai,Bandra West (Pali Hill & Bandstand),IN,"Silver Croft, Bandra West (Pali Hill & Bandstand), Mumbai 400050, Maharashtra, India",400050,Gated Residential Society,0,48,P51800020268,19.062884,72.82826,Trophy / Ultra-Prime,osm_maharera_cadastral_enriched,0.88
2a924ece-e9d5-4c41-a30e-cc4b60d66602,Bahar Apartments,bahar apartments,Reputed Developer / Co-op Housing Consortium,Mumbai,Bandra West (Pali Hill & Bandstand),IN,"Bahar Apartments, St. Anne's Lane, Bandra West (Pali Hill & Bandstand), Mumbai 400050, Maharashtra, India",400050,Gated Residential Society,0,48,P51800041495,19.063502,72.825042,Trophy / Ultra-Prime,osm_maharera_cadastral_enriched,0.88
45daab42-769e-46ba-a886-a1ba31cb649b,Trierise,trierise,Reputed Developer / Co-op Housing Consortium,Mumbai,Bandra West (Pali Hill & Bandstand),IN,"Trierise, Bandra West (Pali Hill & Bandstand), Mumbai 400050, Maharashtra, India",400050,Gated Residential Society,0,48,P51800038349,19.066329,72.830854,Trophy / Ultra-Prime,osm_maharera_cadastral_enriched,0.88
aa383a07-bcfd-4042-a794-725f39ac8dc1,Sabita,sabita,Reputed Developer / Co-op Housing Consortium,Mumbai,Bandra West (Pali Hill & Bandstand),IN,"Sabita, Bandra West (Pali Hill & Bandstand), Mumbai 400050, Maharashtra, India",400050,Gated Residential Society,0,48,P51800068021,19.067818,72.830869,Trophy / Ultra-Prime,osm_maharera_cadastral_enriched,0.88
d5b40a88-aa28-4929-b0fc-89595aef14b0,Brijbala,brijbala,Reputed Developer / Co-op Housing Consortium,Mumbai,Bandra West (Pali Hill & Bandstand),IN,"Brijbala, Bandra West (Pali Hill & Bandstand), Mumbai 400050, Maharashtra, India",400050,Gated Residential Society,0,48,P51800015706,19.066251,72.830179,Trophy / Ultra-Prime,osm_maharera_cadastral_enriched,0.88
09d2a3a5-6230-4157-a8c4-117a96e37c2a,Windward Apartment,windward apartment,Reputed Developer / Co-op Housing Consortium,Mumbai,Bandra West (Pali Hill & Bandstand),IN,"Windward Apartment, Bandra West (Pali Hill & Bandstand), Mumbai 400050, Maharashtra, India",400050,Gated Residential Society,0,48,P51800033139,19.066458,72.830329,Trophy / Ultra-Prime,osm_maharera_cadastral_enriched,0.88
4686d7c4-0839-43f1-9fbf-1d0af4fc724a,Aquarius Tower,aquarius tower,Reputed Developer / Co-op Housing Consortium,Mumbai,Bandra West (Pali Hill & Bandstand),IN,"Aquarius Tower, Bandra West (Pali Hill & Bandstand), Mumbai 400050, Maharashtra, India",400050,Luxury High-Rise Tower,0,48,P51800050866,19.066839,72.830744,Trophy / Ultra-Prime,osm_maharera_cadastral_enriched,0.88
3937e689-c56e-4bdc-b106-ec6255319c38,Kenwood,kenwood,Reputed Developer / Co-op Housing Consortium,Mumbai,Bandra West (Pali Hill & Bandstand),IN,"Kenwood, Bandra West (Pali Hill & Bandstand), Mumbai 400050, Maharashtra, India",400050,Gated Residential Society,0,48,P51800087830,19.065191,72.82958,Trophy / Ultra-Prime,osm_maharera_cadastral_enriched,0.88
b952b5db-ce4d-4b04-bd5a-e0268ea280e4,Cypress Woods,cypress woods,Reputed Developer / Co-op Housing Consortium,Mumbai,Bandra West (Pali Hill & Bandstand),IN,"Cypress Woods, 16th Road, Bandra West (Pali Hill & Bandstand), Mumbai 400050, Maharashtra, India",400050,Gated Residential Society,0,48,P51800091856,19.063193,72.830582,Trophy / Ultra-Prime,osm_maharera_cadastral_enriched,0.88
9a0d623a-73c9-4717-bddb-921ad4246d1f,Palazzo Heights,palazzo heights,Reputed Developer / Co-op Housing Consortium,Mumbai,Bandra West (Pali Hill & Bandstand),IN,"Palazzo Heights, Bandra West (Pali Hill & Bandstand), Mumbai 400050, Maharashtra, India",400050,Luxury High-Rise Tower,0,48,P51800063375,19.067643,72.830946,Trophy / Ultra-Prime,osm_maharera_cadastral_enriched,0.88
f154edf2-9062-4186-911b-e9bff8d3d536,Theresian Coop Hsg Society,theresian coop hsg society,Reputed Developer / Co-op Housing Consortium,Mumbai,Bandra West (Pali Hill & Bandstand),IN,"Theresian Coop Hsg Society, 16th Road, Bandra West (Pali Hill & Bandstand), Mumbai 400050, Maharashtra, India",400050,Gated Residential Society,0,48,P51800038448,19.064017,72.830721,Trophy / Ultra-Prime,osm_maharera_cadastral_enriched,0.88
2dca8cf2-f52e-4e0f-b7de-60d7fca0f954,Samudra Seema,samudra seema,Reputed Developer / Co-op Housing Consortium,Mumbai,Bandra West (Pali Hill & Bandstand),IN,"Samudra Seema, Bandra West (Pali Hill & Bandstand), Mumbai 400050, Maharashtra, India",400050,Gated Residential Society,0,48,P51800087491,19.066669,72.830135,Trophy / Ultra-Prime,osm_maharera_cadastral_enriched,0.88
7f8a37ef-eaf7-4f0a-a3bb-0d040999774f,Sahana Enclave,sahana enclave,Reputed Developer / Co-op Housing Consortium,Mumbai,Bandra West (Pali Hill & Bandstand),IN,"Sahana Enclave, Bandra West (Pali Hill & Bandstand), Mumbai 400050, Maharashtra, India",400050,Gated Residential Society,0,48,P51800062819,19.067183,72.830255,Trophy / Ultra-Prime,osm_maharera_cadastral_enriched,0.88
859e1015-7b50-48d9-a712-5385339ee20e,Passion Flower,passion flower,Reputed Developer / Co-op Housing Consortium,Mumbai,Bandra West (Pali Hill & Bandstand),IN,"Passion Flower, Bandra West (Pali Hill & Bandstand), Mumbai 400050, Maharashtra, India",400050,Gated Residential Society,0,48,P51800095800,19.062867,72.828988,Trophy / Ultra-Prime,osm_maharera_cadastral_enriched,0.88
9832b79f-10f4-4a01-848c-f6bd6309db54,Nav Palmyra,nav palmyra,Reputed Developer / Co-op Housing Consortium,Mumbai,Bandra West (Pali Hill & Bandstand),IN,"Nav Palmyra, Bandra West (Pali Hill & Bandstand), Mumbai 400050, Maharashtra, India",400050,Gated Residential Society,0,48,P51800049248,19.068312,72.830363,Trophy / Ultra-Prime,osm_maharera_cadastral_enriched,0.88
4391ab9e-7606-46d5-bea4-975a377375ad,Eken Heights,eken heights,Reputed Developer / Co-op Housing Consortium,Mumbai,Bandra West (Pali Hill & Bandstand),IN,"Eken Heights, Bandra West (Pali Hill & Bandstand), Mumbai 400050, Maharashtra, India",400050,Luxury High-Rise Tower,0,48,P51800072143,19.065701,72.830264,Trophy / Ultra-Prime,osm_maharera_cadastral_enriched,0.88
4d70d867-b378-4b26-9c85-5ac590185336,Everglades Shobha Sagar,everglades shobha sagar,Reputed Developer / Co-op Housing Consortium,Mumbai,Bandra West (Pali Hill & Bandstand),IN,"Everglades Shobha Sagar, Bandra West (Pali Hill & Bandstand), Mumbai 400050, Maharashtra, India",400050,Gated Residential Society,0,48,P51800092766,19.067824,72.830363,Trophy / Ultra-Prime,osm_maharera_cadastral_enriched,0.88
a9a9a6ba-2618-4dd1-83f5-11365cb9d376,Glamour Glen,glamour glen,Reputed Developer / Co-op Housing Consortium,Mumbai,Bandra West (Pali Hill & Bandstand),IN,"Glamour Glen, Bandra West (Pali Hill & Bandstand), Mumbai 400050, Maharashtra, India",400050,Gated Residential Society,0,48,P51800071165,19.065733,72.829567,Trophy / Ultra-Prime,osm_maharera_cadastral_enriched,0.88
d77000db-a82c-4598-ad92-6aae22b85dd6,ALG Residency,alg residency,Reputed Developer / Co-op Housing Consortium,Mumbai,Bandra West (Pali Hill & Bandstand),IN,"ALG Residency, Bandra West (Pali Hill & Bandstand), Mumbai 400050, Maharashtra, India",400050,Gated Residential Society,0,48,P51800087565,19.062998,72.82917,Trophy / Ultra-Prime,osm_maharera_cadastral_enriched,0.88
b5b0cc79-20f8-4644-82f0-51ce465b5208,Yellow Rose,yellow rose,Reputed Developer / Co-op Housing Consortium,Mumbai,Bandra West (Pali Hill & Bandstand),IN,"Yellow Rose, Bandra West (Pali Hill & Bandstand), Mumbai 400050, Maharashtra, India",400050,Gated Residential Society,0,48,P51800038059,19.062924,72.830024,Trophy / Ultra-Prime,osm_maharera_cadastral_enriched,0.88
c64fe933-189d-4318-839b-eb4115c635c0,D'Mello's Avinash,d mello s avinash,Reputed Developer / Co-op Housing Consortium,Mumbai,Bandra West (Pali Hill & Bandstand),IN,"D'Mello's Avinash, Bandra West (Pali Hill & Bandstand), Mumbai 400050, Maharashtra, India",400050,Gated Residential Society,0,48,P51800055278,19.065689,72.830543,Trophy / Ultra-Prime,osm_maharera_cadastral_enriched,0.88
902795d4-eeda-4841-b6ee-2da4e9fec4cf,Joy Apartments,joy apartments,Reputed Developer / Co-op Housing Consortium,Mumbai,Bandra West (Pali Hill & Bandstand),IN,"Joy Apartments, Bandra West (Pali Hill & Bandstand), Mumbai 400050, Maharashtra, India",400050,Gated Residential Society,0,48,P51800027798,19.065912,72.830565,Trophy / Ultra-Prime,osm_maharera_cadastral_enriched,0.88
244007da-b1c8-4538-b530-9fcecb4f8c9b,Silvercroft,silvercroft,Reputed Developer / Co-op Housing Consortium,Mumbai,Bandra West (Pali Hill & Bandstand),IN,"Silvercroft, 33rd Road, Bandra West (Pali Hill & Bandstand), Mumbai 400050, Maharashtra, India",400050,Gated Residential Society,0,48,P51800047011,19.065672,72.830784,Trophy / Ultra-Prime,osm_maharera_cadastral_enriched,0.88
922502e0-aac9-4745-a7d3-eab212a00b5a,Grace Residency,grace residency,Reputed Developer / Co-op Housing Consortium,Mumbai,Bandra West (Pali Hill & Bandstand),IN,"Grace Residency, Bandra West (Pali Hill & Bandstand), Mumbai 400050, Maharashtra, India",400050,Gated Residential Society,0,48,P51800039967,19.06666,72.830723,Trophy / Ultra-Prime,osm_maharera_cadastral_enriched,0.88
62ebfcde-9bab-4a21-938c-2ba0dae0f644,Bandra Sangam,bandra sangam,Reputed Developer / Co-op Housing Consortium,Mumbai,Bandra West (Pali Hill & Bandstand),IN,"Bandra Sangam, Bandra West (Pali Hill & Bandstand), Mumbai 400050, Maharashtra, India",400050,Gated Residential Society,0,48,P51800058404,19.066481,72.830116,Trophy / Ultra-Prime,osm_maharera_cadastral_enriched,0.88
f227b970-6abc-4a7b-936f-b777233e6923,Aabhar Apartment,aabhar apartment,Reputed Developer / Co-op Housing Consortium,Mumbai,Bandra West (Pali Hill & Bandstand),IN,"Aabhar Apartment, Bandra West (Pali Hill & Bandstand), Mumbai 400050, Maharashtra, India",400050,Gated Residential Society,0,48,P51800090098,19.066996,72.830291,Trophy / Ultra-Prime,osm_maharera_cadastral_enriched,0.88
99d58c58-c0de-44bd-8c7c-b94e4e870dc1,Silver Palace,silver palace,Reputed Developer / Co-op Housing Consortium,Mumbai,Bandra West (Pali Hill & Bandstand),IN,"Silver Palace, Bandra West (Pali Hill & Bandstand), Mumbai 400050, Maharashtra, India",400050,Luxury High-Rise Tower,0,48,P51800084939,19.063021,72.82846,Trophy / Ultra-Prime,osm_maharera_cadastral_enriched,0.88
5811e6cb-732f-4de1-a3fa-78d3625f03e4,Vedanand,vedanand,Reputed Developer / Co-op Housing Consortium,Mumbai,Bandra West (Pali Hill & Bandstand),IN,"Vedanand, Bandra West (Pali Hill & Bandstand), Mumbai 400050, Maharashtra, India",400050,Gated Residential Society,0,48,P51800033811,19.067279,72.830707,Trophy / Ultra-Prime,osm_maharera_cadastral_enriched,0.88
4491581e-4862-4d99-8f83-943b525f0556,Padma,padma,Reputed Developer / Co-op Housing Consortium,Mumbai,Bandra West (Pali Hill & Bandstand),IN,"Padma, Bandra West (Pali Hill & Bandstand), Mumbai 400050, Maharashtra, India",400050,Gated Residential Society,0,48,P51800018452,19.067633,72.830718,Trophy / Ultra-Prime,osm_maharera_cadastral_enriched,0.88
68a2f0e3-896c-4744-94fd-16ea21c963b3,Vertical Heights,vertical heights,Reputed Developer / Co-op Housing Consortium,Mumbai,Bandra West (Pali Hill & Bandstand),IN,"Vertical Heights, Bandra West (Pali Hill & Bandstand), Mumbai 400050, Maharashtra, India",400050,Luxury High-Rise Tower,0,48,P51800072027,19.062745,72.830242,Trophy / Ultra-Prime,osm_maharera_cadastral_enriched,0.88
0feedc1d-bab1-40cf-903b-5560fbdbf501,Casablanca,casablanca,Reputed Developer / Co-op Housing Consortium,Mumbai,Bandra West (Pali Hill & Bandstand),IN,"Casablanca, Bandra West (Pali Hill & Bandstand), Mumbai 400050, Maharashtra, India",400050,Gated Residential Society,0,48,P51800031715,19.064953,72.829115,Trophy / Ultra-Prime,osm_maharera_cadastral_enriched,0.88
61c9eadb-2b10-4e5d-87fa-644f018f308b,Abhilasha Sadan,abhilasha sadan,Reputed Developer / Co-op Housing Consortium,Mumbai,Bandra West (Pali Hill & Bandstand),IN,"Abhilasha Sadan, Bandra West (Pali Hill & Bandstand), Mumbai 400050, Maharashtra, India",400050,Gated Residential Society,0,48,P51800045494,19.065263,72.828387,Trophy / Ultra-Prime,osm_maharera_cadastral_enriched,0.88
6cc545ee-2be1-46c6-9f82-3face27b7dea,Chinar,chinar,Reputed Developer / Co-op Housing Consortium,Mumbai,Bandra West (Pali Hill & Bandstand),IN,"Chinar, Bandra West (Pali Hill & Bandstand), Mumbai 400050, Maharashtra, India",400050,Gated Residential Society,0,48,P51800064008,19.068039,72.830305,Trophy / Ultra-Prime,osm_maharera_cadastral_enriched,0.88
8d4362e9-2908-4750-b6e8-9bebc76658a0,Jewel Milan,jewel milan,Reputed Developer / Co-op Housing Consortium,Mumbai,Bandra West (Pali Hill & Bandstand),IN,"Jewel Milan, Dr KS Hedgewar Road (30th Road), Bandra West (Pali Hill & Bandstand), Mumbai 400050, Maharashtra, India",400050,Gated Residential Society,0,48,P51800055670,19.06229,72.83002,Trophy / Ultra-Prime,osm_maharera_cadastral_enriched,0.88
726cd8db-49c5-4be1-b3ec-fb8dbf361084,Evershine,evershine,Reputed Developer / Co-op Housing Consortium,Mumbai,Bandra West (Pali Hill & Bandstand),IN,"Evershine, Bandra West (Pali Hill & Bandstand), Mumbai 400050, Maharashtra, India",400050,Gated Residential Society,0,48,P51800065090,19.066167,72.830639,Trophy / Ultra-Prime,osm_maharera_cadastral_enriched,0.88
5055c7f1-6932-413e-bc85-d11ced63ff13,Gaspar Lodge,gaspar lodge,Reputed Developer / Co-op Housing Consortium,Mumbai,Bandra West (Pali Hill & Bandstand),IN,"Gaspar Lodge, Bandra West (Pali Hill & Bandstand), Mumbai 400050, Maharashtra, India",400050,Gated Residential Society,0,48,P51800027137,19.063315,72.825092,Trophy / Ultra-Prime,osm_maharera_cadastral_enriched,0.88
417c66d1-5c8e-4cac-97e7-01f0709447e8,Al-Karim,al karim,Reputed Developer / Co-op Housing Consortium,Mumbai,Bandra West (Pali Hill & Bandstand),IN,"Al-Karim, Bandra West (Pali Hill & Bandstand), Mumbai 400050, Maharashtra, India",400050,Gated Residential Society,0,48,P51800061013,19.063067,72.83005,Trophy / Ultra-Prime,osm_maharera_cadastral_enriched,0.88
418122f3-9a6a-414e-97d9-319cbbafe72c,Dheeraj Sneh,dheeraj sneh,Reputed Developer / Co-op Housing Consortium,Mumbai,Bandra West (Pali Hill & Bandstand),IN,"Dheeraj Sneh, Dr KS Hedgewar Road (30th Road), Bandra West (Pali Hill & Bandstand), Mumbai 400050, Maharashtra, India",400050,Gated Residential Society,0,48,P51800041220,19.062595,72.830283,Trophy / Ultra-Prime,osm_maharera_cadastral_enriched,0.88
b83e4d79-e0e2-44ea-ad20-69518263deec,Florencia,florencia,Reputed Developer / Co-op Housing Consortium,Mumbai,Bandra West (Pali Hill & Bandstand),IN,"Florencia, Bandra West (Pali Hill & Bandstand), Mumbai 400050, Maharashtra, India",400050,Gated Residential Society,0,48,P51800035301,19.062945,72.828766,Trophy / Ultra-Prime,osm_maharera_cadastral_enriched,0.88
d867f5d8-a868-4ace-baee-98a0a9869429,Anand,anand,Reputed Developer / Co-op Housing Consortium,Mumbai,Bandra West (Pali Hill & Bandstand),IN,"Anand, Bandra West (Pali Hill & Bandstand), Mumbai 400050, Maharashtra, India",400050,Gated Residential Society,0,48,P51800071872,19.065196,72.828789,Trophy / Ultra-Prime,osm_maharera_cadastral_enriched,0.88
f5f2c650-95e0-48cb-aabb-01f41688d0cb,Rajiv Apartments,rajiv apartments,Reputed Developer / Co-op Housing Consortium,Mumbai,Bandra West (Pali Hill & Bandstand),IN,"Rajiv Apartments, Bandra West (Pali Hill & Bandstand), Mumbai 400050, Maharashtra, India",400050,Gated Residential Society,0,48,P51800083981,19.064571,72.829141,Trophy / Ultra-Prime,osm_maharera_cadastral_enriched,0.88
b6c2bd40-ff00-4e8e-9f40-ef67653b416d,Kiran,kiran,Reputed Developer / Co-op Housing Consortium,Mumbai,Bandra West (Pali Hill & Bandstand),IN,"Kiran, Bandra West (Pali Hill & Bandstand), Mumbai 400050, Maharashtra, India",400050,Gated Residential Society,0,48,P51800020684,19.064449,72.828187,Trophy / Ultra-Prime,osm_maharera_cadastral_enriched,0.88
dc0d64b1-503f-4606-86fa-aa8db0d8c847,Grand Canyon,grand canyon,Reputed Developer / Co-op Housing Consortium,Mumbai,Bandra West (Pali Hill & Bandstand),IN,"Grand Canyon, Bandra West (Pali Hill & Bandstand), Mumbai 400050, Maharashtra, India",400050,Gated Residential Society,0,48,P51800066860,19.066056,72.828742,Trophy / Ultra-Prime,osm_maharera_cadastral_enriched,0.88
05895d0f-bae6-4efe-aed3-82a2034a6235,Jolly Highrise,jolly highrise,Reputed Developer / Co-op Housing Consortium,Mumbai,Bandra West (Pali Hill & Bandstand),IN,"Jolly Highrise, Bandra West (Pali Hill & Bandstand), Mumbai 400050, Maharashtra, India",400050,Gated Residential Society,0,48,P51800033827,19.063294,72.82791,Trophy / Ultra-Prime,osm_maharera_cadastral_enriched,0.88
596b7c04-7efc-4e77-8083-9f0e1a01c05d,Som-Dhan,som dhan,Reputed Developer / Co-op Housing Consortium,Mumbai,Bandra West (Pali Hill & Bandstand),IN,"Som-Dhan, Bandra West (Pali Hill & Bandstand), Mumbai 400050, Maharashtra, India",400050,Gated Residential Society,0,48,P51800080772,19.061622,72.82329,Trophy / Ultra-Prime,osm_maharera_cadastral_enriched,0.88
86a98159-e346-4178-b785-c4a0ac1f78d0,Spencer,spencer,Reputed Developer / Co-op Housing Consortium,Mumbai,Bandra West (Pali Hill & Bandstand),IN,"Spencer, New Kantwadi Road, Bandra West (Pali Hill & Bandstand), Mumbai 400050, Maharashtra, India",400050,Gated Residential Society,0,48,P51800042560,19.061204,72.824805,Trophy / Ultra-Prime,osm_maharera_cadastral_enriched,0.88
f0f74823-70f5-4fb3-ab8e-41b495237134,Sea Bird Apartments,sea bird apartments,Reputed Developer / Co-op Housing Consortium,Mumbai,Bandra West (Pali Hill & Bandstand),IN,"Sea Bird Apartments, Bandra West (Pali Hill & Bandstand), Mumbai 400050, Maharashtra, India",400050,Gated Residential Society,0,48,P51800090737,19.060464,72.824142,Trophy / Ultra-Prime,osm_maharera_cadastral_enriched,0.88
1b882017-0c3e-464e-a309-96aa54ea051e,Gilder VIlla,gilder villa,Reputed Developer / Co-op Housing Consortium,Mumbai,Bandra West (Pali Hill & Bandstand),IN,"Gilder VIlla, Bandra West (Pali Hill & Bandstand), Mumbai 400050, Maharashtra, India",400050,Gated Residential Society,0,48,P51800012951,19.061223,72.823674,Trophy / Ultra-Prime,osm_maharera_cadastral_enriched,0.88
a98cd5d1-a606-47a5-a82f-69a4f13c52ad,Mangal Bhavna,mangal bhavna,Reputed Developer / Co-op Housing Consortium,Mumbai,Bandra West (Pali Hill & Bandstand),IN,"Mangal Bhavna, Bandra West (Pali Hill & Bandstand), Mumbai 400050, Maharashtra, India",400050,Gated Residential Society,0,48,P51800069436,19.06798,72.832382,Trophy / Ultra-Prime,osm_maharera_cadastral_enriched,0.88
22fbb72e-e292-4ae0-ab63-fa542e070fc9,Sangam Tower,sangam tower,Reputed Developer / Co-op Housing Consortium,Mumbai,Bandra West (Pali Hill & Bandstand),IN,"Sangam Tower, Bandra West (Pali Hill & Bandstand), Mumbai 400050, Maharashtra, India",400050,Luxury High-Rise Tower,0,48,P51800086391,19.061807,72.824432,Trophy / Ultra-Prime,osm_maharera_cadastral_enriched,0.88
57d33dc7-cb3a-4717-838f-8fb34f8b6f1a,Soona Villa,soona villa,Reputed Developer / Co-op Housing Consortium,Mumbai,Bandra West (Pali Hill & Bandstand),IN,"Soona Villa, Bandra West (Pali Hill & Bandstand), Mumbai 400050, Maharashtra, India",400050,Gated Residential Society,0,48,P51800061709,19.060663,72.823479,Trophy / Ultra-Prime,osm_maharera_cadastral_enriched,0.88
016c22d3-4da8-44f5-8acc-314f7761235f,Hamrahi,hamrahi,Reputed Developer / Co-op Housing Consortium,Mumbai,Bandra West (Pali Hill & Bandstand),IN,"Hamrahi, Bandra West (Pali Hill & Bandstand), Mumbai 400050, Maharashtra, India",400050,Gated Residential Society,0,48,P51800068495,19.067576,72.831693,Trophy / Ultra-Prime,osm_maharera_cadastral_enriched,0.88
2c4b6f01-eb14-497f-91cb-37a99c3e04e4,Zehra Villa,zehra villa,Reputed Developer / Co-op Housing Consortium,Mumbai,Bandra West (Pali Hill & Bandstand),IN,"Zehra Villa, Bandra West (Pali Hill & Bandstand), Mumbai 400050, Maharashtra, India",400050,Gated Residential Society,0,48,P51800055905,19.062273,72.822914,Trophy / Ultra-Prime,osm_maharera_cadastral_enriched,0.88
7c48d472-be6c-447f-bf5d-702bef542293,Sunrock Heights,sunrock heights,Reputed Developer / Co-op Housing Consortium,Mumbai,Bandra West (Pali Hill & Bandstand),IN,"Sunrock Heights, Bandra West (Pali Hill & Bandstand), Mumbai 400050, Maharashtra, India",400050,Luxury High-Rise Tower,0,48,P51800060635,19.062633,72.82445,Trophy / Ultra-Prime,osm_maharera_cadastral_enriched,0.88
bf50806a-974c-48ba-adf3-5bd44bd6bdf7,Saturn,saturn,Reputed Developer / Co-op Housing Consortium,Mumbai,Bandra West (Pali Hill & Bandstand),IN,"Saturn, Bandra West (Pali Hill & Bandstand), Mumbai 400050, Maharashtra, India",400050,Gated Residential Society,0,48,P51800010144,19.063004,72.82428,Trophy / Ultra-Prime,osm_maharera_cadastral_enriched,0.88
6bcd6bb1-4989-4723-952a-8a6b18c28b8d,Sea Pebbles,sea pebbles,Reputed Developer / Co-op Housing Consortium,Mumbai,Bandra West (Pali Hill & Bandstand),IN,"Sea Pebbles, Bandra West (Pali Hill & Bandstand), Mumbai 400050, Maharashtra, India",400050,Gated Residential Society,0,48,P51800038169,19.060866,72.823461,Trophy / Ultra-Prime,osm_maharera_cadastral_enriched,0.88
00c63eea-1a1d-455d-857e-5a4b2f16a84c,Park View,park view,Reputed Developer / Co-op Housing Consortium,Mumbai,Bandra West (Pali Hill & Bandstand),IN,"Park View, Bandra West (Pali Hill & Bandstand), Mumbai 400050, Maharashtra, India",400050,Luxury High-Rise Tower,0,48,P51800076740,19.064421,72.832982,Trophy / Ultra-Prime,osm_maharera_cadastral_enriched,0.88
03a3578b-c3da-4ce6-9dcd-ee5a7ec6a39e,Neera,neera,Reputed Developer / Co-op Housing Consortium,Mumbai,Bandra West (Pali Hill & Bandstand),IN,"Neera, Bandra West (Pali Hill & Bandstand), Mumbai 400050, Maharashtra, India",400050,Gated Residential Society,0,48,P51800052659,19.067376,72.831635,Trophy / Ultra-Prime,osm_maharera_cadastral_enriched,0.88
14ec2bc9-f4b1-496d-b342-346ceeef578f,Kirti Kunj,kirti kunj,Reputed Developer / Co-op Housing Consortium,Mumbai,Bandra West (Pali Hill & Bandstand),IN,"Kirti Kunj, Bandra West (Pali Hill & Bandstand), Mumbai 400050, Maharashtra, India",400050,Gated Residential Society,0,48,P51800023093,19.066923,72.832471,Trophy / Ultra-Prime,osm_maharera_cadastral_enriched,0.88
ebaef215-fa60-468f-8870-9db957eab581,Gautam Krupa Dheeraj Grand,gautam krupa dheeraj grand,Reputed Developer / Co-op Housing Consortium,Mumbai,Bandra West (Pali Hill & Bandstand),IN,"Gautam Krupa Dheeraj Grand, 15th Road, Bandra West (Pali Hill & Bandstand), Mumbai 400050, Maharashtra, India",400050,Gated Residential Society,0,48,P51800084361,19.065879,72.831534,Trophy / Ultra-Prime,osm_maharera_cadastral_enriched,0.88
b8338e7a-49fa-4ed6-be22-2457d019c9c8,Rays House,rays house,Reputed Developer / Co-op Housing Consortium,Mumbai,Bandra West (Pali Hill & Bandstand),IN,"Rays House, Bandra West (Pali Hill & Bandstand), Mumbai 400050, Maharashtra, India",400050,Gated Residential Society,0,48,P51800014504,19.060653,72.824534,Trophy / Ultra-Prime,osm_maharera_cadastral_enriched,0.88
6e2cc74d-e478-446b-a551-4427ff366fc6,Pawan Heightz,pawan heightz,Reputed Developer / Co-op Housing Consortium,Mumbai,Bandra West (Pali Hill & Bandstand),IN,"Pawan Heightz, Bandra West (Pali Hill & Bandstand), Mumbai 400050, Maharashtra, India",400050,Gated Residential Society,0,48,P51800063712,19.068255,72.831439,Trophy / Ultra-Prime,osm_maharera_cadastral_enriched,0.88
7a9e0482-d36b-43a0-a3a2-13b02f78d03c,Sangam,sangam,Reputed Developer / Co-op Housing Consortium,Mumbai,Bandra West (Pali Hill & Bandstand),IN,"Sangam, Bandra West (Pali Hill & Bandstand), Mumbai 400050, Maharashtra, India",400050,Gated Residential Society,0,48,P51800095483,19.067439,72.832062,Trophy / Ultra-Prime,osm_maharera_cadastral_enriched,0.88
ef346130-f520-4803-bb3d-f57d530ceade,Fortune Enclave,fortune enclave,Reputed Developer / Co-op Housing Consortium,Mumbai,Bandra West (Pali Hill & Bandstand),IN,"Fortune Enclave, Bandra West (Pali Hill & Bandstand), Mumbai 400050, Maharashtra, India",400050,Gated Residential Society,0,48,P51800099620,19.067399,72.832505,Trophy / Ultra-Prime,osm_maharera_cadastral_enriched,0.88
0725a727-c5f9-488d-b8f1-1b92f13b9f37,Virgo Heights,virgo heights,Reputed Developer / Co-op Housing Consortium,Mumbai,Bandra West (Pali Hill & Bandstand),IN,"Virgo Heights, Bandra West (Pali Hill & Bandstand), Mumbai 400050, Maharashtra, India",400050,Luxury High-Rise Tower,0,48,P51800069820,19.065897,72.831184,Trophy / Ultra-Prime,osm_maharera_cadastral_enriched,0.88
c5b8c0f2-b8c5-4817-9e7f-2a674a434161,Daffodils,daffodils,Reputed Developer / Co-op Housing Consortium,Mumbai,Bandra West (Pali Hill & Bandstand),IN,"Daffodils, Bandra West (Pali Hill & Bandstand), Mumbai 400050, Maharashtra, India",400050,Gated Residential Society,0,48,P51800098321,19.068064,72.83133,Trophy / Ultra-Prime,osm_maharera_cadastral_enriched,0.88
05e1a015-dce2-4366-a97c-4c610d8f5a23,Neela Akash,neela akash,Reputed Developer / Co-op Housing Consortium,Mumbai,Bandra West (Pali Hill & Bandstand),IN,"Neela Akash, Bandra West (Pali Hill & Bandstand), Mumbai 400050, Maharashtra, India",400050,Gated Residential Society,0,48,P51800011310,19.067166,72.831621,Trophy / Ultra-Prime,osm_maharera_cadastral_enriched,0.88
9550defe-3d6e-4ce9-82e8-493ac8d895a4,Sudha,sudha,Reputed Developer / Co-op Housing Consortium,Mumbai,Bandra West (Pali Hill & Bandstand),IN,"Sudha, Bandra West (Pali Hill & Bandstand), Mumbai 400050, Maharashtra, India",400050,Gated Residential Society,0,48,P51800061373,19.068043,72.831699,Trophy / Ultra-Prime,osm_maharera_cadastral_enriched,0.88
4d011de4-01a7-47f3-9418-66112c0fd577,Arihant,arihant,Reputed Developer / Co-op Housing Consortium,Mumbai,Bandra West (Pali Hill & Bandstand),IN,"Arihant, Bandra West (Pali Hill & Bandstand), Mumbai 400050, Maharashtra, India",400050,Gated Residential Society,0,48,P51800046111,19.067913,72.832053,Trophy / Ultra-Prime,osm_maharera_cadastral_enriched,0.88
aca29139-db75-4f0d-8948-0dc47194e4a0,Mangal Chhaya,mangal chhaya,Reputed Developer / Co-op Housing Consortium,Mumbai,Bandra West (Pali Hill & Bandstand),IN,"Mangal Chhaya, Bandra West (Pali Hill & Bandstand), Mumbai 400050, Maharashtra, India",400050,Gated Residential Society,0,48,P51800026864,19.067724,72.831652,Trophy / Ultra-Prime,osm_maharera_cadastral_enriched,0.88
c7566db6-3b27-4ddf-ba55-20cb2f8b404a,Sankalpita,sankalpita,Reputed Developer / Co-op Housing Consortium,Mumbai,Bandra West (Pali Hill & Bandstand),IN,"Sankalpita, Padmashree Mohammed Rafi Marg (16th Road), Bandra West (Pali Hill & Bandstand), Mumbai 400050, Maharashtra, India",400050,Gated Residential Society,0,48,P51800071257,19.06756,72.83128,Trophy / Ultra-Prime,osm_maharera_cadastral_enriched,0.88
307b54f3-04a1-4747-94be-d8f2b46ab070,Saraswati,saraswati,Reputed Developer / Co-op Housing Consortium,Mumbai,Bandra West (Pali Hill & Bandstand),IN,"Saraswati, 15th Road, Bandra West (Pali Hill & Bandstand), Mumbai 400050, Maharashtra, India",400050,Gated Residential Society,0,48,P51800084826,19.067116,72.832043,Trophy / Ultra-Prime,osm_maharera_cadastral_enriched,0.88
3dc5ad95-8bd4-4b8f-9d59-94fc2d449298,Sundar View,sundar view,Reputed Developer / Co-op Housing Consortium,Mumbai,Bandra West (Pali Hill & Bandstand),IN,"Sundar View, Bandra West (Pali Hill & Bandstand), Mumbai 400050, Maharashtra, India",400050,Gated Residential Society,0,48,P51800091046,19.06786,72.832553,Trophy / Ultra-Prime,osm_maharera_cadastral_enriched,0.88
66695bcf-63bc-4771-b72f-80be2a82a501,Al-Haq,al haq,Reputed Developer / Co-op Housing Consortium,Mumbai,Bandra West (Pali Hill & Bandstand),IN,"Al-Haq, Bandra West (Pali Hill & Bandstand), Mumbai 400050, Maharashtra, India",400050,Gated Residential Society,0,48,P51800033717,19.060181,72.823825,Trophy / Ultra-Prime,osm_maharera_cadastral_enriched,0.88
a18e316f-6adf-45f4-887a-8921bd97ba74,Shiv Parvati,shiv parvati,Reputed Developer / Co-op Housing Consortium,Mumbai,Bandra West (Pali Hill & Bandstand),IN,"Shiv Parvati, Bandra West (Pali Hill & Bandstand), Mumbai 400050, Maharashtra, India",400050,Gated Residential Society,0,48,P51800093773,19.066321,72.832412,Trophy / Ultra-Prime,osm_maharera_cadastral_enriched,0.88
a3fb7617-545d-4632-ab6e-0d9e70d8c8ac,Jai Shankardeep,jai shankardeep,Reputed Developer / Co-op Housing Consortium,Mumbai,Bandra West (Pali Hill & Bandstand),IN,"Jai Shankardeep, Bandra West (Pali Hill & Bandstand), Mumbai 400050, Maharashtra, India",400050,Gated Residential Society,0,48,P51800095457,19.067887,72.831302,Trophy / Ultra-Prime,osm_maharera_cadastral_enriched,0.88
747e9fd1-5045-4b4c-8034-3c440c95f3d8,Shloka,shloka,Reputed Developer / Co-op Housing Consortium,Mumbai,Bandra West (Pali Hill & Bandstand),IN,"Shloka, Bandra West (Pali Hill & Bandstand), Mumbai 400050, Maharashtra, India",400050,Gated Residential Society,0,48,P51800092783,19.066531,72.832016,Trophy / Ultra-Prime,osm_maharera_cadastral_enriched,0.88
f1fd93e9-6a65-493f-be37-f8665796038c,Pushpagriha,pushpagriha,Reputed Developer / Co-op Housing Consortium,Mumbai,Bandra West (Pali Hill & Bandstand),IN,"Pushpagriha, Bandra West (Pali Hill & Bandstand), Mumbai 400050, Maharashtra, India",400050,Gated Residential Society,0,48,P51800029563,19.068281,72.83126,Trophy / Ultra-Prime,osm_maharera_cadastral_enriched,0.88
fa85b885-10c1-4404-97df-8aded783806e,Nav Pooja,nav pooja,Reputed Developer / Co-op Housing Consortium,Mumbai,Bandra West (Pali Hill & Bandstand),IN,"Nav Pooja, Bandra West (Pali Hill & Bandstand), Mumbai 400050, Maharashtra, India",400050,Gated Residential Society,0,48,P51800064903,19.061602,72.824112,Trophy / Ultra-Prime,osm_maharera_cadastral_enriched,0.88
61038e2d-7596-458f-b5be-5a46834bfabb,Sanjana Apartments,sanjana apartments,Reputed Developer / Co-op Housing Consortium,Mumbai,Bandra West (Pali Hill & Bandstand),IN,"Sanjana Apartments, Carter Road, Bandra West (Pali Hill & Bandstand), Mumbai 400050, Maharashtra, India",400050,Gated Residential Society,0,48,P51800055879,19.062089,72.822556,Trophy / Ultra-Prime,osm_maharera_cadastral_enriched,0.88
80eb73c7-bb69-4f51-83f7-678f1a4c8cef,Belvedere,belvedere,Reputed Developer / Co-op Housing Consortium,Mumbai,Bandra West (Pali Hill & Bandstand),IN,"Belvedere, Bandra West (Pali Hill & Bandstand), Mumbai 400050, Maharashtra, India",400050,Gated Residential Society,0,48,P51800035752,19.067386,72.831278,Trophy / Ultra-Prime,osm_maharera_cadastral_enriched,0.88
a0543cf4-f5b2-4336-b7e5-f21b960dff67,Peridot,peridot,Reputed Developer / Co-op Housing Consortium,Mumbai,Bandra West (Pali Hill & Bandstand),IN,"Peridot, Bandra West (Pali Hill & Bandstand), Mumbai 400050, Maharashtra, India",400050,Gated Residential Society,0,48,P51800016116,19.062198,72.823397,Trophy / Ultra-Prime,osm_maharera_cadastral_enriched,0.88
6b583218-0249-4d81-8edb-a3ad42384760,Summerville,summerville,Reputed Developer / Co-op Housing Consortium,Mumbai,Bandra West (Pali Hill & Bandstand),IN,"Summerville, 33rd Road, Bandra West (Pali Hill & Bandstand), Mumbai 400050, Maharashtra, India",400050,Gated Residential Society,0,48,P51800020195,19.065608,72.832335,Trophy / Ultra-Prime,osm_maharera_cadastral_enriched,0.88
ae1faa43-a171-4d45-9cdc-425dcb76c4ca,Hill View,hill view,Reputed Developer / Co-op Housing Consortium,Mumbai,Bandra West (Pali Hill & Bandstand),IN,"Hill View, Bandra West (Pali Hill & Bandstand), Mumbai 400050, Maharashtra, India",400050,Gated Residential Society,0,48,P51800048276,19.067082,72.83124,Trophy / Ultra-Prime,osm_maharera_cadastral_enriched,0.88
409ea10a-3d5c-42ae-b5f4-169815a401cb,Navratan,navratan,Reputed Developer / Co-op Housing Consortium,Mumbai,Bandra West (Pali Hill & Bandstand),IN,"Navratan, 14th Road, Bandra West (Pali Hill & Bandstand), Mumbai 400050, Maharashtra, India",400050,Gated Residential Society,0,48,P51800010244,19.064037,72.832644,Trophy / Ultra-Prime,osm_maharera_cadastral_enriched,0.88
eede9d5b-fb6c-4774-9332-ace1a3eba586,Dhanush Kutti,dhanush kutti,Reputed Developer / Co-op Housing Consortium,Mumbai,Bandra West (Pali Hill & Bandstand),IN,"Dhanush Kutti, Bandra West (Pali Hill & Bandstand), Mumbai 400050, Maharashtra, India",400050,Gated Residential Society,0,48,P51800042182,19.066968,72.831607,Trophy / Ultra-Prime,osm_maharera_cadastral_enriched,0.88
8dec446b-29b1-42dc-9a14-4f12f28ce5b3,Kavita,kavita,Reputed Developer / Co-op Housing Consortium,Mumbai,Bandra West (Pali Hill & Bandstand),IN,"Kavita, Bandra West (Pali Hill & Bandstand), Mumbai 400050, Maharashtra, India",400050,Gated Residential Society,0,48,P51800017495,19.06761,72.83208,Trophy / Ultra-Prime,osm_maharera_cadastral_enriched,0.88
01bdf3a2-2b26-4863-893b-60657cdbd154,Green Gates,green gates,Reputed Developer / Co-op Housing Consortium,Mumbai,Bandra West (Pali Hill & Bandstand),IN,"Green Gates, Bandra West (Pali Hill & Bandstand), Mumbai 400050, Maharashtra, India",400050,Gated Residential Society,0,48,P51800065191,19.060402,72.823441,Trophy / Ultra-Prime,osm_maharera_cadastral_enriched,0.88
60d2b9da-37cc-490c-8b6a-6faca59f9a24,Neel Sagar,neel sagar,Reputed Developer / Co-op Housing Consortium,Mumbai,Bandra West (Pali Hill & Bandstand),IN,"Neel Sagar, Bandra West (Pali Hill & Bandstand), Mumbai 400050, Maharashtra, India",400050,Gated Residential Society,0,48,P51800079974,19.061763,72.823411,Trophy / Ultra-Prime,osm_maharera_cadastral_enriched,0.88
4db9b066-2b8e-4157-a918-606657f5011e,Coste Belle,coste belle,Reputed Developer / Co-op Housing Consortium,Mumbai,Bandra West (Pali Hill & Bandstand),IN,"Coste Belle, Bandra West (Pali Hill & Bandstand), Mumbai 400050, Maharashtra, India",400050,Gated Residential Society,0,48,P51800098926,19.061081,72.823519,Trophy / Ultra-Prime,osm_maharera_cadastral_enriched,0.88
dc137f86-c0a3-4e21-bfe0-65120b8a9e22,Kishan Abode,kishan abode,Reputed Developer / Co-op Housing Consortium,Mumbai,Bandra West (Pali Hill & Bandstand),IN,"Kishan Abode, 14th Road, Bandra West (Pali Hill & Bandstand), Mumbai 400050, Maharashtra, India",400050,Gated Residential Society,0,48,P51800084151,19.064287,72.832676,Trophy / Ultra-Prime,osm_maharera_cadastral_enriched,0.88
635485c1-f893-4fe2-a4c9-98843ec4a951,Aubels,aubels,Reputed Developer / Co-op Housing Consortium,Mumbai,Bandra West (Pali Hill & Bandstand),IN,"Aubels, Bandra West (Pali Hill & Bandstand), Mumbai 400050, Maharashtra, India",400050,Gated Residential Society,0,48,P51800044325,19.061459,72.827206,Trophy / Ultra-Prime,osm_maharera_cadastral_enriched,0.88
5f4805ca-a69d-4e83-841b-2e6d56975785,Aspen,aspen,Reputed Developer / Co-op Housing Consortium,Mumbai,Bandra West (Pali Hill & Bandstand),IN,"Aspen, Bandra West (Pali Hill & Bandstand), Mumbai 400050, Maharashtra, India",400050,Gated Residential Society,0,48,P51800056271,19.061978,72.823354,Trophy / Ultra-Prime,osm_maharera_cadastral_enriched,0.88
1591488a-a071-4f47-8c92-06c521c2116a,Le Repos,le repos,Reputed Developer / Co-op Housing Consortium,Mumbai,Bandra West (Pali Hill & Bandstand),IN,"Le Repos, Bandra West (Pali Hill & Bandstand), Mumbai 400050, Maharashtra, India",400050,Gated Residential Society,0,48,P51800016475,19.061734,72.823875,Trophy / Ultra-Prime,osm_maharera_cadastral_enriched,0.88
a96ed805-2d0e-41c6-9cca-28c7573be4de,Kalpana,kalpana,Reputed Developer / Co-op Housing Consortium,Mumbai,Bandra West (Pali Hill & Bandstand),IN,"Kalpana, Bandra West (Pali Hill & Bandstand), Mumbai 400050, Maharashtra, India",400050,Gated Residential Society,0,48,P51800092163,19.062825,72.824272,Trophy / Ultra-Prime,osm_maharera_cadastral_enriched,0.88
f256f0ad-54c4-49b3-9ccb-2996eb72afe5,Emily,emily,Reputed Developer / Co-op Housing Consortium,Mumbai,Bandra West (Pali Hill & Bandstand),IN,"Emily, Bandra West (Pali Hill & Bandstand), Mumbai 400050, Maharashtra, India",400050,Gated Residential Society,0,48,P51800064292,19.066913,72.832065,Trophy / Ultra-Prime,osm_maharera_cadastral_enriched,0.88
9163b70a-545e-46d8-955b-71437c6ba874,Neelkanth,neelkanth,Reputed Developer / Co-op Housing Consortium,Mumbai,Bandra West (Pali Hill & Bandstand),IN,"Neelkanth, Bandra West (Pali Hill & Bandstand), Mumbai 400050, Maharashtra, India",400050,Gated Residential Society,0,48,P51800083945,19.062007,72.822932,Trophy / Ultra-Prime,osm_maharera_cadastral_enriched,0.88
a0abef05-1c32-4b80-8d00-f1b946bfd448,Sonata,sonata,Reputed Developer / Co-op Housing Consortium,Mumbai,Bandra West (Pali Hill & Bandstand),IN,"Sonata, Bandra West (Pali Hill & Bandstand), Mumbai 400050, Maharashtra, India",400050,Gated Residential Society,0,48,P51800076687,19.061608,72.823783,Trophy / Ultra-Prime,osm_maharera_cadastral_enriched,0.88
43daff91-1962-41ab-8bf3-6f9176191c17,Golden Corner,golden corner,Reputed Developer / Co-op Housing Consortium,Mumbai,Bandra West (Pali Hill & Bandstand),IN,"Golden Corner, Bandra West (Pali Hill & Bandstand), Mumbai 400050, Maharashtra, India",400050,Gated Residential Society,0,48,P51800024340,19.06158,72.829724,Trophy / Ultra-Prime,osm_maharera_cadastral_enriched,0.88
d3b40e1a-afa4-4e46-b7ba-f0d4f560931c,Maqba Heights,maqba heights,Reputed Developer / Co-op Housing Consortium,Mumbai,Bandra West (Pali Hill & Bandstand),IN,"Maqba Heights, Bandra West (Pali Hill & Bandstand), Mumbai 400050, Maharashtra, India",400050,Luxury High-Rise Tower,0,48,P51800026151,19.061163,72.829856,Trophy / Ultra-Prime,osm_maharera_cadastral_enriched,0.88
5672b272-e10e-4635-9b6e-e34e3a7daf35,Hill Crest,hill crest,Reputed Developer / Co-op Housing Consortium,Mumbai,Bandra West (Pali Hill & Bandstand),IN,"Hill Crest, 16th Road, Bandra West (Pali Hill & Bandstand), Mumbai 400050, Maharashtra, India",400050,Gated Residential Society,0,48,P51800019349,19.062892,72.831042,Trophy / Ultra-Prime,osm_maharera_cadastral_enriched,0.88
d80aabf8-3b79-4004-b2fe-317e827b26f2,Dharam Jyot No. 1,dharam jyot no 1,Reputed Developer / Co-op Housing Consortium,Mumbai,Bandra West (Pali Hill & Bandstand),IN,"Dharam Jyot No. 1, St. Alexius Road, Bandra West (Pali Hill & Bandstand), Mumbai 400050, Maharashtra, India",400050,Gated Residential Society,0,48,P51800060489,19.060308,72.828978,Trophy / Ultra-Prime,osm_maharera_cadastral_enriched,0.88
d636e091-b772-4ace-8877-e7f9812d5613,Paramel,paramel,Reputed Developer / Co-op Housing Consortium,Mumbai,Bandra West (Pali Hill & Bandstand),IN,"Paramel, St. Cyril Road, Bandra West (Pali Hill & Bandstand), Mumbai 400050, Maharashtra, India",400050,Gated Residential Society,0,48,P51800045236,19.060311,72.827955,Trophy / Ultra-Prime,osm_maharera_cadastral_enriched,0.88
525c3378-656e-4bc6-837a-2535a72d35c3,Maker Mahal,maker mahal,Reputed Developer / Co-op Housing Consortium,Mumbai,Bandra West (Pali Hill & Bandstand),IN,"Maker Mahal, Turner Road (Gurunanak Marg), Bandra West (Pali Hill & Bandstand), Mumbai 400050, Maharashtra, India",400050,Gated Residential Society,0,48,P51800072240,19.059671,72.829254,Trophy / Ultra-Prime,osm_maharera_cadastral_enriched,0.88
8f2f3566-76ab-4ba6-ad3e-92d1817444ec,Nav Sonarbala,nav sonarbala,Reputed Developer / Co-op Housing Consortium,Mumbai,Bandra West (Pali Hill & Bandstand),IN,"Nav Sonarbala, Turner Road (Gurunanak Marg), Bandra West (Pali Hill & Bandstand), Mumbai 400050, Maharashtra, India",400050,Gated Residential Society,0,48,P51800092874,19.059674,72.831287,Trophy / Ultra-Prime,osm_maharera_cadastral_enriched,0.88
9140652b-5b06-4d16-875b-cab4e9084c65,Valle Ville,valle ville,Reputed Developer / Co-op Housing Consortium,Mumbai,Bandra West (Pali Hill & Bandstand),IN,"Valle Ville, St. Cyril Road, Bandra West (Pali Hill & Bandstand), Mumbai 400050, Maharashtra, India",400050,Gated Residential Society,0,48,P51800097330,19.06065,72.827871,Trophy / Ultra-Prime,osm_maharera_cadastral_enriched,0.88
bd972cd2-f2c9-499f-8633-5bbacae92540,AnnClare Abode,annclare abode,Reputed Developer / Co-op Housing Consortium,Mumbai,Bandra West (Pali Hill & Bandstand),IN,"AnnClare Abode, Saint Andrew Road, Bandra West (Pali Hill & Bandstand), Mumbai 400050, Maharashtra, India",400050,Gated Residential Society,0,48,P51800095126,19.059123,72.826807,Trophy / Ultra-Prime,osm_maharera_cadastral_enriched,0.88
2aeec02a-a413-4d71-a575-36f23c37e21c,Red Gates,red gates,Reputed Developer / Co-op Housing Consortium,Mumbai,Bandra West (Pali Hill & Bandstand),IN,"Red Gates, St Alexius Road, Bandra West, Bandra West (Pali Hill & Bandstand), Mumbai 400050, Maharashtra, India",400050,Gated Residential Society,0,48,P51800073116,19.060341,72.828624,Trophy / Ultra-Prime,osm_maharera_cadastral_enriched,0.88
55596c08-a544-476d-925c-a075eda8aaa7,Domus Josephi,domus josephi,Reputed Developer / Co-op Housing Consortium,Mumbai,Bandra West (Pali Hill & Bandstand),IN,"Domus Josephi, Bandra West (Pali Hill & Bandstand), Mumbai 400050, Maharashtra, India",400050,Gated Residential Society,0,48,P51800016202,19.059915,72.826752,Trophy / Ultra-Prime,osm_maharera_cadastral_enriched,0.88
fd8d0827-77ac-409b-beb4-a5e43586c582,Crescent,crescent,Reputed Developer / Co-op Housing Consortium,Mumbai,Bandra West (Pali Hill & Bandstand),IN,"Crescent, Convent Road, Bandra West (Pali Hill & Bandstand), Mumbai 400050, Maharashtra, India",400050,Gated Residential Society,0,48,P51800035094,19.060308,72.82759,Trophy / Ultra-Prime,osm_maharera_cadastral_enriched,0.88
733890df-ed6c-4e1f-ba9e-f3c95ad2b974,Grand Paradise,grand paradise,Reputed Developer / Co-op Housing Consortium,Mumbai,Bandra West (Pali Hill & Bandstand),IN,"Grand Paradise, St. Alexius Road, Bandra West (Pali Hill & Bandstand), Mumbai 400050, Maharashtra, India",400050,Gated Residential Society,0,48,P51800040618,19.061082,72.828581,Trophy / Ultra-Prime,osm_maharera_cadastral_enriched,0.88
85e7d11a-c495-4d97-a240-79e444c0e876,Legend,legend,Reputed Developer / Co-op Housing Consortium,Mumbai,Bandra West (Pali Hill & Bandstand),IN,"Legend, Bandra West (Pali Hill & Bandstand), Mumbai 400050, Maharashtra, India",400050,Gated Residential Society,0,48,P51800060186,19.059936,72.827596,Trophy / Ultra-Prime,osm_maharera_cadastral_enriched,0.88
0b6d6e45-7a2f-444d-af7d-769dbcad6792,Clamar,clamar,Reputed Developer / Co-op Housing Consortium,Mumbai,Bandra West (Pali Hill & Bandstand),IN,"Clamar, Bandra West (Pali Hill & Bandstand), Mumbai 400050, Maharashtra, India",400050,Gated Residential Society,0,48,P51800076688,19.061353,72.830884,Trophy / Ultra-Prime,osm_maharera_cadastral_enriched,0.88
adec81f8-9782-477a-b713-c2992ee4343a,Ginza,ginza,Reputed Developer / Co-op Housing Consortium,Mumbai,Bandra West (Pali Hill & Bandstand),IN,"Ginza, 23rd Road, Bandra West (Pali Hill & Bandstand), Mumbai 400050, Maharashtra, India",400050,Gated Residential Society,0,48,P51800023247,19.06136,72.831659,Trophy / Ultra-Prime,osm_maharera_cadastral_enriched,0.88
cb574175-487e-466e-a6c9-8c49bfbb8b9d,Shangrila,shangrila,Reputed Developer / Co-op Housing Consortium,Mumbai,Bandra West (Pali Hill & Bandstand),IN,"Shangrila, Convent Road, Bandra West (Pali Hill & Bandstand), Mumbai 400050, Maharashtra, India",400050,Gated Residential Society,0,48,P51800012463,19.060436,72.826974,Trophy / Ultra-Prime,osm_maharera_cadastral_enriched,0.88
91c500ac-9734-44f6-b16d-fe888bff5125,Silva Croft,silva croft,Reputed Developer / Co-op Housing Consortium,Mumbai,Bandra West (Pali Hill & Bandstand),IN,"Silva Croft, Bandra West (Pali Hill & Bandstand), Mumbai 400050, Maharashtra, India",400050,Gated Residential Society,0,48,P51800061500,19.0599,72.826966,Trophy / Ultra-Prime,osm_maharera_cadastral_enriched,0.88
da89e8c3-0a2c-41f7-aeab-1223c3a496eb,Anchorage,anchorage,Reputed Developer / Co-op Housing Consortium,Mumbai,Bandra West (Pali Hill & Bandstand),IN,"Anchorage, Bandra West (Pali Hill & Bandstand), Mumbai 400050, Maharashtra, India",400050,Gated Residential Society,0,48,P51800068057,19.060852,72.82863,Trophy / Ultra-Prime,osm_maharera_cadastral_enriched,0.88
27076124-10e8-427b-925a-3203d41952bf,Dheeraj Dhan,dheeraj dhan,Reputed Developer / Co-op Housing Consortium,Mumbai,Bandra West (Pali Hill & Bandstand),IN,"Dheeraj Dhan, Bandra West (Pali Hill & Bandstand), Mumbai 400050, Maharashtra, India",400050,Gated Residential Society,0,48,P51800099485,19.060081,72.828933,Trophy / Ultra-Prime,osm_maharera_cadastral_enriched,0.88
1f9cbb05-e8ca-4b02-85ab-a5850ab36803,Sunny Ville,sunny ville,Reputed Developer / Co-op Housing Consortium,Mumbai,Bandra West (Pali Hill & Bandstand),IN,"Sunny Ville, St. Cyril Road, Bandra West (Pali Hill & Bandstand), Mumbai 400050, Maharashtra, India",400050,Gated Residential Society,0,48,P51800035176,19.061313,72.827792,Trophy / Ultra-Prime,osm_maharera_cadastral_enriched,0.88
96b719dc-a0e8-477a-8aac-6e0d9b0bb61f,Betsy Apartments,betsy apartments,Reputed Developer / Co-op Housing Consortium,Mumbai,Bandra West (Pali Hill & Bandstand),IN,"Betsy Apartments, Master Vinayak Road (Perry Road), Bandra West (Pali Hill & Bandstand), Mumbai 400050, Maharashtra, India",400050,Gated Residential Society,0,48,P51800014279,19.059946,72.828378,Trophy / Ultra-Prime,osm_maharera_cadastral_enriched,0.88
0a3ae8ae-a3b9-47e2-8336-d1b10a758be3,Cannon,cannon,Reputed Developer / Co-op Housing Consortium,Mumbai,Bandra West (Pali Hill & Bandstand),IN,"Cannon, 23rd Road, Bandra West (Pali Hill & Bandstand), Mumbai 400050, Maharashtra, India",400050,Gated Residential Society,0,48,P51800091565,19.060419,72.831599,Trophy / Ultra-Prime,osm_maharera_cadastral_enriched,0.88
a66a352e-8dae-460a-be9c-39b919946128,Neel Sagar,neel sagar,Reputed Developer / Co-op Housing Consortium,Mumbai,Bandra West (Pali Hill & Bandstand),IN,"Neel Sagar, 28th Road, T.P.S. III, Bandra West (Pali Hill & Bandstand), Mumbai 400050, Maharashtra, India",400050,Gated Residential Society,0,48,P51800079974,19.060231,72.831583,Trophy / Ultra-Prime,osm_maharera_cadastral_enriched,0.88
6e02d1d6-ca62-42d1-843e-024066589397,Grosvenor,grosvenor,Reputed Developer / Co-op Housing Consortium,Mumbai,Bandra West (Pali Hill & Bandstand),IN,"Grosvenor, St. Cyril Road, Bandra West (Pali Hill & Bandstand), Mumbai 400050, Maharashtra, India",400050,Gated Residential Society,0,48,P51800084935,19.060855,72.827866,Trophy / Ultra-Prime,osm_maharera_cadastral_enriched,0.88
a7bee6cb-5bf4-4e4d-b1d4-e2e8d293d28f,Archway,archway,Reputed Developer / Co-op Housing Consortium,Mumbai,Bandra West (Pali Hill & Bandstand),IN,"Archway, St Cyril's Road, Bandra West, Bandra West (Pali Hill & Bandstand), Mumbai 400050, Maharashtra, India",400050,Gated Residential Society,0,48,P51800098132,19.060133,72.828325,Trophy / Ultra-Prime,osm_maharera_cadastral_enriched,0.88
d4587a06-818d-4b75-a43b-01f7c3b02bfd,Nav Sonarbala Annexe,nav sonarbala annexe,Reputed Developer / Co-op Housing Consortium,Mumbai,Bandra West (Pali Hill & Bandstand),IN,"Nav Sonarbala Annexe, 28th Road, T.P.S. III, Bandra West (Pali Hill & Bandstand), Mumbai 400050, Maharashtra, India",400050,Gated Residential Society,0,48,P51800013231,19.059973,72.831193,Trophy / Ultra-Prime,osm_maharera_cadastral_enriched,0.88
93181636-8c25-4cb5-ba27-6804fc6cf58d,Orion,orion,Reputed Developer / Co-op Housing Consortium,Mumbai,Bandra West (Pali Hill & Bandstand),IN,"Orion, St. Cyril Road, Bandra West (Pali Hill & Bandstand), Mumbai 400050, Maharashtra, India",400050,Gated Residential Society,0,48,P51800060992,19.061083,72.827832,Trophy / Ultra-Prime,osm_maharera_cadastral_enriched,0.88
7229329a-b7c0-43c2-b507-2514ce48069f,Casa Maria,casa maria,Reputed Developer / Co-op Housing Consortium,Mumbai,Bandra West (Pali Hill & Bandstand),IN,"Casa Maria, St. Cyril Road, Bandra West (Pali Hill & Bandstand), Mumbai 400050, Maharashtra, India",400050,Gated Residential Society,0,48,P51800015858,19.060282,72.828295,Trophy / Ultra-Prime,osm_maharera_cadastral_enriched,0.88
5e889047-d045-474b-889d-4f69a4c877a3,Silver Springs,silver springs,Reputed Developer / Co-op Housing Consortium,Mumbai,Bandra West (Pali Hill & Bandstand),IN,"Silver Springs, Master Vinayak Road (Perry Road), Bandra West (Pali Hill & Bandstand), Mumbai 400050, Maharashtra, India",400050,Gated Residential Society,0,48,P51800092952,19.059442,72.827003,Trophy / Ultra-Prime,osm_maharera_cadastral_enriched,0.88
f190cf05-2069-499a-ba5d-1b421f38d23e,Ariane,ariane,Reputed Developer / Co-op Housing Consortium,Mumbai,Bandra West (Pali Hill & Bandstand),IN,"Ariane, Bandra West (Pali Hill & Bandstand), Mumbai 400050, Maharashtra, India",400050,Gated Residential Society,0,48,P51800043741,19.059943,72.827186,Trophy / Ultra-Prime,osm_maharera_cadastral_enriched,0.88
7e4a23b7-fdcc-43eb-825a-0613678908db,Mayfair Serene,mayfair serene,Reputed Developer / Co-op Housing Consortium,Mumbai,Bandra West (Pali Hill & Bandstand),IN,"Mayfair Serene, Bandra West (Pali Hill & Bandstand), Mumbai 400050, Maharashtra, India",400050,Gated Residential Society,0,48,P51800060010,19.060788,72.831296,Trophy / Ultra-Prime,osm_maharera_cadastral_enriched,0.88
2dd86aba-0a8f-4f64-9948-71c4a339a088,Park View,park view,Reputed Developer / Co-op Housing Consortium,Mumbai,Bandra West (Pali Hill & Bandstand),IN,"Park View, Saint Andrew Road, Bandra West (Pali Hill & Bandstand), Mumbai 400050, Maharashtra, India",400050,Luxury High-Rise Tower,0,48,P51800076740,19.058912,72.826832,Trophy / Ultra-Prime,osm_maharera_cadastral_enriched,0.88
fe51ff43-890a-4079-be10-bdf84666a4b2,Victoria Apartments,victoria apartments,Reputed Developer / Co-op Housing Consortium,Mumbai,Bandra West (Pali Hill & Bandstand),IN,"Victoria Apartments, St Alexius Road, Bandra West, Bandra West (Pali Hill & Bandstand), Mumbai 400050, Maharashtra, India",400050,Gated Residential Society,0,48,P51800029909,19.060916,72.828938,Trophy / Ultra-Prime,osm_maharera_cadastral_enriched,0.88
5aeecc6d-0325-4029-839c-d6a367f644a3,Flamingo,flamingo,Reputed Developer / Co-op Housing Consortium,Mumbai,Bandra West (Pali Hill & Bandstand),IN,"Flamingo, Bandra West (Pali Hill & Bandstand), Mumbai 400050, Maharashtra, India",400050,Gated Residential Society,0,48,P51800074755,19.06114,72.828921,Trophy / Ultra-Prime,osm_maharera_cadastral_enriched,0.88
40ad6db4-ae0b-4bc6-a890-2a1683614b9a,Cornelia Residency,cornelia residency,Reputed Developer / Co-op Housing Consortium,Mumbai,Bandra West (Pali Hill & Bandstand),IN,"Cornelia Residency, St. Leo Road, Bandra West (Pali Hill & Bandstand), Mumbai 400050, Maharashtra, India",400050,Gated Residential Society,0,48,P51800022896,19.05912,72.827171,Trophy / Ultra-Prime,osm_maharera_cadastral_enriched,0.88
39928850-c67f-4255-b07a-2e256c0f1f53,Saelm,saelm,Reputed Developer / Co-op Housing Consortium,Mumbai,Bandra West (Pali Hill & Bandstand),IN,"Saelm, Bandra West (Pali Hill & Bandstand), Mumbai 400050, Maharashtra, India",400050,Gated Residential Society,0,48,P51800047049,19.06118,72.831304,Trophy / Ultra-Prime,osm_maharera_cadastral_enriched,0.88
f743c39e-d0c6-4e3d-9761-c72d7da8e657,New Milan,new milan,Reputed Developer / Co-op Housing Consortium,Mumbai,Bandra West (Pali Hill & Bandstand),IN,"New Milan, Bandra West (Pali Hill & Bandstand), Mumbai 400050, Maharashtra, India",400050,Gated Residential Society,0,48,P51800047951,19.060043,72.829309,Trophy / Ultra-Prime,osm_maharera_cadastral_enriched,0.88
e3a0db82-1425-45ed-aa0d-9bf7cb4c02f0,Sweet Home,sweet home,Reputed Developer / Co-op Housing Consortium,Mumbai,Bandra West (Pali Hill & Bandstand),IN,"Sweet Home, Bandra West (Pali Hill & Bandstand), Mumbai 400050, Maharashtra, India",400050,Gated Residential Society,0,48,P51800058796,19.061041,72.829314,Trophy / Ultra-Prime,osm_maharera_cadastral_enriched,0.88
36501cdd-9813-433f-afea-3ba409fcf104,Charisma,charisma,Reputed Developer / Co-op Housing Consortium,Mumbai,Bandra West (Pali Hill & Bandstand),IN,"Charisma, Bandra West (Pali Hill & Bandstand), Mumbai 400050, Maharashtra, India",400050,Gated Residential Society,0,48,P51800063684,19.060989,72.831319,Trophy / Ultra-Prime,osm_maharera_cadastral_enriched,0.88
18de93d6-f7a1-42d0-a252-855659c9e11d,Satguru Shristi,satguru shristi,Reputed Developer / Co-op Housing Consortium,Mumbai,Bandra West (Pali Hill & Bandstand),IN,"Satguru Shristi, 29th Road, Bandra West (Pali Hill & Bandstand), Mumbai 400050, Maharashtra, India",400050,Gated Residential Society,0,48,P51800064084,19.061382,72.831153,Trophy / Ultra-Prime,osm_maharera_cadastral_enriched,0.88
5bb464ef-4059-41c1-bb55-beafe0cd6747,Central Park,central park,Reputed Developer / Co-op Housing Consortium,Mumbai,Bandra West (Pali Hill & Bandstand),IN,"Central Park, Master Vinayak Road (Perry Road), Bandra West (Pali Hill & Bandstand), Mumbai 400050, Maharashtra, India",400050,Luxury High-Rise Tower,0,48,P51800078148,19.059481,72.826776,Trophy / Ultra-Prime,osm_maharera_cadastral_enriched,0.88
bf3945a2-f619-45e1-9f17-bb071aaeceef,Neel Mahal,neel mahal,Reputed Developer / Co-op Housing Consortium,Mumbai,Bandra West (Pali Hill & Bandstand),IN,"Neel Mahal, 25th Road, Bandra West (Pali Hill & Bandstand), Mumbai 400050, Maharashtra, India",400050,Gated Residential Society,0,48,P51800047157,19.060601,72.833138,Trophy / Ultra-Prime,osm_maharera_cadastral_enriched,0.88
9d53778b-5f43-439c-adfc-bf68123641a5,Casablanca,casablanca,Reputed Developer / Co-op Housing Consortium,Mumbai,Bandra West (Pali Hill & Bandstand),IN,"Casablanca, 28th Road, Bandra West (Pali Hill & Bandstand), Mumbai 400050, Maharashtra, India",400050,Gated Residential Society,0,48,P51800031715,19.060358,72.834655,Trophy / Ultra-Prime,osm_maharera_cadastral_enriched,0.88
44b2fb56-f295-4fd0-9ea2-e9862e4c2692,Puja Casa,puja casa,Reputed Developer / Co-op Housing Consortium,Mumbai,Bandra West (Pali Hill & Bandstand),IN,"Puja Casa, 28th Road, T.P.S. III, Bandra West (Pali Hill & Bandstand), Mumbai 400050, Maharashtra, India",400050,Gated Residential Society,0,48,P51800079932,19.060327,72.833176,Trophy / Ultra-Prime,osm_maharera_cadastral_enriched,0.88
f70d1b8a-724f-450c-9628-571abe0e230e,Roma Mahal,roma mahal,Reputed Developer / Co-op Housing Consortium,Mumbai,Bandra West (Pali Hill & Bandstand),IN,"Roma Mahal, 25th Road, Bandra West (Pali Hill & Bandstand), Mumbai 400050, Maharashtra, India",400050,Gated Residential Society,0,48,P51800010748,19.06068,72.833601,Trophy / Ultra-Prime,osm_maharera_cadastral_enriched,0.88
314a6c29-de01-44ad-bf10-c9b66f59e4b2,Bandra Red Rose,bandra red rose,Reputed Developer / Co-op Housing Consortium,Mumbai,Bandra West (Pali Hill & Bandstand),IN,"Bandra Red Rose, 27th Road (Pandurang Ashram Marg), Bandra West (Pali Hill & Bandstand), Mumbai 400050, Maharashtra, India",400050,Gated Residential Society,0,48,P51800066624,19.06076,72.834893,Trophy / Ultra-Prime,osm_maharera_cadastral_enriched,0.88
f9f447e9-6e4a-4652-ac7f-1803454522ac,Evergreen CHS,evergreen chs,Reputed Developer / Co-op Housing Consortium,Mumbai,Bandra West (Pali Hill & Bandstand),IN,"Evergreen CHS, RK Patkar Marg (Waterfield Road), Bandra West (Pali Hill & Bandstand), Mumbai 400050, Maharashtra, India",400050,Gated Residential Society,0,48,P51800026404,19.060797,72.834665,Trophy / Ultra-Prime,osm_maharera_cadastral_enriched,0.88
381094bf-5473-48bd-a649-872e0e072f3e,Malabar,malabar,Reputed Developer / Co-op Housing Consortium,Mumbai,Bandra West (Pali Hill & Bandstand),IN,"Malabar, Dr KS Hedgewar Road (30th Road), Bandra West (Pali Hill & Bandstand), Mumbai 400050, Maharashtra, India",400050,Gated Residential Society,0,48,P51800087889,19.062333,72.834989,Trophy / Ultra-Prime,osm_maharera_cadastral_enriched,0.88
e642a9f6-3cb4-4d2c-acf5-d11ba621c00d,Chitrapur,chitrapur,Reputed Developer / Co-op Housing Consortium,Mumbai,Bandra West (Pali Hill & Bandstand),IN,"Chitrapur, 27th Road (Pandurang Ashram Marg), Bandra West (Pali Hill & Bandstand), Mumbai 400050, Maharashtra, India",400050,Gated Residential Society,0,48,P51800064753,19.060543,72.835254,Trophy / Ultra-Prime,osm_maharera_cadastral_enriched,0.88
54d8bffe-a3e0-44fc-84bf-ec0c051429aa,Queen's Palace,queen s palace,Reputed Developer / Co-op Housing Consortium,Mumbai,Bandra West (Pali Hill & Bandstand),IN,"Queen's Palace, RK Patkar Marg (Waterfield Road), Bandra West (Pali Hill & Bandstand), Mumbai 400050, Maharashtra, India",400050,Luxury High-Rise Tower,0,48,P51800087352,19.060277,72.83443,Trophy / Ultra-Prime,osm_maharera_cadastral_enriched,0.88
50e28acd-b1c7-4612-9f48-820caffe6d0c,Natraj,natraj,Reputed Developer / Co-op Housing Consortium,Mumbai,Bandra West (Pali Hill & Bandstand),IN,"Natraj, Bandra West (Pali Hill & Bandstand), Mumbai 400050, Maharashtra, India",400050,Gated Residential Society,0,48,P51800072068,19.063005,72.835157,Trophy / Ultra-Prime,osm_maharera_cadastral_enriched,0.88
993a45ed-0263-4bbd-837c-234d7b2262ed,Anant Bhavan,anant bhavan,Reputed Developer / Co-op Housing Consortium,Mumbai,Bandra West (Pali Hill & Bandstand),IN,"Anant Bhavan, RK Patkar Marg (Waterfield Road), Bandra West (Pali Hill & Bandstand), Mumbai 400050, Maharashtra, India",400050,Gated Residential Society,0,48,P51800071980,19.061566,72.834666,Trophy / Ultra-Prime,osm_maharera_cadastral_enriched,0.88
90114fe2-daf6-46bd-a893-58ad44f7a88f,Radha Narayan,radha narayan,Reputed Developer / Co-op Housing Consortium,Mumbai,Bandra West (Pali Hill & Bandstand),IN,"Radha Narayan, PG Kher Marg, Bandra West (Pali Hill & Bandstand), Mumbai 400050, Maharashtra, India",400050,Gated Residential Society,0,48,P51800074977,19.06354,72.834166,Trophy / Ultra-Prime,osm_maharera_cadastral_enriched,0.88
dadb4d9b-b196-4cb0-8636-6f5462826727,Gulmohar,gulmohar,Reputed Developer / Co-op Housing Consortium,Mumbai,Bandra West (Pali Hill & Bandstand),IN,"Gulmohar, 28th Road, Bandra West (Pali Hill & Bandstand), Mumbai 400050, Maharashtra, India",400050,Gated Residential Society,0,48,P51800082991,19.060349,72.835504,Trophy / Ultra-Prime,osm_maharera_cadastral_enriched,0.88
671efb20-e074-448f-940e-705b7e793e02,Premghar,premghar,Reputed Developer / Co-op Housing Consortium,Mumbai,Bandra West (Pali Hill & Bandstand),IN,"Premghar, 28th Road, T.P.S. III, Bandra West (Pali Hill & Bandstand), Mumbai 400050, Maharashtra, India",400050,Gated Residential Society,0,48,P51800010878,19.060233,72.83267,Trophy / Ultra-Prime,osm_maharera_cadastral_enriched,0.88
07f8c58b-1b79-4e72-b21a-78dd9de87dbf,Shalimar,shalimar,Reputed Developer / Co-op Housing Consortium,Mumbai,Bandra West (Pali Hill & Bandstand),IN,"Shalimar, 28th Road, Bandra West (Pali Hill & Bandstand), Mumbai 400050, Maharashtra, India",400050,Gated Residential Society,0,48,P51800053367,19.060143,72.832946,Trophy / Ultra-Prime,osm_maharera_cadastral_enriched,0.88
cb478e3e-8af8-4ea4-af0a-3c4febc50101,Gurmukh Sagar,gurmukh sagar,Reputed Developer / Co-op Housing Consortium,Mumbai,Bandra West (Pali Hill & Bandstand),IN,"Gurmukh Sagar, 29th Road, Bandra West (Pali Hill & Bandstand), Mumbai 400050, Maharashtra, India",400050,Gated Residential Society,0,48,P51800063791,19.061415,72.832851,Trophy / Ultra-Prime,osm_maharera_cadastral_enriched,0.88
8a9f7ec4-556d-480a-b0d7-48c43349f13a,Sushila Sadan,sushila sadan,Reputed Developer / Co-op Housing Consortium,Mumbai,Bandra West (Pali Hill & Bandstand),IN,"Sushila Sadan, Vithalbhai Patel Road, Bandra West (Pali Hill & Bandstand), Mumbai 400050, Maharashtra, India",400050,Gated Residential Society,0,48,P51800040908,19.06086,72.835982,Trophy / Ultra-Prime,osm_maharera_cadastral_enriched,0.88
58b90460-5df6-4961-800f-c2d9f078599e,Prehladji,prehladji,Reputed Developer / Co-op Housing Consortium,Mumbai,Bandra West (Pali Hill & Bandstand),IN,"Prehladji, 27th Road (Pandurang Ashram Marg), Bandra West (Pali Hill & Bandstand), Mumbai 400050, Maharashtra, India",400050,Gated Residential Society,0,48,P51800042767,19.061588,72.835362,Trophy / Ultra-Prime,osm_maharera_cadastral_enriched,0.88
19a7c80d-e48f-4f78-aa22-69dcefd4ff19,Happy Home,happy home,Reputed Developer / Co-op Housing Consortium,Mumbai,Bandra West (Pali Hill & Bandstand),IN,"Happy Home, RK Patkar Marg (Waterfield Road), Bandra West (Pali Hill & Bandstand), Mumbai 400050, Maharashtra, India",400050,Gated Residential Society,0,48,P51800061957,19.062366,72.834699,Trophy / Ultra-Prime,osm_maharera_cadastral_enriched,0.88
81feb048-5851-4d0c-8445-b5c793606dfe,Kashi Kunj,kashi kunj,Reputed Developer / Co-op Housing Consortium,Mumbai,Bandra West (Pali Hill & Bandstand),IN,"Kashi Kunj, RK Patkar Marg (Waterfield Road), Bandra West (Pali Hill & Bandstand), Mumbai 400050, Maharashtra, India",400050,Gated Residential Society,0,48,P51800014294,19.061197,72.834653,Trophy / Ultra-Prime,osm_maharera_cadastral_enriched,0.88
3231142a-1af4-4c65-b6dd-b2f4a04b9644,Shamsunder,shamsunder,Reputed Developer / Co-op Housing Consortium,Mumbai,Bandra West (Pali Hill & Bandstand),IN,"Shamsunder, 27th Road (Pandurang Ashram Marg), Bandra West (Pali Hill & Bandstand), Mumbai 400050, Maharashtra, India",400050,Gated Residential Society,0,48,P51800066832,19.061025,72.834915,Trophy / Ultra-Prime,osm_maharera_cadastral_enriched,0.88
c7677422-05a1-418c-8f79-dddb4fbd3e15,Homai Abode,homai abode,Reputed Developer / Co-op Housing Consortium,Mumbai,Bandra West (Pali Hill & Bandstand),IN,"Homai Abode, Vithalbhai Patel Road, Bandra West (Pali Hill & Bandstand), Mumbai 400050, Maharashtra, India",400050,Gated Residential Society,0,48,P51800097582,19.061767,72.835654,Trophy / Ultra-Prime,osm_maharera_cadastral_enriched,0.88
24d9ef13-1551-42be-a5df-06c523302261,Sharan,sharan,Reputed Developer / Co-op Housing Consortium,Mumbai,Bandra West (Pali Hill & Bandstand),IN,"Sharan, 27th Road (Pandurang Ashram Marg), Bandra West (Pali Hill & Bandstand), Mumbai 400050, Maharashtra, India",400050,Gated Residential Society,0,48,P51800067201,19.061385,72.835383,Trophy / Ultra-Prime,osm_maharera_cadastral_enriched,0.88
0ea99404-8625-46f5-aede-03f2c8db5d36,Wagh Manor,wagh manor,Reputed Developer / Co-op Housing Consortium,Mumbai,Bandra West (Pali Hill & Bandstand),IN,"Wagh Manor, 28th Road, Bandra West (Pali Hill & Bandstand), Mumbai 400050, Maharashtra, India",400050,Gated Residential Society,0,48,P51800018958,19.060432,72.834949,Trophy / Ultra-Prime,osm_maharera_cadastral_enriched,0.88
0d99d9a8-5ae9-4d3d-adab-4e736ab33532,Beas CHS,beas chs,Reputed Developer / Co-op Housing Consortium,Mumbai,Bandra West (Pali Hill & Bandstand),IN,"Beas CHS, 31st Road, Bandra West (Pali Hill & Bandstand), Mumbai 400050, Maharashtra, India",400050,Gated Residential Society,0,48,P51800058644,19.061148,72.835469,Trophy / Ultra-Prime,osm_maharera_cadastral_enriched,0.88
72c909a7-8b51-4659-97fc-b756eb400fe5,Guldev Sagar,guldev sagar,Reputed Developer / Co-op Housing Consortium,Mumbai,Bandra West (Pali Hill & Bandstand),IN,"Guldev Sagar, RK Patkar Marg (Waterfield Road), Bandra West (Pali Hill & Bandstand), Mumbai 400050, Maharashtra, India",400050,Gated Residential Society,0,48,P51800025773,19.061728,72.83471,Trophy / Ultra-Prime,osm_maharera_cadastral_enriched,0.88
e1d1adeb-ad5e-4713-a104-594cd27a88d9,Sudham,sudham,Reputed Developer / Co-op Housing Consortium,Mumbai,Bandra West (Pali Hill & Bandstand),IN,"Sudham, 27th Road (Pandurang Ashram Marg), Bandra West (Pali Hill & Bandstand), Mumbai 400050, Maharashtra, India",400050,Gated Residential Society,0,48,P51800064525,19.0612,72.835308,Trophy / Ultra-Prime,osm_maharera_cadastral_enriched,0.88
79c851db-032a-4410-a28a-048c9a3b046c,Yasmin Villa,yasmin villa,Reputed Developer / Co-op Housing Consortium,Mumbai,Bandra West (Pali Hill & Bandstand),IN,"Yasmin Villa, 27th Road (Pandurang Ashram Marg), Bandra West (Pali Hill & Bandstand), Mumbai 400050, Maharashtra, India",400050,Gated Residential Society,0,48,P51800086187,19.061735,72.834973,Trophy / Ultra-Prime,osm_maharera_cadastral_enriched,0.88
9fd44205-5c5f-4110-9d94-3952aadbae54,New Commonwealth,new commonwealth,Reputed Developer / Co-op Housing Consortium,Mumbai,Bandra West (Pali Hill & Bandstand),IN,"New Commonwealth, Bandra West (Pali Hill & Bandstand), Mumbai 400050, Maharashtra, India",400050,Gated Residential Society,0,48,P51800046927,19.060658,72.836135,Trophy / Ultra-Prime,osm_maharera_cadastral_enriched,0.88
8fb82486-c595-499a-a347-9639f68a1a9e,Finessia,finessia,Reputed Developer / Co-op Housing Consortium,Mumbai,Bandra West (Pali Hill & Bandstand),IN,"Finessia, Bandra West (Pali Hill & Bandstand), Mumbai 400050, Maharashtra, India",400050,Gated Residential Society,0,48,P51800068747,19.060863,72.834907,Trophy / Ultra-Prime,osm_maharera_cadastral_enriched,0.88
9ac00a74-9039-4e48-9218-6b9a72840eeb,Asuda Kutir,asuda kutir,Reputed Developer / Co-op Housing Consortium,Mumbai,Bandra West (Pali Hill & Bandstand),IN,"Asuda Kutir, Bandra West (Pali Hill & Bandstand), Mumbai 400050, Maharashtra, India",400050,Gated Residential Society,0,48,P51800090695,19.062634,72.834858,Trophy / Ultra-Prime,osm_maharera_cadastral_enriched,0.88
69778aab-1e73-4449-8713-5835b8449bc3,Hashu Niwas,hashu niwas,Reputed Developer / Co-op Housing Consortium,Mumbai,Bandra West (Pali Hill & Bandstand),IN,"Hashu Niwas, Bandra West (Pali Hill & Bandstand), Mumbai 400050, Maharashtra, India",400050,Gated Residential Society,0,48,P51800042427,19.060195,72.833473,Trophy / Ultra-Prime,osm_maharera_cadastral_enriched,0.88
40bb666e-9586-4f47-9738-f18441ef8aa4,A N House,a n house,Reputed Developer / Co-op Housing Consortium,Mumbai,Bandra West (Pali Hill & Bandstand),IN,"A N House, 31st Road, Bandra West (Pali Hill & Bandstand), Mumbai 400050, Maharashtra, India",400050,Gated Residential Society,0,48,P51800063978,19.061187,72.835703,Trophy / Ultra-Prime,osm_maharera_cadastral_enriched,0.88
ad830c3c-b411-4b5e-b6a0-eee0e3243dae,Sunrise CHS,sunrise chs,Reputed Developer / Co-op Housing Consortium,Mumbai,Bandra West (Pali Hill & Bandstand),IN,"Sunrise CHS, Bandra West (Pali Hill & Bandstand), Mumbai 400050, Maharashtra, India",400050,Gated Residential Society,0,48,P51800072134,19.063199,72.834775,Trophy / Ultra-Prime,osm_maharera_cadastral_enriched,0.88
4540c452-269e-43b5-a4f0-454c85caab38,Pinnaacle D'Elegance,pinnaacle d elegance,Reputed Developer / Co-op Housing Consortium,Mumbai,Bandra West (Pali Hill & Bandstand),IN,"Pinnaacle D'Elegance, 29th Road, Bandra West (Pali Hill & Bandstand), Mumbai 400050, Maharashtra, India",400050,Gated Residential Society,0,48,P51800095172,19.061363,72.83311,Trophy / Ultra-Prime,osm_maharera_cadastral_enriched,0.88
2c75fe32-83fd-4e41-ab02-0d66827390c1,Jeevanshree CHS,jeevanshree chs,Reputed Developer / Co-op Housing Consortium,Mumbai,BKC & Bandra East,IN,"Jeevanshree CHS, BKC & Bandra East, Mumbai 400051, Maharashtra, India",400051,Gated Residential Society,0,48,P51800073570,19.061755,72.853239,Trophy / Ultra-Prime,osm_maharera_cadastral_enriched,0.88
24310ac2-3b1f-413d-b442-9f3b03a13df8,Bhoomi Gobind Bhavan,bhoomi gobind bhavan,Reputed Developer / Co-op Housing Consortium,Mumbai,Bandra West (Pali Hill & Bandstand),IN,"Bhoomi Gobind Bhavan, Bandra West (Pali Hill & Bandstand), Mumbai 400050, Maharashtra, India",400050,Gated Residential Society,0,48,P51800084428,19.065473,72.837739,Trophy / Ultra-Prime,osm_maharera_cadastral_enriched,0.88
2ecab51e-2b31-41bc-9c5a-180b002141e5,M.U. Classic,m u classic,Reputed Developer / Co-op Housing Consortium,Mumbai,Bandra West (Pali Hill & Bandstand),IN,"M.U. Classic, Bandra West (Pali Hill & Bandstand), Mumbai 400050, Maharashtra, India",400050,Gated Residential Society,0,48,P51800050271,19.06652,72.837754,Trophy / Ultra-Prime,osm_maharera_cadastral_enriched,0.88
a4f91e8b-b915-4fb0-aebe-533d8cc9e25a,Sahej,sahej,Reputed Developer / Co-op Housing Consortium,Mumbai,Bandra West (Pali Hill & Bandstand),IN,"Sahej, Bandra West (Pali Hill & Bandstand), Mumbai 400050, Maharashtra, India",400050,Gated Residential Society,0,48,P51800052245,19.067173,72.838106,Trophy / Ultra-Prime,osm_maharera_cadastral_enriched,0.88
683140ef-92c7-43ad-89a3-5f0d4b4febe3,Kalpak Corner,kalpak corner,Reputed Developer / Co-op Housing Consortium,Mumbai,Bandra West (Pali Hill & Bandstand),IN,"Kalpak Corner, Bandra West (Pali Hill & Bandstand), Mumbai 400050, Maharashtra, India",400050,Gated Residential Society,0,48,P51800099434,19.059345,72.83768,Trophy / Ultra-Prime,osm_maharera_cadastral_enriched,0.88
632b9d47-c44a-4079-ab28-d5bf9a13678d,Vaz Bungalow,vaz bungalow,Reputed Developer / Co-op Housing Consortium,Mumbai,Bandra West (Pali Hill & Bandstand),IN,"Vaz Bungalow, Bandra West (Pali Hill & Bandstand), Mumbai 400050, Maharashtra, India",400050,Gated Residential Society,0,48,P51800014900,19.05986,72.838639,Trophy / Ultra-Prime,osm_maharera_cadastral_enriched,0.88
d22c6c99-1ab9-41be-af8b-cbb8b81a04c7,Tulsi Mahal,tulsi mahal,Reputed Developer / Co-op Housing Consortium,Mumbai,Bandra West (Pali Hill & Bandstand),IN,"Tulsi Mahal, 26th Road (Sumatilal Manilal Shah Marg), Bandra West (Pali Hill & Bandstand), Mumbai 400050, Maharashtra, India",400050,Gated Residential Society,0,48,P51800044933,19.063141,72.834029,Trophy / Ultra-Prime,osm_maharera_cadastral_enriched,0.88
86c2821f-7880-4f06-ad26-6c93a0602108,Hicon's Residency,hicon s residency,Reputed Developer / Co-op Housing Consortium,Mumbai,Bandra West (Pali Hill & Bandstand),IN,"Hicon's Residency, 26th Road (Sumatilal Manilal Shah Marg), Bandra West (Pali Hill & Bandstand), Mumbai 400050, Maharashtra, India",400050,Gated Residential Society,0,48,P51800057853,19.062815,72.833911,Trophy / Ultra-Prime,osm_maharera_cadastral_enriched,0.88
b5afcc34-6f27-428b-9832-b4ea670dd239,Solus,solus,Reputed Developer / Co-op Housing Consortium,Mumbai,Bandra West (Pali Hill & Bandstand),IN,"Solus, Dr KS Hedgewar Road (30th Road), Bandra West (Pali Hill & Bandstand), Mumbai 400050, Maharashtra, India",400050,Gated Residential Society,0,48,P51800067197,19.062426,72.83412,Trophy / Ultra-Prime,osm_maharera_cadastral_enriched,0.88
5868835d-6254-460a-81c1-22370263bb27,West Coast Apartment,west coast apartment,Reputed Developer / Co-op Housing Consortium,Mumbai,Bandra West (Pali Hill & Bandstand),IN,"West Coast Apartment, Bandra West (Pali Hill & Bandstand), Mumbai 400050, Maharashtra, India",400050,Gated Residential Society,0,48,P51800079625,19.057706,72.824304,Trophy / Ultra-Prime,osm_maharera_cadastral_enriched,0.88
4473bb0d-655b-4cb7-b747-18d527bfa536,Asha Bhavan,asha bhavan,Reputed Developer / Co-op Housing Consortium,Mumbai,Bandra West (Pali Hill & Bandstand),IN,"Asha Bhavan, Bandra West (Pali Hill & Bandstand), Mumbai 400050, Maharashtra, India",400050,Gated Residential Society,0,48,P51800071293,19.067362,72.832939,Trophy / Ultra-Prime,osm_maharera_cadastral_enriched,0.88
40ef2af9-857e-40b9-a1b6-1fb136bfd1fd,Ayesha Manor,ayesha manor,Reputed Developer / Co-op Housing Consortium,Mumbai,Bandra West (Pali Hill & Bandstand),IN,"Ayesha Manor, 6th Road, Bandra West (Pali Hill & Bandstand), Mumbai 400050, Maharashtra, India",400050,Gated Residential Society,0,48,P51800098972,19.057159,72.831947,Trophy / Ultra-Prime,osm_maharera_cadastral_enriched,0.88
1b96530a-d5ee-4698-affb-6c682506a446,Rockdale,rockdale,Reputed Developer / Co-op Housing Consortium,Mumbai,Bandra West (Pali Hill & Bandstand),IN,"Rockdale, Byramji Jeejeebhoy Road, Bandra West (Pali Hill & Bandstand), Mumbai 400050, Maharashtra, India",400050,Gated Residential Society,0,48,P51800017130,19.050497,72.822081,Trophy / Ultra-Prime,osm_maharera_cadastral_enriched,0.88
052751f2-82bf-4d75-bbac-a9260d64df5d,Dayavanti,dayavanti,Reputed Developer / Co-op Housing Consortium,Mumbai,Bandra West (Pali Hill & Bandstand),IN,"Dayavanti, Bandra West (Pali Hill & Bandstand), Mumbai 400050, Maharashtra, India",400050,Gated Residential Society,0,48,P51800012911,19.068274,72.833889,Trophy / Ultra-Prime,osm_maharera_cadastral_enriched,0.88
3ebcc798-d095-4570-96a8-b9fdaf7b188e,Scarlett Heritage,scarlett heritage,Reputed Developer / Co-op Housing Consortium,Mumbai,Bandra West (Pali Hill & Bandstand),IN,"Scarlett Heritage, Bandra West (Pali Hill & Bandstand), Mumbai 400050, Maharashtra, India",400050,Gated Residential Society,0,48,P51800098383,19.053532,72.830065,Trophy / Ultra-Prime,osm_maharera_cadastral_enriched,0.88
28cd3b2b-d651-42b8-800e-12014c4c4f35,Tulips,tulips,Reputed Developer / Co-op Housing Consortium,Mumbai,Bandra West (Pali Hill & Bandstand),IN,"Tulips, Bandra West (Pali Hill & Bandstand), Mumbai 400050, Maharashtra, India",400050,Gated Residential Society,0,48,P51800026467,19.05255,72.826863,Trophy / Ultra-Prime,osm_maharera_cadastral_enriched,0.88
d6cbe93c-219a-4d08-ba2e-10163e6c5a31,Uttam Niwas,uttam niwas,Reputed Developer / Co-op Housing Consortium,Mumbai,Bandra West (Pali Hill & Bandstand),IN,"Uttam Niwas, Bandra West (Pali Hill & Bandstand), Mumbai 400050, Maharashtra, India",400050,Gated Residential Society,0,48,P51800037425,19.067173,72.836297,Trophy / Ultra-Prime,osm_maharera_cadastral_enriched,0.88
808d43b1-aba3-480a-beb9-8a51c65e2886,Shivam,shivam,Reputed Developer / Co-op Housing Consortium,Mumbai,Bandra West (Pali Hill & Bandstand),IN,"Shivam, Bandra West (Pali Hill & Bandstand), Mumbai 400050, Maharashtra, India",400050,Gated Residential Society,0,48,P51800038778,19.052996,72.832466,Trophy / Ultra-Prime,osm_maharera_cadastral_enriched,0.88
8e5e6a0c-0e95-48f5-a5fd-ed19b9863ce8,Ventura,ventura,Reputed Developer / Co-op Housing Consortium,Mumbai,Bandra West (Pali Hill & Bandstand),IN,"Ventura, Bandra West (Pali Hill & Bandstand), Mumbai 400050, Maharashtra, India",400050,Gated Residential Society,0,48,P51800089736,19.069358,72.832714,Trophy / Ultra-Prime,osm_maharera_cadastral_enriched,0.88
9d30077e-99c6-4f68-ad3f-56e4860a38d9,Apollo,apollo,Reputed Developer / Co-op Housing Consortium,Mumbai,Bandra West (Pali Hill & Bandstand),IN,"Apollo, Bandra West (Pali Hill & Bandstand), Mumbai 400050, Maharashtra, India",400050,Gated Residential Society,0,48,P51800046401,19.066372,72.83285,Trophy / Ultra-Prime,osm_maharera_cadastral_enriched,0.88
a2864921-0260-43e2-9606-c8c8b1235b95,Elcid Holy Family Society,elcid holy family society,Reputed Developer / Co-op Housing Consortium,Mumbai,Bandra West (Pali Hill & Bandstand),IN,"Elcid Holy Family Society, Bandra West (Pali Hill & Bandstand), Mumbai 400050, Maharashtra, India",400050,Gated Residential Society,0,48,P51800075073,19.063997,72.829678,Trophy / Ultra-Prime,osm_maharera_cadastral_enriched,0.88
bb2a1482-0b29-43fe-b2f1-fb035efa5be9,Casabella,casabella,Reputed Developer / Co-op Housing Consortium,Mumbai,Bandra West (Pali Hill & Bandstand),IN,"Casabella, Bandra West (Pali Hill & Bandstand), Mumbai 400050, Maharashtra, India",400050,Gated Residential Society,0,48,P51800045144,19.068337,72.83219,Trophy / Ultra-Prime,osm_maharera_cadastral_enriched,0.88
05b6566b-86ec-4480-bb40-a6b8c5e44d54,Natasha,natasha,Reputed Developer / Co-op Housing Consortium,Mumbai,Bandra West (Pali Hill & Bandstand),IN,"Natasha, Almeida Park Road, Bandra West (Pali Hill & Bandstand), Mumbai 400050, Maharashtra, India",400050,Gated Residential Society,0,48,P51800018470,19.055842,72.832324,Trophy / Ultra-Prime,osm_maharera_cadastral_enriched,0.88
198b91fa-10ab-4a2e-9938-bade818494a0,Pearl Height,pearl height,Reputed Developer / Co-op Housing Consortium,Mumbai,Bandra West (Pali Hill & Bandstand),IN,"Pearl Height, Bandra West (Pali Hill & Bandstand), Mumbai 400050, Maharashtra, India",400050,Gated Residential Society,0,48,P51800024986,19.066867,72.836399,Trophy / Ultra-Prime,osm_maharera_cadastral_enriched,0.88
76b61438-d797-414e-b05b-09d8d2ddfc04,Tayyab Manzil,tayyab manzil,Reputed Developer / Co-op Housing Consortium,Mumbai,Bandra West (Pali Hill & Bandstand),IN,"Tayyab Manzil, Bandra West (Pali Hill & Bandstand), Mumbai 400050, Maharashtra, India",400050,Gated Residential Society,0,48,P51800073342,19.066153,72.836468,Trophy / Ultra-Prime,osm_maharera_cadastral_enriched,0.88
a2805c12-3b05-465d-9cf9-5ea1309cecc5,Shivdarshan,shivdarshan,Reputed Developer / Co-op Housing Consortium,Mumbai,Bandra West (Pali Hill & Bandstand),IN,"Shivdarshan, Bandra West (Pali Hill & Bandstand), Mumbai 400050, Maharashtra, India",400050,Gated Residential Society,0,48,P51800036555,19.065677,72.831515,Trophy / Ultra-Prime,osm_maharera_cadastral_enriched,0.88
1e70c9da-67cb-44f1-b815-89e9908bfdc7,Ray Heaven,ray heaven,Reputed Developer / Co-op Housing Consortium,Mumbai,Bandra West (Pali Hill & Bandstand),IN,"Ray Heaven, Bandra West (Pali Hill & Bandstand), Mumbai 400050, Maharashtra, India",400050,Gated Residential Society,0,48,P51800058187,19.067151,72.832958,Trophy / Ultra-Prime,osm_maharera_cadastral_enriched,0.88
1a61a0d9-264c-4ddb-a403-15e7272809e9,Lilly Villa,lilly villa,Reputed Developer / Co-op Housing Consortium,Mumbai,Bandra West (Pali Hill & Bandstand),IN,"Lilly Villa, Convent Road, Bandra West (Pali Hill & Bandstand), Mumbai 400050, Maharashtra, India",400050,Gated Residential Society,0,48,P51800032018,19.060781,72.827204,Trophy / Ultra-Prime,osm_maharera_cadastral_enriched,0.88
7a56c224-e920-4cc7-8132-72477e434edb,Antonio,antonio,Reputed Developer / Co-op Housing Consortium,Mumbai,Bandra West (Pali Hill & Bandstand),IN,"Antonio, Bandra West (Pali Hill & Bandstand), Mumbai 400050, Maharashtra, India",400050,Gated Residential Society,0,48,P51800081582,19.066503,72.836846,Trophy / Ultra-Prime,osm_maharera_cadastral_enriched,0.88
d6fb49af-9571-4be8-b8d1-d4e6f33551ea,Pukhraj Mahal,pukhraj mahal,Reputed Developer / Co-op Housing Consortium,Mumbai,Bandra West (Pali Hill & Bandstand),IN,"Pukhraj Mahal, Linking Road, Bandra West (Pali Hill & Bandstand), Mumbai 400050, Maharashtra, India",400050,Gated Residential Society,0,48,P51800053364,19.067993,72.833734,Trophy / Ultra-Prime,osm_maharera_cadastral_enriched,0.88
27f62024-42a9-4f9d-aa87-ac2c9e9f013a,Eternity,eternity,Reputed Developer / Co-op Housing Consortium,Mumbai,Bandra West (Pali Hill & Bandstand),IN,"Eternity, Rebello Road, Bandra West (Pali Hill & Bandstand), Mumbai 400050, Maharashtra, India",400050,Gated Residential Society,0,48,P51800068843,19.052405,72.826826,Trophy / Ultra-Prime,osm_maharera_cadastral_enriched,0.88
9b55803b-0a2c-4bb3-ba74-47720cead538,Nelnom II,nelnom ii,Reputed Developer / Co-op Housing Consortium,Mumbai,Bandra West (Pali Hill & Bandstand),IN,"Nelnom II, Veronica Road, Bandra West (Pali Hill & Bandstand), Mumbai 400050, Maharashtra, India",400050,Gated Residential Society,0,48,P51800082884,19.053035,72.828336,Trophy / Ultra-Prime,osm_maharera_cadastral_enriched,0.88
c00b50bb-63cd-4867-a13c-72d17cb7b11f,Aziz Villa,aziz villa,Reputed Developer / Co-op Housing Consortium,Mumbai,Bandra West (Pali Hill & Bandstand),IN,"Aziz Villa, Bandra West (Pali Hill & Bandstand), Mumbai 400050, Maharashtra, India",400050,Gated Residential Society,0,48,P51800072403,19.054385,72.833751,Trophy / Ultra-Prime,osm_maharera_cadastral_enriched,0.88
43847676-c07f-4016-8e55-f56af7f43132,Abdulla Burhan Estate,abdulla burhan estate,Reputed Developer / Co-op Housing Consortium,Mumbai,Bandra West (Pali Hill & Bandstand),IN,"Abdulla Burhan Estate, Bandra West (Pali Hill & Bandstand), Mumbai 400050, Maharashtra, India",400050,Gated Residential Society,0,48,P51800090927,19.066667,72.836151,Trophy / Ultra-Prime,osm_maharera_cadastral_enriched,0.88
678542b9-34f7-46f2-a214-08c76bfd8993,Surya Kiran,surya kiran,Reputed Developer / Co-op Housing Consortium,Mumbai,Bandra West (Pali Hill & Bandstand),IN,"Surya Kiran, Bandra West (Pali Hill & Bandstand), Mumbai 400050, Maharashtra, India",400050,Gated Residential Society,0,48,P51800094127,19.065692,72.832809,Trophy / Ultra-Prime,osm_maharera_cadastral_enriched,0.88
f2c2294b-ee54-4ce2-a87a-e919f854ad7e,Kamath House,kamath house,Reputed Developer / Co-op Housing Consortium,Mumbai,Bandra West (Pali Hill & Bandstand),IN,"Kamath House, Bandra West (Pali Hill & Bandstand), Mumbai 400050, Maharashtra, India",400050,Gated Residential Society,0,48,P51800094905,19.052131,72.828636,Trophy / Ultra-Prime,osm_maharera_cadastral_enriched,0.88
c3f65a8c-818a-40ac-91f8-17733ab1efd3,K. J. F. Heights,k j f heights,Reputed Developer / Co-op Housing Consortium,Mumbai,Bandra West (Pali Hill & Bandstand),IN,"K. J. F. Heights, Bandra West (Pali Hill & Bandstand), Mumbai 400050, Maharashtra, India",400050,Luxury High-Rise Tower,0,48,P51800025316,19.053259,72.82981,Trophy / Ultra-Prime,osm_maharera_cadastral_enriched,0.88
dfc3255b-8477-4fc6-a841-5267a1f255ee,Valneth,valneth,Reputed Developer / Co-op Housing Consortium,Mumbai,Bandra West (Pali Hill & Bandstand),IN,"Valneth, Veronica Road, Bandra West (Pali Hill & Bandstand), Mumbai 400050, Maharashtra, India",400050,Gated Residential Society,0,48,P51800086227,19.052171,72.828032,Trophy / Ultra-Prime,osm_maharera_cadastral_enriched,0.88
268bfa9c-b51c-4f75-90b3-7c1bbde5c224,Concrete Heritage,concrete heritage,Reputed Developer / Co-op Housing Consortium,Mumbai,Bandra West (Pali Hill & Bandstand),IN,"Concrete Heritage, Bandra West (Pali Hill & Bandstand), Mumbai 400050, Maharashtra, India",400050,Gated Residential Society,0,48,P51800048728,19.053932,72.827722,Trophy / Ultra-Prime,osm_maharera_cadastral_enriched,0.88
eebf7e7e-9c1c-49c2-bd6e-5312523c82c7,Rachael,rachael,Reputed Developer / Co-op Housing Consortium,Mumbai,Bandra West (Pali Hill & Bandstand),IN,"Rachael, St. Paul Road, Bandra West (Pali Hill & Bandstand), Mumbai 400050, Maharashtra, India",400050,Gated Residential Society,0,48,P51800068946,19.055973,72.824904,Trophy / Ultra-Prime,osm_maharera_cadastral_enriched,0.88
838d8dae-c096-4879-b006-273b532b4eac,Ameena House,ameena house,Reputed Developer / Co-op Housing Consortium,Mumbai,Bandra West (Pali Hill & Bandstand),IN,"Ameena House, Almeida Park Road, Bandra West (Pali Hill & Bandstand), Mumbai 400050, Maharashtra, India",400050,Gated Residential Society,0,48,P51800030930,19.057198,72.832103,Trophy / Ultra-Prime,osm_maharera_cadastral_enriched,0.88
785b1756-5eb2-478b-9010-907a042ff9b9,DS Building,ds building,Reputed Developer / Co-op Housing Consortium,Mumbai,Bandra West (Pali Hill & Bandstand),IN,"DS Building, Bandra West (Pali Hill & Bandstand), Mumbai 400050, Maharashtra, India",400050,Gated Residential Society,0,48,P51800038135,19.054227,72.827262,Trophy / Ultra-Prime,osm_maharera_cadastral_enriched,0.88
00a43f4c-156a-467b-a67c-429c82d31704,Swarna Rekha,swarna rekha,Reputed Developer / Co-op Housing Consortium,Mumbai,Bandra West (Pali Hill & Bandstand),IN,"Swarna Rekha, Linking Road, Bandra West (Pali Hill & Bandstand), Mumbai 400050, Maharashtra, India",400050,Gated Residential Society,0,48,P51800077147,19.066694,72.833661,Trophy / Ultra-Prime,osm_maharera_cadastral_enriched,0.88
ef54f438-8a77-4ede-aaf8-df332187faf3,Palm Court,palm court,Reputed Developer / Co-op Housing Consortium,Mumbai,Bandra West (Pali Hill & Bandstand),IN,"Palm Court, 9th Road, Bandra West (Pali Hill & Bandstand), Mumbai 400050, Maharashtra, India",400050,Gated Residential Society,0,48,P51800088193,19.056628,72.831709,Trophy / Ultra-Prime,osm_maharera_cadastral_enriched,0.88
f29fb5ff-78d2-4038-b0ff-839381419ffb,Vailankanni House,vailankanni house,Reputed Developer / Co-op Housing Consortium,Mumbai,Bandra West (Pali Hill & Bandstand),IN,"Vailankanni House, Bandra West (Pali Hill & Bandstand), Mumbai 400050, Maharashtra, India",400050,Gated Residential Society,0,48,P51800096761,19.066897,72.836117,Trophy / Ultra-Prime,osm_maharera_cadastral_enriched,0.88
c043a040-fdf7-4628-8899-91729d827dc6,Sita Mahal,sita mahal,Reputed Developer / Co-op Housing Consortium,Mumbai,Bandra West (Pali Hill & Bandstand),IN,"Sita Mahal, Bandra West (Pali Hill & Bandstand), Mumbai 400050, Maharashtra, India",400050,Gated Residential Society,0,48,P51800030556,19.067149,72.8333,Trophy / Ultra-Prime,osm_maharera_cadastral_enriched,0.88
65bf3c14-d6e4-48bf-a50f-e045db2e9bd7,May Fair,may fair,Reputed Developer / Co-op Housing Consortium,Mumbai,Bandra West (Pali Hill & Bandstand),IN,"May Fair, St. Dominic Road, Bandra West (Pali Hill & Bandstand), Mumbai 400050, Maharashtra, India",400050,Gated Residential Society,0,48,P51800030791,19.057034,72.825864,Trophy / Ultra-Prime,osm_maharera_cadastral_enriched,0.88
e5978f18-aeea-4ddd-b22c-2ab64f2595ea,Singers Wood,singers wood,Reputed Developer / Co-op Housing Consortium,Mumbai,Bandra West (Pali Hill & Bandstand),IN,"Singers Wood, 27th Road (Pandurang Ashram Marg), Bandra West (Pali Hill & Bandstand), Mumbai 400050, Maharashtra, India",400050,Gated Residential Society,0,48,P51800056421,19.061208,72.834952,Trophy / Ultra-Prime,osm_maharera_cadastral_enriched,0.88
6dbd40d5-52d7-4154-88b4-4d680257a743,Motiram Nivas,motiram nivas,Reputed Developer / Co-op Housing Consortium,Mumbai,Bandra West (Pali Hill & Bandstand),IN,"Motiram Nivas, Bandra West (Pali Hill & Bandstand), Mumbai 400050, Maharashtra, India",400050,Gated Residential Society,0,48,P51800083350,19.057234,72.824627,Trophy / Ultra-Prime,osm_maharera_cadastral_enriched,0.88
593f7cfe-4842-472b-bb5e-464c37cc59a2,Bhagwanti Heights,bhagwanti heights,Reputed Developer / Co-op Housing Consortium,Mumbai,Bandra West (Pali Hill & Bandstand),IN,"Bhagwanti Heights, Bandra West (Pali Hill & Bandstand), Mumbai 400050, Maharashtra, India",400050,Luxury High-Rise Tower,0,48,P51800014803,19.066708,72.832917,Trophy / Ultra-Prime,osm_maharera_cadastral_enriched,0.88
7d3d44eb-5cf7-42ec-9a60-531a364ce6d2,Noor-E-Rehmat,noor e rehmat,Reputed Developer / Co-op Housing Consortium,Mumbai,Bandra West (Pali Hill & Bandstand),IN,"Noor-E-Rehmat, Byramji Jeejeebhoy Road, Bandra West (Pali Hill & Bandstand), Mumbai 400050, Maharashtra, India",400050,Gated Residential Society,0,48,P51800041313,19.052708,72.822527,Trophy / Ultra-Prime,osm_maharera_cadastral_enriched,0.88
0a8492aa-c01f-4d96-8e3d-c19e3bbd618f,Krishna Kutir,krishna kutir,Reputed Developer / Co-op Housing Consortium,Mumbai,Bandra West (Pali Hill & Bandstand),IN,"Krishna Kutir, Bandra West (Pali Hill & Bandstand), Mumbai 400050, Maharashtra, India",400050,Gated Residential Society,0,48,P51800092793,19.06783,72.836594,Trophy / Ultra-Prime,osm_maharera_cadastral_enriched,0.88
a5209031-e698-4305-951e-1aa78703eaaa,Rivoli,rivoli,Reputed Developer / Co-op Housing Consortium,Mumbai,Bandra West (Pali Hill & Bandstand),IN,"Rivoli, Veronica Road, Bandra West (Pali Hill & Bandstand), Mumbai 400050, Maharashtra, India",400050,Gated Residential Society,0,48,P51800065065,19.05192,72.827632,Trophy / Ultra-Prime,osm_maharera_cadastral_enriched,0.88
55cac6d0-d75f-4e73-8c25-3ae491ef359a,Supreme Alora,supreme alora,Reputed Developer / Co-op Housing Consortium,Mumbai,Bandra West (Pali Hill & Bandstand),IN,"Supreme Alora, Bandra West (Pali Hill & Bandstand), Mumbai 400050, Maharashtra, India",400050,Gated Residential Society,0,48,P51800045481,19.06868,72.830615,Trophy / Ultra-Prime,osm_maharera_cadastral_enriched,0.88
ace26c16-95cb-402a-9581-be423084e533,Hormuzd,hormuzd,Reputed Developer / Co-op Housing Consortium,Mumbai,Bandra West (Pali Hill & Bandstand),IN,"Hormuzd, Bandra West (Pali Hill & Bandstand), Mumbai 400050, Maharashtra, India",400050,Gated Residential Society,0,48,P51800053380,19.063791,72.823939,Trophy / Ultra-Prime,osm_maharera_cadastral_enriched,0.88
78fc51a8-2fa5-450b-b4c2-5b247486a471,Reminess,reminess,Reputed Developer / Co-op Housing Consortium,Mumbai,Bandra West (Pali Hill & Bandstand),IN,"Reminess, Almeida Park Road, Bandra West (Pali Hill & Bandstand), Mumbai 400050, Maharashtra, India",400050,Gated Residential Society,0,48,P51800022889,19.056937,72.832083,Trophy / Ultra-Prime,osm_maharera_cadastral_enriched,0.88
f8b6b970-a5ee-40e0-a5f0-782bd70948ee,Matiwala House,matiwala house,Reputed Developer / Co-op Housing Consortium,Mumbai,Bandra West (Pali Hill & Bandstand),IN,"Matiwala House, Chapel Road, Bandra West (Pali Hill & Bandstand), Mumbai 400050, Maharashtra, India",400050,Gated Residential Society,0,48,P51800075532,19.052932,72.828658,Trophy / Ultra-Prime,osm_maharera_cadastral_enriched,0.88
4baafea4-4d64-44e8-88d8-0282be53e0f4,Navroze,navroze,Reputed Developer / Co-op Housing Consortium,Mumbai,Bandra West (Pali Hill & Bandstand),IN,"Navroze, Bandra West (Pali Hill & Bandstand), Mumbai 400050, Maharashtra, India",400050,Gated Residential Society,0,48,P51800058283,19.065905,72.828106,Trophy / Ultra-Prime,osm_maharera_cadastral_enriched,0.88
43b21aed-7dba-44de-8e69-8429d1cd5995,Sealite,sealite,Reputed Developer / Co-op Housing Consortium,Mumbai,Bandra West (Pali Hill & Bandstand),IN,"Sealite, 9th Road, Bandra West (Pali Hill & Bandstand), Mumbai 400050, Maharashtra, India",400050,Gated Residential Society,0,48,P51800074113,19.056658,72.831865,Trophy / Ultra-Prime,osm_maharera_cadastral_enriched,0.88
48adfc80-7423-4fc2-9dc3-3838970e4b21,Erlyn,erlyn,Reputed Developer / Co-op Housing Consortium,Mumbai,Bandra West (Pali Hill & Bandstand),IN,"Erlyn, Bandra West (Pali Hill & Bandstand), Mumbai 400050, Maharashtra, India",400050,Gated Residential Society,0,48,P51800046089,19.057693,72.823998,Trophy / Ultra-Prime,osm_maharera_cadastral_enriched,0.88
6b39416b-97c4-4ef2-952f-02bcf7afe246,Leo,leo,Reputed Developer / Co-op Housing Consortium,Mumbai,Bandra West (Pali Hill & Bandstand),IN,"Leo, Bandra West (Pali Hill & Bandstand), Mumbai 400050, Maharashtra, India",400050,Gated Residential Society,0,48,P51800051276,19.066053,72.833168,Trophy / Ultra-Prime,osm_maharera_cadastral_enriched,0.88
1838f1f1-acc7-4417-8790-6094f54f0e4d,Palm Springs,palm springs,Reputed Developer / Co-op Housing Consortium,Mumbai,Bandra West (Pali Hill & Bandstand),IN,"Palm Springs, 6th Road, Bandra West (Pali Hill & Bandstand), Mumbai 400050, Maharashtra, India",400050,Gated Residential Society,0,48,P51800071133,19.056976,72.831228,Trophy / Ultra-Prime,osm_maharera_cadastral_enriched,0.88
1a9a8065-e43b-4729-9727-29688957b8d3,Agnelo House,agnelo house,Reputed Developer / Co-op Housing Consortium,Mumbai,Bandra West (Pali Hill & Bandstand),IN,"Agnelo House, Bandra West (Pali Hill & Bandstand), Mumbai 400050, Maharashtra, India",400050,Gated Residential Society,0,48,P51800092716,19.067513,72.837083,Trophy / Ultra-Prime,osm_maharera_cadastral_enriched,0.88
595af07f-5418-44a9-8185-caaa0c46561c,Prima,prima,Reputed Developer / Co-op Housing Consortium,Mumbai,Bandra West (Pali Hill & Bandstand),IN,"Prima, Bandra West (Pali Hill & Bandstand), Mumbai 400050, Maharashtra, India",400050,Gated Residential Society,0,48,P51800022556,19.067203,72.836101,Trophy / Ultra-Prime,osm_maharera_cadastral_enriched,0.88
5b6a1685-d6bc-406e-bef8-68c3c11cc1c5,Satguru Sundari,satguru sundari,Reputed Developer / Co-op Housing Consortium,Mumbai,Bandra West (Pali Hill & Bandstand),IN,"Satguru Sundari, Bandra West (Pali Hill & Bandstand), Mumbai 400050, Maharashtra, India",400050,Gated Residential Society,0,48,P51800019613,19.068692,72.830213,Trophy / Ultra-Prime,osm_maharera_cadastral_enriched,0.88
91c50006-e1f8-4844-8935-63380d55b9d7,Anaclete House,anaclete house,Reputed Developer / Co-op Housing Consortium,Mumbai,Bandra West (Pali Hill & Bandstand),IN,"Anaclete House, Chapel Road, Bandra West (Pali Hill & Bandstand), Mumbai 400050, Maharashtra, India",400050,Gated Residential Society,0,48,P51800084838,19.052319,72.828439,Trophy / Ultra-Prime,osm_maharera_cadastral_enriched,0.88
c095d1a4-1464-46cf-ba0b-4067605e5782,Satguru Flying Carpet,satguru flying carpet,Reputed Developer / Co-op Housing Consortium,Mumbai,Bandra West (Pali Hill & Bandstand),IN,"Satguru Flying Carpet, Bandra West (Pali Hill & Bandstand), Mumbai 400050, Maharashtra, India",400050,Gated Residential Society,0,48,P51800037320,19.071658,72.830531,Trophy / Ultra-Prime,osm_maharera_cadastral_enriched,0.88
18bd7e2b-1147-4478-aaf7-23d9b2ffa164,Joswil,joswil,Reputed Developer / Co-op Housing Consortium,Mumbai,Bandra West (Pali Hill & Bandstand),IN,"Joswil, Bandra West (Pali Hill & Bandstand), Mumbai 400050, Maharashtra, India",400050,Gated Residential Society,0,48,P51800070078,19.067574,72.832902,Trophy / Ultra-Prime,osm_maharera_cadastral_enriched,0.88
cf22a825-c372-439f-83e3-e127a81d43c5,Anand Mansion,anand mansion,Reputed Developer / Co-op Housing Consortium,Mumbai,Bandra West (Pali Hill & Bandstand),IN,"Anand Mansion, Bandra West (Pali Hill & Bandstand), Mumbai 400050, Maharashtra, India",400050,Gated Residential Society,0,48,P51800095716,19.067133,72.83576,Trophy / Ultra-Prime,osm_maharera_cadastral_enriched,0.88
13cf812f-0e32-482c-a3f5-117bac3c5077,Snehal,snehal,Reputed Developer / Co-op Housing Consortium,Mumbai,Bandra West (Pali Hill & Bandstand),IN,"Snehal, Bandra West (Pali Hill & Bandstand), Mumbai 400050, Maharashtra, India",400050,Gated Residential Society,0,48,P51800016471,19.065299,72.829149,Trophy / Ultra-Prime,osm_maharera_cadastral_enriched,0.88
afea02a7-25f1-4683-91bc-906045a70394,Nisarg,nisarg,Reputed Developer / Co-op Housing Consortium,Mumbai,Bandra West (Pali Hill & Bandstand),IN,"Nisarg, Bandra West (Pali Hill & Bandstand), Mumbai 400050, Maharashtra, India",400050,Gated Residential Society,0,48,P51800092320,19.065937,72.82778,Trophy / Ultra-Prime,osm_maharera_cadastral_enriched,0.88
55f0d91f-4e7a-4261-bb51-ad35c292c6d1,Wahedna Apartments,wahedna apartments,Reputed Developer / Co-op Housing Consortium,Mumbai,Bandra West (Pali Hill & Bandstand),IN,"Wahedna Apartments, Bandra West (Pali Hill & Bandstand), Mumbai 400050, Maharashtra, India",400050,Gated Residential Society,0,48,P51800081833,19.054608,72.827978,Trophy / Ultra-Prime,osm_maharera_cadastral_enriched,0.88
d06007d5-8732-4dee-b074-067d2971f164,Wavelash,wavelash,Reputed Developer / Co-op Housing Consortium,Mumbai,Bandra West (Pali Hill & Bandstand),IN,"Wavelash, Bandra West (Pali Hill & Bandstand), Mumbai 400050, Maharashtra, India",400050,Gated Residential Society,0,48,P51800040632,19.062593,72.824134,Trophy / Ultra-Prime,osm_maharera_cadastral_enriched,0.88
d6b5b021-3639-42ff-b43f-3a1e54ac6bc5,Elfreda,elfreda,Reputed Developer / Co-op Housing Consortium,Mumbai,Bandra West (Pali Hill & Bandstand),IN,"Elfreda, Bandra West (Pali Hill & Bandstand), Mumbai 400050, Maharashtra, India",400050,Gated Residential Society,0,48,P51800063867,19.051821,72.827468,Trophy / Ultra-Prime,osm_maharera_cadastral_enriched,0.88
c4222057-d736-4ecd-acb0-f14155181a26,Oceanside,oceanside,Reputed Developer / Co-op Housing Consortium,Mumbai,Bandra West (Pali Hill & Bandstand),IN,"Oceanside, Bandra West (Pali Hill & Bandstand), Mumbai 400050, Maharashtra, India",400050,Gated Residential Society,0,48,P51800061825,19.057405,72.823656,Trophy / Ultra-Prime,osm_maharera_cadastral_enriched,0.88
4e710590-a96c-440a-989c-60a554f17cf2,Palacio,palacio,Reputed Developer / Co-op Housing Consortium,Mumbai,Bandra West (Pali Hill & Bandstand),IN,"Palacio, 16th Road, Bandra West (Pali Hill & Bandstand), Mumbai 400050, Maharashtra, India",400050,Gated Residential Society,0,48,P51800028840,19.063313,72.831034,Trophy / Ultra-Prime,osm_maharera_cadastral_enriched,0.88
5385202c-81b2-4f00-b4ac-06fe07d3990b,Dauri Nagar,dauri nagar,Reputed Developer / Co-op Housing Consortium,Mumbai,BKC & Bandra East,IN,"Dauri Nagar, BKC & Bandra East, Mumbai 400051, Maharashtra, India",400051,Gated Residential Society,0,48,P51800095049,19.079632,72.847613,Trophy / Ultra-Prime,osm_maharera_cadastral_enriched,0.88
e81b517b-c55a-4c54-88df-5aee88c6a306,Yashwant Nagar,yashwant nagar,Reputed Developer / Co-op Housing Consortium,Mumbai,BKC & Bandra East,IN,"Yashwant Nagar, Pipeline Road, BKC & Bandra East, Mumbai 400055, Maharashtra, India",400055,Gated Residential Society,0,48,P51800037841,19.077289,72.854247,Trophy / Ultra-Prime,osm_maharera_cadastral_enriched,0.88
0c0626dd-c8f3-4f8d-afe6-caf14430ffee,Hari Niwas,hari niwas,Reputed Developer / Co-op Housing Consortium,Mumbai,Bandra West (Pali Hill & Bandstand),IN,"Hari Niwas, Bandra West (Pali Hill & Bandstand), Mumbai 400050, Maharashtra, India",400050,Gated Residential Society,0,48,P51800074444,19.069231,72.837606,Trophy / Ultra-Prime,osm_maharera_cadastral_enriched,0.88
30345bb2-36ce-4b9e-9c80-950ffd20329e,Haji Mansion,haji mansion,Reputed Developer / Co-op Housing Consortium,Mumbai,Bandra West (Pali Hill & Bandstand),IN,"Haji Mansion, Bandra West (Pali Hill & Bandstand), Mumbai 400050, Maharashtra, India",400050,Gated Residential Society,0,48,P51800086592,19.069463,72.837822,Trophy / Ultra-Prime,osm_maharera_cadastral_enriched,0.88
bc85e22c-ab8b-4d67-b117-e7911e4a2200,Elite CHS Limited,elite chs limited,Reputed Developer / Co-op Housing Consortium,Mumbai,BKC & Bandra East,IN,"Elite CHS Limited, BKC & Bandra East, Mumbai 400051, Maharashtra, India",400051,Gated Residential Society,0,48,P51800043998,19.059005,72.8487,Trophy / Ultra-Prime,osm_maharera_cadastral_enriched,0.88
08943ed9-048c-45c6-8f3c-adbd45071d39,Madhuban Apartments,madhuban apartments,Reputed Developer / Co-op Housing Consortium,Mumbai,Marine Drive & Nariman Point,IN,"Madhuban Apartments, General Jagannath Bhosle Rd,Nariman Point, Marine Drive & Nariman Point, Mumbai 400021, Maharashtra, India",400021,Gated Residential Society,0,48,P51900054667,18.925157,72.827266,Trophy / Ultra-Prime,osm_maharera_cadastral_enriched,0.88
7131d93a-a0ab-4cd0-a0c3-f7933636c32e,Sachivalay Gymkhana,sachivalay gymkhana,Reputed Developer / Co-op Housing Consortium,Mumbai,Marine Drive & Nariman Point,IN,"Sachivalay Gymkhana, General Jagannath Bhosale Marg, Nariman Point, Marine Drive & Nariman Point, Mumbai 400021, Maharashtra, India",400021,Gated Residential Society,0,48,P51900045207,18.925953,72.826524,Trophy / Ultra-Prime,osm_maharera_cadastral_enriched,0.88
205d78fd-2196-4b09-bca5-4c0ab070244b,Air-India Building,air india building,Reputed Developer / Co-op Housing Consortium,Mumbai,Marine Drive & Nariman Point,IN,"Air-India Building, Madame Cama Road, Marine Drive & Nariman Point, Mumbai 400021, Maharashtra, India",400021,Gated Residential Society,0,48,P51900015956,18.928834,72.822119,Trophy / Ultra-Prime,osm_maharera_cadastral_enriched,0.88
0f1f17fc-5f58-4892-bd10-661942b61581,Union Bank of India Building,union bank of india building,Reputed Developer / Co-op Housing Consortium,Mumbai,Marine Drive & Nariman Point,IN,"Union Bank of India Building, Vidhan Bhavan, Marine Drive & Nariman Point, Mumbai 400021, Maharashtra, India",400021,Gated Residential Society,0,48,P51900079653,18.926896,72.82307,Trophy / Ultra-Prime,osm_maharera_cadastral_enriched,0.88
a81ba9ca-88a9-4db2-9063-21b9f684c7cf,Juhu Nanadeep,juhu nanadeep,Reputed Developer / Co-op Housing Consortium,Mumbai,Juhu & Vile Parle West,IN,"Juhu Nanadeep, Juhu & Vile Parle West, Mumbai 400049, Maharashtra, India",400049,Gated Residential Society,0,48,P51800077953,19.112438,72.831064,Trophy / Ultra-Prime,osm_maharera_cadastral_enriched,0.88
a29bdae9-5753-468e-b1bb-65f9f8440578,Yoga Apartments,yoga apartments,Reputed Developer / Co-op Housing Consortium,Mumbai,Juhu & Vile Parle West,IN,"Yoga Apartments, Juhu & Vile Parle West, Mumbai 400049, Maharashtra, India",400049,Gated Residential Society,0,48,P51800010443,19.115241,72.830668,Trophy / Ultra-Prime,osm_maharera_cadastral_enriched,0.88
112ccabf-ea6e-48f1-860f-4ad11b060024,Venetia Jamnagar CHS,venetia jamnagar chs,Reputed Developer / Co-op Housing Consortium,Mumbai,Juhu & Vile Parle West,IN,"Venetia Jamnagar CHS, Juhu & Vile Parle West, Mumbai 400049, Maharashtra, India",400049,Gated Residential Society,0,48,P51800062579,19.115227,72.831548,Trophy / Ultra-Prime,osm_maharera_cadastral_enriched,0.88
fd61c420-8ff4-4a97-b7f2-7c8345d2d20b,Manisha,manisha,Reputed Developer / Co-op Housing Consortium,Mumbai,Juhu & Vile Parle West,IN,"Manisha, Juhu & Vile Parle West, Mumbai 400049, Maharashtra, India",400049,Gated Residential Society,0,48,P51800072046,19.110894,72.828428,Trophy / Ultra-Prime,osm_maharera_cadastral_enriched,0.88
7063b0da-7eec-476e-8ada-5baa9547d90c,Gold Mist,gold mist,Reputed Developer / Co-op Housing Consortium,Mumbai,Juhu & Vile Parle West,IN,"Gold Mist, Juhu & Vile Parle West, Mumbai 400049, Maharashtra, India",400049,Gated Residential Society,0,48,P51800023353,19.115784,72.832654,Trophy / Ultra-Prime,osm_maharera_cadastral_enriched,0.88
cf1b7056-5437-434e-aa8a-da76ea80c400,Crystal CHS,crystal chs,Reputed Developer / Co-op Housing Consortium,Mumbai,Juhu & Vile Parle West,IN,"Crystal CHS, Juhu & Vile Parle West, Mumbai 400049, Maharashtra, India",400049,Gated Residential Society,0,48,P51800018105,19.115782,72.831917,Trophy / Ultra-Prime,osm_maharera_cadastral_enriched,0.88
4c7d34a5-0b7b-4f4e-bb11-548cacc103e8,Juhu Ajanta CHS,juhu ajanta chs,Reputed Developer / Co-op Housing Consortium,Mumbai,Juhu & Vile Parle West,IN,"Juhu Ajanta CHS, Juhu & Vile Parle West, Mumbai 400049, Maharashtra, India",400049,Gated Residential Society,0,48,P51800068657,19.115769,72.832293,Trophy / Ultra-Prime,osm_maharera_cadastral_enriched,0.88
482e3694-8466-403a-a9c0-782ec46f1206,Neel Sagar,neel sagar,Reputed Developer / Co-op Housing Consortium,Mumbai,Juhu & Vile Parle West,IN,"Neel Sagar, Juhu & Vile Parle West, Mumbai 400049, Maharashtra, India",400049,Gated Residential Society,0,48,P51800024187,19.11578,72.83303,Trophy / Ultra-Prime,osm_maharera_cadastral_enriched,0.88
04cdad23-22aa-4b7c-94ff-881e374d99f4,Palazzo,palazzo,Reputed Developer / Co-op Housing Consortium,Mumbai,Juhu & Vile Parle West,IN,"Palazzo, Juhu & Vile Parle West, Mumbai 400049, Maharashtra, India",400049,Gated Residential Society,0,48,P51800087015,19.110618,72.828416,Trophy / Ultra-Prime,osm_maharera_cadastral_enriched,0.88
83fd50a2-7365-4080-8147-18632ce796ac,Princeton,princeton,Reputed Developer / Co-op Housing Consortium,Mumbai,Juhu & Vile Parle West,IN,"Princeton, Juhu & Vile Parle West, Mumbai 400049, Maharashtra, India",400049,Gated Residential Society,0,48,P51800075070,19.115154,72.829715,Trophy / Ultra-Prime,osm_maharera_cadastral_enriched,0.88
930afe98-08a9-4a17-ad80-e2bb8c19ba37,Saurashtra Society,saurashtra society,Reputed Developer / Co-op Housing Consortium,Mumbai,Juhu & Vile Parle West,IN,"Saurashtra Society, Juhu & Vile Parle West, Mumbai 400049, Maharashtra, India",400049,Gated Residential Society,0,48,P51800027043,19.115806,72.831438,Trophy / Ultra-Prime,osm_maharera_cadastral_enriched,0.88
419faef5-e8ab-4d5f-a104-cb22992065a5,Vijay Bhavan,vijay bhavan,Reputed Developer / Co-op Housing Consortium,Mumbai,Bandra West (Pali Hill & Bandstand),IN,"Vijay Bhavan, St Sebastian Road, Bandra West (Pali Hill & Bandstand), Mumbai 400050, Maharashtra, India",400050,Gated Residential Society,0,48,P51800078095,19.05077,72.826714,Trophy / Ultra-Prime,osm_maharera_cadastral_enriched,0.88
ce28d746-a27a-4890-bd32-993b14ab504e,The Nest,the nest,Reputed Developer / Co-op Housing Consortium,Mumbai,Bandra West (Pali Hill & Bandstand),IN,"The Nest, Bandra West (Pali Hill & Bandstand), Mumbai 400050, Maharashtra, India",400050,Gated Residential Society,0,48,P51800095502,19.060142,72.825208,Trophy / Ultra-Prime,osm_maharera_cadastral_enriched,0.88
f2ae3c10-304f-4b96-a4e1-9b15c3a3ebcb,Marius,marius,Reputed Developer / Co-op Housing Consortium,Mumbai,Bandra West (Pali Hill & Bandstand),IN,"Marius, Bandra West (Pali Hill & Bandstand), Mumbai 400050, Maharashtra, India",400050,Gated Residential Society,0,48,P51800023154,19.048937,72.824422,Trophy / Ultra-Prime,osm_maharera_cadastral_enriched,0.88
5ca90901-aa07-4433-8f0b-a8131ade08bb,Sheltery,sheltery,Reputed Developer / Co-op Housing Consortium,Mumbai,Bandra West (Pali Hill & Bandstand),IN,"Sheltery, St. Paul Road, Bandra West (Pali Hill & Bandstand), Mumbai 400050, Maharashtra, India",400050,Gated Residential Society,0,48,P51800086101,19.057654,72.824947,Trophy / Ultra-Prime,osm_maharera_cadastral_enriched,0.88
9dac16e1-8255-4f14-9093-befd03cfe586,Prem Milan,prem milan,Reputed Developer / Co-op Housing Consortium,Mumbai,Bandra West (Pali Hill & Bandstand),IN,"Prem Milan, Bandra West (Pali Hill & Bandstand), Mumbai 400050, Maharashtra, India",400050,Gated Residential Society,0,48,P51800055286,19.049148,72.824484,Trophy / Ultra-Prime,osm_maharera_cadastral_enriched,0.88
ba1ed6bb-7bfa-45e4-af38-5fd7a95a349a,Rachana,rachana,Reputed Developer / Co-op Housing Consortium,Mumbai,Bandra West (Pali Hill & Bandstand),IN,"Rachana, Bandra West (Pali Hill & Bandstand), Mumbai 400050, Maharashtra, India",400050,Gated Residential Society,0,48,P51800040273,19.056003,72.828437,Trophy / Ultra-Prime,osm_maharera_cadastral_enriched,0.88
7612dce0-157b-4914-9404-a82bef49a6f5,Coronet,coronet,Reputed Developer / Co-op Housing Consortium,Mumbai,Bandra West (Pali Hill & Bandstand),IN,"Coronet, Rebello Road, Bandra West (Pali Hill & Bandstand), Mumbai 400050, Maharashtra, India",400050,Gated Residential Society,0,48,P51800052511,19.050785,72.825814,Trophy / Ultra-Prime,osm_maharera_cadastral_enriched,0.88
ae1e5e92-1e4c-4f4a-a330-21f9d16521b2,Marianville,marianville,Reputed Developer / Co-op Housing Consortium,Mumbai,Bandra West (Pali Hill & Bandstand),IN,"Marianville, Bandra West (Pali Hill & Bandstand), Mumbai 400050, Maharashtra, India",400050,Gated Residential Society,0,48,P51800051030,19.049064,72.826089,Trophy / Ultra-Prime,osm_maharera_cadastral_enriched,0.88
d4d17062-ca46-4764-b43e-4f1794fd47e6,Niwara,niwara,Reputed Developer / Co-op Housing Consortium,Mumbai,Bandra West (Pali Hill & Bandstand),IN,"Niwara, Bandra West (Pali Hill & Bandstand), Mumbai 400050, Maharashtra, India",400050,Gated Residential Society,0,48,P51800027475,19.049275,72.826143,Trophy / Ultra-Prime,osm_maharera_cadastral_enriched,0.88
e3e4b02c-e4a0-422d-9281-a4b52939cb96,Mecca Manzil,mecca manzil,Reputed Developer / Co-op Housing Consortium,Mumbai,Bandra West (Pali Hill & Bandstand),IN,"Mecca Manzil, Bandra West (Pali Hill & Bandstand), Mumbai 400050, Maharashtra, India",400050,Gated Residential Society,0,48,P51800034832,19.058738,72.824283,Trophy / Ultra-Prime,osm_maharera_cadastral_enriched,0.88
085beef3-7eec-4701-8645-22e057ca02fe,Turner House,turner house,Reputed Developer / Co-op Housing Consortium,Mumbai,Bandra West (Pali Hill & Bandstand),IN,"Turner House, Bandra West (Pali Hill & Bandstand), Mumbai 400050, Maharashtra, India",400050,Gated Residential Society,0,48,P51800068091,19.050588,72.825923,Trophy / Ultra-Prime,osm_maharera_cadastral_enriched,0.88
86089ea8-5d1d-472e-ad72-ff2c2fcbbce5,Pearl Haven,pearl haven,Reputed Developer / Co-op Housing Consortium,Mumbai,Bandra West (Pali Hill & Bandstand),IN,"Pearl Haven, Chapel Road, Bandra West (Pali Hill & Bandstand), Mumbai 400050, Maharashtra, India",400050,Gated Residential Society,0,48,P51800081964,19.050523,72.8267,Trophy / Ultra-Prime,osm_maharera_cadastral_enriched,0.88
a798a259-81e1-4b76-ba0d-cfdf6cedf5d0,Mon D'Sire,mon d sire,Reputed Developer / Co-op Housing Consortium,Mumbai,Bandra West (Pali Hill & Bandstand),IN,"Mon D'Sire, Bandra West (Pali Hill & Bandstand), Mumbai 400050, Maharashtra, India",400050,Gated Residential Society,0,48,P51800096604,19.05889,72.822961,Trophy / Ultra-Prime,osm_maharera_cadastral_enriched,0.88
ecbe86ea-0d18-432b-91ad-62a3efd1bef2,Type 1 - 22,type 1 22,Reputed Developer / Co-op Housing Consortium,Mumbai,Powai (Hiranandani Gardens),IN,"Type 1 - 22, Powai (Hiranandani Gardens), Mumbai 400076, Maharashtra, India",400076,Gated Residential Society,0,48,P51800089439,19.136319,72.906312,Trophy / Ultra-Prime,osm_maharera_cadastral_enriched,0.88
08f729a7-c77b-4bdf-9ded-3a50bf09a5ea,H2-14,h2 14,Reputed Developer / Co-op Housing Consortium,Mumbai,Powai (Hiranandani Gardens),IN,"H2-14, Powai (Hiranandani Gardens), Mumbai 400076, Maharashtra, India",400076,Gated Residential Society,0,48,P51800063959,19.124471,72.909792,Trophy / Ultra-Prime,osm_maharera_cadastral_enriched,0.88
21fbc1a2-602c-4cd2-a708-bb3402312ac0,H1-1,h1 1,Reputed Developer / Co-op Housing Consortium,Mumbai,Powai (Hiranandani Gardens),IN,"H1-1, Powai (Hiranandani Gardens), Mumbai 400076, Maharashtra, India",400076,Gated Residential Society,0,48,P51800074078,19.124234,72.911081,Trophy / Ultra-Prime,osm_maharera_cadastral_enriched,0.88
9217f1bb-6872-47f4-b8f0-a435b811b23c,H1-3,h1 3,Reputed Developer / Co-op Housing Consortium,Mumbai,Powai (Hiranandani Gardens),IN,"H1-3, Powai (Hiranandani Gardens), Mumbai 400076, Maharashtra, India",400076,Gated Residential Society,0,48,P51800088687,19.124461,72.910623,Trophy / Ultra-Prime,osm_maharera_cadastral_enriched,0.88
3f0b70f2-983e-4f92-b560-89cad2192baa,H1 BB,h1 bb,Reputed Developer / Co-op Housing Consortium,Mumbai,Powai (Hiranandani Gardens),IN,"H1 BB, Powai (Hiranandani Gardens), Mumbai 400076, Maharashtra, India",400076,Gated Residential Society,0,48,P51800073744,19.126184,72.908617,Trophy / Ultra-Prime,osm_maharera_cadastral_enriched,0.88
1c7137da-7e6b-49d3-b574-2c0a802f2a52,H1-2,h1 2,Reputed Developer / Co-op Housing Consortium,Mumbai,Powai (Hiranandani Gardens),IN,"H1-2, Powai (Hiranandani Gardens), Mumbai 400076, Maharashtra, India",400076,Gated Residential Society,0,48,P51800092483,19.124579,72.91094,Trophy / Ultra-Prime,osm_maharera_cadastral_enriched,0.88
f85ac3b3-ca49-4841-96d6-df94d816e524,H2-13,h2 13,Reputed Developer / Co-op Housing Consortium,Mumbai,Powai (Hiranandani Gardens),IN,"H2-13, Powai (Hiranandani Gardens), Mumbai 400076, Maharashtra, India",400076,Gated Residential Society,0,48,P51800029234,19.124364,72.91004,Trophy / Ultra-Prime,osm_maharera_cadastral_enriched,0.88
8c62d6c2-2119-48bc-971d-5683ce3d12f4,H1 9,h1 9,Reputed Developer / Co-op Housing Consortium,Mumbai,Powai (Hiranandani Gardens),IN,"H1 9, Powai (Hiranandani Gardens), Mumbai 400076, Maharashtra, India",400076,Gated Residential Society,0,48,P51800066331,19.124941,72.90854,Trophy / Ultra-Prime,osm_maharera_cadastral_enriched,0.88
3191d1e3-4151-4f31-832a-a4d28bb571bd,H1 10,h1 10,Reputed Developer / Co-op Housing Consortium,Mumbai,Powai (Hiranandani Gardens),IN,"H1 10, Powai (Hiranandani Gardens), Mumbai 400076, Maharashtra, India",400076,Gated Residential Society,0,48,P51800093525,19.125184,72.908517,Trophy / Ultra-Prime,osm_maharera_cadastral_enriched,0.88
a4e1249d-2119-4177-bd7b-f63a3788accc,H1-4,h1 4,Reputed Developer / Co-op Housing Consortium,Mumbai,Powai (Hiranandani Gardens),IN,"H1-4, Powai (Hiranandani Gardens), Mumbai 400076, Maharashtra, India",400076,Gated Residential Society,0,48,P51800049759,19.124504,72.910317,Trophy / Ultra-Prime,osm_maharera_cadastral_enriched,0.88
2b22ff82-a4bc-4ce0-98c6-e097a2168a8a,2B-11,2b 11,Reputed Developer / Co-op Housing Consortium,Mumbai,Powai (Hiranandani Gardens),IN,"2B-11, Powai (Hiranandani Gardens), Mumbai 400076, Maharashtra, India",400076,Gated Residential Society,0,48,P51800043395,19.124132,72.910794,Trophy / Ultra-Prime,osm_maharera_cadastral_enriched,0.88
5660b129-4946-4bc0-b6cb-b8af0355c266,H2-15,h2 15,Reputed Developer / Co-op Housing Consortium,Mumbai,Powai (Hiranandani Gardens),IN,"H2-15, Powai (Hiranandani Gardens), Mumbai 400076, Maharashtra, India",400076,Gated Residential Society,0,48,P51800048467,19.124632,72.90962,Trophy / Ultra-Prime,osm_maharera_cadastral_enriched,0.88
cd770799-b779-408a-9c48-637a21b5b814,H2-29,h2 29,Reputed Developer / Co-op Housing Consortium,Mumbai,Powai (Hiranandani Gardens),IN,"H2-29, Powai (Hiranandani Gardens), Mumbai 400076, Maharashtra, India",400076,Gated Residential Society,0,48,P51800067361,19.124706,72.909295,Trophy / Ultra-Prime,osm_maharera_cadastral_enriched,0.88
b4c1d10d-1b34-40e2-9f01-66bc74883953,2B-10,2b 10,Reputed Developer / Co-op Housing Consortium,Mumbai,Powai (Hiranandani Gardens),IN,"2B-10, Powai (Hiranandani Gardens), Mumbai 400076, Maharashtra, India",400076,Gated Residential Society,0,48,P51800021769,19.124149,72.910499,Trophy / Ultra-Prime,osm_maharera_cadastral_enriched,0.88
65784a12-7df6-4d39-b772-81e5d12e46f7,2B-18,2b 18,Reputed Developer / Co-op Housing Consortium,Mumbai,Powai (Hiranandani Gardens),IN,"2B-18, Powai (Hiranandani Gardens), Mumbai 400076, Maharashtra, India",400076,Gated Residential Society,0,48,P51800067721,19.124468,72.90945,Trophy / Ultra-Prime,osm_maharera_cadastral_enriched,0.88
1b8911cd-13e5-41fa-9b38-aa0976e0d2bc,2B-9,2b 9,Reputed Developer / Co-op Housing Consortium,Mumbai,Powai (Hiranandani Gardens),IN,"2B-9, Powai (Hiranandani Gardens), Mumbai 400076, Maharashtra, India",400076,Gated Residential Society,0,48,P51800065711,19.124214,72.909291,Trophy / Ultra-Prime,osm_maharera_cadastral_enriched,0.88
98932293-fb8e-4722-a32f-a4dd93384fab,2B-12,2b 12,Reputed Developer / Co-op Housing Consortium,Mumbai,Powai (Hiranandani Gardens),IN,"2B-12, Powai (Hiranandani Gardens), Mumbai 400076, Maharashtra, India",400076,Gated Residential Society,0,48,P51800081290,19.124154,72.910173,Trophy / Ultra-Prime,osm_maharera_cadastral_enriched,0.88
9f17b667-3739-4247-991d-06fae09a0dab,Glen Classic,glen classic,Reputed Developer / Co-op Housing Consortium,Mumbai,Powai (Hiranandani Gardens),IN,"Glen Classic, Powai (Hiranandani Gardens), Mumbai 400076, Maharashtra, India",400076,Gated Residential Society,0,48,P51800029157,19.115413,72.910262,Trophy / Ultra-Prime,osm_maharera_cadastral_enriched,0.88
85fa4404-849d-42d9-a292-3a7e18e24634,Khar Mahesh Premises,khar mahesh premises,Reputed Developer / Co-op Housing Consortium,Mumbai,Bandra West (Pali Hill & Bandstand),IN,"Khar Mahesh Premises, Bandra West (Pali Hill & Bandstand), Mumbai 400050, Maharashtra, India",400050,Gated Residential Society,0,48,P51800056344,19.067967,72.837767,Trophy / Ultra-Prime,osm_maharera_cadastral_enriched,0.88
d1813724-1866-471f-90a5-2bf242dc955f,Mohini Heights,mohini heights,Reputed Developer / Co-op Housing Consortium,Mumbai,Bandra West (Pali Hill & Bandstand),IN,"Mohini Heights, Bandra West (Pali Hill & Bandstand), Mumbai 400050, Maharashtra, India",400050,Luxury High-Rise Tower,0,48,P51800012995,19.066503,72.838175,Trophy / Ultra-Prime,osm_maharera_cadastral_enriched,0.88
73de3e8f-50f8-4fd9-a4d6-d594e7dfe7f7,H2 26,h2 26,Reputed Developer / Co-op Housing Consortium,Mumbai,Powai (Hiranandani Gardens),IN,"H2 26, Powai (Hiranandani Gardens), Mumbai 400076, Maharashtra, India",400076,Gated Residential Society,0,48,P51800093353,19.125435,72.908569,Trophy / Ultra-Prime,osm_maharera_cadastral_enriched,0.88
ba73bf0e-c0f0-4800-af65-3a7a3c295a4d,H2 27,h2 27,Reputed Developer / Co-op Housing Consortium,Mumbai,Powai (Hiranandani Gardens),IN,"H2 27, Powai (Hiranandani Gardens), Mumbai 400076, Maharashtra, India",400076,Gated Residential Society,0,48,P51800065084,19.125697,72.908584,Trophy / Ultra-Prime,osm_maharera_cadastral_enriched,0.88
1304a078-e52e-4e62-8721-29a0bf6801f9,H2 BB,h2 bb,Reputed Developer / Co-op Housing Consortium,Mumbai,Powai (Hiranandani Gardens),IN,"H2 BB, Powai (Hiranandani Gardens), Mumbai 400076, Maharashtra, India",400076,Gated Residential Society,0,48,P51800040548,19.125953,72.908565,Trophy / Ultra-Prime,osm_maharera_cadastral_enriched,0.88
f73ef717-a933-4860-adcc-6de09059f19d,Staff Hostel Annexe,staff hostel annexe,Reputed Developer / Co-op Housing Consortium,Mumbai,Powai (Hiranandani Gardens),IN,"Staff Hostel Annexe, Powai (Hiranandani Gardens), Mumbai 400076, Maharashtra, India",400076,Gated Residential Society,0,48,P51800061964,19.132379,72.912386,Trophy / Ultra-Prime,osm_maharera_cadastral_enriched,0.88
a74a432a-574c-493e-8d23-cb0de0213786,Shri Niketan,shri niketan,Reputed Developer / Co-op Housing Consortium,Mumbai,Marine Drive & Nariman Point,IN,"Shri Niketan, Marine Drive & Nariman Point, Mumbai 400020, Maharashtra, India",400020,Gated Residential Society,0,48,P51900095254,18.942196,72.823951,Trophy / Ultra-Prime,osm_maharera_cadastral_enriched,0.88
86a7abfc-201e-4965-8759-a5075f0b0041,Shetty Tower,shetty tower,Reputed Developer / Co-op Housing Consortium,Mumbai,Juhu & Vile Parle West,IN,"Shetty Tower, Juhu & Vile Parle West, Mumbai 400049, Maharashtra, India",400049,Luxury High-Rise Tower,0,48,P51800024286,19.108783,72.83018,Trophy / Ultra-Prime,osm_maharera_cadastral_enriched,0.88
a5889b7f-4652-4383-8bbf-1e35bf6dd582,Juhu Harshal CHS,juhu harshal chs,Reputed Developer / Co-op Housing Consortium,Mumbai,Juhu & Vile Parle West,IN,"Juhu Harshal CHS, Juhu & Vile Parle West, Mumbai 400049, Maharashtra, India",400049,Gated Residential Society,0,48,P51800083522,19.113925,72.834224,Trophy / Ultra-Prime,osm_maharera_cadastral_enriched,0.88
1b33faec-1f18-42e9-a271-8e716765d3ec,Glen Eagle,glen eagle,Reputed Developer / Co-op Housing Consortium,Mumbai,Juhu & Vile Parle West,IN,"Glen Eagle, Juhu & Vile Parle West, Mumbai 400049, Maharashtra, India",400049,Gated Residential Society,0,48,P51800073775,19.112473,72.83693,Trophy / Ultra-Prime,osm_maharera_cadastral_enriched,0.88
9cf31311-a420-4af1-8958-cf508db715e1,Ayana,ayana,Reputed Developer / Co-op Housing Consortium,Mumbai,Juhu & Vile Parle West,IN,"Ayana, Juhu & Vile Parle West, Mumbai 400049, Maharashtra, India",400049,Gated Residential Society,0,48,P51800034239,19.114115,72.830639,Trophy / Ultra-Prime,osm_maharera_cadastral_enriched,0.88
4e49318e-516f-4d2c-abfc-140bcf5ed698,Oceanic,oceanic,Reputed Developer / Co-op Housing Consortium,Mumbai,Bandra West (Pali Hill & Bandstand),IN,"Oceanic, Bandra West (Pali Hill & Bandstand), Mumbai 400050, Maharashtra, India",400050,Gated Residential Society,0,48,P51800090731,19.066126,72.82337,Trophy / Ultra-Prime,osm_maharera_cadastral_enriched,0.88
3732ac9d-58e7-4314-8ed3-2b2ae749f437,Sunnydale,sunnydale,Reputed Developer / Co-op Housing Consortium,Mumbai,Bandra West (Pali Hill & Bandstand),IN,"Sunnydale, Bandra West (Pali Hill & Bandstand), Mumbai 400050, Maharashtra, India",400050,Gated Residential Society,0,48,P51800021711,19.050428,72.826144,Trophy / Ultra-Prime,osm_maharera_cadastral_enriched,0.88
dc4d4561-0f19-4469-b1ce-81ee949f06e8,Zulphekari Manzil,zulphekari manzil,Reputed Developer / Co-op Housing Consortium,Mumbai,Bandra West (Pali Hill & Bandstand),IN,"Zulphekari Manzil, Bandra West (Pali Hill & Bandstand), Mumbai 400050, Maharashtra, India",400050,Gated Residential Society,0,48,P51800079244,19.05167,72.824116,Trophy / Ultra-Prime,osm_maharera_cadastral_enriched,0.88
f1421988-0583-4dbf-9758-a0bb2719fc54,Khwaja Palace,khwaja palace,Reputed Developer / Co-op Housing Consortium,Mumbai,Bandra West (Pali Hill & Bandstand),IN,"Khwaja Palace, Boran Road, Bandra West (Pali Hill & Bandstand), Mumbai 400050, Maharashtra, India",400050,Luxury High-Rise Tower,0,48,P51800038100,19.05471,72.833475,Trophy / Ultra-Prime,osm_maharera_cadastral_enriched,0.88
4cf789f6-cc41-4e68-bab5-9f7181456961,Remedious House,remedious house,Reputed Developer / Co-op Housing Consortium,Mumbai,Bandra West (Pali Hill & Bandstand),IN,"Remedious House, D'monte Street, Bandra West (Pali Hill & Bandstand), Mumbai 400050, Maharashtra, India",400050,Gated Residential Society,0,48,P51800094155,19.054375,72.834307,Trophy / Ultra-Prime,osm_maharera_cadastral_enriched,0.88
686158ca-122f-4996-830a-905b9626ab6e,Annette,annette,Reputed Developer / Co-op Housing Consortium,Mumbai,Bandra West (Pali Hill & Bandstand),IN,"Annette, St. Paul Road, Bandra West (Pali Hill & Bandstand), Mumbai 400050, Maharashtra, India",400050,Gated Residential Society,0,48,P51800081946,19.057593,72.825376,Trophy / Ultra-Prime,osm_maharera_cadastral_enriched,0.88
cece3948-c2b1-4e89-a911-b5ef1fbd0821,Dolat,dolat,Reputed Developer / Co-op Housing Consortium,Mumbai,Juhu & Vile Parle West,IN,"Dolat, Juhu & Vile Parle West, Mumbai 400049, Maharashtra, India",400049,Gated Residential Society,0,48,P51800025599,19.106938,72.836433,Trophy / Ultra-Prime,osm_maharera_cadastral_enriched,0.88
0c2a62ad-f65d-44a0-b5f4-f05e770d7bcb,Swarna,swarna,Reputed Developer / Co-op Housing Consortium,Mumbai,Juhu & Vile Parle West,IN,"Swarna, Juhu & Vile Parle West, Mumbai 400049, Maharashtra, India",400049,Gated Residential Society,0,48,P51800021603,19.110152,72.828929,Trophy / Ultra-Prime,osm_maharera_cadastral_enriched,0.88
a47ef634-95bd-43dc-a474-0a2f90453149,The Gopush Annexe,the gopush annexe,Reputed Developer / Co-op Housing Consortium,Mumbai,Juhu & Vile Parle West,IN,"The Gopush Annexe, Juhu & Vile Parle West, Mumbai 400049, Maharashtra, India",400049,Gated Residential Society,0,48,P51800044246,19.109912,72.829259,Trophy / Ultra-Prime,osm_maharera_cadastral_enriched,0.88
5f66ebd3-f26a-4226-8b11-0b72c0de0786,Sankalp,sankalp,Reputed Developer / Co-op Housing Consortium,Mumbai,Bandra West (Pali Hill & Bandstand),IN,"Sankalp, Gurunanak Marg, Bandra West (Pali Hill & Bandstand), Mumbai 400050, Maharashtra, India",400050,Gated Residential Society,0,48,P51800058858,19.059296,72.831868,Trophy / Ultra-Prime,osm_maharera_cadastral_enriched,0.88
22c46e07-4e06-43ab-ab96-010fdd03962c,Aashiyana,aashiyana,Reputed Developer / Co-op Housing Consortium,Mumbai,Bandra West (Pali Hill & Bandstand),IN,"Aashiyana, 1st Road, Bandra West (Pali Hill & Bandstand), Mumbai 400050, Maharashtra, India",400050,Gated Residential Society,0,48,P51800024876,19.058457,72.833628,Trophy / Ultra-Prime,osm_maharera_cadastral_enriched,0.88
d1bd7d1c-6587-4985-8a5c-31ef92e430cd,Jawaharabad,jawaharabad,Reputed Developer / Co-op Housing Consortium,Mumbai,Bandra West (Pali Hill & Bandstand),IN,"Jawaharabad, 9th Road, Bandra West (Pali Hill & Bandstand), Mumbai 400050, Maharashtra, India",400050,Gated Residential Society,0,48,P51800065504,19.056121,72.831827,Trophy / Ultra-Prime,osm_maharera_cadastral_enriched,0.88
30e8de6e-505e-4853-853c-08db639f2d7e,7 On The Hill,7 on the hill,Reputed Developer / Co-op Housing Consortium,Mumbai,Bandra West (Pali Hill & Bandstand),IN,"7 On The Hill, Bandra West (Pali Hill & Bandstand), Mumbai 400050, Maharashtra, India",400050,Gated Residential Society,0,48,P51800027966,19.06199,72.825632,Trophy / Ultra-Prime,osm_maharera_cadastral_enriched,0.88
a05166f3-ae99-4969-ab99-666e6e41dffa,Rizvi House,rizvi house,Reputed Developer / Co-op Housing Consortium,Mumbai,Bandra West (Pali Hill & Bandstand),IN,"Rizvi House, Bandra West (Pali Hill & Bandstand), Mumbai 400050, Maharashtra, India",400050,Gated Residential Society,0,48,P51800081715,19.056338,72.835053,Trophy / Ultra-Prime,osm_maharera_cadastral_enriched,0.88
b62ff5c3-6679-4684-be38-a35ddc799907,Rafi Mansion,rafi mansion,Reputed Developer / Co-op Housing Consortium,Mumbai,Bandra West (Pali Hill & Bandstand),IN,"Rafi Mansion, 28th Road, T.P.S. III, Bandra West (Pali Hill & Bandstand), Mumbai 400050, Maharashtra, India",400050,Gated Residential Society,0,48,P51800010617,19.060301,72.831264,Trophy / Ultra-Prime,osm_maharera_cadastral_enriched,0.88
dbf7b52e-14ce-47ca-8e6b-33bbc19fffc9,Pinnacle,pinnacle,Reputed Developer / Co-op Housing Consortium,Mumbai,Bandra West (Pali Hill & Bandstand),IN,"Pinnacle, Bandra West (Pali Hill & Bandstand), Mumbai 400050, Maharashtra, India",400050,Gated Residential Society,0,48,P51800091353,19.065777,72.830044,Trophy / Ultra-Prime,osm_maharera_cadastral_enriched,0.88
7393d00c-1f2f-4c4e-948b-aa282451ba52,Hesperus,hesperus,Reputed Developer / Co-op Housing Consortium,Mumbai,Bandra West (Pali Hill & Bandstand),IN,"Hesperus, Bandra West (Pali Hill & Bandstand), Mumbai 400050, Maharashtra, India",400050,Gated Residential Society,0,48,P51800042860,19.060492,72.82634,Trophy / Ultra-Prime,osm_maharera_cadastral_enriched,0.88
18397d0c-b9df-4e8d-b931-52b895f9ec51,Rebello Apartments,rebello apartments,Reputed Developer / Co-op Housing Consortium,Mumbai,Bandra West (Pali Hill & Bandstand),IN,"Rebello Apartments, St Roques Road, Bandra West (Pali Hill & Bandstand), Mumbai 400050, Maharashtra, India",400050,Gated Residential Society,0,48,P51800040040,19.052443,72.825955,Trophy / Ultra-Prime,osm_maharera_cadastral_enriched,0.88
5629cbc5-fb4c-4cbf-9a64-f182104a1147,Shale Rock,shale rock,Reputed Developer / Co-op Housing Consortium,Mumbai,Bandra West (Pali Hill & Bandstand),IN,"Shale Rock, Bandra West (Pali Hill & Bandstand), Mumbai 400050, Maharashtra, India",400050,Gated Residential Society,0,48,P51800035332,19.055898,72.828042,Trophy / Ultra-Prime,osm_maharera_cadastral_enriched,0.88
c362012f-6115-4f44-ba07-46d864112df9,Jyoti Sadan,jyoti sadan,Reputed Developer / Co-op Housing Consortium,Mumbai,Bandra West (Pali Hill & Bandstand),IN,"Jyoti Sadan, Bandra West (Pali Hill & Bandstand), Mumbai 400050, Maharashtra, India",400050,Gated Residential Society,0,48,P51800022633,19.060458,72.831287,Trophy / Ultra-Prime,osm_maharera_cadastral_enriched,0.88
b4837392-b272-42bd-8fd5-26e369f4c8ba,Wits End,wits end,Reputed Developer / Co-op Housing Consortium,Mumbai,Bandra West (Pali Hill & Bandstand),IN,"Wits End, Bandra West (Pali Hill & Bandstand), Mumbai 400050, Maharashtra, India",400050,Gated Residential Society,0,48,P51800045006,19.055674,72.829081,Trophy / Ultra-Prime,osm_maharera_cadastral_enriched,0.88
a474dbb1-4827-4ab3-a901-68b48da97f33,June Blossoms,june blossoms,Reputed Developer / Co-op Housing Consortium,Mumbai,Bandra West (Pali Hill & Bandstand),IN,"June Blossoms, Manuel Gonsalves Road, Bandra West (Pali Hill & Bandstand), Mumbai 400050, Maharashtra, India",400050,Gated Residential Society,0,48,P51800053393,19.0554,72.829633,Trophy / Ultra-Prime,osm_maharera_cadastral_enriched,0.88
aaa4d6ce-f95a-48a1-b394-8794d20b9c93,Jyoti Apartments,jyoti apartments,Reputed Developer / Co-op Housing Consortium,Mumbai,Bandra West (Pali Hill & Bandstand),IN,"Jyoti Apartments, Cross Road 1, Bandra West (Pali Hill & Bandstand), Mumbai 400050, Maharashtra, India",400050,Gated Residential Society,0,48,P51800012872,19.049977,72.825026,Trophy / Ultra-Prime,osm_maharera_cadastral_enriched,0.88
8023ae4c-a358-4a14-b18e-e1ce55489918,Rose Minaf,rose minaf,Reputed Developer / Co-op Housing Consortium,Mumbai,Bandra West (Pali Hill & Bandstand),IN,"Rose Minaf, Bandra West (Pali Hill & Bandstand), Mumbai 400050, Maharashtra, India",400050,Gated Residential Society,0,48,P51800042232,19.050377,72.827247,Trophy / Ultra-Prime,osm_maharera_cadastral_enriched,0.88
e01dca03-dea3-4167-ad73-8d9ee9a88395,Westside,westside,Reputed Developer / Co-op Housing Consortium,Mumbai,Bandra West (Pali Hill & Bandstand),IN,"Westside, Chapel Road, Bandra West (Pali Hill & Bandstand), Mumbai 400050, Maharashtra, India",400050,Gated Residential Society,0,48,P51800042391,19.051091,72.827275,Trophy / Ultra-Prime,osm_maharera_cadastral_enriched,0.88
171b1a8f-345c-4eee-878f-ab9434376710,Cabana,cabana,Reputed Developer / Co-op Housing Consortium,Mumbai,Bandra West (Pali Hill & Bandstand),IN,"Cabana, Cross Road 1, Bandra West (Pali Hill & Bandstand), Mumbai 400050, Maharashtra, India",400050,Gated Residential Society,0,48,P51800022663,19.050354,72.824888,Trophy / Ultra-Prime,osm_maharera_cadastral_enriched,0.88
81405005-9642-419f-a43c-665a04936462,Rock Dale,rock dale,Reputed Developer / Co-op Housing Consortium,Mumbai,Bandra West (Pali Hill & Bandstand),IN,"Rock Dale, Bandra West (Pali Hill & Bandstand), Mumbai 400050, Maharashtra, India",400050,Gated Residential Society,0,48,P51800079114,19.051176,72.825134,Trophy / Ultra-Prime,osm_maharera_cadastral_enriched,0.88
84bc8ab4-b4c6-491e-9c32-96e3445b90f2,Silvan Shades,silvan shades,Reputed Developer / Co-op Housing Consortium,Mumbai,Bandra West (Pali Hill & Bandstand),IN,"Silvan Shades, Mount Carmel Road, Bandra West (Pali Hill & Bandstand), Mumbai 400050, Maharashtra, India",400050,Gated Residential Society,0,48,P51800013488,19.051609,72.825301,Trophy / Ultra-Prime,osm_maharera_cadastral_enriched,0.88
115f5a4f-3c65-416d-9425-ffb828fb8334,Vipasaana,vipasaana,Reputed Developer / Co-op Housing Consortium,Mumbai,Bandra West (Pali Hill & Bandstand),IN,"Vipasaana, Bandra West (Pali Hill & Bandstand), Mumbai 400050, Maharashtra, India",400050,Gated Residential Society,0,48,P51800086471,19.048673,72.820705,Trophy / Ultra-Prime,osm_maharera_cadastral_enriched,0.88
de7fafea-1809-4b4c-a2ce-6d657b73b2f7,Gemveb,gemveb,Reputed Developer / Co-op Housing Consortium,Mumbai,Bandra West (Pali Hill & Bandstand),IN,"Gemveb, Dr. Peter Dias Road, Bandra West (Pali Hill & Bandstand), Mumbai 400050, Maharashtra, India",400050,Gated Residential Society,0,48,P51800067589,19.049659,72.824545,Trophy / Ultra-Prime,osm_maharera_cadastral_enriched,0.88
53d2c41c-d8fb-4228-94fb-5e879d1ab1af,Al Ayaz,al ayaz,Reputed Developer / Co-op Housing Consortium,Mumbai,Bandra West (Pali Hill & Bandstand),IN,"Al Ayaz, Bandra West (Pali Hill & Bandstand), Mumbai 400050, Maharashtra, India",400050,Gated Residential Society,0,48,P51800013068,19.050988,72.824733,Trophy / Ultra-Prime,osm_maharera_cadastral_enriched,0.88
81738571-aaa0-419b-98d2-c1b5e36da2b7,Alexandra,alexandra,Reputed Developer / Co-op Housing Consortium,Mumbai,Bandra West (Pali Hill & Bandstand),IN,"Alexandra, St Sebastian Road, Bandra West (Pali Hill & Bandstand), Mumbai 400050, Maharashtra, India",400050,Gated Residential Society,0,48,P51800018898,19.051067,72.826123,Trophy / Ultra-Prime,osm_maharera_cadastral_enriched,0.88
cf083a10-596a-4bfe-b6ed-9535738dfbfe,Sony Apartments,sony apartments,Reputed Developer / Co-op Housing Consortium,Mumbai,Bandra West (Pali Hill & Bandstand),IN,"Sony Apartments, Bandra West (Pali Hill & Bandstand), Mumbai 400050, Maharashtra, India",400050,Gated Residential Society,0,48,P51800085253,19.051169,72.826004,Trophy / Ultra-Prime,osm_maharera_cadastral_enriched,0.88
27bf260c-1e92-477a-914d-f4de6b122b77,Anthliz,anthliz,Reputed Developer / Co-op Housing Consortium,Mumbai,Bandra West (Pali Hill & Bandstand),IN,"Anthliz, Bandra West (Pali Hill & Bandstand), Mumbai 400050, Maharashtra, India",400050,Gated Residential Society,0,48,P51800056631,19.049542,72.8266,Trophy / Ultra-Prime,osm_maharera_cadastral_enriched,0.88
84f6aef3-29d4-4f1c-b21b-1f28fcac5408,Kalpana Palace,kalpana palace,Reputed Developer / Co-op Housing Consortium,Mumbai,Bandra West (Pali Hill & Bandstand),IN,"Kalpana Palace, Dr. Peter Dias Road, Bandra West (Pali Hill & Bandstand), Mumbai 400050, Maharashtra, India",400050,Luxury High-Rise Tower,0,48,P51800022561,19.049394,72.824518,Trophy / Ultra-Prime,osm_maharera_cadastral_enriched,0.88
fa4a0e54-c46c-492c-ba0f-1651373e80d2,Casa Adriana,casa adriana,Reputed Developer / Co-op Housing Consortium,Mumbai,Bandra West (Pali Hill & Bandstand),IN,"Casa Adriana, Bandra West (Pali Hill & Bandstand), Mumbai 400050, Maharashtra, India",400050,Gated Residential Society,0,48,P51800029743,19.048522,72.826256,Trophy / Ultra-Prime,osm_maharera_cadastral_enriched,0.88
d4292c1a-9d3f-474c-8f64-81ca8319bb4e,Luminus,luminus,Reputed Developer / Co-op Housing Consortium,Mumbai,Bandra West (Pali Hill & Bandstand),IN,"Luminus, Chapel Road, Bandra West (Pali Hill & Bandstand), Mumbai 400050, Maharashtra, India",400050,Gated Residential Society,0,48,P51800079029,19.050818,72.827537,Trophy / Ultra-Prime,osm_maharera_cadastral_enriched,0.88
fd14e9b9-3043-49f2-9af9-497f956da8ef,Bandra Mariam,bandra mariam,Reputed Developer / Co-op Housing Consortium,Mumbai,Bandra West (Pali Hill & Bandstand),IN,"Bandra Mariam, St Sebastian Road, Bandra West (Pali Hill & Bandstand), Mumbai 400050, Maharashtra, India",400050,Gated Residential Society,0,48,P51800066929,19.051293,72.825031,Trophy / Ultra-Prime,osm_maharera_cadastral_enriched,0.88
b3ce24d8-4b19-4d16-b80d-903c3202da46,Arjuna,arjuna,Reputed Developer / Co-op Housing Consortium,Mumbai,Bandra West (Pali Hill & Bandstand),IN,"Arjuna, Bandra West (Pali Hill & Bandstand), Mumbai 400050, Maharashtra, India",400050,Gated Residential Society,0,48,P51800097839,19.051292,72.823486,Trophy / Ultra-Prime,osm_maharera_cadastral_enriched,0.88
bceef684-127b-4a0c-9eb3-a176cf95dec0,Amelia,amelia,Reputed Developer / Co-op Housing Consortium,Mumbai,Bandra West (Pali Hill & Bandstand),IN,"Amelia, Mount Carmel Road, Bandra West (Pali Hill & Bandstand), Mumbai 400050, Maharashtra, India",400050,Gated Residential Society,0,48,P51800083234,19.051642,72.825583,Trophy / Ultra-Prime,osm_maharera_cadastral_enriched,0.88
9d12071e-fad0-4b0c-a976-a7f50ca5d19a,Aza House,aza house,Reputed Developer / Co-op Housing Consortium,Mumbai,Bandra West (Pali Hill & Bandstand),IN,"Aza House, Gurunanak Marg, Bandra West (Pali Hill & Bandstand), Mumbai 400050, Maharashtra, India",400050,Gated Residential Society,0,48,P51800063494,19.059351,72.830463,Trophy / Ultra-Prime,osm_maharera_cadastral_enriched,0.88
ae9255b2-5ad2-443b-90a4-30c9f1488e70,Patel House,patel house,Reputed Developer / Co-op Housing Consortium,Mumbai,Bandra West (Pali Hill & Bandstand),IN,"Patel House, Bandra West (Pali Hill & Bandstand), Mumbai 400050, Maharashtra, India",400050,Gated Residential Society,0,48,P51800038159,19.054393,72.835334,Trophy / Ultra-Prime,osm_maharera_cadastral_enriched,0.88
3130ee9f-56a1-4571-99c4-8fd636275698,Park View,park view,Reputed Developer / Co-op Housing Consortium,Mumbai,Bandra West (Pali Hill & Bandstand),IN,"Park View, Almeida Park Road, Bandra West (Pali Hill & Bandstand), Mumbai 400050, Maharashtra, India",400050,Luxury High-Rise Tower,0,48,P51800076740,19.057585,72.832388,Trophy / Ultra-Prime,osm_maharera_cadastral_enriched,0.88
a661f961-8508-4fd7-8646-f0d13f2f6f44,Khimji Palace,khimji palace,Reputed Developer / Co-op Housing Consortium,Mumbai,Bandra West (Pali Hill & Bandstand),IN,"Khimji Palace, Boran Road, Bandra West (Pali Hill & Bandstand), Mumbai 400050, Maharashtra, India",400050,Luxury High-Rise Tower,0,48,P51800045124,19.055499,72.833632,Trophy / Ultra-Prime,osm_maharera_cadastral_enriched,0.88
49eff1c1-bc4a-40ce-8e71-ad748754731a,Burhani House,burhani house,Reputed Developer / Co-op Housing Consortium,Mumbai,Bandra West (Pali Hill & Bandstand),IN,"Burhani House, Bandra West (Pali Hill & Bandstand), Mumbai 400050, Maharashtra, India",400050,Gated Residential Society,0,48,P51800058989,19.054273,72.833699,Trophy / Ultra-Prime,osm_maharera_cadastral_enriched,0.88
162ba324-117a-451c-a327-e3be3f884c58,Fatima Villa,fatima villa,Reputed Developer / Co-op Housing Consortium,Mumbai,Bandra West (Pali Hill & Bandstand),IN,"Fatima Villa, Bandra West (Pali Hill & Bandstand), Mumbai 400050, Maharashtra, India",400050,Gated Residential Society,0,48,P51800012574,19.050161,72.825753,Trophy / Ultra-Prime,osm_maharera_cadastral_enriched,0.88
9dd495b9-7e0d-4311-b503-ea15bb64f912,God's Gift,god s gift,Reputed Developer / Co-op Housing Consortium,Mumbai,Bandra West (Pali Hill & Bandstand),IN,"God's Gift, Bandra West (Pali Hill & Bandstand), Mumbai 400050, Maharashtra, India",400050,Gated Residential Society,0,48,P51800097401,19.050266,72.824132,Trophy / Ultra-Prime,osm_maharera_cadastral_enriched,0.88
ea86797e-aa27-479c-9945-822e2589215b,Guruvidya,guruvidya,Reputed Developer / Co-op Housing Consortium,Mumbai,Bandra West (Pali Hill & Bandstand),IN,"Guruvidya, Ramdas Naik Road, Bandra West (Pali Hill & Bandstand), Mumbai 400050, Maharashtra, India",400050,Gated Residential Society,0,48,P51800064367,19.055005,72.836154,Trophy / Ultra-Prime,osm_maharera_cadastral_enriched,0.88
603a9897-38ee-47a7-8521-6335f782e6a6,Toscano,toscano,Reputed Developer / Co-op Housing Consortium,Mumbai,Bandra West (Pali Hill & Bandstand),IN,"Toscano, Manuel Gonsalves Road, Bandra West (Pali Hill & Bandstand), Mumbai 400050, Maharashtra, India",400050,Gated Residential Society,0,48,P51800032397,19.059062,72.82976,Trophy / Ultra-Prime,osm_maharera_cadastral_enriched,0.88
611e54a2-60ed-4cf4-b277-8808a2f5271d,Ocean View,ocean view,Reputed Developer / Co-op Housing Consortium,Mumbai,Bandra West (Pali Hill & Bandstand),IN,"Ocean View, Bandra West (Pali Hill & Bandstand), Mumbai 400050, Maharashtra, India",400050,Gated Residential Society,0,48,P51800091641,19.052865,72.824321,Trophy / Ultra-Prime,osm_maharera_cadastral_enriched,0.88
e8225a82-f444-4740-b3e5-dfb9c17ab0cc,Sunny Side,sunny side,Reputed Developer / Co-op Housing Consortium,Mumbai,Bandra West (Pali Hill & Bandstand),IN,"Sunny Side, Bandra West (Pali Hill & Bandstand), Mumbai 400050, Maharashtra, India",400050,Gated Residential Society,0,48,P51800025321,19.050846,72.824375,Trophy / Ultra-Prime,osm_maharera_cadastral_enriched,0.88
d8a1c0bf-64a2-4e8b-a2c4-ba2e7c86b581,Sylva Condor,sylva condor,Reputed Developer / Co-op Housing Consortium,Mumbai,Bandra West (Pali Hill & Bandstand),IN,"Sylva Condor, St. Paul Road, Bandra West (Pali Hill & Bandstand), Mumbai 400050, Maharashtra, India",400050,Gated Residential Society,0,48,P51800017881,19.056399,72.82539,Trophy / Ultra-Prime,osm_maharera_cadastral_enriched,0.88
c32758cf-ae66-4dc1-8d9f-ef1399685282,Sea Kist,sea kist,Reputed Developer / Co-op Housing Consortium,Mumbai,Bandra West (Pali Hill & Bandstand),IN,"Sea Kist, HK Bhaba Road, Bandra West (Pali Hill & Bandstand), Mumbai 400050, Maharashtra, India",400050,Gated Residential Society,0,48,P51800014724,19.050262,72.82184,Trophy / Ultra-Prime,osm_maharera_cadastral_enriched,0.88
e76dcf92-f32c-4acb-bb62-30b97317b0fe,Ascension House,ascension house,Reputed Developer / Co-op Housing Consortium,Mumbai,Bandra West (Pali Hill & Bandstand),IN,"Ascension House, Boran Road, Bandra West (Pali Hill & Bandstand), Mumbai 400050, Maharashtra, India",400050,Gated Residential Society,0,48,P51800013661,19.055249,72.833581,Trophy / Ultra-Prime,osm_maharera_cadastral_enriched,0.88
58c3bc42-c58c-4cd2-89be-3a23fabda610,Rita,rita,Reputed Developer / Co-op Housing Consortium,Mumbai,Bandra West (Pali Hill & Bandstand),IN,"Rita, Bandra West (Pali Hill & Bandstand), Mumbai 400050, Maharashtra, India",400050,Gated Residential Society,0,48,P51800088725,19.071396,72.824287,Trophy / Ultra-Prime,osm_maharera_cadastral_enriched,0.88
282ec9e2-193a-4453-b8e9-cceeedf1781f,Saqib,saqib,Reputed Developer / Co-op Housing Consortium,Mumbai,Bandra West (Pali Hill & Bandstand),IN,"Saqib, Turner Road (Gurunanak Marg), Bandra West (Pali Hill & Bandstand), Mumbai 400050, Maharashtra, India",400050,Gated Residential Society,0,48,P51800039735,19.059593,72.832511,Trophy / Ultra-Prime,osm_maharera_cadastral_enriched,0.88
28c6e83b-36b2-47fb-8512-fbad135b8de0,Mangal Raksha,mangal raksha,Reputed Developer / Co-op Housing Consortium,Mumbai,Bandra West (Pali Hill & Bandstand),IN,"Mangal Raksha, Saint John's Street, Bandra West (Pali Hill & Bandstand), Mumbai 400050, Maharashtra, India",400050,Gated Residential Society,0,48,P51800079817,19.061097,72.827575,Trophy / Ultra-Prime,osm_maharera_cadastral_enriched,0.88
9348ca05-67f7-45c9-9e54-7908c393f69b,Gulmohar,gulmohar,Reputed Developer / Co-op Housing Consortium,Mumbai,Bandra West (Pali Hill & Bandstand),IN,"Gulmohar, Bandra West (Pali Hill & Bandstand), Mumbai 400050, Maharashtra, India",400050,Gated Residential Society,0,48,P51800082991,19.062481,72.826194,Trophy / Ultra-Prime,osm_maharera_cadastral_enriched,0.88
1404bc2d-5dd5-4030-98e1-3ad60f1114de,Hicon Classic,hicon classic,Reputed Developer / Co-op Housing Consortium,Mumbai,Bandra West (Pali Hill & Bandstand),IN,"Hicon Classic, Bandra West (Pali Hill & Bandstand), Mumbai 400050, Maharashtra, India",400050,Gated Residential Society,0,48,P51800085239,19.069737,72.830276,Trophy / Ultra-Prime,osm_maharera_cadastral_enriched,0.88
250d93d4-d206-485c-a0c0-84bcddcf7ccd,Desiree,desiree,Reputed Developer / Co-op Housing Consortium,Mumbai,Bandra West (Pali Hill & Bandstand),IN,"Desiree, Bandra West (Pali Hill & Bandstand), Mumbai 400050, Maharashtra, India",400050,Gated Residential Society,0,48,P51800085179,19.060103,72.824816,Trophy / Ultra-Prime,osm_maharera_cadastral_enriched,0.88
56fb3173-c433-4fb5-87cb-272c15ee784a,Ashiana,ashiana,Reputed Developer / Co-op Housing Consortium,Mumbai,Bandra West (Pali Hill & Bandstand),IN,"Ashiana, Bandra West (Pali Hill & Bandstand), Mumbai 400050, Maharashtra, India",400050,Gated Residential Society,0,48,P51800069231,19.06066,72.835572,Trophy / Ultra-Prime,osm_maharera_cadastral_enriched,0.88
111629f4-576b-46c8-adc1-d1fbdfca43e2,Flora Villa,flora villa,Reputed Developer / Co-op Housing Consortium,Mumbai,Bandra West (Pali Hill & Bandstand),IN,"Flora Villa, Bandra West (Pali Hill & Bandstand), Mumbai 400050, Maharashtra, India",400050,Gated Residential Society,0,48,P51800086339,19.058729,72.826839,Trophy / Ultra-Prime,osm_maharera_cadastral_enriched,0.88
24671563-88cb-49e4-89cc-ea0a42741fd0,Friendship,friendship,Reputed Developer / Co-op Housing Consortium,Mumbai,Bandra West (Pali Hill & Bandstand),IN,"Friendship, 23rd Road, Bandra West (Pali Hill & Bandstand), Mumbai 400050, Maharashtra, India",400050,Gated Residential Society,0,48,P51800087520,19.060636,72.8316,Trophy / Ultra-Prime,osm_maharera_cadastral_enriched,0.88
b5353d69-0475-4d49-88dc-ac9f0fe157a1,Kukreja House,kukreja house,Reputed Developer / Co-op Housing Consortium,Mumbai,Bandra West (Pali Hill & Bandstand),IN,"Kukreja House, Bandra West (Pali Hill & Bandstand), Mumbai 400050, Maharashtra, India",400050,Gated Residential Society,0,48,P51800058333,19.067976,72.8346,Trophy / Ultra-Prime,osm_maharera_cadastral_enriched,0.88
b84889b3-eed0-457a-bdff-c08c183c7e25,Silver Crest,silver crest,Reputed Developer / Co-op Housing Consortium,Mumbai,Bandra West (Pali Hill & Bandstand),IN,"Silver Crest, Bandra West (Pali Hill & Bandstand), Mumbai 400050, Maharashtra, India",400050,Gated Residential Society,0,48,P51800030024,19.058099,72.827901,Trophy / Ultra-Prime,osm_maharera_cadastral_enriched,0.88
6799c13c-29f1-454a-bdb3-0f0e4398b318,Western Railway Officer's Rest House,western railway officer s rest house,Reputed Developer / Co-op Housing Consortium,Mumbai,Bandra West (Pali Hill & Bandstand),IN,"Western Railway Officer's Rest House, Bandra West (Pali Hill & Bandstand), Mumbai 400050, Maharashtra, India",400050,Gated Residential Society,0,48,P51800087034,19.063255,72.822988,Trophy / Ultra-Prime,osm_maharera_cadastral_enriched,0.88
fe2b025f-8903-4c1b-98bb-9c7ee460f02f,Imperial Residency,imperial residency,Reputed Developer / Co-op Housing Consortium,Mumbai,Juhu & Vile Parle West,IN,"Imperial Residency, Juhu & Vile Parle West, Mumbai 400049, Maharashtra, India",400049,Gated Residential Society,0,48,P51800018832,19.115668,72.830594,Trophy / Ultra-Prime,osm_maharera_cadastral_enriched,0.88
2d8ba1d0-6502-4bae-ab90-478b3629f03f,Jolly Maker 1,jolly maker 1,Reputed Developer / Co-op Housing Consortium,Mumbai,Colaba & Cuffe Parade,IN,"Jolly Maker 1, Colaba & Cuffe Parade, Mumbai 400005, Maharashtra, India",400005,Gated Residential Society,0,48,P51900059194,18.915817,72.818269,Trophy / Ultra-Prime,osm_maharera_cadastral_enriched,0.88
f05bc057-5053-459f-8bb4-bb5c5c799201,Orizzonte,orizzonte,Reputed Developer / Co-op Housing Consortium,Mumbai,Bandra West (Pali Hill & Bandstand),IN,"Orizzonte, 28th Road,  T.P.S. III, Bandra West (Pali Hill & Bandstand), Mumbai 400050, Maharashtra, India",400050,Gated Residential Society,0,48,P51800046996,19.059885,72.831935,Trophy / Ultra-Prime,osm_maharera_cadastral_enriched,0.88
651df5e1-b79d-41cc-ace8-6945c758937f,Platinum,platinum,Reputed Developer / Co-op Housing Consortium,Mumbai,Bandra West (Pali Hill & Bandstand),IN,"Platinum, 28th Road, T.P.S. III, Bandra West (Pali Hill & Bandstand), Mumbai 400050, Maharashtra, India",400050,Gated Residential Society,0,48,P51800042843,19.059961,72.831397,Trophy / Ultra-Prime,osm_maharera_cadastral_enriched,0.88
695b0d27-d547-4fa2-a6f7-02624f51859b,Little Flower No. 1,little flower no 1,Reputed Developer / Co-op Housing Consortium,Mumbai,Bandra West (Pali Hill & Bandstand),IN,"Little Flower No. 1, 23rd Road, T.P.S. III, Bandra West (Pali Hill & Bandstand), Mumbai 400050, Maharashtra, India",400050,Gated Residential Society,0,48,P51800087029,19.061099,72.831609,Trophy / Ultra-Prime,osm_maharera_cadastral_enriched,0.88
9b1bbfc7-ce03-4523-a52a-4d1bf4648c7c,Little Flower No. 2,little flower no 2,Reputed Developer / Co-op Housing Consortium,Mumbai,Bandra West (Pali Hill & Bandstand),IN,"Little Flower No. 2, 23rd Road, T.P.S. III, Bandra West (Pali Hill & Bandstand), Mumbai 400050, Maharashtra, India",400050,Gated Residential Society,0,48,P51800072861,19.060912,72.83161,Trophy / Ultra-Prime,osm_maharera_cadastral_enriched,0.88
3d82c022-ef22-400b-a818-250db685f272,Garden View,garden view,Reputed Developer / Co-op Housing Consortium,Mumbai,Bandra West (Pali Hill & Bandstand),IN,"Garden View, Bandra West (Pali Hill & Bandstand), Mumbai 400050, Maharashtra, India",400050,Gated Residential Society,0,48,P51800077356,19.060351,72.830909,Trophy / Ultra-Prime,osm_maharera_cadastral_enriched,0.88
ff04ac93-5e31-409e-90c7-72b433f3f7be,Crest Park View,crest park view,Reputed Developer / Co-op Housing Consortium,Mumbai,Bandra West (Pali Hill & Bandstand),IN,"Crest Park View, Bandra West (Pali Hill & Bandstand), Mumbai 400050, Maharashtra, India",400050,Luxury High-Rise Tower,0,48,P51800083985,19.060639,72.831254,Trophy / Ultra-Prime,osm_maharera_cadastral_enriched,0.88
54d25a8f-be83-4a28-a859-5510c2acccb9,RAJASKA AVASKA AWAS,rajaska avaska awas,Reputed Developer / Co-op Housing Consortium,Mumbai,BKC & Bandra East,IN,"RAJASKA AVASKA AWAS, BKC & Bandra East, Mumbai 400051, Maharashtra, India",400051,Gated Residential Society,0,48,P51800043165,19.06833,72.869918,Trophy / Ultra-Prime,osm_maharera_cadastral_enriched,0.88
66dcd040-b86f-4794-9e6f-3fe58a223e1d,Windmere,windmere,Reputed Developer / Co-op Housing Consortium,Mumbai,Bandra West (Pali Hill & Bandstand),IN,"Windmere, Almeida Park Road, Bandra West (Pali Hill & Bandstand), Mumbai 400050, Maharashtra, India",400050,Gated Residential Society,0,48,P51800052467,19.058543,72.832406,Trophy / Ultra-Prime,osm_maharera_cadastral_enriched,0.88
b70f3604-9578-4d6b-b073-17d9ad5d01c6,Bandra Breeze,bandra breeze,Reputed Developer / Co-op Housing Consortium,Mumbai,Bandra West (Pali Hill & Bandstand),IN,"Bandra Breeze, 28th Road, Bandra West (Pali Hill & Bandstand), Mumbai 400050, Maharashtra, India",400050,Gated Residential Society,0,48,P51800027632,19.060245,72.831945,Trophy / Ultra-Prime,osm_maharera_cadastral_enriched,0.88
a5e80397-3152-4695-8935-e651c4d01d80,Savijay,savijay,Reputed Developer / Co-op Housing Consortium,Mumbai,Bandra West (Pali Hill & Bandstand),IN,"Savijay, 29th Road, Bandra West (Pali Hill & Bandstand), Mumbai 400050, Maharashtra, India",400050,Gated Residential Society,0,48,P51800052327,19.061409,72.831391,Trophy / Ultra-Prime,osm_maharera_cadastral_enriched,0.88
390d3592-1616-4717-9141-ae2e045f31fb,H & M Tower,h m tower,Reputed Developer / Co-op Housing Consortium,Mumbai,Bandra West (Pali Hill & Bandstand),IN,"H & M Tower, St. Theresa's Road, Bandra West (Pali Hill & Bandstand), Mumbai 400050, Maharashtra, India",400050,Luxury High-Rise Tower,0,48,P51800078846,19.061353,72.832472,Trophy / Ultra-Prime,osm_maharera_cadastral_enriched,0.88
3ea74448-dd89-402c-a7ef-c7c964914052,Willadel,willadel,Reputed Developer / Co-op Housing Consortium,Mumbai,Bandra West (Pali Hill & Bandstand),IN,"Willadel, 1st Road, Bandra West (Pali Hill & Bandstand), Mumbai 400050, Maharashtra, India",400050,Gated Residential Society,0,48,P51800026708,19.058559,72.832596,Trophy / Ultra-Prime,osm_maharera_cadastral_enriched,0.88
dff26c92-a838-4abf-b68c-14c8f8178655,Almeida,almeida,Reputed Developer / Co-op Housing Consortium,Mumbai,Bandra West (Pali Hill & Bandstand),IN,"Almeida, 4th Road, Bandra West (Pali Hill & Bandstand), Mumbai 400050, Maharashtra, India",400050,Gated Residential Society,0,48,P51800060404,19.057587,72.832818,Trophy / Ultra-Prime,osm_maharera_cadastral_enriched,0.88
30747038-dea8-49af-b411-d03af2253303,Violette Valley,violette valley,Reputed Developer / Co-op Housing Consortium,Mumbai,Bandra West (Pali Hill & Bandstand),IN,"Violette Valley, Dr KS Hedgewar Road (30th Road), Bandra West (Pali Hill & Bandstand), Mumbai 400050, Maharashtra, India",400050,Gated Residential Society,0,48,P51800012722,19.062472,72.83384,Trophy / Ultra-Prime,osm_maharera_cadastral_enriched,0.88
0c6526a2-cb95-4a19-8a00-514c3d55a51b,Bharti Villa,bharti villa,Reputed Developer / Co-op Housing Consortium,Mumbai,Bandra West (Pali Hill & Bandstand),IN,"Bharti Villa, Dr KS Hedgewar Road (30th Road), Bandra West (Pali Hill & Bandstand), Mumbai 400050, Maharashtra, India",400050,Gated Residential Society,0,48,P51800076180,19.062044,72.833401,Trophy / Ultra-Prime,osm_maharera_cadastral_enriched,0.88
9feab788-a6db-4740-b7aa-f34b32453928,Park Lane Apartments,park lane apartments,Reputed Developer / Co-op Housing Consortium,Mumbai,Bandra West (Pali Hill & Bandstand),IN,"Park Lane Apartments, 26th Road (Sumatilal Manilal Shah Marg), Bandra West (Pali Hill & Bandstand), Mumbai 400050, Maharashtra, India",400050,Luxury High-Rise Tower,0,48,P51800011265,19.062666,72.833865,Trophy / Ultra-Prime,osm_maharera_cadastral_enriched,0.88
35d82f84-0022-4903-89ea-d2ed913d2353,Shanti Kuti,shanti kuti,Reputed Developer / Co-op Housing Consortium,Mumbai,Bandra West (Pali Hill & Bandstand),IN,"Shanti Kuti, St. Theresa's Road, Bandra West (Pali Hill & Bandstand), Mumbai 400050, Maharashtra, India",400050,Gated Residential Society,0,48,P51800053175,19.06507,72.833038,Trophy / Ultra-Prime,osm_maharera_cadastral_enriched,0.88
768d1380-3bce-4c7b-af7f-4dd55e3bdbd8,Coral Apartments,coral apartments,Reputed Developer / Co-op Housing Consortium,Mumbai,Bandra West (Pali Hill & Bandstand),IN,"Coral Apartments, St. Theresa's Road, Bandra West (Pali Hill & Bandstand), Mumbai 400050, Maharashtra, India",400050,Gated Residential Society,0,48,P51800063690,19.063504,72.832829,Trophy / Ultra-Prime,osm_maharera_cadastral_enriched,0.88
501aa260-88e8-4054-9338-e3e4ed6b8184,Rexello,rexello,Reputed Developer / Co-op Housing Consortium,Mumbai,Bandra West (Pali Hill & Bandstand),IN,"Rexello, St. Theresa's Road, Bandra West (Pali Hill & Bandstand), Mumbai 400050, Maharashtra, India",400050,Gated Residential Society,0,48,P51800094304,19.063852,72.832907,Trophy / Ultra-Prime,osm_maharera_cadastral_enriched,0.88
674a5fc0-5cc6-4571-a13e-7fabc3fd5088,Gulmohar House,gulmohar house,Reputed Developer / Co-op Housing Consortium,Mumbai,Bandra West (Pali Hill & Bandstand),IN,"Gulmohar House, 3rd Road, Bandra West (Pali Hill & Bandstand), Mumbai 400050, Maharashtra, India",400050,Gated Residential Society,0,48,P51800078399,19.057999,72.830585,Trophy / Ultra-Prime,osm_maharera_cadastral_enriched,0.88
1ea97c0f-db9c-4c94-964d-8629a2affd80,Blue Heaven,blue heaven,Reputed Developer / Co-op Housing Consortium,Mumbai,Bandra West (Pali Hill & Bandstand),IN,"Blue Heaven, 1st Road, Bandra West (Pali Hill & Bandstand), Mumbai 400050, Maharashtra, India",400050,Gated Residential Society,0,48,P51800090156,19.058353,72.831169,Trophy / Ultra-Prime,osm_maharera_cadastral_enriched,0.88
c7196993-7ab2-4685-9abe-d8ed9ba266de,Baxubhai Mansion,baxubhai mansion,Reputed Developer / Co-op Housing Consortium,Mumbai,Bandra West (Pali Hill & Bandstand),IN,"Baxubhai Mansion, Bandra West (Pali Hill & Bandstand), Mumbai 400050, Maharashtra, India",400050,Gated Residential Society,0,48,P51800073798,19.054547,72.837393,Trophy / Ultra-Prime,osm_maharera_cadastral_enriched,0.88
d4964c9a-74e0-4c41-b545-cbf502fa27a4,Sumer,sumer,Reputed Developer / Co-op Housing Consortium,Mumbai,Worli & Prabhadevi,IN,"Sumer, Worli & Prabhadevi, Mumbai 400018, Maharashtra, India",400018,Gated Residential Society,0,48,P51900046805,19.01139,72.830206,Trophy / Ultra-Prime,osm_maharera_cadastral_enriched,0.88
04128c20-9a62-43eb-90b8-357c093842c9,Happy Home,happy home,Reputed Developer / Co-op Housing Consortium,Mumbai,Bandra West (Pali Hill & Bandstand),IN,"Happy Home, St. Martin's Road, Bandra West (Pali Hill & Bandstand), Mumbai 400050, Maharashtra, India",400050,Gated Residential Society,0,48,P51800061957,19.057709,72.83546,Trophy / Ultra-Prime,osm_maharera_cadastral_enriched,0.88
e02e6365-5303-48fa-880b-fe7ff1d4026d,Hanuman Tekdi,hanuman tekdi,Reputed Developer / Co-op Housing Consortium,Mumbai,Khar & Santacruz West,IN,"Hanuman Tekdi, Khar & Santacruz West, Mumbai 400052, Maharashtra, India",400052,Gated Residential Society,0,48,P51800087602,19.077083,72.844411,Trophy / Ultra-Prime,osm_maharera_cadastral_enriched,0.88
7e86a95a-d39e-4abb-b2e3-6376e560e71d,XYZ MANSION,xyz mansion,Reputed Developer / Co-op Housing Consortium,Mumbai,BKC & Bandra East,IN,"XYZ MANSION, BKC & Bandra East, Mumbai 400051, Maharashtra, India",400051,Gated Residential Society,0,48,P51800056112,19.07568,72.859341,Trophy / Ultra-Prime,osm_maharera_cadastral_enriched,0.88
ae0c4950-e5cf-4940-9cb3-aaee382840d8,Butter Cups,butter cups,Reputed Developer / Co-op Housing Consortium,Mumbai,Bandra West (Pali Hill & Bandstand),IN,"Butter Cups, Rebello Road, Bandra West (Pali Hill & Bandstand), Mumbai 400050, Maharashtra, India",400050,Gated Residential Society,0,48,P51800024303,19.052235,72.827208,Trophy / Ultra-Prime,osm_maharera_cadastral_enriched,0.88
54947038-1b00-4e2b-800b-66c2f2d8ad24,Adil Villa,adil villa,Reputed Developer / Co-op Housing Consortium,Mumbai,Bandra West (Pali Hill & Bandstand),IN,"Adil Villa, Veronica Road, Bandra West (Pali Hill & Bandstand), Mumbai 400050, Maharashtra, India",400050,Gated Residential Society,0,48,P51800087466,19.053831,72.828274,Trophy / Ultra-Prime,osm_maharera_cadastral_enriched,0.88
1a9badb2-0b84-4bce-8efc-bea7e1b82917,Shyam Kunj,shyam kunj,Reputed Developer / Co-op Housing Consortium,Mumbai,Bandra West (Pali Hill & Bandstand),IN,"Shyam Kunj, 16th Road, Bandra West (Pali Hill & Bandstand), Mumbai 400050, Maharashtra, India",400050,Gated Residential Society,0,48,P51800035329,19.062477,72.830585,Trophy / Ultra-Prime,osm_maharera_cadastral_enriched,0.88
34522ab1-06c9-4f3c-8ffe-4e587bfcd004,Swapna Safalya CHS - A Wing,swapna safalya chs a wing,Reputed Developer / Co-op Housing Consortium,Mumbai,Bandra West (Pali Hill & Bandstand),IN,"Swapna Safalya CHS - A Wing, 25th Road, Bandra West (Pali Hill & Bandstand), Mumbai 400050, Maharashtra, India",400050,Gated Residential Society,0,48,P51800056151,19.060738,72.833298,Trophy / Ultra-Prime,osm_maharera_cadastral_enriched,0.88
7813b42b-c55e-44bf-b438-50ae94e924c9,Swapna Safalya CHS - B Wing,swapna safalya chs b wing,Reputed Developer / Co-op Housing Consortium,Mumbai,Bandra West (Pali Hill & Bandstand),IN,"Swapna Safalya CHS - B Wing, 25th Road, Bandra West (Pali Hill & Bandstand), Mumbai 400050, Maharashtra, India",400050,Gated Residential Society,0,48,P51800092456,19.060836,72.833319,Trophy / Ultra-Prime,osm_maharera_cadastral_enriched,0.88
c491f201-4e41-4daf-84af-e845270953f7,Swapna Safalya CHS - C Wing,swapna safalya chs c wing,Reputed Developer / Co-op Housing Consortium,Mumbai,Bandra West (Pali Hill & Bandstand),IN,"Swapna Safalya CHS - C Wing, 25th Road, Bandra West (Pali Hill & Bandstand), Mumbai 400050, Maharashtra, India",400050,Gated Residential Society,0,48,P51800051091,19.060921,72.833336,Trophy / Ultra-Prime,osm_maharera_cadastral_enriched,0.88
9cf071aa-239b-4abe-a220-b64ade2665c6,Samatadeep CHS - A Wing,samatadeep chs a wing,Reputed Developer / Co-op Housing Consortium,Mumbai,Bandra West (Pali Hill & Bandstand),IN,"Samatadeep CHS - A Wing, 25th Road, Bandra West (Pali Hill & Bandstand), Mumbai 400050, Maharashtra, India",400050,Gated Residential Society,0,48,P51800083443,19.061005,72.833353,Trophy / Ultra-Prime,osm_maharera_cadastral_enriched,0.88
ed16031c-963a-4b89-bf3e-14e583aa4657,Teaching and Research Block,teaching and research block,Reputed Developer / Co-op Housing Consortium,Mumbai,Marine Drive & Nariman Point,IN,"Teaching and Research Block, Marine Drive & Nariman Point, Mumbai 400020, Maharashtra, India",400020,Gated Residential Society,0,48,P51900033164,18.925497,72.820618,Trophy / Ultra-Prime,osm_maharera_cadastral_enriched,0.88
96ef26d8-bd26-4d53-ba92-bc8cc4513b96,Bellisima,bellisima,Reputed Developer / Co-op Housing Consortium,Mumbai,Bandra West (Pali Hill & Bandstand),IN,"Bellisima, 15th Road, Bandra West (Pali Hill & Bandstand), Mumbai 400050, Maharashtra, India",400050,Gated Residential Society,0,48,P51800043656,19.064205,72.831857,Trophy / Ultra-Prime,osm_maharera_cadastral_enriched,0.88
f3e081c9-2a66-473b-b973-f1d83eb889d9,Satya,satya,Reputed Developer / Co-op Housing Consortium,Mumbai,Bandra West (Pali Hill & Bandstand),IN,"Satya, 15th Road, Bandra West (Pali Hill & Bandstand), Mumbai 400050, Maharashtra, India",400050,Gated Residential Society,0,48,P51800033849,19.064014,72.831823,Trophy / Ultra-Prime,osm_maharera_cadastral_enriched,0.88
22350efb-d41b-4f51-85bd-90ad34f7966b,Bandana,bandana,Reputed Developer / Co-op Housing Consortium,Mumbai,Bandra West (Pali Hill & Bandstand),IN,"Bandana, 15th Road, Bandra West (Pali Hill & Bandstand), Mumbai 400050, Maharashtra, India",400050,Gated Residential Society,0,48,P51800046358,19.063715,72.8314,Trophy / Ultra-Prime,osm_maharera_cadastral_enriched,0.88
6aa92afd-b7e9-44dc-be19-dd3ed0b5a66d,Shamiana,shamiana,Reputed Developer / Co-op Housing Consortium,Mumbai,Bandra West (Pali Hill & Bandstand),IN,"Shamiana, Veronica Road, Bandra West (Pali Hill & Bandstand), Mumbai 400050, Maharashtra, India",400050,Gated Residential Society,0,48,P51800070812,19.052042,72.828044,Trophy / Ultra-Prime,osm_maharera_cadastral_enriched,0.88
87d9fd3f-bb21-4905-b0e7-061d6cc19637,Rukhsana Manor,rukhsana manor,Reputed Developer / Co-op Housing Consortium,Mumbai,Bandra West (Pali Hill & Bandstand),IN,"Rukhsana Manor, Chapel Road, Bandra West (Pali Hill & Bandstand), Mumbai 400050, Maharashtra, India",400050,Gated Residential Society,0,48,P51800087527,19.05168,72.828564,Trophy / Ultra-Prime,osm_maharera_cadastral_enriched,0.88
0001a8ed-bf18-45c9-b7ec-dc4bbc31caeb,Marian Terrace,marian terrace,Reputed Developer / Co-op Housing Consortium,Mumbai,Bandra West (Pali Hill & Bandstand),IN,"Marian Terrace, Chapel Road, Bandra West (Pali Hill & Bandstand), Mumbai 400050, Maharashtra, India",400050,Gated Residential Society,0,48,P51800072826,19.051759,72.82835,Trophy / Ultra-Prime,osm_maharera_cadastral_enriched,0.88
6c26f5cf-eadf-4937-9f27-c94432c20a49,KGN Palace,kgn palace,Reputed Developer / Co-op Housing Consortium,Mumbai,Bandra West (Pali Hill & Bandstand),IN,"KGN Palace, Chapel Road, Bandra West (Pali Hill & Bandstand), Mumbai 400050, Maharashtra, India",400050,Luxury High-Rise Tower,0,48,P51800073931,19.051881,72.828292,Trophy / Ultra-Prime,osm_maharera_cadastral_enriched,0.88
931af451-c0a5-4c66-a238-2eac66d21e4c,St. Peter's Colony,st peter s colony,Reputed Developer / Co-op Housing Consortium,Mumbai,Bandra West (Pali Hill & Bandstand),IN,"St. Peter's Colony, Bandra West (Pali Hill & Bandstand), Mumbai 400050, Maharashtra, India",400050,Gated Residential Society,0,48,P51800096995,19.05861,72.83003,Trophy / Ultra-Prime,osm_maharera_cadastral_enriched,0.88
f90a81b1-cbdf-4d83-a5dd-0513d2dc625b,Church View,church view,Reputed Developer / Co-op Housing Consortium,Mumbai,Bandra West (Pali Hill & Bandstand),IN,"Church View, 14th Road, Bandra West (Pali Hill & Bandstand), Mumbai 400050, Maharashtra, India",400050,Gated Residential Society,0,48,P51800046713,19.063825,72.83223,Trophy / Ultra-Prime,osm_maharera_cadastral_enriched,0.88
27f9f0eb-c47b-4323-b773-b84c08afb9b4,Wilmar,wilmar,Reputed Developer / Co-op Housing Consortium,Mumbai,Bandra West (Pali Hill & Bandstand),IN,"Wilmar, 14th Road, Bandra West (Pali Hill & Bandstand), Mumbai 400050, Maharashtra, India",400050,Gated Residential Society,0,48,P51800025042,19.063686,72.832204,Trophy / Ultra-Prime,osm_maharera_cadastral_enriched,0.88
5f0a6b80-7c17-41b4-8369-a4e22055527b,Mi Casa,mi casa,Reputed Developer / Co-op Housing Consortium,Mumbai,Bandra West (Pali Hill & Bandstand),IN,"Mi Casa, St. Theresa's Road, Bandra West (Pali Hill & Bandstand), Mumbai 400050, Maharashtra, India",400050,Gated Residential Society,0,48,P51800080365,19.059893,72.832219,Trophy / Ultra-Prime,osm_maharera_cadastral_enriched,0.88
5d5ce050-953c-4331-9908-41a0cf3fa35f,Sujata Niwas,sujata niwas,Reputed Developer / Co-op Housing Consortium,Mumbai,Bandra West (Pali Hill & Bandstand),IN,"Sujata Niwas, Swami Vivekanand Road, Bandra West (Pali Hill & Bandstand), Mumbai 400050, Maharashtra, India",400050,Gated Residential Society,0,48,P51800055571,19.058388,72.836508,Trophy / Ultra-Prime,osm_maharera_cadastral_enriched,0.88
f3941260-d54b-4151-a98c-8a3732e8228d,Suburban Golden Palace,suburban golden palace,Reputed Developer / Co-op Housing Consortium,Mumbai,Bandra West (Pali Hill & Bandstand),IN,"Suburban Golden Palace, Bandra West (Pali Hill & Bandstand), Mumbai 400050, Maharashtra, India",400050,Luxury High-Rise Tower,0,48,P51800087878,19.0595,72.835269,Trophy / Ultra-Prime,osm_maharera_cadastral_enriched,0.88
89546031-bef9-47aa-be8d-337e42f847f4,Govindham,govindham,Reputed Developer / Co-op Housing Consortium,Mumbai,Bandra West (Pali Hill & Bandstand),IN,"Govindham, RK Patkar Marg (Waterfield Road), Bandra West (Pali Hill & Bandstand), Mumbai 400050, Maharashtra, India",400050,Gated Residential Society,0,48,P51800085343,19.061391,72.834676,Trophy / Ultra-Prime,osm_maharera_cadastral_enriched,0.88
f572e312-e9c5-48af-896d-cc5f534c75d8,Coin House,coin house,Reputed Developer / Co-op Housing Consortium,Mumbai,Bandra West (Pali Hill & Bandstand),IN,"Coin House, 29th Road, Bandra West (Pali Hill & Bandstand), Mumbai 400050, Maharashtra, India",400050,Gated Residential Society,0,48,P51800050012,19.061341,72.833988,Trophy / Ultra-Prime,osm_maharera_cadastral_enriched,0.88
2115d82c-1c01-4d99-83e7-2424769327a5,Diamond Link,diamond link,Reputed Developer / Co-op Housing Consortium,Mumbai,Bandra West (Pali Hill & Bandstand),IN,"Diamond Link, 31st Road, Bandra West (Pali Hill & Bandstand), Mumbai 400050, Maharashtra, India",400050,Gated Residential Society,0,48,P51800079755,19.060817,72.83545,Trophy / Ultra-Prime,osm_maharera_cadastral_enriched,0.88
df6ac607-27f3-483f-b2e8-af47147ff11f,New India Park,new india park,Reputed Developer / Co-op Housing Consortium,Mumbai,Juhu & Vile Parle West,IN,"New India Park, Juhu & Vile Parle West, Mumbai 400049, Maharashtra, India",400049,Luxury High-Rise Tower,0,48,P51800040423,19.114709,72.839031,Trophy / Ultra-Prime,osm_maharera_cadastral_enriched,0.88
72d3be91-3511-4667-80d8-4b20db62a0f8,Raj Flavia,raj flavia,Reputed Developer / Co-op Housing Consortium,Mumbai,Bandra West (Pali Hill & Bandstand),IN,"Raj Flavia, Chapel Road, Bandra West (Pali Hill & Bandstand), Mumbai 400050, Maharashtra, India",400050,Gated Residential Society,0,48,P51800054262,19.050973,72.827168,Trophy / Ultra-Prime,osm_maharera_cadastral_enriched,0.88
9c1b0aad-bc68-43d1-834c-eb9f3c084ce4,Cecilia Villa,cecilia villa,Reputed Developer / Co-op Housing Consortium,Mumbai,Bandra West (Pali Hill & Bandstand),IN,"Cecilia Villa, Chapel Road, Bandra West (Pali Hill & Bandstand), Mumbai 400050, Maharashtra, India",400050,Gated Residential Society,0,48,P51800073785,19.052152,72.828379,Trophy / Ultra-Prime,osm_maharera_cadastral_enriched,0.88
cd7a5081-3c30-4bdf-bb71-5328c8ab31bb,Scarlet CHS,scarlet chs,Reputed Developer / Co-op Housing Consortium,Mumbai,Bandra West (Pali Hill & Bandstand),IN,"Scarlet CHS, Bandra West (Pali Hill & Bandstand), Mumbai 400050, Maharashtra, India",400050,Gated Residential Society,0,48,P51800012267,19.052437,72.828832,Trophy / Ultra-Prime,osm_maharera_cadastral_enriched,0.88
461355b9-edb7-4540-adb4-03e0f583277b,Souza Villa,souza villa,Reputed Developer / Co-op Housing Consortium,Mumbai,Bandra West (Pali Hill & Bandstand),IN,"Souza Villa, Bandra West (Pali Hill & Bandstand), Mumbai 400050, Maharashtra, India",400050,Gated Residential Society,0,48,P51800019946,19.051221,72.82474,Trophy / Ultra-Prime,osm_maharera_cadastral_enriched,0.88
d213e22c-472b-4e61-a331-152c1ac8ab31,C-2 Geleki,c 2 geleki,Reputed Developer / Co-op Housing Consortium,Mumbai,Bandra West (Pali Hill & Bandstand),IN,"C-2 Geleki, K C Marg, Bandra West (Pali Hill & Bandstand), Mumbai 400050, Maharashtra, India",400050,Gated Residential Society,0,48,P51800071886,19.049035,72.829034,Trophy / Ultra-Prime,osm_maharera_cadastral_enriched,0.88
6fc9c938-57a4-49e9-adea-88dad52ba2b2,C-1 Ankleshwar,c 1 ankleshwar,Reputed Developer / Co-op Housing Consortium,Mumbai,Bandra West (Pali Hill & Bandstand),IN,"C-1 Ankleshwar, K C Marg, Bandra West (Pali Hill & Bandstand), Mumbai 400050, Maharashtra, India",400050,Gated Residential Society,0,48,P51800093224,19.048844,72.828684,Trophy / Ultra-Prime,osm_maharera_cadastral_enriched,0.88
66e6b9f3-a4fd-4e70-bb9e-62fd1526f53c,ONGC D Type Colony,ongc d type colony,Reputed Developer / Co-op Housing Consortium,Mumbai,Bandra West (Pali Hill & Bandstand),IN,"ONGC D Type Colony, Bandra West (Pali Hill & Bandstand), Mumbai 400050, Maharashtra, India",400050,Gated Residential Society,0,48,P51800055849,19.048793,72.827906,Trophy / Ultra-Prime,osm_maharera_cadastral_enriched,0.88
4d5cdf17-2f7d-4d67-89da-f95c4f5b50d2,Diamond Arch,diamond arch,Reputed Developer / Co-op Housing Consortium,Mumbai,Bandra West (Pali Hill & Bandstand),IN,"Diamond Arch, Bandra West (Pali Hill & Bandstand), Mumbai 400050, Maharashtra, India",400050,Gated Residential Society,0,48,P51800099481,19.050108,72.826382,Trophy / Ultra-Prime,osm_maharera_cadastral_enriched,0.88
fa44c13a-2049-47ae-9b44-afd166617f75,Exotica CHS Laxmi,exotica chs laxmi,Reputed Developer / Co-op Housing Consortium,Mumbai,Bandra West (Pali Hill & Bandstand),IN,"Exotica CHS Laxmi, Bandra West (Pali Hill & Bandstand), Mumbai 400050, Maharashtra, India",400050,Gated Residential Society,0,48,P51800039897,19.048382,72.82579,Trophy / Ultra-Prime,osm_maharera_cadastral_enriched,0.88
02c84cd3-7f2c-4723-8a4a-0a4efbcaec7b,Marine Mansion,marine mansion,Reputed Developer / Co-op Housing Consortium,Mumbai,Bandra West (Pali Hill & Bandstand),IN,"Marine Mansion, Bandra West (Pali Hill & Bandstand), Mumbai 400050, Maharashtra, India",400050,Gated Residential Society,0,48,P51800098219,19.048823,72.820917,Trophy / Ultra-Prime,osm_maharera_cadastral_enriched,0.88
4edf1d3e-a3a6-48e6-a69e-77b46223067d,Merry Niketan,merry niketan,Reputed Developer / Co-op Housing Consortium,Mumbai,Bandra West (Pali Hill & Bandstand),IN,"Merry Niketan, Mount Mary Road, Bandra West (Pali Hill & Bandstand), Mumbai 400050, Maharashtra, India",400050,Gated Residential Society,0,48,P51800069453,19.047618,72.82257,Trophy / Ultra-Prime,osm_maharera_cadastral_enriched,0.88
8a643a26-0bd0-46ab-b833-9d16fc3af74a,Satguru Sachkhand,satguru sachkhand,Reputed Developer / Co-op Housing Consortium,Mumbai,Bandra West (Pali Hill & Bandstand),IN,"Satguru Sachkhand, Bandra West (Pali Hill & Bandstand), Mumbai 400050, Maharashtra, India",400050,Gated Residential Society,0,48,P51800057073,19.057621,72.830594,Trophy / Ultra-Prime,osm_maharera_cadastral_enriched,0.88
32e94410-50d7-4ae0-8856-f07f02f6bc53,Writers Residency,writers residency,Reputed Developer / Co-op Housing Consortium,Mumbai,Bandra West (Pali Hill & Bandstand),IN,"Writers Residency, St. Leo Road, Bandra West (Pali Hill & Bandstand), Mumbai 400050, Maharashtra, India",400050,Gated Residential Society,0,48,P51800035986,19.058055,72.827637,Trophy / Ultra-Prime,osm_maharera_cadastral_enriched,0.88
f15d3457-b04c-4939-9cd0-77c9b751667f,Bandra Natraj CHS,bandra natraj chs,Reputed Developer / Co-op Housing Consortium,Mumbai,Bandra West (Pali Hill & Bandstand),IN,"Bandra Natraj CHS, Bandra West (Pali Hill & Bandstand), Mumbai 400050, Maharashtra, India",400050,Gated Residential Society,0,48,P51800011257,19.055154,72.829518,Trophy / Ultra-Prime,osm_maharera_cadastral_enriched,0.88
081fbe87-38bf-405e-8447-933008442c54,Chand Terraces,chand terraces,Reputed Developer / Co-op Housing Consortium,Mumbai,Bandra West (Pali Hill & Bandstand),IN,"Chand Terraces, Bandra West (Pali Hill & Bandstand), Mumbai 400050, Maharashtra, India",400050,Gated Residential Society,0,48,P51800089370,19.056114,72.826319,Trophy / Ultra-Prime,osm_maharera_cadastral_enriched,0.88
5b64ae84-ad61-4679-9e2f-9b7ca42866f3,Bonny Casa,bonny casa,Reputed Developer / Co-op Housing Consortium,Mumbai,Bandra West (Pali Hill & Bandstand),IN,"Bonny Casa, Dr. BR Ambedkar Road, Bandra West (Pali Hill & Bandstand), Mumbai 400050, Maharashtra, India",400050,Gated Residential Society,0,48,P51800016575,19.060004,72.829866,Trophy / Ultra-Prime,osm_maharera_cadastral_enriched,0.88
124c1441-62a2-4ffb-bae3-61ed9edb4edb,Shamrock,shamrock,Reputed Developer / Co-op Housing Consortium,Mumbai,Bandra West (Pali Hill & Bandstand),IN,"Shamrock, Bandra West (Pali Hill & Bandstand), Mumbai 400050, Maharashtra, India",400050,Gated Residential Society,0,48,P51800035948,19.060675,72.828629,Trophy / Ultra-Prime,osm_maharera_cadastral_enriched,0.88
186ea68a-1bba-4a08-b365-ddbaa076f814,Hill Glade,hill glade,Reputed Developer / Co-op Housing Consortium,Mumbai,Bandra West (Pali Hill & Bandstand),IN,"Hill Glade, Dr. BR Ambedkar Road, Bandra West (Pali Hill & Bandstand), Mumbai 400050, Maharashtra, India",400050,Gated Residential Society,0,48,P51800055748,19.061402,72.829711,Trophy / Ultra-Prime,osm_maharera_cadastral_enriched,0.88
c9b37f99-8744-427e-a931-2c3170337b6e,Edville,edville,Reputed Developer / Co-op Housing Consortium,Mumbai,Bandra West (Pali Hill & Bandstand),IN,"Edville, St. Andrew Road, Bandra West (Pali Hill & Bandstand), Mumbai 400050, Maharashtra, India",400050,Gated Residential Society,0,48,P51800012360,19.058233,72.826872,Trophy / Ultra-Prime,osm_maharera_cadastral_enriched,0.88
023c656e-df63-46ba-a221-7e64303a3a6e,Desmond Villa,desmond villa,Reputed Developer / Co-op Housing Consortium,Mumbai,Bandra West (Pali Hill & Bandstand),IN,"Desmond Villa, St. Paul Road, Bandra West (Pali Hill & Bandstand), Mumbai 400050, Maharashtra, India",400050,Gated Residential Society,0,48,P51800093595,19.056198,72.824919,Trophy / Ultra-Prime,osm_maharera_cadastral_enriched,0.88
db79e7a3-b45d-4d38-af65-0b0df57513a7,Zicom House,zicom house,Reputed Developer / Co-op Housing Consortium,Mumbai,Bandra West (Pali Hill & Bandstand),IN,"Zicom House, Bandra West (Pali Hill & Bandstand), Mumbai 400050, Maharashtra, India",400050,Gated Residential Society,0,48,P51800051973,19.055742,72.824545,Trophy / Ultra-Prime,osm_maharera_cadastral_enriched,0.88
21cd8257-a651-4af2-ac19-bfcf7f1fd9c5,Labbaik House,labbaik house,Reputed Developer / Co-op Housing Consortium,Mumbai,Bandra West (Pali Hill & Bandstand),IN,"Labbaik House, Chimbai Road, Bandra West (Pali Hill & Bandstand), Mumbai 400050, Maharashtra, India",400050,Gated Residential Society,0,48,P51800090594,19.056167,72.82447,Trophy / Ultra-Prime,osm_maharera_cadastral_enriched,0.88
d4b57feb-c0c2-44c8-989d-e056323fafe7,Hilltop Annexe,hilltop annexe,Reputed Developer / Co-op Housing Consortium,Mumbai,Bandra West (Pali Hill & Bandstand),IN,"Hilltop Annexe, Pali Mala Road, Bandra West (Pali Hill & Bandstand), Mumbai 400050, Maharashtra, India",400050,Gated Residential Society,0,48,P51800010929,19.063023,72.827204,Trophy / Ultra-Prime,osm_maharera_cadastral_enriched,0.88
a994a14e-218e-4c50-856e-2f683d41f9fd,Peace-Haven,peace haven,Reputed Developer / Co-op Housing Consortium,Mumbai,Bandra West (Pali Hill & Bandstand),IN,"Peace-Haven, Bandra West (Pali Hill & Bandstand), Mumbai 400050, Maharashtra, India",400050,Gated Residential Society,0,48,P51800044887,19.060082,72.824033,Trophy / Ultra-Prime,osm_maharera_cadastral_enriched,0.88
f3b337ae-af72-48b5-813f-a105bbb08052,Hillslope,hillslope,Reputed Developer / Co-op Housing Consortium,Mumbai,Bandra West (Pali Hill & Bandstand),IN,"Hillslope, Bandra West (Pali Hill & Bandstand), Mumbai 400050, Maharashtra, India",400050,Gated Residential Society,0,48,P51800053361,19.065022,72.829355,Trophy / Ultra-Prime,osm_maharera_cadastral_enriched,0.88
77965d6b-77a7-49aa-980d-4498b444d03c,Presidency CHS,presidency chs,Reputed Developer / Co-op Housing Consortium,Mumbai,Bandra West (Pali Hill & Bandstand),IN,"Presidency CHS, Bandra West (Pali Hill & Bandstand), Mumbai 400050, Maharashtra, India",400050,Gated Residential Society,0,48,P51800030953,19.061736,72.827228,Trophy / Ultra-Prime,osm_maharera_cadastral_enriched,0.88
fec1f3b8-d7cc-40b1-b20d-c4c3f82089d2,Signature,signature,Reputed Developer / Co-op Housing Consortium,Mumbai,Bandra West (Pali Hill & Bandstand),IN,"Signature, Bandra West (Pali Hill & Bandstand), Mumbai 400050, Maharashtra, India",400050,Gated Residential Society,0,48,P51800075829,19.06196,72.827259,Trophy / Ultra-Prime,osm_maharera_cadastral_enriched,0.88
e328fc8a-9f2c-42a3-adf3-33547de1c409,Tribeca,tribeca,Reputed Developer / Co-op Housing Consortium,Mumbai,Bandra West (Pali Hill & Bandstand),IN,"Tribeca, 29th Road, Bandra West (Pali Hill & Bandstand), Mumbai 400050, Maharashtra, India",400050,Gated Residential Society,0,48,P51800062964,19.061728,72.834084,Trophy / Ultra-Prime,osm_maharera_cadastral_enriched,0.88
d145e1f5-0de2-4d20-bba3-9d6e0b0fac6f,White Rose,white rose,Reputed Developer / Co-op Housing Consortium,Mumbai,Bandra West (Pali Hill & Bandstand),IN,"White Rose, Perry Road, Bandra West (Pali Hill & Bandstand), Mumbai 400050, Maharashtra, India",400050,Gated Residential Society,0,48,P51800048278,19.06007,72.828714,Trophy / Ultra-Prime,osm_maharera_cadastral_enriched,0.88
c89fa675-4783-4cbf-84b5-e8dc25d8948b,Jems Ville,jems ville,Reputed Developer / Co-op Housing Consortium,Mumbai,Bandra West (Pali Hill & Bandstand),IN,"Jems Ville, Dr. Peter Dias Road, Bandra West (Pali Hill & Bandstand), Mumbai 400050, Maharashtra, India",400050,Gated Residential Society,0,48,P51800064896,19.050043,72.824314,Trophy / Ultra-Prime,osm_maharera_cadastral_enriched,0.88
2741f547-3998-460d-a932-608a93f1b25a,Villa Josanna,villa josanna,Reputed Developer / Co-op Housing Consortium,Mumbai,Bandra West (Pali Hill & Bandstand),IN,"Villa Josanna, Dr. Peter Dias Road, Bandra West (Pali Hill & Bandstand), Mumbai 400050, Maharashtra, India",400050,Gated Residential Society,0,48,P51800065731,19.049895,72.824284,Trophy / Ultra-Prime,osm_maharera_cadastral_enriched,0.88
1a972efd-c4ee-4a32-988b-f8dbcd5ab571,Sunamora,sunamora,Reputed Developer / Co-op Housing Consortium,Mumbai,Bandra West (Pali Hill & Bandstand),IN,"Sunamora, Dr. Peter Dias Road, Bandra West (Pali Hill & Bandstand), Mumbai 400050, Maharashtra, India",400050,Gated Residential Society,0,48,P51800062820,19.04976,72.824247,Trophy / Ultra-Prime,osm_maharera_cadastral_enriched,0.88
a02324d7-fd51-45fe-96aa-31c1f53d8522,Belvedere,belvedere,Reputed Developer / Co-op Housing Consortium,Mumbai,Bandra West (Pali Hill & Bandstand),IN,"Belvedere, Rebello Road, Bandra West (Pali Hill & Bandstand), Mumbai 400050, Maharashtra, India",400050,Gated Residential Society,0,48,P51800035752,19.049847,72.82552,Trophy / Ultra-Prime,osm_maharera_cadastral_enriched,0.88
1e42f5ba-a958-4a36-a771-560f4c15666a,Prem Nagar,prem nagar,Reputed Developer / Co-op Housing Consortium,Mumbai,Juhu & Vile Parle West,IN,"Prem Nagar, Juhu & Vile Parle West, Mumbai 400049, Maharashtra, India",400049,Gated Residential Society,0,48,P51800062150,19.109184,72.839468,Trophy / Ultra-Prime,osm_maharera_cadastral_enriched,0.88
b85c266d-a30c-482b-9ced-efa264eb3eaf,Sea Bird,sea bird,Reputed Developer / Co-op Housing Consortium,Mumbai,Bandra West (Pali Hill & Bandstand),IN,"Sea Bird, Byramji Jeejeebhoy Road, Bandra West (Pali Hill & Bandstand), Mumbai 400050, Maharashtra, India",400050,Gated Residential Society,0,48,P51800013768,19.052899,72.822941,Trophy / Ultra-Prime,osm_maharera_cadastral_enriched,0.88
6d83e39f-fd8a-40ea-9dc2-816813f442ba,Joanna,joanna,Reputed Developer / Co-op Housing Consortium,Mumbai,Bandra West (Pali Hill & Bandstand),IN,"Joanna, St. Paul Road, Bandra West (Pali Hill & Bandstand), Mumbai 400050, Maharashtra, India",400050,Gated Residential Society,0,48,P51800093010,19.057232,72.825349,Trophy / Ultra-Prime,osm_maharera_cadastral_enriched,0.88
804f2f16-63c9-4ae6-980c-31949cb6dc0d,Domini,domini,Reputed Developer / Co-op Housing Consortium,Mumbai,Bandra West (Pali Hill & Bandstand),IN,"Domini, D'Monte Road, Bandra West (Pali Hill & Bandstand), Mumbai 400050, Maharashtra, India",400050,Gated Residential Society,0,48,P51800094959,19.058888,72.825689,Trophy / Ultra-Prime,osm_maharera_cadastral_enriched,0.88
82d76024-b047-47e2-b08f-64556f543e80,Jagatvidya CHS,jagatvidya chs,Reputed Developer / Co-op Housing Consortium,Mumbai,BKC & Bandra East,IN,"Jagatvidya CHS, BKC & Bandra East, Mumbai 400051, Maharashtra, India",400051,Gated Residential Society,0,48,P51800014092,19.05961,72.85426,Trophy / Ultra-Prime,osm_maharera_cadastral_enriched,0.88
dac791d8-bba7-4abc-aac0-9211a9c86855,Central Railway Officer's Quarters,central railway officer s quarters,Reputed Developer / Co-op Housing Consortium,Mumbai,Lower Parel & Mahalaxmi,IN,"Central Railway Officer's Quarters, Lower Parel & Mahalaxmi, Mumbai 400013, Maharashtra, India",400013,Gated Residential Society,0,48,P51900097499,18.984159,72.834401,Trophy / Ultra-Prime,osm_maharera_cadastral_enriched,0.88
c7b7b32a-9422-4bb1-a833-975ef19ce9f5,Jeevan Vikas LIC Staff Quarters,jeevan vikas lic staff quarters,Reputed Developer / Co-op Housing Consortium,Mumbai,Khar & Santacruz West,IN,"Jeevan Vikas LIC Staff Quarters, SV Patel Road, Khar & Santacruz West, Mumbai 400054, Maharashtra, India",400054,Gated Residential Society,0,48,P51800072961,19.079876,72.833275,Trophy / Ultra-Prime,osm_maharera_cadastral_enriched,0.88
ff760a3e-27b5-4b3a-8568-11056555609e,Soonaiji Agiari,soonaiji agiari,Reputed Developer / Co-op Housing Consortium,Mumbai,Malabar Hill & Walkeshwar,IN,"Soonaiji Agiari, August Kranti Marg, Malabar Hill & Walkeshwar, Mumbai 400036, Maharashtra, India",400036,Gated Residential Society,0,48,P51900097140,18.963787,72.810831,Trophy / Ultra-Prime,osm_maharera_cadastral_enriched,0.88
ba792b69-6880-40cb-8412-c31796c543bb,P-74,p 74,Reputed Developer / Co-op Housing Consortium,Mumbai,Colaba & Cuffe Parade,IN,"P-74, Old Navy Nagar, Colaba, Colaba & Cuffe Parade, Mumbai 400005, Maharashtra, India",400005,Gated Residential Society,0,48,P51900044100,18.90472,72.810314,Trophy / Ultra-Prime,osm_maharera_cadastral_enriched,0.88
dba5d480-a07c-4409-a006-480926df17e1,P-76,p 76,Reputed Developer / Co-op Housing Consortium,Mumbai,Colaba & Cuffe Parade,IN,"P-76, Old Navy Nagar, Colaba, Colaba & Cuffe Parade, Mumbai 400005, Maharashtra, India",400005,Gated Residential Society,0,48,P51900034742,18.904954,72.810905,Trophy / Ultra-Prime,osm_maharera_cadastral_enriched,0.88
36b5e48e-ae61-49fa-9bae-af4d83623580,P-80,p 80,Reputed Developer / Co-op Housing Consortium,Mumbai,Colaba & Cuffe Parade,IN,"P-80, Old Navy Nagar, Colaba, Colaba & Cuffe Parade, Mumbai 400005, Maharashtra, India",400005,Gated Residential Society,0,48,P51900020791,18.905313,72.810976,Trophy / Ultra-Prime,osm_maharera_cadastral_enriched,0.88
c5f28993-9b22-489d-b8b7-3bec7306461d,P-82,p 82,Reputed Developer / Co-op Housing Consortium,Mumbai,Colaba & Cuffe Parade,IN,"P-82, Old Navy Nagar, Colaba, Colaba & Cuffe Parade, Mumbai 400005, Maharashtra, India",400005,Gated Residential Society,0,48,P51900081272,18.905673,72.81108,Trophy / Ultra-Prime,osm_maharera_cadastral_enriched,0.88
b8e2efaf-5775-4782-95d9-3847046271b9,P-73,p 73,Reputed Developer / Co-op Housing Consortium,Mumbai,Colaba & Cuffe Parade,IN,"P-73, Old Navy Nagar, Colaba, Colaba & Cuffe Parade, Mumbai 400005, Maharashtra, India",400005,Gated Residential Society,0,48,P51900023656,18.905693,72.810434,Trophy / Ultra-Prime,osm_maharera_cadastral_enriched,0.88
bc100e33-40d5-4418-87b9-33c2cfdec00c,Omkar 1973,omkar 1973,Reputed Developer / Co-op Housing Consortium,Mumbai,Worli & Prabhadevi,IN,"Omkar 1973, Worli & Prabhadevi, Mumbai 400018, Maharashtra, India",400018,Gated Residential Society,0,48,P51900057962,19.009321,72.823447,Trophy / Ultra-Prime,osm_maharera_cadastral_enriched,0.88
85b33ea5-e4bd-4cf8-8cb5-e43886b4fc41,P-77,p 77,Reputed Developer / Co-op Housing Consortium,Mumbai,Colaba & Cuffe Parade,IN,"P-77, Old Navy Nagar, Colaba, Colaba & Cuffe Parade, Mumbai 400005, Maharashtra, India",400005,Gated Residential Society,0,48,P51900011363,18.906871,72.811353,Trophy / Ultra-Prime,osm_maharera_cadastral_enriched,0.88
8c408eaa-4758-448e-95c3-07bd4696fdc0,P-65,p 65,Reputed Developer / Co-op Housing Consortium,Mumbai,Colaba & Cuffe Parade,IN,"P-65, Old Navy Nagar, Colaba, Colaba & Cuffe Parade, Mumbai 400005, Maharashtra, India",400005,Gated Residential Society,0,48,P51900042697,18.906928,72.81075,Trophy / Ultra-Prime,osm_maharera_cadastral_enriched,0.88
81c7c728-67b7-429d-ae79-0df320aec7f5,P-94,p 94,Reputed Developer / Co-op Housing Consortium,Mumbai,Colaba & Cuffe Parade,IN,"P-94, Old Navy Nagar, Colaba, Colaba & Cuffe Parade, Mumbai 400005, Maharashtra, India",400005,Gated Residential Society,0,48,P51900071991,18.905898,72.810519,Trophy / Ultra-Prime,osm_maharera_cadastral_enriched,0.88
8e064f2e-3b86-4c3c-88d6-edcf5a030d7a,H2-3,h2 3,Reputed Developer / Co-op Housing Consortium,Mumbai,Powai (Hiranandani Gardens),IN,"H2-3, Powai (Hiranandani Gardens), Mumbai 400076, Maharashtra, India",400076,Gated Residential Society,0,48,P51800027410,19.12502,72.912934,Trophy / Ultra-Prime,osm_maharera_cadastral_enriched,0.88
8d39a03d-ef39-4e85-9032-71230c039f6f,H2-4,h2 4,Reputed Developer / Co-op Housing Consortium,Mumbai,Powai (Hiranandani Gardens),IN,"H2-4, Powai (Hiranandani Gardens), Mumbai 400076, Maharashtra, India",400076,Gated Residential Society,0,48,P51800080414,19.124624,72.912444,Trophy / Ultra-Prime,osm_maharera_cadastral_enriched,0.88
b64d0a15-1ac4-4872-89d5-4f0a7d6c5e2e,H2-7,h2 7,Reputed Developer / Co-op Housing Consortium,Mumbai,Powai (Hiranandani Gardens),IN,"H2-7, Powai (Hiranandani Gardens), Mumbai 400076, Maharashtra, India",400076,Gated Residential Society,0,48,P51800037043,19.124761,72.912188,Trophy / Ultra-Prime,osm_maharera_cadastral_enriched,0.88
8348bae4-f347-4f53-81d4-bb95c09958a7,H2-11,h2 11,Reputed Developer / Co-op Housing Consortium,Mumbai,Powai (Hiranandani Gardens),IN,"H2-11, Powai (Hiranandani Gardens), Mumbai 400076, Maharashtra, India",400076,Gated Residential Society,0,48,P51800058653,19.124723,72.9116,Trophy / Ultra-Prime,osm_maharera_cadastral_enriched,0.88
06fb0565-edaf-434b-a296-df7d75aaa560,H2-10,h2 10,Reputed Developer / Co-op Housing Consortium,Mumbai,Powai (Hiranandani Gardens),IN,"H2-10, Powai (Hiranandani Gardens), Mumbai 400076, Maharashtra, India",400076,Gated Residential Society,0,48,P51800027010,19.124441,72.911505,Trophy / Ultra-Prime,osm_maharera_cadastral_enriched,0.88
dc5ede65-ebe7-41ab-aa58-ef9b7d085c3a,2B-15,2b 15,Reputed Developer / Co-op Housing Consortium,Mumbai,Powai (Hiranandani Gardens),IN,"2B-15, Powai (Hiranandani Gardens), Mumbai 400076, Maharashtra, India",400076,Gated Residential Society,0,48,P51800069914,19.124295,72.912834,Trophy / Ultra-Prime,osm_maharera_cadastral_enriched,0.88
d4548a70-6d93-41ec-81b0-5c1346abfd18,H2-8,h2 8,Reputed Developer / Co-op Housing Consortium,Mumbai,Powai (Hiranandani Gardens),IN,"H2-8, Powai (Hiranandani Gardens), Mumbai 400076, Maharashtra, India",400076,Gated Residential Society,0,48,P51800049929,19.124596,72.911846,Trophy / Ultra-Prime,osm_maharera_cadastral_enriched,0.88
0dec938e-f541-4f83-b1be-37509a7055e4,H2-9,h2 9,Reputed Developer / Co-op Housing Consortium,Mumbai,Powai (Hiranandani Gardens),IN,"H2-9, Powai (Hiranandani Gardens), Mumbai 400076, Maharashtra, India",400076,Gated Residential Society,0,48,P51800058612,19.124889,72.911935,Trophy / Ultra-Prime,osm_maharera_cadastral_enriched,0.88
86ef63f2-0d4a-4ed4-b675-9d481d198525,H2-1,h2 1,Reputed Developer / Co-op Housing Consortium,Mumbai,Powai (Hiranandani Gardens),IN,"H2-1, Powai (Hiranandani Gardens), Mumbai 400076, Maharashtra, India",400076,Gated Residential Society,0,48,P51800023397,19.124504,72.912692,Trophy / Ultra-Prime,osm_maharera_cadastral_enriched,0.88
986d02b6-3bee-4470-ba88-bc38ee4ba95b,H2-5,h2 5,Reputed Developer / Co-op Housing Consortium,Mumbai,Powai (Hiranandani Gardens),IN,"H2-5, Powai (Hiranandani Gardens), Mumbai 400076, Maharashtra, India",400076,Gated Residential Society,0,48,P51800012540,19.124926,72.912535,Trophy / Ultra-Prime,osm_maharera_cadastral_enriched,0.88
5179d9c2-8356-49ad-981b-fc230c233c84,H2 24,h2 24,Reputed Developer / Co-op Housing Consortium,Mumbai,Powai (Hiranandani Gardens),IN,"H2 24, Powai (Hiranandani Gardens), Mumbai 400076, Maharashtra, India",400076,Gated Residential Society,0,48,P51800089752,19.124473,72.908639,Trophy / Ultra-Prime,osm_maharera_cadastral_enriched,0.88
2128c94f-4884-4b10-8ca6-2cda6e181d3e,B-11,b 11,Reputed Developer / Co-op Housing Consortium,Mumbai,Powai (Hiranandani Gardens),IN,"B-11, Powai (Hiranandani Gardens), Mumbai 400076, Maharashtra, India",400076,Gated Residential Society,0,48,P51800096790,19.127211,72.914267,Trophy / Ultra-Prime,osm_maharera_cadastral_enriched,0.88
a91dae2d-c081-4d1e-ab77-8ff5838dff85,B - 12,b 12,Reputed Developer / Co-op Housing Consortium,Mumbai,Powai (Hiranandani Gardens),IN,"B - 12, Powai (Hiranandani Gardens), Mumbai 400076, Maharashtra, India",400076,Gated Residential Society,0,48,P51800027521,19.126695,72.91424,Trophy / Ultra-Prime,osm_maharera_cadastral_enriched,0.88
804935ae-294f-490d-b678-e81721eca47d,B - 15,b 15,Reputed Developer / Co-op Housing Consortium,Mumbai,Powai (Hiranandani Gardens),IN,"B - 15, Powai (Hiranandani Gardens), Mumbai 400076, Maharashtra, India",400076,Gated Residential Society,0,48,P51800090663,19.12687,72.914746,Trophy / Ultra-Prime,osm_maharera_cadastral_enriched,0.88
c1c392fb-1f47-4113-96ce-86e4ed04fc04,B16,b16,Reputed Developer / Co-op Housing Consortium,Mumbai,Powai (Hiranandani Gardens),IN,"B16, Powai (Hiranandani Gardens), Mumbai 400076, Maharashtra, India",400076,Gated Residential Society,0,48,P51800031606,19.1264,72.914596,Trophy / Ultra-Prime,osm_maharera_cadastral_enriched,0.88
9cee9dc8-885d-411a-beec-d124b5df395b,B - 10,b 10,Reputed Developer / Co-op Housing Consortium,Mumbai,Powai (Hiranandani Gardens),IN,"B - 10, Powai (Hiranandani Gardens), Mumbai 400076, Maharashtra, India",400076,Gated Residential Society,0,48,P51800069282,19.127971,72.915647,Trophy / Ultra-Prime,osm_maharera_cadastral_enriched,0.88
caa1afac-f872-415c-aac3-88afe11f408d,B,b,Reputed Developer / Co-op Housing Consortium,Mumbai,Powai (Hiranandani Gardens),IN,"B, Powai (Hiranandani Gardens), Mumbai 400076, Maharashtra, India",400076,Gated Residential Society,0,48,P51800049977,19.127486,72.915826,Trophy / Ultra-Prime,osm_maharera_cadastral_enriched,0.88
0dd50e24-1ca6-468b-b6ad-57b95ff929db,2B-17,2b 17,Reputed Developer / Co-op Housing Consortium,Mumbai,Powai (Hiranandani Gardens),IN,"2B-17, Powai (Hiranandani Gardens), Mumbai 400076, Maharashtra, India",400076,Gated Residential Society,0,48,P51800030153,19.124162,72.911547,Trophy / Ultra-Prime,osm_maharera_cadastral_enriched,0.88
48b1da47-7a8f-49b3-af28-f34c8b197263,H2-2,h2 2,Reputed Developer / Co-op Housing Consortium,Mumbai,Powai (Hiranandani Gardens),IN,"H2-2, Powai (Hiranandani Gardens), Mumbai 400076, Maharashtra, India",400076,Gated Residential Society,0,48,P51800064520,19.124744,72.912888,Trophy / Ultra-Prime,osm_maharera_cadastral_enriched,0.88
e4ede5dc-30f7-432b-8620-fee1e360c758,H2-6,h2 6,Reputed Developer / Co-op Housing Consortium,Mumbai,Powai (Hiranandani Gardens),IN,"H2-6, Powai (Hiranandani Gardens), Mumbai 400076, Maharashtra, India",400076,Gated Residential Society,0,48,P51800062995,19.124479,72.912099,Trophy / Ultra-Prime,osm_maharera_cadastral_enriched,0.88
de5e8218-d12d-4258-8439-6f1ff51dfe33,H2-12,h2 12,Reputed Developer / Co-op Housing Consortium,Mumbai,Powai (Hiranandani Gardens),IN,"H2-12, Powai (Hiranandani Gardens), Mumbai 400076, Maharashtra, India",400076,Gated Residential Society,0,48,P51800048050,19.124544,72.91121,Trophy / Ultra-Prime,osm_maharera_cadastral_enriched,0.88
86f62f8a-da0f-485d-9b68-a5f753ae9c20,B-2,b 2,Reputed Developer / Co-op Housing Consortium,Mumbai,Powai (Hiranandani Gardens),IN,"B-2, Powai (Hiranandani Gardens), Mumbai 400076, Maharashtra, India",400076,Gated Residential Society,0,48,P51800033274,19.124611,72.913105,Trophy / Ultra-Prime,osm_maharera_cadastral_enriched,0.88
46721a9c-5d50-44f7-ae7f-deca980c023d,2B-14,2b 14,Reputed Developer / Co-op Housing Consortium,Mumbai,Powai (Hiranandani Gardens),IN,"2B-14, Powai (Hiranandani Gardens), Mumbai 400076, Maharashtra, India",400076,Gated Residential Society,0,48,P51800085726,19.124383,72.913116,Trophy / Ultra-Prime,osm_maharera_cadastral_enriched,0.88
e525ec29-cf26-4b32-bdc1-2bd5a7f7eb9b,2B-16,2b 16,Reputed Developer / Co-op Housing Consortium,Mumbai,Powai (Hiranandani Gardens),IN,"2B-16, Powai (Hiranandani Gardens), Mumbai 400076, Maharashtra, India",400076,Gated Residential Society,0,48,P51800078618,19.124212,72.911982,Trophy / Ultra-Prime,osm_maharera_cadastral_enriched,0.88
07e33c09-d8dc-490b-92f6-78bd8f0e50b9,2B-13,2b 13,Reputed Developer / Co-op Housing Consortium,Mumbai,Powai (Hiranandani Gardens),IN,"2B-13, Powai (Hiranandani Gardens), Mumbai 400076, Maharashtra, India",400076,Gated Residential Society,0,48,P51800021233,19.124176,72.909916,Trophy / Ultra-Prime,osm_maharera_cadastral_enriched,0.88
60f8e936-ea74-4cde-a7f0-87fb38a47ab0,H2-16,h2 16,Reputed Developer / Co-op Housing Consortium,Mumbai,Powai (Hiranandani Gardens),IN,"H2-16, Powai (Hiranandani Gardens), Mumbai 400076, Maharashtra, India",400076,Gated Residential Society,0,48,P51800054228,19.124974,72.90958,Trophy / Ultra-Prime,osm_maharera_cadastral_enriched,0.88
ad70b2cf-b249-4393-bffb-aae9a707b15b,C-12,c 12,Reputed Developer / Co-op Housing Consortium,Mumbai,Powai (Hiranandani Gardens),IN,"C-12, Powai (Hiranandani Gardens), Mumbai 400076, Maharashtra, India",400076,Gated Residential Society,0,48,P51800056047,19.126722,72.917446,Trophy / Ultra-Prime,osm_maharera_cadastral_enriched,0.88
6553b5ae-5044-4906-a821-e28afbf562cc,C-11,c 11,Reputed Developer / Co-op Housing Consortium,Mumbai,Powai (Hiranandani Gardens),IN,"C-11, Powai (Hiranandani Gardens), Mumbai 400076, Maharashtra, India",400076,Gated Residential Society,0,48,P51800092597,19.126458,72.917514,Trophy / Ultra-Prime,osm_maharera_cadastral_enriched,0.88
d687bd10-36d4-4729-b970-6c4d77d76e91,C-13,c 13,Reputed Developer / Co-op Housing Consortium,Mumbai,Powai (Hiranandani Gardens),IN,"C-13, Powai (Hiranandani Gardens), Mumbai 400076, Maharashtra, India",400076,Gated Residential Society,0,48,P51800077333,19.126759,72.917702,Trophy / Ultra-Prime,osm_maharera_cadastral_enriched,0.88
a1284a08-8920-4733-9e32-b06a987205eb,C14,c14,Reputed Developer / Co-op Housing Consortium,Mumbai,Powai (Hiranandani Gardens),IN,"C14, Powai (Hiranandani Gardens), Mumbai 400076, Maharashtra, India",400076,Gated Residential Society,0,48,P51800013317,19.127286,72.918201,Trophy / Ultra-Prime,osm_maharera_cadastral_enriched,0.88
2a38058f-3afd-445e-b8b7-4a305c15c9f9,C15,c15,Reputed Developer / Co-op Housing Consortium,Mumbai,Powai (Hiranandani Gardens),IN,"C15, Powai (Hiranandani Gardens), Mumbai 400076, Maharashtra, India",400076,Gated Residential Society,0,48,P51800072827,19.127544,72.918464,Trophy / Ultra-Prime,osm_maharera_cadastral_enriched,0.88
2ec65828-2fee-41ca-af90-4d3b42e518ae,C18,c18,Reputed Developer / Co-op Housing Consortium,Mumbai,Powai (Hiranandani Gardens),IN,"C18, Powai (Hiranandani Gardens), Mumbai 400076, Maharashtra, India",400076,Gated Residential Society,0,48,P51800055717,19.12781,72.918661,Trophy / Ultra-Prime,osm_maharera_cadastral_enriched,0.88
b3292fa7-54e7-4b78-afd5-a6b802e5ddad,C-8,c 8,Reputed Developer / Co-op Housing Consortium,Mumbai,Powai (Hiranandani Gardens),IN,"C-8, Powai (Hiranandani Gardens), Mumbai 400076, Maharashtra, India",400076,Gated Residential Society,0,48,P51800085928,19.127518,72.917311,Trophy / Ultra-Prime,osm_maharera_cadastral_enriched,0.88
c29d5d8d-705d-4c6b-8455-32cd3e6ea3ff,C-9,c 9,Reputed Developer / Co-op Housing Consortium,Mumbai,Powai (Hiranandani Gardens),IN,"C-9, Powai (Hiranandani Gardens), Mumbai 400076, Maharashtra, India",400076,Gated Residential Society,0,48,P51800039814,19.127202,72.91716,Trophy / Ultra-Prime,osm_maharera_cadastral_enriched,0.88
191faccd-1cb8-4138-b219-f7fe21775de9,C-14,c 14,Reputed Developer / Co-op Housing Consortium,Mumbai,Powai (Hiranandani Gardens),IN,"C-14, Powai (Hiranandani Gardens), Mumbai 400076, Maharashtra, India",400076,Gated Residential Society,0,48,P51800095320,19.127002,72.917962,Trophy / Ultra-Prime,osm_maharera_cadastral_enriched,0.88
1c9b6b6a-cbfa-4e3b-a3f2-85574d62155a,C-16,c 16,Reputed Developer / Co-op Housing Consortium,Mumbai,Powai (Hiranandani Gardens),IN,"C-16, Powai (Hiranandani Gardens), Mumbai 400076, Maharashtra, India",400076,Gated Residential Society,0,48,P51800011153,19.127356,72.917845,Trophy / Ultra-Prime,osm_maharera_cadastral_enriched,0.88
5c77a515-6e30-4f62-8b67-3a9e0bc5c3a7,C-10,c 10,Reputed Developer / Co-op Housing Consortium,Mumbai,Powai (Hiranandani Gardens),IN,"C-10, Powai (Hiranandani Gardens), Mumbai 400076, Maharashtra, India",400076,Gated Residential Society,0,48,P51800049211,19.12745,72.916977,Trophy / Ultra-Prime,osm_maharera_cadastral_enriched,0.88
769f47e5-0bf0-409e-95be-8cd5756393dd,C-6,c 6,Reputed Developer / Co-op Housing Consortium,Mumbai,Powai (Hiranandani Gardens),IN,"C-6, Powai (Hiranandani Gardens), Mumbai 400076, Maharashtra, India",400076,Gated Residential Society,0,48,P51800064095,19.128399,72.9182,Trophy / Ultra-Prime,osm_maharera_cadastral_enriched,0.88
88150407-bf81-4df4-8432-953a9cb3e423,KV-1,kv 1,Reputed Developer / Co-op Housing Consortium,Mumbai,Powai (Hiranandani Gardens),IN,"KV-1, Powai (Hiranandani Gardens), Mumbai 400076, Maharashtra, India",400076,Gated Residential Society,0,48,P51800063129,19.128366,72.91844,Trophy / Ultra-Prime,osm_maharera_cadastral_enriched,0.88
834e77ac-fc9e-4636-9815-6308266a7516,KV-2,kv 2,Reputed Developer / Co-op Housing Consortium,Mumbai,Powai (Hiranandani Gardens),IN,"KV-2, Powai (Hiranandani Gardens), Mumbai 400076, Maharashtra, India",400076,Gated Residential Society,0,48,P51800014510,19.128175,72.918404,Trophy / Ultra-Prime,osm_maharera_cadastral_enriched,0.88
1e132571-ead2-4130-9640-43dd0b32eb52,C-7,c 7,Reputed Developer / Co-op Housing Consortium,Mumbai,Powai (Hiranandani Gardens),IN,"C-7, Powai (Hiranandani Gardens), Mumbai 400076, Maharashtra, India",400076,Gated Residential Society,0,48,P51800053652,19.128241,72.918043,Trophy / Ultra-Prime,osm_maharera_cadastral_enriched,0.88
7a0df5be-c647-4c1f-8df9-bf43fefc8015,Type1 -8,type1 8,Reputed Developer / Co-op Housing Consortium,Mumbai,Powai (Hiranandani Gardens),IN,"Type1 -8, Powai (Hiranandani Gardens), Mumbai 400076, Maharashtra, India",400076,Gated Residential Society,0,48,P51800074706,19.13637,72.91716,Trophy / Ultra-Prime,osm_maharera_cadastral_enriched,0.88
ee2332ab-9465-4b18-a714-df1c6d9815b7,Type1 -9,type1 9,Reputed Developer / Co-op Housing Consortium,Mumbai,Powai (Hiranandani Gardens),IN,"Type1 -9, Powai (Hiranandani Gardens), Mumbai 400076, Maharashtra, India",400076,Gated Residential Society,0,48,P51800033897,19.13643,72.917491,Trophy / Ultra-Prime,osm_maharera_cadastral_enriched,0.88
bf022569-23cb-4854-bc20-ec41463388b5,Type1 -16,type1 16,Reputed Developer / Co-op Housing Consortium,Mumbai,Powai (Hiranandani Gardens),IN,"Type1 -16, Powai (Hiranandani Gardens), Mumbai 400076, Maharashtra, India",400076,Gated Residential Society,0,48,P51800024101,19.136666,72.917442,Trophy / Ultra-Prime,osm_maharera_cadastral_enriched,0.88
d3f6c08e-6e3f-4300-b7dd-091ed8197398,Type1 -13,type1 13,Reputed Developer / Co-op Housing Consortium,Mumbai,Powai (Hiranandani Gardens),IN,"Type1 -13, Powai (Hiranandani Gardens), Mumbai 400076, Maharashtra, India",400076,Gated Residential Society,0,48,P51800099113,19.136857,72.917183,Trophy / Ultra-Prime,osm_maharera_cadastral_enriched,0.88
383d6e46-0104-4546-80ef-8329b7ba372b,Type1 -14,type1 14,Reputed Developer / Co-op Housing Consortium,Mumbai,Powai (Hiranandani Gardens),IN,"Type1 -14, Powai (Hiranandani Gardens), Mumbai 400076, Maharashtra, India",400076,Gated Residential Society,0,48,P51800071636,19.137137,72.917102,Trophy / Ultra-Prime,osm_maharera_cadastral_enriched,0.88
ccd72d5c-28ed-4749-a664-cbb8ea93efb6,QIP -2,qip 2,Reputed Developer / Co-op Housing Consortium,Mumbai,Powai (Hiranandani Gardens),IN,"QIP -2, Powai (Hiranandani Gardens), Mumbai 400076, Maharashtra, India",400076,Gated Residential Society,0,48,P51800036714,19.136398,72.918222,Trophy / Ultra-Prime,osm_maharera_cadastral_enriched,0.88
3c19cc88-3ab3-4158-9338-e8e4599b1e9d,QIP -1,qip 1,Reputed Developer / Co-op Housing Consortium,Mumbai,Powai (Hiranandani Gardens),IN,"QIP -1, Powai (Hiranandani Gardens), Mumbai 400076, Maharashtra, India",400076,Gated Residential Society,0,48,P51800048579,19.136046,72.918224,Trophy / Ultra-Prime,osm_maharera_cadastral_enriched,0.88
33c9c1f3-a2d1-4002-8a16-478a9cd3470a,Type1- 6,type1 6,Reputed Developer / Co-op Housing Consortium,Mumbai,Powai (Hiranandani Gardens),IN,"Type1- 6, Powai (Hiranandani Gardens), Mumbai 400076, Maharashtra, India",400076,Gated Residential Society,0,48,P51800029998,19.13605,72.917563,Trophy / Ultra-Prime,osm_maharera_cadastral_enriched,0.88
1fb2cdf4-fca8-4116-b5a5-7ac7faa6f908,2B-21,2b 21,Reputed Developer / Co-op Housing Consortium,Mumbai,Powai (Hiranandani Gardens),IN,"2B-21, Powai (Hiranandani Gardens), Mumbai 400076, Maharashtra, India",400076,Gated Residential Society,0,48,P51800018513,19.136037,72.91789,Trophy / Ultra-Prime,osm_maharera_cadastral_enriched,0.88
9b7b65e8-21f3-4bbe-9c45-75d6387fe8de,Prasang,prasang,Reputed Developer / Co-op Housing Consortium,Mumbai,Juhu & Vile Parle West,IN,"Prasang, Juhu & Vile Parle West, Mumbai 400049, Maharashtra, India",400049,Gated Residential Society,0,48,P51800011911,19.106428,72.828849,Trophy / Ultra-Prime,osm_maharera_cadastral_enriched,0.88
9c232110-cb2e-4463-aeb7-7d1fbafaf63a,Hastiraj Plot 61-62,hastiraj plot 61 62,Reputed Developer / Co-op Housing Consortium,Mumbai,Juhu & Vile Parle West,IN,"Hastiraj Plot 61-62, Juhu & Vile Parle West, Mumbai 400049, Maharashtra, India",400049,Gated Residential Society,0,48,P51800084169,19.104758,72.844205,Trophy / Ultra-Prime,osm_maharera_cadastral_enriched,0.88
8e70f986-2998-4a63-9e4f-dfb926ea5609,Golden Valley CHS,golden valley chs,Reputed Developer / Co-op Housing Consortium,Mumbai,BKC & Bandra East,IN,"Golden Valley CHS, BKC & Bandra East, Mumbai 400051, Maharashtra, India",400051,Gated Residential Society,0,48,P51800053971,19.076494,72.863658,Trophy / Ultra-Prime,osm_maharera_cadastral_enriched,0.88
3ea19a84-a968-4b40-8286-4a5798044933,JEEVAN SHANTI COLONY,jeevan shanti colony,Reputed Developer / Co-op Housing Consortium,Mumbai,Juhu & Vile Parle West,IN,"JEEVAN SHANTI COLONY, Juhu & Vile Parle West, Mumbai 400049, Maharashtra, India",400049,Gated Residential Society,0,48,P51800037033,19.09166,72.839231,Trophy / Ultra-Prime,osm_maharera_cadastral_enriched,0.88
0b87bf95-7d05-4be1-b231-f9a239ee501e,Maker Kunndan Gardens,maker kunndan gardens,Reputed Developer / Co-op Housing Consortium,Mumbai,Khar & Santacruz West,IN,"Maker Kunndan Gardens, Khar & Santacruz West, Mumbai 400052, Maharashtra, India",400052,Gated Residential Society,0,48,P51800083864,19.087305,72.829549,Trophy / Ultra-Prime,osm_maharera_cadastral_enriched,0.88
9ef17dbd-9eec-4bdd-bd93-f6a6e5dd0b98,Sea View,sea view,Reputed Developer / Co-op Housing Consortium,Mumbai,Colaba & Cuffe Parade,IN,"Sea View, Shahid Bhagat Singh Marg, 1st Pasta Ln, Railway Colony, Colaba, Colaba & Cuffe Parade, Mumbai 400005, Maharashtra, India",400005,Gated Residential Society,0,48,P51900043548,18.918973,72.827634,Trophy / Ultra-Prime,osm_maharera_cadastral_enriched,0.88
485822ab-a2ba-44c7-a200-c30388ffbb58,Joseph's Corner,joseph s corner,Reputed Developer / Co-op Housing Consortium,Mumbai,Bandra West (Pali Hill & Bandstand),IN,"Joseph's Corner, Bandra West (Pali Hill & Bandstand), Mumbai 400050, Maharashtra, India",400050,Gated Residential Society,0,48,P51800021362,19.060171,72.825431,Trophy / Ultra-Prime,osm_maharera_cadastral_enriched,0.88
a9017ac0-4a81-4228-b8d6-5db74628255e,Income Tax Colony,income tax colony,Reputed Developer / Co-op Housing Consortium,Mumbai,Cumballa Hill & Breach Candy,IN,"Income Tax Colony, Cumballa Hill & Breach Candy, Mumbai 400026, Maharashtra, India",400026,Gated Residential Society,0,48,P51900049447,18.972996,72.810141,Trophy / Ultra-Prime,osm_maharera_cadastral_enriched,0.88
aee48fd4-a450-44af-a451-8f2db4cd4306,Rizvi Nagar CHS,rizvi nagar chs,Reputed Developer / Co-op Housing Consortium,Mumbai,Khar & Santacruz West,IN,"Rizvi Nagar CHS, Khar & Santacruz West, Mumbai 400052, Maharashtra, India",400052,Gated Residential Society,0,48,P51800041220,19.08945,72.83867,Trophy / Ultra-Prime,osm_maharera_cadastral_enriched,0.88
5df5178c-7d98-4bdc-af61-71894795d6ea,Anand Darshan,anand darshan,Reputed Developer / Co-op Housing Consortium,Mumbai,Cumballa Hill & Breach Candy,IN,"Anand Darshan, Pedder Road (Gopalrao Deshmukh Marg), Cumballa Hill & Breach Candy, Mumbai 400026, Maharashtra, India",400026,Gated Residential Society,0,48,P51900031248,18.972254,72.809811,Trophy / Ultra-Prime,osm_maharera_cadastral_enriched,0.88
5c26e769-5930-4f19-b4fa-e39bd9f9a94e,Dheeraj Apartment,dheeraj apartment,Reputed Developer / Co-op Housing Consortium,Mumbai,Cumballa Hill & Breach Candy,IN,"Dheeraj Apartment, Pedder Road (Gopalrao Deshmukh Marg), Cumballa Hill & Breach Candy, Mumbai 400026, Maharashtra, India",400026,Gated Residential Society,0,48,P51900059027,18.972713,72.809942,Trophy / Ultra-Prime,osm_maharera_cadastral_enriched,0.88
047d797f-4ce6-434a-989e-408c198e7631,SnehKutir,snehkutir,Reputed Developer / Co-op Housing Consortium,Mumbai,Cumballa Hill & Breach Candy,IN,"SnehKutir, Pedder Road (Gopalrao Deshmukh Marg), Cumballa Hill & Breach Candy, Mumbai 400026, Maharashtra, India",400026,Gated Residential Society,0,48,P51900043710,18.975846,72.80923,Trophy / Ultra-Prime,osm_maharera_cadastral_enriched,0.88
db7b5158-42f6-47a2-b5ef-afab15a8ee2c,Shah Baug,shah baug,Reputed Developer / Co-op Housing Consortium,Mumbai,Cumballa Hill & Breach Candy,IN,"Shah Baug, Cumballa Hill & Breach Candy, Mumbai 400026, Maharashtra, India",400026,Gated Residential Society,0,48,P51900078827,18.976027,72.809244,Trophy / Ultra-Prime,osm_maharera_cadastral_enriched,0.88
f11afde3-89bd-4fb3-be3a-46595aa03475,Clifton,clifton,Reputed Developer / Co-op Housing Consortium,Mumbai,Juhu & Vile Parle West,IN,"Clifton, Juhu & Vile Parle West, Mumbai 400049, Maharashtra, India",400049,Gated Residential Society,0,48,P51800044076,19.105204,72.826232,Trophy / Ultra-Prime,osm_maharera_cadastral_enriched,0.88
113e3d8d-3b47-4f3d-86ab-05380705d040,Gopal Mansion,gopal mansion,Reputed Developer / Co-op Housing Consortium,Mumbai,Bandra West (Pali Hill & Bandstand),IN,"Gopal Mansion, Bandra West (Pali Hill & Bandstand), Mumbai 400050, Maharashtra, India",400050,Gated Residential Society,0,48,P51800057002,19.058556,72.837607,Trophy / Ultra-Prime,osm_maharera_cadastral_enriched,0.88
2ad88ed8-abff-4e2a-91c5-c5e4b66d893d,Vikram Vihar,vikram vihar,Reputed Developer / Co-op Housing Consortium,Mumbai,Juhu & Vile Parle West,IN,"Vikram Vihar, Juhu & Vile Parle West, Mumbai 400049, Maharashtra, India",400049,Gated Residential Society,0,48,P51800069119,19.101383,72.828347,Trophy / Ultra-Prime,osm_maharera_cadastral_enriched,0.88
5524b04f-93a6-4703-a24c-183ab25105c0,Prarthana CHSL,prarthana chsl,Reputed Developer / Co-op Housing Consortium,Mumbai,Juhu & Vile Parle West,IN,"Prarthana CHSL, Juhu & Vile Parle West, Mumbai 400049, Maharashtra, India",400049,Gated Residential Society,0,48,P51800086842,19.11116,72.833609,Trophy / Ultra-Prime,osm_maharera_cadastral_enriched,0.88
d579934a-dece-45d0-8ef1-f6a6da7142a2,Shantivan,shantivan,Reputed Developer / Co-op Housing Consortium,Mumbai,Juhu & Vile Parle West,IN,"Shantivan, Juhu & Vile Parle West, Mumbai 400049, Maharashtra, India",400049,Gated Residential Society,0,48,P51800053485,19.112318,72.834334,Trophy / Ultra-Prime,osm_maharera_cadastral_enriched,0.88
da60e635-7a00-4ae3-a569-2196a16244ad,River Heaven,river heaven,Reputed Developer / Co-op Housing Consortium,Mumbai,Juhu & Vile Parle West,IN,"River Heaven, Juhu & Vile Parle West, Mumbai 400049, Maharashtra, India",400049,Gated Residential Society,0,48,P51800068408,19.112454,72.834526,Trophy / Ultra-Prime,osm_maharera_cadastral_enriched,0.88
f59f6951-b327-4892-a1e5-24a081cac5d3,Keval Kunj,keval kunj,Reputed Developer / Co-op Housing Consortium,Mumbai,Juhu & Vile Parle West,IN,"Keval Kunj, Juhu & Vile Parle West, Mumbai 400049, Maharashtra, India",400049,Gated Residential Society,0,48,P51800039614,19.114939,72.830607,Trophy / Ultra-Prime,osm_maharera_cadastral_enriched,0.88
124c18d9-3239-417e-a5cf-8cbe7245f870,Juhu Ankur,juhu ankur,Reputed Developer / Co-op Housing Consortium,Mumbai,Juhu & Vile Parle West,IN,"Juhu Ankur, Juhu & Vile Parle West, Mumbai 400049, Maharashtra, India",400049,Gated Residential Society,0,48,P51800041647,19.115815,72.833572,Trophy / Ultra-Prime,osm_maharera_cadastral_enriched,0.88
76048707-ca77-487f-898a-c08e57c303e3,Horizon,horizon,Reputed Developer / Co-op Housing Consortium,Mumbai,Juhu & Vile Parle West,IN,"Horizon, Juhu & Vile Parle West, Mumbai 400049, Maharashtra, India",400049,Gated Residential Society,0,48,P51800085057,19.112928,72.830996,Trophy / Ultra-Prime,osm_maharera_cadastral_enriched,0.88
068f09af-19f4-4acf-8a51-324d7fb00557,Laxmi Sadan,laxmi sadan,Reputed Developer / Co-op Housing Consortium,Mumbai,Juhu & Vile Parle West,IN,"Laxmi Sadan, Juhu & Vile Parle West, Mumbai 400049, Maharashtra, India",400049,Gated Residential Society,0,48,P51800064034,19.109252,72.830247,Trophy / Ultra-Prime,osm_maharera_cadastral_enriched,0.88
edee47a6-ac8e-4d59-a845-22494779fdb0,Krishlin,krishlin,Reputed Developer / Co-op Housing Consortium,Mumbai,Juhu & Vile Parle West,IN,"Krishlin, Juhu & Vile Parle West, Mumbai 400049, Maharashtra, India",400049,Gated Residential Society,0,48,P51800030884,19.109068,72.8302,Trophy / Ultra-Prime,osm_maharera_cadastral_enriched,0.88
23b38495-4a39-4f34-a0ef-cd2f11da4363,Saidhar Infinity,saidhar infinity,Reputed Developer / Co-op Housing Consortium,Mumbai,Bandra West (Pali Hill & Bandstand),IN,"Saidhar Infinity, Bandra West (Pali Hill & Bandstand), Mumbai 400050, Maharashtra, India",400050,Gated Residential Society,0,48,P51800010335,19.072178,72.83088,Trophy / Ultra-Prime,osm_maharera_cadastral_enriched,0.88
e4b22aba-2def-4afb-b460-b8c6bfde173b,Vidhaata,vidhaata,Reputed Developer / Co-op Housing Consortium,Mumbai,Bandra West (Pali Hill & Bandstand),IN,"Vidhaata, Bandra West (Pali Hill & Bandstand), Mumbai 400050, Maharashtra, India",400050,Gated Residential Society,0,48,P51800066270,19.07274,72.831714,Trophy / Ultra-Prime,osm_maharera_cadastral_enriched,0.88
6b1e5a5d-2159-418c-824a-70363158b320,Rose Queen,rose queen,Reputed Developer / Co-op Housing Consortium,Mumbai,Bandra West (Pali Hill & Bandstand),IN,"Rose Queen, Bandra West (Pali Hill & Bandstand), Mumbai 400050, Maharashtra, India",400050,Gated Residential Society,0,48,P51800085657,19.072383,72.831754,Trophy / Ultra-Prime,osm_maharera_cadastral_enriched,0.88
bb6bc37b-2168-4f8a-a537-312c49447365,Kumud,kumud,Reputed Developer / Co-op Housing Consortium,Mumbai,Bandra West (Pali Hill & Bandstand),IN,"Kumud, Bandra West (Pali Hill & Bandstand), Mumbai 400050, Maharashtra, India",400050,Gated Residential Society,0,48,P51800081561,19.072546,72.831738,Trophy / Ultra-Prime,osm_maharera_cadastral_enriched,0.88
b0392860-cec6-4201-bba0-35c55092dd9e,Royal's Accord,royal s accord,Reputed Developer / Co-op Housing Consortium,Mumbai,Bandra West (Pali Hill & Bandstand),IN,"Royal's Accord, Bandra West (Pali Hill & Bandstand), Mumbai 400050, Maharashtra, India",400050,Gated Residential Society,0,48,P51800019860,19.070292,72.832692,Trophy / Ultra-Prime,osm_maharera_cadastral_enriched,0.88
77bceac1-a79e-4417-9708-f32c07145c0b,Fortune House,fortune house,Reputed Developer / Co-op Housing Consortium,Mumbai,Bandra West (Pali Hill & Bandstand),IN,"Fortune House, Bandra West (Pali Hill & Bandstand), Mumbai 400050, Maharashtra, India",400050,Gated Residential Society,0,48,P51800040736,19.069919,72.832313,Trophy / Ultra-Prime,osm_maharera_cadastral_enriched,0.88
49b83a86-8b59-4653-9f42-96de66a22869,Primrose Elite,primrose elite,Reputed Developer / Co-op Housing Consortium,Mumbai,Bandra West (Pali Hill & Bandstand),IN,"Primrose Elite, Bandra West (Pali Hill & Bandstand), Mumbai 400050, Maharashtra, India",400050,Gated Residential Society,0,48,P51800048591,19.069119,72.832703,Trophy / Ultra-Prime,osm_maharera_cadastral_enriched,0.88
bc2502cb-da3d-47fb-aa7c-b977ab15f061,Girisant,girisant,Reputed Developer / Co-op Housing Consortium,Mumbai,Bandra West (Pali Hill & Bandstand),IN,"Girisant, Bandra West (Pali Hill & Bandstand), Mumbai 400050, Maharashtra, India",400050,Gated Residential Society,0,48,P51800037475,19.069011,72.833394,Trophy / Ultra-Prime,osm_maharera_cadastral_enriched,0.88
d6f28e2f-fa5e-49e6-8bea-8aec3f7b2bb3,Hicons Enclave,hicons enclave,Reputed Developer / Co-op Housing Consortium,Mumbai,Bandra West (Pali Hill & Bandstand),IN,"Hicons Enclave, Bandra West (Pali Hill & Bandstand), Mumbai 400050, Maharashtra, India",400050,Gated Residential Society,0,48,P51800011436,19.068313,72.833006,Trophy / Ultra-Prime,osm_maharera_cadastral_enriched,0.88
54e54f49-88fa-4055-a3c6-9f410ff31b29,Shyam Kunj,shyam kunj,Reputed Developer / Co-op Housing Consortium,Mumbai,Bandra West (Pali Hill & Bandstand),IN,"Shyam Kunj, Bandra West (Pali Hill & Bandstand), Mumbai 400050, Maharashtra, India",400050,Gated Residential Society,0,48,P51800035329,19.068324,72.833294,Trophy / Ultra-Prime,osm_maharera_cadastral_enriched,0.88
e1b30048-0a8d-48e9-8b55-f83abcff5086,Aroma Residency,aroma residency,Reputed Developer / Co-op Housing Consortium,Mumbai,Bandra West (Pali Hill & Bandstand),IN,"Aroma Residency, Bandra West (Pali Hill & Bandstand), Mumbai 400050, Maharashtra, India",400050,Gated Residential Society,0,48,P51800037286,19.068479,72.833031,Trophy / Ultra-Prime,osm_maharera_cadastral_enriched,0.88
5fb434b9-2c4b-4c44-ab34-f71d8ec07ef9,Pinnacle,pinnacle,Reputed Developer / Co-op Housing Consortium,Mumbai,Bandra West (Pali Hill & Bandstand),IN,"Pinnacle, Bandra West (Pali Hill & Bandstand), Mumbai 400050, Maharashtra, India",400050,Gated Residential Society,0,48,P51800091353,19.068159,72.835671,Trophy / Ultra-Prime,osm_maharera_cadastral_enriched,0.88
8e5e82a1-bdf2-4710-af55-4e61b31508be,Bijlani Bhavan,bijlani bhavan,Reputed Developer / Co-op Housing Consortium,Mumbai,Bandra West (Pali Hill & Bandstand),IN,"Bijlani Bhavan, Bandra West (Pali Hill & Bandstand), Mumbai 400050, Maharashtra, India",400050,Gated Residential Society,0,48,P51800018017,19.067902,72.836072,Trophy / Ultra-Prime,osm_maharera_cadastral_enriched,0.88
911db794-5525-4663-964f-bc9cecca20bf,Sapphire,sapphire,Reputed Developer / Co-op Housing Consortium,Mumbai,Bandra West (Pali Hill & Bandstand),IN,"Sapphire, Bandra West (Pali Hill & Bandstand), Mumbai 400050, Maharashtra, India",400050,Gated Residential Society,0,48,P51800047828,19.066362,72.830593,Trophy / Ultra-Prime,osm_maharera_cadastral_enriched,0.88
e14e0dcc-6201-4dce-b8e3-61c9a4b6ba11,Palatial,palatial,Reputed Developer / Co-op Housing Consortium,Mumbai,Bandra West (Pali Hill & Bandstand),IN,"Palatial, Bandra West (Pali Hill & Bandstand), Mumbai 400050, Maharashtra, India",400050,Gated Residential Society,0,48,P51800050355,19.066629,72.83034,Trophy / Ultra-Prime,osm_maharera_cadastral_enriched,0.88
aea2e660-ef5f-4f32-9100-dd1311eb8d08,Ish Kripa,ish kripa,Reputed Developer / Co-op Housing Consortium,Mumbai,Bandra West (Pali Hill & Bandstand),IN,"Ish Kripa, Bandra West (Pali Hill & Bandstand), Mumbai 400050, Maharashtra, India",400050,Gated Residential Society,0,48,P51800024631,19.067538,72.832505,Trophy / Ultra-Prime,osm_maharera_cadastral_enriched,0.88
7fcf9c94-0a54-4b43-afea-2004ea6e9c53,Khar Friends Society,khar friends society,Reputed Developer / Co-op Housing Consortium,Mumbai,Bandra West (Pali Hill & Bandstand),IN,"Khar Friends Society, 15th Road, Bandra West (Pali Hill & Bandstand), Mumbai 400052, Maharashtra, India",400052,Gated Residential Society,0,48,P51800060857,19.066381,72.832068,Trophy / Ultra-Prime,osm_maharera_cadastral_enriched,0.88
5ffd8718-e335-4e34-b491-dee021ce23d8,New Apsara,new apsara,Reputed Developer / Co-op Housing Consortium,Mumbai,Bandra West (Pali Hill & Bandstand),IN,"New Apsara, 15th Road, Bandra West (Pali Hill & Bandstand), Mumbai 400050, Maharashtra, India",400050,Gated Residential Society,0,48,P51800096182,19.066192,72.832032,Trophy / Ultra-Prime,osm_maharera_cadastral_enriched,0.88
7c9af04f-e5d7-4ea6-b2aa-50a805e20969,Bright Land,bright land,Reputed Developer / Co-op Housing Consortium,Mumbai,Bandra West (Pali Hill & Bandstand),IN,"Bright Land, Bandra West (Pali Hill & Bandstand), Mumbai 400050, Maharashtra, India",400050,Gated Residential Society,0,48,P51800048817,19.066149,72.832399,Trophy / Ultra-Prime,osm_maharera_cadastral_enriched,0.88
732ae384-d6b4-4a35-bb6c-c6f9bf8fb037,Mukund Nivas,mukund nivas,Reputed Developer / Co-op Housing Consortium,Mumbai,Bandra West (Pali Hill & Bandstand),IN,"Mukund Nivas, Bandra West (Pali Hill & Bandstand), Mumbai 400050, Maharashtra, India",400050,Gated Residential Society,0,48,P51800039482,19.066214,72.832842,Trophy / Ultra-Prime,osm_maharera_cadastral_enriched,0.88
6190bedb-5f47-4f0b-b740-8cc43af89ba5,New Ambe Bhavan,new ambe bhavan,Reputed Developer / Co-op Housing Consortium,Mumbai,Bandra West (Pali Hill & Bandstand),IN,"New Ambe Bhavan, Bandra West (Pali Hill & Bandstand), Mumbai 400050, Maharashtra, India",400050,Gated Residential Society,0,48,P51800015240,19.066945,72.833289,Trophy / Ultra-Prime,osm_maharera_cadastral_enriched,0.88
51aefa86-6658-4f31-95d2-b3da5c4f068a,Raj Mahal,raj mahal,Reputed Developer / Co-op Housing Consortium,Mumbai,Bandra West (Pali Hill & Bandstand),IN,"Raj Mahal, Bandra West (Pali Hill & Bandstand), Mumbai 400050, Maharashtra, India",400050,Gated Residential Society,0,48,P51800055848,19.066635,72.833247,Trophy / Ultra-Prime,osm_maharera_cadastral_enriched,0.88
cfa81c5a-0b53-4c21-9dcc-ed21bfd4bd58,Prabhat Kunj,prabhat kunj,Reputed Developer / Co-op Housing Consortium,Mumbai,Bandra West (Pali Hill & Bandstand),IN,"Prabhat Kunj, Bandra West (Pali Hill & Bandstand), Mumbai 400050, Maharashtra, India",400050,Gated Residential Society,0,48,P51800097480,19.066277,72.833754,Trophy / Ultra-Prime,osm_maharera_cadastral_enriched,0.88
8c771070-96b7-42e6-ae4e-01f09809f1f5,Asma Manzil,asma manzil,Reputed Developer / Co-op Housing Consortium,Mumbai,Bandra West (Pali Hill & Bandstand),IN,"Asma Manzil, Bandra West (Pali Hill & Bandstand), Mumbai 400050, Maharashtra, India",400050,Gated Residential Society,0,48,P51800050257,19.054114,72.832045,Trophy / Ultra-Prime,osm_maharera_cadastral_enriched,0.88
01752a05-bf30-4602-89d5-93f6907f2951,Charles House,charles house,Reputed Developer / Co-op Housing Consortium,Mumbai,Bandra West (Pali Hill & Bandstand),IN,"Charles House, Bandra West (Pali Hill & Bandstand), Mumbai 400050, Maharashtra, India",400050,Gated Residential Society,0,48,P51800036648,19.05394,72.831576,Trophy / Ultra-Prime,osm_maharera_cadastral_enriched,0.88
f9e2854b-f935-4d9c-be0f-898e1ecbc20b,Sylvilla,sylvilla,Reputed Developer / Co-op Housing Consortium,Mumbai,Bandra West (Pali Hill & Bandstand),IN,"Sylvilla, Chapel Road, Bandra West (Pali Hill & Bandstand), Mumbai 400050, Maharashtra, India",400050,Gated Residential Society,0,48,P51800082793,19.05279,72.828835,Trophy / Ultra-Prime,osm_maharera_cadastral_enriched,0.88
c6905c3d-d3bf-41c8-8d5d-cb3232d0fc5b,Parijat,parijat,Reputed Developer / Co-op Housing Consortium,Mumbai,Juhu & Vile Parle West,IN,"Parijat, Juhu & Vile Parle West, Mumbai 400049, Maharashtra, India",400049,Gated Residential Society,0,48,P51800090226,19.110866,72.829637,Trophy / Ultra-Prime,osm_maharera_cadastral_enriched,0.88
03eededb-f932-40ce-a39a-b95864aadfaa,Kabir,kabir,Reputed Developer / Co-op Housing Consortium,Mumbai,Juhu & Vile Parle West,IN,"Kabir, Juhu & Vile Parle West, Mumbai 400049, Maharashtra, India",400049,Gated Residential Society,0,48,P51800051026,19.109703,72.829225,Trophy / Ultra-Prime,osm_maharera_cadastral_enriched,0.88
6ac7ea21-f415-4af8-8a1e-8fe1307aa997,Parvati,parvati,Reputed Developer / Co-op Housing Consortium,Mumbai,Juhu & Vile Parle West,IN,"Parvati, Juhu & Vile Parle West, Mumbai 400049, Maharashtra, India",400049,Gated Residential Society,0,48,P51800011270,19.109496,72.829592,Trophy / Ultra-Prime,osm_maharera_cadastral_enriched,0.88
50632c71-bd20-4557-8d1f-bf1bba16fec4,Smruti,smruti,Reputed Developer / Co-op Housing Consortium,Mumbai,Juhu & Vile Parle West,IN,"Smruti, Juhu & Vile Parle West, Mumbai 400049, Maharashtra, India",400049,Gated Residential Society,0,48,P51800083453,19.104822,72.829244,Trophy / Ultra-Prime,osm_maharera_cadastral_enriched,0.88
b8610ce6-4c0d-4256-b726-e3faa800837b,Namrata,namrata,Reputed Developer / Co-op Housing Consortium,Mumbai,Bandra West (Pali Hill & Bandstand),IN,"Namrata, Bandra West (Pali Hill & Bandstand), Mumbai 400050, Maharashtra, India",400050,Gated Residential Society,0,48,P51800036869,19.072633,72.831326,Trophy / Ultra-Prime,osm_maharera_cadastral_enriched,0.88
