id,name,normalized_name,developer_name,city,micro_market,country_code,address,pincode,property_type,levels,units,maharera_reg_no,latitude,longitude,luxury_tier,source_origin,confidence_score
cbfc3afc-d7bf-4e65-945f-accb2761ba10,The Balmoral Estates,the balmoral estates,Kasturi Housing,Pune,Baner & Pan Card Club Rd,IN,"The Balmoral Estates, Baner Road, Baner & Pan Card Club Rd, Pune 411045, Maharashtra, India",411045,Luxury High-Rise Tower,16,64,P52100013608,18.566595,73.7753,Trophy / Ultra-Prime,osm_cadastral_enriched,0.99
7de3b8b0-5fec-4f7f-bbc9-6d84f4d10cd6,Yoo Pune,yoo pune,Panchshil Realty,Pune,Magarpatta City & Hadapsar,IN,"Yoo Pune, Magarpatta City & Hadapsar, Pune 411013, Maharashtra, India",411013,Ultra-Luxury High-Rise Tower,25,100,P52100094820,18.520757,73.92783,Trophy / Ultra-Prime,osm_cadastral_enriched,0.99
0e700edf-281c-4a2e-9701-d5c9bb27570d,Vascon Xotech Homes B WIng,vascon xotech homes b wing,Vascon Engineers,Pune,Hinjewadi (Phases 1-3),IN,"Vascon Xotech Homes B WIng, Hinjewadi (Phases 1-3), Pune 411057, Maharashtra, India",411057,Gated Residential Society,9,36,P52100023958,18.595893,73.742748,Trophy / Ultra-Prime,osm_cadastral_enriched,0.99
c8c29ba8-1d38-47e6-a143-3189917b8096,Marvel Sorrento,marvel sorrento,Marvel Realtors,Pune,Baner & Pan Card Club Rd,IN,"Marvel Sorrento, Marvel Sorrento Lane, Samarth Colony, Near Rohan Seher, Baner, Baner & Pan Card Club Rd, Pune 4110045, Maharashtra, India",4110045,Gated Residential Society,8,32,P52100097378,18.554522,73.77446,Trophy / Ultra-Prime,osm_cadastral_enriched,0.99
97fbb3ec-6e61-47e0-ba9c-567684c2a985,Raheja Vistas,raheja vistas,K Raheja Corp,Pune,NIBM Road & Undri,IN,"Raheja Vistas, NIBM Road & Undri, Pune 411048, Maharashtra, India",411048,Gated Residential Society,0,20,P52100092841,18.472141,73.912686,Trophy / Ultra-Prime,osm_cadastral_enriched,0.96
f60e6294-6f53-4eab-a303-2422ddcc3981,Apostrophe,apostrophe,Kasturi Housing,Pune,Wakad,IN,"Apostrophe, Wakad, Pune 411057, Maharashtra, India",411057,Gated Residential Society,0,20,P52100032273,18.602425,73.763986,Trophy / Ultra-Prime,osm_cadastral_enriched,0.96
332d18d9-dcd7-4837-9e1b-44720d1389e6,Trump Tower,trump tower,Panchshil Realty,Pune,Koregaon Park,IN,"Trump Tower, Koregaon Park, Pune 411001, Maharashtra, India",411001,Luxury High-Rise Tower,0,20,P52100046023,18.551481,73.905332,Trophy / Ultra-Prime,osm_cadastral_enriched,0.96
c37fd2e7-31e8-4728-aece-be40262a5f5c,Raheja Woods,raheja woods,K Raheja Corp,Pune,Koregaon Park,IN,"Raheja Woods, Koregaon Park, Pune 411001, Maharashtra, India",411001,Gated Residential Society,0,20,P52100056298,18.545856,73.897944,Trophy / Ultra-Prime,osm_cadastral_enriched,0.96
83d83e7a-10a9-48ea-8222-58192d4974ff,Marvel Diva,marvel diva,Marvel Realtors,Pune,Magarpatta City & Hadapsar,IN,"Marvel Diva, Magarpatta City & Hadapsar, Pune 411028, Maharashtra, India",411028,Gated Residential Society,0,20,P52100088720,18.521899,73.930985,Trophy / Ultra-Prime,osm_cadastral_enriched,0.96
0e6c3776-5ee1-4ddf-b87a-242548aabea2,One North,one north,Panchshil Realty,Pune,Magarpatta City & Hadapsar,IN,"One North, Magarpatta City & Hadapsar, Pune 411013, Maharashtra, India",411013,Gated Residential Society,0,20,P52100097330,18.520389,73.925193,Trophy / Ultra-Prime,osm_cadastral_enriched,0.96
e13f6d3a-8db1-4f76-85c4-926c95f1bb6c,Vascon Forest County,vascon forest county,Vascon Engineers,Pune,Kharadi & EON IT Corridor,IN,"Vascon Forest County, Kharadi & EON IT Corridor, Pune 411014, Maharashtra, India",411014,Gated Residential Society,0,20,P52100027907,18.557536,73.948309,Trophy / Ultra-Prime,osm_cadastral_enriched,0.96
8279f192-7582-4925-a70a-ba1d9442b355,Marvel Bounty,marvel bounty,Marvel Realtors,Pune,Magarpatta City & Hadapsar,IN,"Marvel Bounty, Malwadi Road, Magarpatta City & Hadapsar, Pune 411028, Maharashtra, India",411028,Gated Residential Society,0,20,P52100026313,18.510798,73.935528,Trophy / Ultra-Prime,osm_cadastral_enriched,0.96
ae5e1ca1-5226-4395-b73a-3e7b51c868b5,Kasturi Legacy,kasturi legacy,Kasturi Housing,Pune,Baner & Pan Card Club Rd,IN,"Kasturi Legacy, Baner & Pan Card Club Rd, Pune 411045, Maharashtra, India",411045,Gated Residential Society,0,20,P52100015598,18.559403,73.776359,Trophy / Ultra-Prime,osm_cadastral_enriched,0.96
f61fca74-0367-4d8a-b84e-f41b86b07169,DSK Kasturi,dsk kasturi,Kasturi Housing,Pune,Bavdhan & Chandani Chowk,IN,"DSK Kasturi, Bavdhan Budruk, Bavdhan & Chandani Chowk, Pune 411021, Maharashtra, India",411021,Gated Residential Society,0,20,P52100043482,18.523473,73.763478,Trophy / Ultra-Prime,osm_cadastral_enriched,0.96
78309e04-8ac7-4360-bf88-e5f6b19ab134,Marvel Sorrento Society,marvel sorrento society,Marvel Realtors,Pune,Baner & Pan Card Club Rd,IN,"Marvel Sorrento Society, Marvel Sorrento Lane, Samarth Colony, Near Rohan Seher, Baner, Baner & Pan Card Club Rd, Pune 4110045, Maharashtra, India",4110045,Gated Residential Society,0,20,P52100088006,18.554525,73.774408,Trophy / Ultra-Prime,osm_cadastral_enriched,0.96
98415e05-fab2-4c6c-9807-2f45aba5811f,Apostrophe Next,apostrophe next,Kasturi Housing,Pune,Wakad,IN,"Apostrophe Next, Wakad, Pune 411057, Maharashtra, India",411057,Gated Residential Society,0,20,P52100035619,18.602477,73.763451,Trophy / Ultra-Prime,osm_cadastral_enriched,0.96
f643f6f3-c1f9-4457-be8f-c083b26fd327,Vascon Xotech Homes,vascon xotech homes,Vascon Engineers,Pune,Hinjewadi (Phases 1-3),IN,"Vascon Xotech Homes, Hinjewadi (Phases 1-3), Pune 411057, Maharashtra, India",411057,Gated Residential Society,0,20,P52100088480,18.596046,73.742518,Trophy / Ultra-Prime,osm_cadastral_enriched,0.96
7444ff11-9383-4288-9e11-a6d1d14b6596,Waterfront,waterfront,Panchshil Realty,Pune,Koregaon Park,IN,"Waterfront, Koregaon Park, Pune 411001, Maharashtra, India",411001,Gated Residential Society,0,20,P52100062519,18.54425,73.901023,Trophy / Ultra-Prime,osm_cadastral_enriched,0.96
63a0ed45-7228-4ad5-9837-af63924601d7,Raheja Garden,raheja garden,K Raheja Corp,Pune,Wanowrie & Fatima Nagar,IN,"Raheja Garden, Wanowrie & Fatima Nagar, Pune 411040, Maharashtra, India",411040,Gated Residential Society,0,20,P52100099381,18.488451,73.896376,Trophy / Ultra-Prime,osm_cadastral_enriched,0.96
e17656de-b554-4e0a-aded-8a17f27b8301,Marvel Imperial,marvel imperial,Marvel Realtors,Pune,Koregaon Park,IN,"Marvel Imperial, Koregaon Park, Pune 411001, Maharashtra, India",411001,Gated Residential Society,0,20,P52100095704,18.537094,73.880051,Trophy / Ultra-Prime,osm_cadastral_enriched,0.96
e8c32214-62ae-41e8-8e34-68807ec8c1ad,Raheja Gardens,raheja gardens,K Raheja Corp,Pune,Wanowrie & Fatima Nagar,IN,"Raheja Gardens, Wanawadi, Wanowrie & Fatima Nagar, Pune 411040, Maharashtra, India",411040,Gated Residential Society,0,20,P52100021694,18.48752,73.896907,Trophy / Ultra-Prime,osm_cadastral_enriched,0.96
79506a7d-b7d9-4e41-8172-c4200ac98510,Marvel Fria,marvel fria,Marvel Realtors,Pune,Greater Pune Urban Corridor,IN,"Marvel Fria, Greater Pune Urban Corridor, Pune 411001, Maharashtra, India",411001,Gated Residential Society,0,20,P52100075849,18.582878,73.969808,Trophy / Ultra-Prime,osm_cadastral_enriched,0.93
58a08bb8-a4ea-4729-b815-315ca34ee8d6,Kasturi Voyage,kasturi voyage,Kasturi Housing,Pune,Greater Pune Urban Corridor,IN,"Kasturi Voyage, Greater Pune Urban Corridor, Pune 411001, Maharashtra, India",411001,Gated Residential Society,0,20,P52100088637,18.66349,73.843739,Trophy / Ultra-Prime,osm_cadastral_enriched,0.93
9c50e40d-8b2e-457f-a198-47e36b2e63b9,Golf Links Pvt Housing Society,golf links pvt housing society,Reputed Developer / Co-op Consortium,Pune,Koregaon Park,IN,"Golf Links Pvt Housing Society, Koregaon Park, Pune 411006, Maharashtra, India",411006,Gated Residential Society,11,44,P52100059073,18.551469,73.892704,Trophy / Ultra-Prime,osm_cadastral_enriched,0.92
67b76be6-fe36-40d1-8575-4ad7b74ff000,Karishma Housing Complex,karishma housing complex,Reputed Developer / Co-op Consortium,Pune,Prabhat Road & Erandwane,IN,"Karishma Housing Complex, G. A. Kulkarni Road, Prabhat Road & Erandwane, Pune 411029, Maharashtra, India",411029,Gated Residential Society,10,40,P52100067693,18.502952,73.821931,Trophy / Ultra-Prime,osm_cadastral_enriched,0.92
94adeaab-403b-4d49-8a15-9e6359fdc9f0,Tower E,tower e,Reputed Developer / Co-op Consortium,Pune,Model Colony & Shivaji Ngr,IN,"Tower E, Model Colony & Shivaji Ngr, Pune 411016, Maharashtra, India",411016,Luxury High-Rise Tower,10,40,P52100069596,18.542625,73.832714,Trophy / Ultra-Prime,osm_cadastral_enriched,0.92
67497ba6-07b1-424d-b0be-ff3f80f03a27,Palak Apartment,palak apartment,Reputed Developer / Co-op Consortium,Pune,Model Colony & Shivaji Ngr,IN,"Palak Apartment, 57 Bhosale Nagar, Model Colony & Shivaji Ngr, Pune 411007, Maharashtra, India",411007,Gated Residential Society,4,16,P52100067745,18.543535,73.835228,Trophy / Ultra-Prime,osm_cadastral_enriched,0.92
3cb52772-84ba-4c9d-9689-32fe44e99078,populer heights 1,populer heights 1,Reputed Developer / Co-op Consortium,Pune,Koregaon Park,IN,"populer heights 1, Burning Ghat Road, Koregaon Park, Pune 411001, Maharashtra, India",411001,Luxury High-Rise Tower,4,16,P52100088654,18.542041,73.887435,Trophy / Ultra-Prime,osm_cadastral_enriched,0.92
aedf6deb-eee6-4ef5-b864-de77e82f5c8e,Nirman Vishnubaug,nirman vishnubaug,Reputed Developer / Co-op Consortium,Pune,Model Colony & Shivaji Ngr,IN,"Nirman Vishnubaug, near Firodiya garden, Model Colony & Shivaji Ngr, Pune 411016, Maharashtra, India",411016,Luxury High-Rise Tower,15,60,P52100088599,18.535797,73.831861,Trophy / Ultra-Prime,osm_cadastral_enriched,0.92
b3004d74-a920-448a-a6ef-7436dcd58b33,Bhagyashree Appartments,bhagyashree appartments,Reputed Developer / Co-op Consortium,Pune,Bhandarkar & Law College,IN,"Bhagyashree Appartments, Senapati Bapat Marg, beside ratna memorial hospital, Bhandarkar & Law College, Pune 411053, Maharashtra, India",411053,Gated Residential Society,4,16,P52100064430,18.528213,73.829359,Trophy / Ultra-Prime,osm_cadastral_enriched,0.92
25efecb8-04c8-4ed1-a436-4dad717397ee,Copa Cabana,copa cabana,Reputed Developer / Co-op Consortium,Pune,Koregaon Park,IN,"Copa Cabana, Koregaon Park, Pune 411001, Maharashtra, India",411001,Gated Residential Society,10,40,P52100042839,18.544788,73.904834,Trophy / Ultra-Prime,osm_cadastral_enriched,0.92
78fef879-18bf-4dbd-abaf-b52320bd6e13,Omkar heights,omkar heights,Reputed Developer / Co-op Consortium,Pune,Koregaon Park,IN,"Omkar heights, Burning Ghat Road, Koregaon Park, Pune 411001, Maharashtra, India",411001,Luxury High-Rise Tower,5,20,P52100088735,18.54223,73.886806,Trophy / Ultra-Prime,osm_cadastral_enriched,0.92
730c9334-84cc-4142-b8cb-9113d266bbd9,HND Jain Hostel,hnd jain hostel,Reputed Developer / Co-op Consortium,Pune,Model Colony & Shivaji Ngr,IN,"HND Jain Hostel, Sanganna Bharma Dhotre Road, Model Colony & Shivaji Ngr, Pune 411016, Maharashtra, India",411016,Gated Residential Society,2,8,P52100076264,18.533271,73.83606,Trophy / Ultra-Prime,osm_cadastral_enriched,0.92
53fd5884-526f-431c-945f-8e7485be41f6,Nilgiri Heights,nilgiri heights,Reputed Developer / Co-op Consortium,Pune,Senapati Bapat Road,IN,"Nilgiri Heights, Senapati Bapat Marg, Senapati Bapat Road, Pune 411016, Maharashtra, India",411016,Luxury High-Rise Tower,8,32,P52100017697,18.534405,73.828606,Trophy / Ultra-Prime,osm_cadastral_enriched,0.92
a4fb4421-6216-4e54-a22b-34db2e0d9d92,Prabhat Vandan,prabhat vandan,Reputed Developer / Co-op Consortium,Pune,Prabhat Road & Erandwane,IN,"Prabhat Vandan, Prabhat Path, Prabhat Road & Erandwane, Pune 411004, Maharashtra, India",411004,Gated Residential Society,4,16,P52100034413,18.513907,73.839558,Trophy / Ultra-Prime,osm_cadastral_enriched,0.92
d0f96a66-320c-41dd-bb4a-f3454049141f,Bonito,bonito,Reputed Developer / Co-op Consortium,Pune,Koregaon Park,IN,"Bonito, Koregaon Park, Pune 411001, Maharashtra, India",411001,Gated Residential Society,10,40,P52100026052,18.544644,73.905293,Trophy / Ultra-Prime,osm_cadastral_enriched,0.92
0c7f0b56-c3fe-4535-956d-3f5cb954a565,Granada,granada,Reputed Developer / Co-op Consortium,Pune,Koregaon Park,IN,"Granada, Koregaon Park, Pune 411001, Maharashtra, India",411001,Gated Residential Society,10,40,P52100075526,18.545544,73.905413,Trophy / Ultra-Prime,osm_cadastral_enriched,0.92
b9994296-a2e8-485b-adba-c7e3e98425da,E,e,Reputed Developer / Co-op Consortium,Pune,Koregaon Park,IN,"E, Koregaon Park, Pune 411001, Maharashtra, India",411001,Gated Residential Society,9,36,P52100088561,18.532229,73.910823,Trophy / Ultra-Prime,osm_cadastral_enriched,0.92
d08f9179-1d60-4052-9dab-15fda65d4fe3,Hotel Radiant Lodge,hotel radiant lodge,Reputed Developer / Co-op Consortium,Pune,Model Colony & Shivaji Ngr,IN,"Hotel Radiant Lodge, Chaturshringi Road, Model Colony & Shivaji Ngr, Pune 411005, Maharashtra, India",411005,Gated Residential Society,5,20,P52100020079,18.525206,73.849408,Trophy / Ultra-Prime,osm_cadastral_enriched,0.92
1feb22e9-17a5-499c-af61-7569281c9682,MESCOE,mescoe,Reputed Developer / Co-op Consortium,Pune,Koregaon Park,IN,"MESCOE, Mangaldas Road, Koregaon Park, Pune 411001, Maharashtra, India",411001,Gated Residential Society,6,24,P52100097348,18.534539,73.880259,Trophy / Ultra-Prime,osm_cadastral_enriched,0.92
70a140c2-3b1e-4b5d-b73e-e66ad411adab,ISHWAR SHARAN,ishwar sharan,Reputed Developer / Co-op Consortium,Pune,Koregaon Park,IN,"ISHWAR SHARAN, North Main Road, Koregaon Park, Pune 411001, Maharashtra, India",411001,Gated Residential Society,8,32,P52100050711,18.538668,73.899541,Trophy / Ultra-Prime,osm_cadastral_enriched,0.92
131d71dc-516e-47ac-85f4-acb111c04dcb,Solitaire Elite Condiminium,solitaire elite condiminium,Reputed Developer / Co-op Consortium,Pune,Model Colony & Shivaji Ngr,IN,"Solitaire Elite Condiminium, Model Colony & Shivaji Ngr, Pune 411016, Maharashtra, India",411016,Gated Residential Society,7,28,P52100096943,18.544117,73.83518,Trophy / Ultra-Prime,osm_cadastral_enriched,0.92
6bba4f5c-1be6-4616-8b0d-97841e972d58,Phoenix Building,phoenix building,Reputed Developer / Co-op Consortium,Pune,Bhandarkar & Law College,IN,"Phoenix Building, Partrakar Nagar internal road, Bhandarkar & Law College, Pune 411016, Maharashtra, India",411016,Gated Residential Society,4,16,P52100056094,18.525376,73.826443,Trophy / Ultra-Prime,osm_cadastral_enriched,0.92
2fd07757-bd19-4a50-89ad-614195d88bfe,Parvati Food mess,parvati food mess,Reputed Developer / Co-op Consortium,Pune,Bhandarkar & Law College,IN,"Parvati Food mess, Partrakar Nagar internal road, Bhandarkar & Law College, Pune 411016, Maharashtra, India",411016,Gated Residential Society,4,16,P52100043601,18.525427,73.826664,Trophy / Ultra-Prime,osm_cadastral_enriched,0.92
0b9fabca-011b-4740-9213-9dcbfd8152f6,Jain Grocery Store,jain grocery store,Reputed Developer / Co-op Consortium,Pune,Prabhat Road & Erandwane,IN,"Jain Grocery Store, Balshastri Jambhekar Marg, Prabhat Road & Erandwane, Pune 411016, Maharashtra, India",411016,Gated Residential Society,3,12,P52100042043,18.524962,73.826828,Trophy / Ultra-Prime,osm_cadastral_enriched,0.92
9dc6defb-0855-4a87-8a11-09294dbe6c52,Dnyanjyoti,dnyanjyoti,Reputed Developer / Co-op Consortium,Pune,Prabhat Road & Erandwane,IN,"Dnyanjyoti, Dattawadi Road, Prabhat Road & Erandwane, Pune 411030, Maharashtra, India",411030,Gated Residential Society,4,16,P52100073769,18.500082,73.839936,Trophy / Ultra-Prime,osm_cadastral_enriched,0.92
2a5ce9ae-230b-4073-8d75-812bec30c489,Gupta,gupta,Reputed Developer / Co-op Consortium,Pune,Prabhat Road & Erandwane,IN,"Gupta, Dattawadi Road, Prabhat Road & Erandwane, Pune 411030, Maharashtra, India",411030,Gated Residential Society,3,12,P52100016607,18.500071,73.840085,Trophy / Ultra-Prime,osm_cadastral_enriched,0.92
1e667e84-f7ea-4c54-b6a8-bded605dbf3e,Sankul Condominium,sankul condominium,Reputed Developer / Co-op Consortium,Pune,Prabhat Road & Erandwane,IN,"Sankul Condominium, Prabhat Road & Erandwane, Pune 411004, Maharashtra, India",411004,Luxury High-Rise Tower,12,48,P52100019102,18.501293,73.832005,Trophy / Ultra-Prime,osm_cadastral_enriched,0.92
b9a4d398-707f-4b9d-b088-3d3e12e6cf01,Silverleaf Apartments,silverleaf apartments,Reputed Developer / Co-op Consortium,Pune,Model Colony & Shivaji Ngr,IN,"Silverleaf Apartments, Model Colony & Shivaji Ngr, Pune 411016, Maharashtra, India",411016,Gated Residential Society,0,20,P52100042713,18.53572,73.835806,Trophy / Ultra-Prime,osm_cadastral_enriched,0.88
2f36abd5-1b85-4a2a-863a-70f3e72e30a5,Patrakar Cooperative Housing Society,patrakar cooperative housing society,Reputed Developer / Co-op Consortium,Pune,Prabhat Road & Erandwane,IN,"Patrakar Cooperative Housing Society, OFF Senapati Bapat Road, Prabhat Road & Erandwane, Pune 411016, Maharashtra, India",411016,Gated Residential Society,0,20,P52100092057,18.523813,73.82747,Trophy / Ultra-Prime,osm_cadastral_enriched,0.88
1ed22c0f-4b2f-49b1-989f-1fc3e2e3aea8,Peacock Palace,peacock palace,Reputed Developer / Co-op Consortium,Pune,Koregaon Park,IN,"Peacock Palace, Road 10, Koregaon Park, Pune 411006, Maharashtra, India",411006,Gated Residential Society,0,20,P52100084154,18.551308,73.903873,Trophy / Ultra-Prime,osm_cadastral_enriched,0.88
fa79c941-0863-44d1-8e75-6f722b6a0143,Saiket Apartments,saiket apartments,Reputed Developer / Co-op Consortium,Pune,Prabhat Road & Erandwane,IN,"Saiket Apartments, Gulli No 15, Prabhat Road, Prabhat Road & Erandwane, Pune 411004, Maharashtra, India",411004,Gated Residential Society,0,20,P52100063524,18.516191,73.830325,Trophy / Ultra-Prime,osm_cadastral_enriched,0.88
304f246a-c987-4a3b-9d80-55ce319a3a89,Adhyatam Bhavan,adhyatam bhavan,Reputed Developer / Co-op Consortium,Pune,Prabhat Road & Erandwane,IN,"Adhyatam Bhavan, Prabhat Road & Erandwane, Pune 411004, Maharashtra, India",411004,Gated Residential Society,0,20,P52100096339,18.518439,73.831348,Trophy / Ultra-Prime,osm_cadastral_enriched,0.88
6e6e61e8-17e7-4d81-be94-53df2478bf37,Kala Basant,kala basant,Reputed Developer / Co-op Consortium,Pune,Prabhat Road & Erandwane,IN,"Kala Basant, 707 Bhandarkar Road, Prabhat Road & Erandwane, Pune 411004, Maharashtra, India",411004,Gated Residential Society,0,20,P52100029050,18.518394,73.831009,Trophy / Ultra-Prime,osm_cadastral_enriched,0.88
f68f692d-7cb5-4171-a31b-fda66393ab1a,Amar Synergy,amar synergy,Reputed Developer / Co-op Consortium,Pune,Boat Club Road,IN,"Amar Synergy, Boat Club Road, Pune 411001, Maharashtra, India",411001,Gated Residential Society,0,20,P52100068588,18.525928,73.877052,Trophy / Ultra-Prime,osm_cadastral_enriched,0.88
cdb0d57e-1764-4f58-8330-0ce407d16309,Welington Gardens,welington gardens,Reputed Developer / Co-op Consortium,Pune,Koregaon Park,IN,"Welington Gardens, Koregaon Park, Pune 411001, Maharashtra, India",411001,Gated Residential Society,0,20,P52100068640,18.536795,73.897715,Trophy / Ultra-Prime,osm_cadastral_enriched,0.88
1b75266d-803b-45ca-a94a-e8fd523c467a,Winterberry Purple,winterberry purple,Reputed Developer / Co-op Consortium,Pune,Koregaon Park,IN,"Winterberry Purple, Koregaon Park, Pune 411001, Maharashtra, India",411001,Gated Residential Society,0,20,P52100087578,18.536493,73.897759,Trophy / Ultra-Prime,osm_cadastral_enriched,0.88
b46af71c-cc5e-47f9-8790-1f97100f4b80,FTII Residential Colony,ftii residential colony,Reputed Developer / Co-op Consortium,Pune,Prabhat Road & Erandwane,IN,"FTII Residential Colony, Prabhat Road & Erandwane, Pune 411004, Maharashtra, India",411004,Gated Residential Society,0,20,P52100045860,18.512611,73.829247,Trophy / Ultra-Prime,osm_cadastral_enriched,0.88
3bfcf764-6615-4a4f-aab2-f9b825e776c5,desa house,desa house,Reputed Developer / Co-op Consortium,Pune,Koregaon Park,IN,"desa house, harinagar road, Koregaon Park, Pune 411001, Maharashtra, India",411001,Gated Residential Society,0,20,P52100033879,18.550898,73.908094,Trophy / Ultra-Prime,osm_cadastral_enriched,0.88
fd960187-a25c-4874-b311-3a377e311841,Sandip society,sandip society,Reputed Developer / Co-op Consortium,Pune,Prabhat Road & Erandwane,IN,"Sandip society, Prabhat Road & Erandwane, Pune 411004, Maharashtra, India",411004,Gated Residential Society,0,20,P52100010295,18.500771,73.831172,Trophy / Ultra-Prime,osm_cadastral_enriched,0.88
ad6bf415-8db8-44d4-8590-b605264c1e38,River Vista,river vista,Reputed Developer / Co-op Consortium,Pune,Koregaon Park,IN,"River Vista, Koregaon Park, Pune 411001, Maharashtra, India",411001,Gated Residential Society,0,20,P52100043019,18.549978,73.892997,Trophy / Ultra-Prime,osm_cadastral_enriched,0.88
963e68b8-605d-4824-813d-3dd4ce61c4c9,God's Blessing,god s blessing,Reputed Developer / Co-op Consortium,Pune,Koregaon Park,IN,"God's Blessing, Koregaon Park, Pune 411001, Maharashtra, India",411001,Gated Residential Society,0,20,P52100079894,18.539001,73.907159,Trophy / Ultra-Prime,osm_cadastral_enriched,0.88
560f0775-f97c-42ee-9403-6fdfbc55618a,Eden Garden Society,eden garden society,Reputed Developer / Co-op Consortium,Pune,Kalyani Nagar,IN,"Eden Garden Society, Kalyani Nagar, Pune 411006, Maharashtra, India",411006,Gated Residential Society,0,20,P52100024555,18.560536,73.914823,Trophy / Ultra-Prime,osm_cadastral_enriched,0.88
79ed93cf-bcc1-4544-963e-4ac15e06f3aa,Patil Estate,patil estate,Reputed Developer / Co-op Consortium,Pune,Model Colony & Shivaji Ngr,IN,"Patil Estate, Model Colony & Shivaji Ngr, Pune 411016, Maharashtra, India",411016,Gated Residential Society,0,20,P52100085280,18.532912,73.853967,Trophy / Ultra-Prime,osm_cadastral_enriched,0.88
1ea35f6f-8b0b-4ad8-b3fb-b77f5526093b,Old Boys' Hostel,old boys hostel,Reputed Developer / Co-op Consortium,Pune,Prabhat Road & Erandwane,IN,"Old Boys' Hostel, Prabhat Road & Erandwane, Pune 411004, Maharashtra, India",411004,Gated Residential Society,0,20,P52100090900,18.513157,73.825509,Trophy / Ultra-Prime,osm_cadastral_enriched,0.88
c5f7f963-c635-414b-8c78-ee986a1956fb,Girls Hostel,girls hostel,Reputed Developer / Co-op Consortium,Pune,Prabhat Road & Erandwane,IN,"Girls Hostel, Prabhat Road & Erandwane, Pune 411004, Maharashtra, India",411004,Gated Residential Society,0,20,P52100069560,18.513501,73.828068,Trophy / Ultra-Prime,osm_cadastral_enriched,0.88
2a91076d-fca6-44c8-aeee-683b0f1eb8c4,"PMC Colony, Rajendranagar",pmc colony rajendranagar,Reputed Developer / Co-op Consortium,Pune,Prabhat Road & Erandwane,IN,"PMC Colony, Rajendranagar, Prabhat Road & Erandwane, Pune 411004, Maharashtra, India",411004,Gated Residential Society,0,20,P52100029604,18.503025,73.841709,Trophy / Ultra-Prime,osm_cadastral_enriched,0.88
a3e0552f-01ee-4a27-8b1e-41804d5c5c44,Phatak Bag,phatak bag,Reputed Developer / Co-op Consortium,Pune,Prabhat Road & Erandwane,IN,"Phatak Bag, Prabhat Road & Erandwane, Pune 411004, Maharashtra, India",411004,Gated Residential Society,0,20,P52100059802,18.505799,73.840112,Trophy / Ultra-Prime,osm_cadastral_enriched,0.88
dcb6d5a8-d64d-4f9b-ba70-e5c77b3d6096,Rajendranagar,rajendranagar,Reputed Developer / Co-op Consortium,Pune,Prabhat Road & Erandwane,IN,"Rajendranagar, Prabhat Road & Erandwane, Pune 411004, Maharashtra, India",411004,Gated Residential Society,0,20,P52100026191,18.503764,73.842156,Trophy / Ultra-Prime,osm_cadastral_enriched,0.88
a21ccf9e-6e8b-4064-bb54-8fbd7de45403,Karishma,karishma,Reputed Developer / Co-op Consortium,Pune,Prabhat Road & Erandwane,IN,"Karishma, Prabhat Road & Erandwane, Pune 411004, Maharashtra, India",411004,Gated Residential Society,0,20,P52100051537,18.50305,73.822589,Trophy / Ultra-Prime,osm_cadastral_enriched,0.88
384a3415-a95f-45ad-81ab-b8dad26fa4b7,Khilarewadi,khilarewadi,Reputed Developer / Co-op Consortium,Pune,Prabhat Road & Erandwane,IN,"Khilarewadi, Prabhat Road & Erandwane, Pune 411004, Maharashtra, India",411004,Gated Residential Society,0,20,P52100015472,18.508484,73.836364,Trophy / Ultra-Prime,osm_cadastral_enriched,0.88
a46f9747-40a8-4ff8-8ef0-eb395b893f0e,Himali Society,himali society,Reputed Developer / Co-op Consortium,Pune,Prabhat Road & Erandwane,IN,"Himali Society, Prabhat Road & Erandwane, Pune 411004, Maharashtra, India",411004,Gated Residential Society,0,20,P52100059958,18.503265,73.832844,Trophy / Ultra-Prime,osm_cadastral_enriched,0.88
3e36b5b4-7625-450b-bac5-414dbbda798b,Wellesley Hotel,wellesley hotel,Reputed Developer / Co-op Consortium,Pune,Boat Club Road,IN,"Wellesley Hotel, Boat Club Road, Pune 411001, Maharashtra, India",411001,Gated Residential Society,0,20,P52100014275,18.526245,73.876724,Trophy / Ultra-Prime,osm_cadastral_enriched,0.88
fcce786d-8bfc-4ef9-a683-968985a9b827,Malati Madhav Apartments,malati madhav apartments,Reputed Developer / Co-op Consortium,Pune,Prabhat Road & Erandwane,IN,"Malati Madhav Apartments, Bhandarkar Path, Prabhat Road & Erandwane, Pune 411004, Maharashtra, India",411004,Gated Residential Society,0,20,P52100099244,18.519146,73.831774,Trophy / Ultra-Prime,osm_cadastral_enriched,0.88
a55c3e55-7175-419b-bf18-57ec1bae27db,Asara Aparments,asara aparments,Reputed Developer / Co-op Consortium,Pune,Prabhat Road & Erandwane,IN,"Asara Aparments, Lane 12, Prabhat Road, Prabhat Road & Erandwane, Pune 411004, Maharashtra, India",411004,Gated Residential Society,0,20,P52100010472,18.515767,73.832996,Trophy / Ultra-Prime,osm_cadastral_enriched,0.88
34dbdcf6-c3ac-4dcf-8bfc-0c1df176fac3,Panchang Apartment,panchang apartment,Reputed Developer / Co-op Consortium,Pune,Model Colony & Shivaji Ngr,IN,"Panchang Apartment, Model Colony & Shivaji Ngr, Pune 411016, Maharashtra, India",411016,Gated Residential Society,0,20,P52100067379,18.543128,73.837919,Trophy / Ultra-Prime,osm_cadastral_enriched,0.88
0831b596-12c9-4ca5-9466-255c588a957c,Bhagwat Apartments,bhagwat apartments,Reputed Developer / Co-op Consortium,Pune,Model Colony & Shivaji Ngr,IN,"Bhagwat Apartments, Model Colony & Shivaji Ngr, Pune 411016, Maharashtra, India",411016,Gated Residential Society,0,20,P52100035899,18.544455,73.836126,Trophy / Ultra-Prime,osm_cadastral_enriched,0.88
adc628f9-36c2-47fb-ad79-2f5fd1c8d716,Akashdeep Apartment,akashdeep apartment,Reputed Developer / Co-op Consortium,Pune,Model Colony & Shivaji Ngr,IN,"Akashdeep Apartment, Model Colony & Shivaji Ngr, Pune 411016, Maharashtra, India",411016,Gated Residential Society,0,20,P52100021204,18.544308,73.835546,Trophy / Ultra-Prime,osm_cadastral_enriched,0.88
5f074899-a516-43aa-a146-266da888eaa1,Shirodkar Society,shirodkar society,Reputed Developer / Co-op Consortium,Pune,Model Colony & Shivaji Ngr,IN,"Shirodkar Society, Model Colony & Shivaji Ngr, Pune 411016, Maharashtra, India",411016,Gated Residential Society,0,20,P52100025801,18.541755,73.834208,Trophy / Ultra-Prime,osm_cadastral_enriched,0.88
152418a0-e2e5-48d3-b151-44dbbd7a4faf,Anumika Apartment,anumika apartment,Reputed Developer / Co-op Consortium,Pune,Model Colony & Shivaji Ngr,IN,"Anumika Apartment, Model Colony & Shivaji Ngr, Pune 411016, Maharashtra, India",411016,Gated Residential Society,0,20,P52100088562,18.543192,73.835405,Trophy / Ultra-Prime,osm_cadastral_enriched,0.88
c957ffa0-4ef8-429d-b9d9-9817b517534b,Kamate House,kamate house,Reputed Developer / Co-op Consortium,Pune,Model Colony & Shivaji Ngr,IN,"Kamate House, Model Colony & Shivaji Ngr, Pune 411016, Maharashtra, India",411016,Gated Residential Society,0,20,P52100065138,18.541068,73.833925,Trophy / Ultra-Prime,osm_cadastral_enriched,0.88
e4017633-4c10-479b-b5d6-c24891c58214,Amar Vision,amar vision,Reputed Developer / Co-op Consortium,Pune,Model Colony & Shivaji Ngr,IN,"Amar Vision, Model Colony & Shivaji Ngr, Pune 411016, Maharashtra, India",411016,Gated Residential Society,0,20,P52100036662,18.543293,73.834478,Trophy / Ultra-Prime,osm_cadastral_enriched,0.88
c8a83c24-b564-4ea6-9c4d-74310a1a002b,Elit House,elit house,Reputed Developer / Co-op Consortium,Pune,Model Colony & Shivaji Ngr,IN,"Elit House, Model Colony & Shivaji Ngr, Pune 411016, Maharashtra, India",411016,Gated Residential Society,0,20,P52100086262,18.544209,73.834645,Trophy / Ultra-Prime,osm_cadastral_enriched,0.88
2091ac64-9226-4003-ac54-a7a931593699,Tower C,tower c,Reputed Developer / Co-op Consortium,Pune,Model Colony & Shivaji Ngr,IN,"Tower C, Model Colony & Shivaji Ngr, Pune 411016, Maharashtra, India",411016,Luxury High-Rise Tower,0,20,P52100019818,18.542093,73.831968,Trophy / Ultra-Prime,osm_cadastral_enriched,0.88
6133f2d7-7d29-4616-bf07-46db4844f72e,Tower A,tower a,Reputed Developer / Co-op Consortium,Pune,Model Colony & Shivaji Ngr,IN,"Tower A, Model Colony & Shivaji Ngr, Pune 411016, Maharashtra, India",411016,Luxury High-Rise Tower,0,20,P52100056476,18.541612,73.832717,Trophy / Ultra-Prime,osm_cadastral_enriched,0.88
f3a25c84-24e0-4e88-8d1c-84c0b340ef6f,Tower D,tower d,Reputed Developer / Co-op Consortium,Pune,Model Colony & Shivaji Ngr,IN,"Tower D, Model Colony & Shivaji Ngr, Pune 411016, Maharashtra, India",411016,Luxury High-Rise Tower,0,20,P52100090037,18.542358,73.832337,Trophy / Ultra-Prime,osm_cadastral_enriched,0.88
2e065bf9-58bf-4b4f-b6b2-ae3a9515734a,Tower B,tower b,Reputed Developer / Co-op Consortium,Pune,Model Colony & Shivaji Ngr,IN,"Tower B, Model Colony & Shivaji Ngr, Pune 411016, Maharashtra, India",411016,Luxury High-Rise Tower,0,20,P52100054631,18.541871,73.832342,Trophy / Ultra-Prime,osm_cadastral_enriched,0.88
3c33ec5b-790c-47b7-93b3-8387a2f3b984,Darshana Apartments,darshana apartments,Reputed Developer / Co-op Consortium,Pune,Model Colony & Shivaji Ngr,IN,"Darshana Apartments, Model Colony & Shivaji Ngr, Pune 411016, Maharashtra, India",411016,Gated Residential Society,0,20,P52100063731,18.544159,73.83556,Trophy / Ultra-Prime,osm_cadastral_enriched,0.88
f495ba3e-ea6d-44c6-ba2c-b20e97ef74a4,Asawari Apartment,asawari apartment,Reputed Developer / Co-op Consortium,Pune,Model Colony & Shivaji Ngr,IN,"Asawari Apartment, Model Colony & Shivaji Ngr, Pune 411016, Maharashtra, India",411016,Gated Residential Society,0,20,P52100070114,18.544932,73.834322,Trophy / Ultra-Prime,osm_cadastral_enriched,0.88
70001fed-c93a-4b33-b66c-2c41164889eb,Aneeta Apartment,aneeta apartment,Reputed Developer / Co-op Consortium,Pune,Model Colony & Shivaji Ngr,IN,"Aneeta Apartment, Model Colony & Shivaji Ngr, Pune 411016, Maharashtra, India",411016,Gated Residential Society,0,20,P52100026709,18.542379,73.83581,Trophy / Ultra-Prime,osm_cadastral_enriched,0.88
1ff044c0-adff-4d85-a880-d358b01a58ec,Laxmi Kuti Apartment,laxmi kuti apartment,Reputed Developer / Co-op Consortium,Pune,Model Colony & Shivaji Ngr,IN,"Laxmi Kuti Apartment, Model Colony & Shivaji Ngr, Pune 411016, Maharashtra, India",411016,Gated Residential Society,0,20,P52100099180,18.543026,73.834898,Trophy / Ultra-Prime,osm_cadastral_enriched,0.88
92835513-7b85-4e7a-9602-4826364a5cda,Rajshree Apartments,rajshree apartments,Reputed Developer / Co-op Consortium,Pune,Model Colony & Shivaji Ngr,IN,"Rajshree Apartments, Model Colony & Shivaji Ngr, Pune 411016, Maharashtra, India",411016,Gated Residential Society,0,20,P52100096551,18.543243,73.834771,Trophy / Ultra-Prime,osm_cadastral_enriched,0.88
08b15a29-d6e1-453c-b336-ccb62535ae02,Gurukripa Apartment,gurukripa apartment,Reputed Developer / Co-op Consortium,Pune,Model Colony & Shivaji Ngr,IN,"Gurukripa Apartment, Model Colony & Shivaji Ngr, Pune 411016, Maharashtra, India",411016,Gated Residential Society,0,20,P52100085856,18.54208,73.836581,Trophy / Ultra-Prime,osm_cadastral_enriched,0.88
c50e4f6a-aa69-4a5a-840a-ced7afc1464a,Amiya Apartment,amiya apartment,Reputed Developer / Co-op Consortium,Pune,Model Colony & Shivaji Ngr,IN,"Amiya Apartment, Model Colony & Shivaji Ngr, Pune 411016, Maharashtra, India",411016,Gated Residential Society,0,20,P52100067362,18.544349,73.83437,Trophy / Ultra-Prime,osm_cadastral_enriched,0.88
0cce847e-e88e-4d95-b557-88a4566120f1,Maloy Classic,maloy classic,Reputed Developer / Co-op Consortium,Pune,Model Colony & Shivaji Ngr,IN,"Maloy Classic, Model Colony & Shivaji Ngr, Pune 411016, Maharashtra, India",411016,Gated Residential Society,0,20,P52100032865,18.541504,73.834794,Trophy / Ultra-Prime,osm_cadastral_enriched,0.88
2d9e802c-e892-492c-b67c-8f853e8abe91,Sajai Apartment,sajai apartment,Reputed Developer / Co-op Consortium,Pune,Model Colony & Shivaji Ngr,IN,"Sajai Apartment, Model Colony & Shivaji Ngr, Pune 411016, Maharashtra, India",411016,Gated Residential Society,0,20,P52100098458,18.542253,73.836602,Trophy / Ultra-Prime,osm_cadastral_enriched,0.88
cdd099f8-b702-403c-b6ba-dfaf8d47e31f,Sayantara Apartment,sayantara apartment,Reputed Developer / Co-op Consortium,Pune,Model Colony & Shivaji Ngr,IN,"Sayantara Apartment, Model Colony & Shivaji Ngr, Pune 411016, Maharashtra, India",411016,Gated Residential Society,0,20,P52100070143,18.543134,73.836027,Trophy / Ultra-Prime,osm_cadastral_enriched,0.88
ae25101b-1791-493a-82c6-c813779f41c3,Geetanjali,geetanjali,Reputed Developer / Co-op Consortium,Pune,Model Colony & Shivaji Ngr,IN,"Geetanjali, Model Colony & Shivaji Ngr, Pune 411016, Maharashtra, India",411016,Gated Residential Society,0,20,P52100067535,18.543467,73.835588,Trophy / Ultra-Prime,osm_cadastral_enriched,0.88
00c50b54-fda4-4124-b817-85fa08accdf6,Nayan Apartment,nayan apartment,Reputed Developer / Co-op Consortium,Pune,Model Colony & Shivaji Ngr,IN,"Nayan Apartment, Model Colony & Shivaji Ngr, Pune 411016, Maharashtra, India",411016,Gated Residential Society,0,20,P52100027355,18.541637,73.833638,Trophy / Ultra-Prime,osm_cadastral_enriched,0.88
731f1a5a-1876-4f75-993b-e1d5ccfcb824,Patil Heritage,patil heritage,Reputed Developer / Co-op Consortium,Pune,Model Colony & Shivaji Ngr,IN,"Patil Heritage, Model Colony & Shivaji Ngr, Pune 411016, Maharashtra, India",411016,Gated Residential Society,0,20,P52100017666,18.541609,73.834548,Trophy / Ultra-Prime,osm_cadastral_enriched,0.88
bfe60be7-4343-4b63-8b6d-9cc335c91af7,Shreyas August,shreyas august,Reputed Developer / Co-op Consortium,Pune,Model Colony & Shivaji Ngr,IN,"Shreyas August, Model Colony & Shivaji Ngr, Pune 411016, Maharashtra, India",411016,Gated Residential Society,0,20,P52100057823,18.543869,73.834704,Trophy / Ultra-Prime,osm_cadastral_enriched,0.88
c33cbcd1-9803-40f4-a0a0-4b7d3c4ab775,Jeevan Vihar Society,jeevan vihar society,Reputed Developer / Co-op Consortium,Pune,Model Colony & Shivaji Ngr,IN,"Jeevan Vihar Society, Model Colony & Shivaji Ngr, Pune 411016, Maharashtra, India",411016,Gated Residential Society,0,20,P52100028434,18.543487,73.83585,Trophy / Ultra-Prime,osm_cadastral_enriched,0.88
01a9f51c-95de-4d36-be99-2b596548d4bf,Elite Apartment,elite apartment,Reputed Developer / Co-op Consortium,Pune,Model Colony & Shivaji Ngr,IN,"Elite Apartment, Model Colony & Shivaji Ngr, Pune 411016, Maharashtra, India",411016,Gated Residential Society,0,20,P52100077165,18.544147,73.8349,Trophy / Ultra-Prime,osm_cadastral_enriched,0.88
385f7111-6f76-4bd0-8c89-9881a1fcacf8,Patil Niwas,patil niwas,Reputed Developer / Co-op Consortium,Pune,Model Colony & Shivaji Ngr,IN,"Patil Niwas, Model Colony & Shivaji Ngr, Pune 411016, Maharashtra, India",411016,Gated Residential Society,0,20,P52100068719,18.542493,73.836187,Trophy / Ultra-Prime,osm_cadastral_enriched,0.88
a3de4db1-a17a-4830-a7b5-3d73bab4d2df,Godavari Apartment,godavari apartment,Reputed Developer / Co-op Consortium,Pune,Model Colony & Shivaji Ngr,IN,"Godavari Apartment, Model Colony & Shivaji Ngr, Pune 411016, Maharashtra, India",411016,Gated Residential Society,0,20,P52100058213,18.543329,73.834092,Trophy / Ultra-Prime,osm_cadastral_enriched,0.88
3b19b548-6cea-4aeb-bc00-d3c4908fe1eb,Nidus Suite,nidus suite,Reputed Developer / Co-op Consortium,Pune,Model Colony & Shivaji Ngr,IN,"Nidus Suite, Model Colony & Shivaji Ngr, Pune 411016, Maharashtra, India",411016,Gated Residential Society,0,20,P52100089839,18.542792,73.83375,Trophy / Ultra-Prime,osm_cadastral_enriched,0.88
1844c012-68c1-4d1d-9323-21e7abab9f5b,Samta Society,samta society,Reputed Developer / Co-op Consortium,Pune,Model Colony & Shivaji Ngr,IN,"Samta Society, Model Colony & Shivaji Ngr, Pune 411016, Maharashtra, India",411016,Gated Residential Society,0,20,P52100071438,18.542684,73.835489,Trophy / Ultra-Prime,osm_cadastral_enriched,0.88
ab7876ef-89bd-49b6-a72e-15be4299857f,Bhosale Saptasur,bhosale saptasur,Reputed Developer / Co-op Consortium,Pune,Model Colony & Shivaji Ngr,IN,"Bhosale Saptasur, Model Colony & Shivaji Ngr, Pune 411016, Maharashtra, India",411016,Gated Residential Society,0,20,P52100085008,18.54363,73.834393,Trophy / Ultra-Prime,osm_cadastral_enriched,0.88
9e998718-a12b-4339-b6e9-ab1ccf4bb449,Shivchatra Apartments,shivchatra apartments,Reputed Developer / Co-op Consortium,Pune,Model Colony & Shivaji Ngr,IN,"Shivchatra Apartments, Model Colony & Shivaji Ngr, Pune 411016, Maharashtra, India",411016,Gated Residential Society,0,20,P52100023519,18.54236,73.836955,Trophy / Ultra-Prime,osm_cadastral_enriched,0.88
7c4235b0-902c-4a37-b736-7e63479b4aa4,Mseb Joy Maa Apartment,mseb joy maa apartment,Reputed Developer / Co-op Consortium,Pune,Model Colony & Shivaji Ngr,IN,"Mseb Joy Maa Apartment, Model Colony & Shivaji Ngr, Pune 411016, Maharashtra, India",411016,Gated Residential Society,0,20,P52100037570,18.542475,73.834033,Trophy / Ultra-Prime,osm_cadastral_enriched,0.88
e04fcbb5-7154-4855-bc7e-031b79903f26,Nanda Apartment,nanda apartment,Reputed Developer / Co-op Consortium,Pune,Model Colony & Shivaji Ngr,IN,"Nanda Apartment, Model Colony & Shivaji Ngr, Pune 411016, Maharashtra, India",411016,Gated Residential Society,0,20,P52100065971,18.543869,73.833035,Trophy / Ultra-Prime,osm_cadastral_enriched,0.88
a2b20ec7-4dfa-45b8-8ad7-d6b8cb2a54c9,Rocket Momos,rocket momos,Reputed Developer / Co-op Consortium,Pune,Koregaon Park,IN,"Rocket Momos, Koregaon Park, Pune 411001, Maharashtra, India",411001,Gated Residential Society,0,20,P52100066878,18.539828,73.893055,Trophy / Ultra-Prime,osm_cadastral_enriched,0.88
acb2758e-ca72-45c5-be04-620b13ced311,Sujata Society,sujata society,Reputed Developer / Co-op Consortium,Pune,Koregaon Park,IN,"Sujata Society, Koregaon Park, Pune 411001, Maharashtra, India",411001,Gated Residential Society,0,20,P52100097608,18.539555,73.884137,Trophy / Ultra-Prime,osm_cadastral_enriched,0.88
e6ad59f0-7db7-4ddd-beb6-288f76a23650,Shangrila Apartment,shangrila apartment,Reputed Developer / Co-op Consortium,Pune,Koregaon Park,IN,"Shangrila Apartment, Koregaon Park, Pune 411001, Maharashtra, India",411001,Gated Residential Society,0,20,P52100052989,18.540009,73.885118,Trophy / Ultra-Prime,osm_cadastral_enriched,0.88
fb7be29f-6746-4756-be4a-ca083eafcf70,Rajprasad Cooperative Housing Society,rajprasad cooperative housing society,Reputed Developer / Co-op Consortium,Pune,Model Colony & Shivaji Ngr,IN,"Rajprasad Cooperative Housing Society, Model Colony & Shivaji Ngr, Pune 411016, Maharashtra, India",411016,Gated Residential Society,0,20,P52100095191,18.542089,73.830659,Trophy / Ultra-Prime,osm_cadastral_enriched,0.88
d2312902-ac05-4c23-b505-9299eae28d63,Bhairavi Apartments,bhairavi apartments,Reputed Developer / Co-op Consortium,Pune,Model Colony & Shivaji Ngr,IN,"Bhairavi Apartments, Model Colony & Shivaji Ngr, Pune 411016, Maharashtra, India",411016,Gated Residential Society,0,20,P52100097315,18.542311,73.83118,Trophy / Ultra-Prime,osm_cadastral_enriched,0.88
6cc05e5e-eaa1-4c43-aa18-310a53e03aee,Lunawat Classics,lunawat classics,Reputed Developer / Co-op Consortium,Pune,Model Colony & Shivaji Ngr,IN,"Lunawat Classics, Model Colony & Shivaji Ngr, Pune 411016, Maharashtra, India",411016,Gated Residential Society,0,20,P52100099035,18.542603,73.831541,Trophy / Ultra-Prime,osm_cadastral_enriched,0.88
59a9b580-aaf7-4476-8e1f-298acec153c8,Malika Society,malika society,Reputed Developer / Co-op Consortium,Pune,Model Colony & Shivaji Ngr,IN,"Malika Society, Model Colony & Shivaji Ngr, Pune 411016, Maharashtra, India",411016,Gated Residential Society,0,20,P52100021576,18.541805,73.831214,Trophy / Ultra-Prime,osm_cadastral_enriched,0.88
06263184-3db6-474a-aac6-c329e5805f3f,Shefali Apartment,shefali apartment,Reputed Developer / Co-op Consortium,Pune,Model Colony & Shivaji Ngr,IN,"Shefali Apartment, Model Colony & Shivaji Ngr, Pune 411016, Maharashtra, India",411016,Gated Residential Society,0,20,P52100095446,18.542431,73.830917,Trophy / Ultra-Prime,osm_cadastral_enriched,0.88
15e0687b-4303-40cc-8b6a-9ac865ee3e02,Anupama Apartment,anupama apartment,Reputed Developer / Co-op Consortium,Pune,Model Colony & Shivaji Ngr,IN,"Anupama Apartment, Model Colony & Shivaji Ngr, Pune 411016, Maharashtra, India",411016,Gated Residential Society,0,20,P52100093477,18.543667,73.832729,Trophy / Ultra-Prime,osm_cadastral_enriched,0.88
52bc82c3-7951-4491-be2e-c9ac30945a26,Ram Kunj,ram kunj,Reputed Developer / Co-op Consortium,Pune,Model Colony & Shivaji Ngr,IN,"Ram Kunj, Model Colony & Shivaji Ngr, Pune 411016, Maharashtra, India",411016,Gated Residential Society,0,20,P52100019731,18.541632,73.83146,Trophy / Ultra-Prime,osm_cadastral_enriched,0.88
70fa740b-2f78-4f3d-9eea-227687e1f2e5,NPC Service Apartment,npc service apartment,Reputed Developer / Co-op Consortium,Pune,Model Colony & Shivaji Ngr,IN,"NPC Service Apartment, Model Colony & Shivaji Ngr, Pune 411016, Maharashtra, India",411016,Gated Residential Society,0,20,P52100099252,18.542509,73.831315,Trophy / Ultra-Prime,osm_cadastral_enriched,0.88
509a3f71-145e-4e3f-88fb-98154539b08b,Sayali Society,sayali society,Reputed Developer / Co-op Consortium,Pune,Model Colony & Shivaji Ngr,IN,"Sayali Society, Model Colony & Shivaji Ngr, Pune 411016, Maharashtra, India",411016,Gated Residential Society,0,20,P52100057058,18.541329,73.831988,Trophy / Ultra-Prime,osm_cadastral_enriched,0.88
7a0a93c9-186f-4b87-81d1-150c04753880,Bhartisagar Apartment,bhartisagar apartment,Reputed Developer / Co-op Consortium,Pune,Model Colony & Shivaji Ngr,IN,"Bhartisagar Apartment, Model Colony & Shivaji Ngr, Pune 411016, Maharashtra, India",411016,Gated Residential Society,0,20,P52100066003,18.540587,73.831974,Trophy / Ultra-Prime,osm_cadastral_enriched,0.88
abee3886-2d89-48da-b44c-e41a12ad5f7d,m1,m1,Reputed Developer / Co-op Consortium,Pune,Koregaon Park,IN,"m1, Koregaon Park, Pune 411001, Maharashtra, India",411001,Gated Residential Society,0,20,P52100052370,18.537736,73.897872,Trophy / Ultra-Prime,osm_cadastral_enriched,0.88
804000fd-8ccb-4ce6-906b-f300663d61c0,ff,ff,Reputed Developer / Co-op Consortium,Pune,Koregaon Park,IN,"ff, Koregaon Park, Pune 411001, Maharashtra, India",411001,Gated Residential Society,0,20,P52100020459,18.537731,73.897423,Trophy / Ultra-Prime,osm_cadastral_enriched,0.88
3041c3c5-9e81-4fbe-82f0-00ab146ffec1,Skylark Apartment,skylark apartment,Reputed Developer / Co-op Consortium,Pune,Model Colony & Shivaji Ngr,IN,"Skylark Apartment, Model Colony & Shivaji Ngr, Pune 411016, Maharashtra, India",411016,Gated Residential Society,0,20,P52100083443,18.540444,73.83501,Trophy / Ultra-Prime,osm_cadastral_enriched,0.88
3fbe8094-3700-4389-bbb9-6adeb6e780b0,mouli construction,mouli construction,Reputed Developer / Co-op Consortium,Pune,Koregaon Park,IN,"mouli construction, Koregaon Park, Pune 411001, Maharashtra, India",411001,Gated Residential Society,0,20,P52100034496,18.538465,73.897081,Trophy / Ultra-Prime,osm_cadastral_enriched,0.88
c91f3768-96c2-4a1e-8285-64b3431f7a74,b10,b10,Reputed Developer / Co-op Consortium,Pune,Koregaon Park,IN,"b10, Koregaon Park, Pune 411001, Maharashtra, India",411001,Gated Residential Society,0,20,P52100091999,18.539089,73.89786,Trophy / Ultra-Prime,osm_cadastral_enriched,0.88
b69bb90c-ceb0-4f1a-8bc8-6fe2c3abd9f3,m,m,Reputed Developer / Co-op Consortium,Pune,Koregaon Park,IN,"m, Koregaon Park, Pune 411001, Maharashtra, India",411001,Gated Residential Society,0,20,P52100059836,18.536777,73.898449,Trophy / Ultra-Prime,osm_cadastral_enriched,0.88
be62bee6-dd38-4747-b9d2-675cd45ec821,b1,b1,Reputed Developer / Co-op Consortium,Pune,Koregaon Park,IN,"b1, Koregaon Park, Pune 411001, Maharashtra, India",411001,Gated Residential Society,0,20,P52100028857,18.536708,73.89947,Trophy / Ultra-Prime,osm_cadastral_enriched,0.88
6b81ce65-9d0e-42f8-b236-54292a6b902e,Jayantosh Apartment,jayantosh apartment,Reputed Developer / Co-op Consortium,Pune,Model Colony & Shivaji Ngr,IN,"Jayantosh Apartment, Model Colony & Shivaji Ngr, Pune 411016, Maharashtra, India",411016,Gated Residential Society,0,20,P52100075592,18.541083,73.834535,Trophy / Ultra-Prime,osm_cadastral_enriched,0.88
a8a7c8ff-5119-47b3-bed1-d79e3c30f7e1,Vinay Chambers,vinay chambers,Reputed Developer / Co-op Consortium,Pune,Bhandarkar & Law College,IN,"Vinay Chambers, Senapati Bapat Marg, Bhandarkar & Law College, Pune 411004, Maharashtra, India",411004,Gated Residential Society,0,20,P52100034294,18.52922,73.829654,Trophy / Ultra-Prime,osm_cadastral_enriched,0.88
d79650c0-d57a-4353-aee8-54933e0fbb33,b3,b3,Reputed Developer / Co-op Consortium,Pune,Koregaon Park,IN,"b3, Koregaon Park, Pune 411001, Maharashtra, India",411001,Gated Residential Society,0,20,P52100014448,18.53888,73.898523,Trophy / Ultra-Prime,osm_cadastral_enriched,0.88
fbeb1867-76a6-443d-9689-1ab38c1f4999,Omkar height,omkar height,Reputed Developer / Co-op Consortium,Pune,Koregaon Park,IN,"Omkar height, Burning Ghat Road, Koregaon Park, Pune 411001, Maharashtra, India",411001,Gated Residential Society,0,20,P52100073024,18.542072,73.886912,Trophy / Ultra-Prime,osm_cadastral_enriched,0.88
349217da-ff2c-45a4-b495-a8c2fc9a8714,Swig-Bar and Eatery,swig bar and eatery,Reputed Developer / Co-op Consortium,Pune,Koregaon Park,IN,"Swig-Bar and Eatery, Koregaon Park, Pune 411001, Maharashtra, India",411001,Gated Residential Society,0,20,P52100037303,18.539767,73.893855,Trophy / Ultra-Prime,osm_cadastral_enriched,0.88
2c2b64c7-c0a6-4d0a-8cd3-27be597142dd,z1,z1,Reputed Developer / Co-op Consortium,Pune,Koregaon Park,IN,"z1, Koregaon Park, Pune 411001, Maharashtra, India",411001,Gated Residential Society,0,20,P52100048297,18.538368,73.898994,Trophy / Ultra-Prime,osm_cadastral_enriched,0.88
8bbd9588-a364-435e-9a28-070ecacd12da,Hermes Society,hermes society,Reputed Developer / Co-op Consortium,Pune,Koregaon Park,IN,"Hermes Society, Koregaon Park, Pune 411001, Maharashtra, India",411001,Gated Residential Society,0,20,P52100034450,18.539492,73.884439,Trophy / Ultra-Prime,osm_cadastral_enriched,0.88
c0bbc8b9-8306-46a7-ac1a-2b7dd1c3a060,Chintamani,chintamani,Reputed Developer / Co-op Consortium,Pune,Senapati Bapat Road,IN,"Chintamani, Ambica Society Road, Senapati Bapat Road, Pune 411016, Maharashtra, India",411016,Gated Residential Society,0,20,P52100030516,18.538626,73.828633,Trophy / Ultra-Prime,osm_cadastral_enriched,0.88
d60428bf-9cac-484a-b3ab-7b4e3a5f662a,Forest Castle,forest castle,Reputed Developer / Co-op Consortium,Pune,Koregaon Park,IN,"Forest Castle, Koregaon Park Annexe, Koregaon Park, Pune 411036, Maharashtra, India",411036,Gated Residential Society,0,20,P52100073203,18.53238,73.909875,Trophy / Ultra-Prime,osm_cadastral_enriched,0.88
ab219a76-aede-4122-a867-1eda5229e219,F,f,Reputed Developer / Co-op Consortium,Pune,Koregaon Park,IN,"F, Koregaon Park, Pune 411001, Maharashtra, India",411001,Gated Residential Society,0,20,P52100065676,18.532334,73.911209,Trophy / Ultra-Prime,osm_cadastral_enriched,0.88
e0f73719-717b-42dc-8e09-5ae721ad0593,D,d,Reputed Developer / Co-op Consortium,Pune,Koregaon Park,IN,"D, Koregaon Park, Pune 411001, Maharashtra, India",411001,Gated Residential Society,0,20,P52100071247,18.532695,73.910938,Trophy / Ultra-Prime,osm_cadastral_enriched,0.88
8c1eb22f-b742-4b78-87c6-40bf117f8aaf,Sudarshan Apartments,sudarshan apartments,Reputed Developer / Co-op Consortium,Pune,Model Colony & Shivaji Ngr,IN,"Sudarshan Apartments, Lakaki Road, Model Colony & Shivaji Ngr, Pune 411016, Maharashtra, India",411016,Gated Residential Society,0,20,P52100039158,18.530424,73.840034,Trophy / Ultra-Prime,osm_cadastral_enriched,0.88
62fa2cc0-b056-4333-a817-667a05dd57ca,Akhil Society,akhil society,Reputed Developer / Co-op Consortium,Pune,Prabhat Road & Erandwane,IN,"Akhil Society, Prabhat Road & Erandwane, Pune 411004, Maharashtra, India",411004,Gated Residential Society,0,20,P52100061641,18.50611,73.826867,Trophy / Ultra-Prime,osm_cadastral_enriched,0.88
ddb17285-e825-4868-b8e6-1346ae7dd318,Sai Nagri Society,sai nagri society,Reputed Developer / Co-op Consortium,Pune,Koregaon Park,IN,"Sai Nagri Society, Koregaon Park, Pune 411001, Maharashtra, India",411001,Gated Residential Society,0,20,P52100015484,18.548419,73.898228,Trophy / Ultra-Prime,osm_cadastral_enriched,0.88
3dc52c79-a6eb-448d-a77f-f246326f3238,A,a,Reputed Developer / Co-op Consortium,Pune,Koregaon Park,IN,"A, Koregaon Park, Pune 411001, Maharashtra, India",411001,Gated Residential Society,0,20,P52100036912,18.533769,73.911167,Trophy / Ultra-Prime,osm_cadastral_enriched,0.88
8521dd39-ffd6-42b2-a2d7-06ae43fe0915,Mulay Classic,mulay classic,Reputed Developer / Co-op Consortium,Pune,Model Colony & Shivaji Ngr,IN,"Mulay Classic, Model Colony & Shivaji Ngr, Pune 411016, Maharashtra, India",411016,Gated Residential Society,0,20,P52100049471,18.540833,73.835284,Trophy / Ultra-Prime,osm_cadastral_enriched,0.88
9c4153fc-c45f-4037-a592-84a4d6bdd4f5,Deep Heights,deep heights,Reputed Developer / Co-op Consortium,Pune,Kalyani Nagar,IN,"Deep Heights, Kalyani Nagar, Pune 411006, Maharashtra, India",411006,Luxury High-Rise Tower,0,20,P52100032984,18.556468,73.908341,Trophy / Ultra-Prime,osm_cadastral_enriched,0.88
bd5f7a11-ccaa-49e5-a306-18cd577feee4,Fortaleza,fortaleza,Reputed Developer / Co-op Consortium,Pune,Koregaon Park,IN,"Fortaleza, Koregaon Park, Pune 411001, Maharashtra, India",411001,Gated Residential Society,0,20,P52100038769,18.544594,73.90496,Trophy / Ultra-Prime,osm_cadastral_enriched,0.88
e794cffe-6137-461f-ae86-47d60eb16f63,Nilanjali society,nilanjali society,Reputed Developer / Co-op Consortium,Pune,Koregaon Park,IN,"Nilanjali society, Central Avenue, Koregaon Park, Pune 411001, Maharashtra, India",411001,Gated Residential Society,0,20,P52100093356,18.545788,73.902295,Trophy / Ultra-Prime,osm_cadastral_enriched,0.88
1898e215-19f2-43e0-8009-da05dec522af,Kelewadi,kelewadi,Reputed Developer / Co-op Consortium,Pune,Prabhat Road & Erandwane,IN,"Kelewadi, Prabhat Road & Erandwane, Pune 411004, Maharashtra, India",411004,Gated Residential Society,0,20,P52100088564,18.511802,73.82284,Trophy / Ultra-Prime,osm_cadastral_enriched,0.88
8032e6f6-b7ef-4755-84cf-3ff40d959c70,Ambika Society,ambika society,Reputed Developer / Co-op Consortium,Pune,Senapati Bapat Road,IN,"Ambika Society, Senapati Bapat Road, Pune 411016, Maharashtra, India",411016,Gated Residential Society,0,20,P52100075742,18.538354,73.829271,Trophy / Ultra-Prime,osm_cadastral_enriched,0.88
bf1015b0-0a2a-466e-a26b-ae9098d27384,COEP Hostel,coep hostel,Reputed Developer / Co-op Consortium,Pune,Model Colony & Shivaji Ngr,IN,"COEP Hostel, Model Colony & Shivaji Ngr, Pune 411016, Maharashtra, India",411016,Gated Residential Society,0,20,P52100038676,18.528765,73.851213,Trophy / Ultra-Prime,osm_cadastral_enriched,0.88
ea654547-df73-41a7-8aff-cc41be7c6b2e,Vijaynagari Colony,vijaynagari colony,Reputed Developer / Co-op Consortium,Pune,Model Colony & Shivaji Ngr,IN,"Vijaynagari Colony, Model Colony & Shivaji Ngr, Pune 411016, Maharashtra, India",411016,Gated Residential Society,0,20,P52100051573,18.539551,73.834381,Trophy / Ultra-Prime,osm_cadastral_enriched,0.88
2c2c1afb-661c-4873-80da-389bc03241e4,C,c,Reputed Developer / Co-op Consortium,Pune,Koregaon Park,IN,"C, Koregaon Park, Pune 411001, Maharashtra, India",411001,Gated Residential Society,0,20,P52100015367,18.533008,73.911117,Trophy / Ultra-Prime,osm_cadastral_enriched,0.88
0d9549ab-88af-4120-b642-945c5113fb3c,B,b,Reputed Developer / Co-op Consortium,Pune,Koregaon Park,IN,"B, Koregaon Park, Pune 411001, Maharashtra, India",411001,Gated Residential Society,0,20,P52100022861,18.533357,73.911173,Trophy / Ultra-Prime,osm_cadastral_enriched,0.88
8c8f4543-584d-496b-aa8d-a31d6b455703,Verde Residence Collection,verde residence collection,Reputed Developer / Co-op Consortium,Pune,Koregaon Park,IN,"Verde Residence Collection, Koregaon Park, Pune 411001, Maharashtra, India",411001,Gated Residential Society,0,20,P52100084550,18.55103,73.897318,Trophy / Ultra-Prime,osm_cadastral_enriched,0.88
2c57a2fc-99d9-4983-883e-bd96ca697054,Yaswant Apartment,yaswant apartment,Reputed Developer / Co-op Consortium,Pune,Model Colony & Shivaji Ngr,IN,"Yaswant Apartment, Model Colony & Shivaji Ngr, Pune 411016, Maharashtra, India",411016,Gated Residential Society,0,20,P52100086865,18.539983,73.833896,Trophy / Ultra-Prime,osm_cadastral_enriched,0.88
484902cf-ddb0-4c74-9780-22eb430e9e3e,Laxmi Saheb Apartment,laxmi saheb apartment,Reputed Developer / Co-op Consortium,Pune,Model Colony & Shivaji Ngr,IN,"Laxmi Saheb Apartment, Model Colony & Shivaji Ngr, Pune 411016, Maharashtra, India",411016,Gated Residential Society,0,20,P52100058357,18.54113,73.833499,Trophy / Ultra-Prime,osm_cadastral_enriched,0.88
7d0f1977-c226-4ed2-a1b4-a0477b6eb8d8,10 Kasturkunj,10 kasturkunj,Reputed Developer / Co-op Consortium,Pune,Model Colony & Shivaji Ngr,IN,"10 Kasturkunj, Model Colony & Shivaji Ngr, Pune 411016, Maharashtra, India",411016,Gated Residential Society,0,20,P52100040198,18.54213,73.832333,Trophy / Ultra-Prime,osm_cadastral_enriched,0.88
a39ff4af-c1a4-4149-95c4-6826cf75d307,Ray Venue Housing Society,ray venue housing society,Reputed Developer / Co-op Consortium,Pune,Model Colony & Shivaji Ngr,IN,"Ray Venue Housing Society, Model Colony & Shivaji Ngr, Pune 411016, Maharashtra, India",411016,Gated Residential Society,0,20,P52100093340,18.542984,73.832104,Trophy / Ultra-Prime,osm_cadastral_enriched,0.88
6af5e844-7e9f-4931-8912-0668515f065c,Ramganesh Apartment,ramganesh apartment,Reputed Developer / Co-op Consortium,Pune,Model Colony & Shivaji Ngr,IN,"Ramganesh Apartment, Model Colony & Shivaji Ngr, Pune 411016, Maharashtra, India",411016,Gated Residential Society,0,20,P52100067290,18.543373,73.83241,Trophy / Ultra-Prime,osm_cadastral_enriched,0.88
eda7faaa-8988-4cd6-87c7-a7048ddec281,Sherene Apartment,sherene apartment,Reputed Developer / Co-op Consortium,Pune,Model Colony & Shivaji Ngr,IN,"Sherene Apartment, Model Colony & Shivaji Ngr, Pune 411016, Maharashtra, India",411016,Gated Residential Society,0,20,P52100045819,18.544779,73.834321,Trophy / Ultra-Prime,osm_cadastral_enriched,0.88
b4984ad9-c638-4bcb-bc17-460d242bf47e,Minerva Apartments,minerva apartments,Reputed Developer / Co-op Consortium,Pune,Model Colony & Shivaji Ngr,IN,"Minerva Apartments, Model Colony & Shivaji Ngr, Pune 411016, Maharashtra, India",411016,Gated Residential Society,0,20,P52100017175,18.544688,73.836109,Trophy / Ultra-Prime,osm_cadastral_enriched,0.88
a5700189-9532-4631-8755-689987b52cd6,Malti Apartments,malti apartments,Reputed Developer / Co-op Consortium,Pune,Model Colony & Shivaji Ngr,IN,"Malti Apartments, Model Colony & Shivaji Ngr, Pune 411016, Maharashtra, India",411016,Gated Residential Society,0,20,P52100061509,18.543227,73.835052,Trophy / Ultra-Prime,osm_cadastral_enriched,0.88
a12b76e0-9fc2-4a1a-bfe8-27fb86f5b278,PD Chhabalia Apartment,pd chhabalia apartment,Reputed Developer / Co-op Consortium,Pune,Model Colony & Shivaji Ngr,IN,"PD Chhabalia Apartment, Model Colony & Shivaji Ngr, Pune 411016, Maharashtra, India",411016,Gated Residential Society,0,20,P52100052012,18.542346,73.833767,Trophy / Ultra-Prime,osm_cadastral_enriched,0.88
1dde9b5f-b3f9-407a-b206-60d8dcab268b,Clover Park View,clover park view,Reputed Developer / Co-op Consortium,Pune,Koregaon Park,IN,"Clover Park View, Koregaon Park, Pune 411001, Maharashtra, India",411001,Gated Residential Society,0,20,P52100010754,18.531112,73.899477,Trophy / Ultra-Prime,osm_cadastral_enriched,0.88
c5d3e1cd-bfb4-45f4-a2ae-c97a255979f4,House,house,Reputed Developer / Co-op Consortium,Pune,Model Colony & Shivaji Ngr,IN,"House, Ganeshkhind Road, Model Colony & Shivaji Ngr, Pune 411007, Maharashtra, India",411007,Gated Residential Society,0,20,P52100063901,18.540587,73.833621,Trophy / Ultra-Prime,osm_cadastral_enriched,0.88
6704e7be-8d6e-4d90-8a8b-4027da9e02c6,Sankul,sankul,Reputed Developer / Co-op Consortium,Pune,Prabhat Road & Erandwane,IN,"Sankul, Prabhat Road & Erandwane, Pune 411004, Maharashtra, India",411004,Gated Residential Society,0,20,P52100086074,18.500949,73.832868,Trophy / Ultra-Prime,osm_cadastral_enriched,0.88
9d95b10d-3e1b-4792-af01-ac9e9f19be2c,Koregaon Park,koregaon park,Reputed Developer / Co-op Consortium,Pune,Koregaon Park,IN,"Koregaon Park, Koregaon Park, Pune 411001, Maharashtra, India",411001,Gated Residential Society,0,20,P52100083220,18.536693,73.894445,Trophy / Ultra-Prime,osm_cadastral_enriched,0.88
11bed837-dc2c-40f7-aa99-dd979e96a28a,Bund Garden T.P.S,bund garden t p s,Reputed Developer / Co-op Consortium,Pune,Boat Club Road,IN,"Bund Garden T.P.S, Boat Club Road, Pune 411001, Maharashtra, India",411001,Gated Residential Society,0,20,P52100092426,18.536286,73.879647,Trophy / Ultra-Prime,osm_cadastral_enriched,0.88
fcc923d0-29e1-46f4-95c4-b04f9c4a8e04,Sunit Anant Apartment,sunit anant apartment,Reputed Developer / Co-op Consortium,Pune,Koregaon Park,IN,"Sunit Anant Apartment, Koregaon Park, Pune 411001, Maharashtra, India",411001,Gated Residential Society,0,20,P52100014271,18.531904,73.896124,Trophy / Ultra-Prime,osm_cadastral_enriched,0.88
3a412c35-708a-4cee-871a-825ed33804e2,Ashiyana Palace,ashiyana palace,Reputed Developer / Co-op Consortium,Pune,Koregaon Park,IN,"Ashiyana Palace, Koregaon Park, Pune 411001, Maharashtra, India",411001,Gated Residential Society,0,20,P52100092518,18.53684,73.881764,Trophy / Ultra-Prime,osm_cadastral_enriched,0.88
19ebb1f4-40f8-43ce-ac8a-ae0ce3c2aa02,Museum Co-operative Housing Society,museum co operative housing society,Reputed Developer / Co-op Consortium,Pune,Boat Club Road,IN,"Museum Co-operative Housing Society, Boat Club Road, Pune 411001, Maharashtra, India",411001,Gated Residential Society,0,20,P52100025735,18.533796,73.874707,Trophy / Ultra-Prime,osm_cadastral_enriched,0.88
bb619267-065d-4e4f-bac3-d2e379a8b8f5,Narangi Baug Ismaili Jamatkhana,narangi baug ismaili jamatkhana,Reputed Developer / Co-op Consortium,Pune,Boat Club Road,IN,"Narangi Baug Ismaili Jamatkhana, Boat Club Road, Pune 411001, Maharashtra, India",411001,Gated Residential Society,0,20,P52100015472,18.540409,73.878789,Trophy / Ultra-Prime,osm_cadastral_enriched,0.88
112aecc0-02c5-4b83-b196-5d9dae4641c6,Navlakha Complex,navlakha complex,Reputed Developer / Co-op Consortium,Pune,Boat Club Road,IN,"Navlakha Complex, Boat Club Road, Pune 411001, Maharashtra, India",411001,Gated Residential Society,0,20,P52100025842,18.532748,73.874942,Trophy / Ultra-Prime,osm_cadastral_enriched,0.88
99759af0-05a6-48c2-828e-317815613708,Tushar Housing Society,tushar housing society,Reputed Developer / Co-op Consortium,Pune,Boat Club Road,IN,"Tushar Housing Society, Boat Club Road, Pune 411001, Maharashtra, India",411001,Gated Residential Society,0,20,P52100045997,18.535241,73.872278,Trophy / Ultra-Prime,osm_cadastral_enriched,0.88
97c70b8d-6e74-406b-8863-39fa75c6ccc7,Rajat-Rashmi CO-OP HSG Society Ltd,rajat rashmi co op hsg society ltd,Reputed Developer / Co-op Consortium,Pune,Koregaon Park,IN,"Rajat-Rashmi CO-OP HSG Society Ltd, Koregaon Park, Pune 411001, Maharashtra, India",411001,Gated Residential Society,0,20,P52100018280,18.536176,73.897661,Trophy / Ultra-Prime,osm_cadastral_enriched,0.88
79d24af1-01f0-4912-8c87-6a2bbbf8bab2,La Gloriosa Society,la gloriosa society,Reputed Developer / Co-op Consortium,Pune,Kalyani Nagar,IN,"La Gloriosa Society, Kalyani Nagar, Pune 411006, Maharashtra, India",411006,Gated Residential Society,0,20,P52100051066,18.545386,73.914376,Trophy / Ultra-Prime,osm_cadastral_enriched,0.88
60783132-99fa-49b5-a6cc-fdf0c2157e7d,Century Arcade,century arcade,Reputed Developer / Co-op Consortium,Pune,Boat Club Road,IN,"Century Arcade, Boat Club Road, Pune 411001, Maharashtra, India",411001,Gated Residential Society,0,20,P52100013933,18.537394,73.879601,Trophy / Ultra-Prime,osm_cadastral_enriched,0.88
ea0cfacd-bed7-4aea-b237-26697ac634d8,Leela Garden Society,leela garden society,Reputed Developer / Co-op Consortium,Pune,Koregaon Park,IN,"Leela Garden Society, Koregaon Park, Pune 411001, Maharashtra, India",411001,Gated Residential Society,0,20,P52100094374,18.550554,73.903953,Trophy / Ultra-Prime,osm_cadastral_enriched,0.88
140e4888-39d5-4a17-b2a1-2ad0f970be8b,Atur Park,atur park,Reputed Developer / Co-op Consortium,Pune,Koregaon Park,IN,"Atur Park, Koregaon Park, Pune 411001, Maharashtra, India",411001,Gated Residential Society,0,20,P52100095969,18.533449,73.88508,Trophy / Ultra-Prime,osm_cadastral_enriched,0.88
2f894ab2-9996-4283-b383-44cf5f16085c,Chashm-e-Shahi Society,chashm e shahi society,Reputed Developer / Co-op Consortium,Pune,Koregaon Park,IN,"Chashm-e-Shahi Society, Koregaon Park, Pune 411001, Maharashtra, India",411001,Gated Residential Society,0,20,P52100063563,18.538165,73.898996,Trophy / Ultra-Prime,osm_cadastral_enriched,0.88
2e7c6dd4-6889-43ad-92ee-c9f1d7159330,Clover Dale,clover dale,Reputed Developer / Co-op Consortium,Pune,Koregaon Park,IN,"Clover Dale, Koregaon Park, Pune 411001, Maharashtra, India",411001,Gated Residential Society,0,20,P52100048732,18.53316,73.899526,Trophy / Ultra-Prime,osm_cadastral_enriched,0.88
22f3b4fd-39e0-4f80-832c-a1c5dd39da75,Deepak Park Society,deepak park society,Reputed Developer / Co-op Consortium,Pune,Koregaon Park,IN,"Deepak Park Society, Koregaon Park, Pune 411001, Maharashtra, India",411001,Gated Residential Society,0,20,P52100089397,18.551788,73.897222,Trophy / Ultra-Prime,osm_cadastral_enriched,0.88
c68856a7-8bb6-42fa-af4f-ac7b9b6cf8c5,Doongursee Park Society,doongursee park society,Reputed Developer / Co-op Consortium,Pune,Koregaon Park,IN,"Doongursee Park Society, Koregaon Park, Pune 411001, Maharashtra, India",411001,Gated Residential Society,0,20,P52100087583,18.536264,73.880304,Trophy / Ultra-Prime,osm_cadastral_enriched,0.88
43e2c503-c4b3-48fa-8246-f3182079496b,Eden Garden Co-operative Housing Society,eden garden co operative housing society,Reputed Developer / Co-op Consortium,Pune,Kalyani Nagar,IN,"Eden Garden Co-operative Housing Society, Kalyani Nagar, Pune 411006, Maharashtra, India",411006,Gated Residential Society,0,20,P52100018800,18.560974,73.916088,Trophy / Ultra-Prime,osm_cadastral_enriched,0.88
94545949-a4db-431c-ba63-8bb71523f68e,Florencia,florencia,Reputed Developer / Co-op Consortium,Pune,Koregaon Park,IN,"Florencia, Koregaon Park, Pune 411001, Maharashtra, India",411001,Gated Residential Society,0,20,P52100083518,18.532446,73.895567,Trophy / Ultra-Prime,osm_cadastral_enriched,0.88
155a37ed-a30c-4d53-88ca-f527ed9eb8e1,Forest Castles,forest castles,Reputed Developer / Co-op Consortium,Pune,Koregaon Park,IN,"Forest Castles, Koregaon Park, Pune 411001, Maharashtra, India",411001,Gated Residential Society,0,20,P52100030069,18.532389,73.909888,Trophy / Ultra-Prime,osm_cadastral_enriched,0.88
7f797814-611b-4e3e-8121-15e196c4116b,Tridal Nagar Co-operative Housing Society Ltd,tridal nagar co operative housing society ltd,Reputed Developer / Co-op Consortium,Pune,Kalyani Nagar,IN,"Tridal Nagar Co-operative Housing Society Ltd, Kalyani Nagar, Pune 411006, Maharashtra, India",411006,Gated Residential Society,0,20,P52100011069,18.560935,73.898783,Trophy / Ultra-Prime,osm_cadastral_enriched,0.88
88396dd6-c43d-4dc6-8a89-4989e0c84f91,Goodwill Enclave 4,goodwill enclave 4,Reputed Developer / Co-op Consortium,Pune,Koregaon Park,IN,"Goodwill Enclave 4, Koregaon Park, Pune 411001, Maharashtra, India",411001,Luxury Villa Community,0,20,P52100081531,18.546993,73.905749,Trophy / Ultra-Prime,osm_cadastral_enriched,0.88
c9251661-e1e6-4d53-9140-c96ec5d51d74,Goodwill Enclave 5,goodwill enclave 5,Reputed Developer / Co-op Consortium,Pune,Koregaon Park,IN,"Goodwill Enclave 5, Koregaon Park, Pune 411001, Maharashtra, India",411001,Luxury Villa Community,0,20,P52100072928,18.547599,73.905747,Trophy / Ultra-Prime,osm_cadastral_enriched,0.88
816d9a19-e36a-464a-893c-a585be6dac26,Green Terrace Society,green terrace society,Reputed Developer / Co-op Consortium,Pune,Koregaon Park,IN,"Green Terrace Society, Koregaon Park, Pune 411001, Maharashtra, India",411001,Gated Residential Society,0,20,P52100014824,18.532107,73.896746,Trophy / Ultra-Prime,osm_cadastral_enriched,0.88
8ee594db-8a98-41a3-8e02-6ca2caba507c,Gulmohar Gardens Society,gulmohar gardens society,Reputed Developer / Co-op Consortium,Pune,Koregaon Park,IN,"Gulmohar Gardens Society, Koregaon Park, Pune 411001, Maharashtra, India",411001,Gated Residential Society,0,20,P52100077370,18.538745,73.900413,Trophy / Ultra-Prime,osm_cadastral_enriched,0.88
7c50db66-4eb8-4405-8f66-6672f352cd4d,Hermes Heritage,hermes heritage,Reputed Developer / Co-op Consortium,Pune,Kalyani Nagar,IN,"Hermes Heritage, Kalyani Nagar, Pune 411006, Maharashtra, India",411006,Gated Residential Society,0,20,P52100070146,18.553455,73.897846,Trophy / Ultra-Prime,osm_cadastral_enriched,0.88
8fd81192-670c-495d-bfac-d2cb1f5aa29a,Indra Lok Society,indra lok society,Reputed Developer / Co-op Consortium,Pune,Boat Club Road,IN,"Indra Lok Society, Boat Club Road, Pune 411001, Maharashtra, India",411001,Gated Residential Society,0,20,P52100082031,18.534439,73.874137,Trophy / Ultra-Prime,osm_cadastral_enriched,0.88
1f3287e0-920e-48a4-903c-06f72f06ed37,Indraprastha Condominium,indraprastha condominium,Reputed Developer / Co-op Consortium,Pune,Koregaon Park,IN,"Indraprastha Condominium, Koregaon Park, Pune 411001, Maharashtra, India",411001,Gated Residential Society,0,20,P52100015647,18.544784,73.902855,Trophy / Ultra-Prime,osm_cadastral_enriched,0.88
27297dbe-4f9a-4c8f-81ff-60781d3aa341,Marigold,marigold,Reputed Developer / Co-op Consortium,Pune,Koregaon Park,IN,"Marigold, Koregaon Park, Pune 411001, Maharashtra, India",411001,Gated Residential Society,0,20,P52100070801,18.543912,73.907448,Trophy / Ultra-Prime,osm_cadastral_enriched,0.88
c97bdb21-f7f2-49b6-ada9-8ecf3c4f668d,Sudmangal Society,sudmangal society,Reputed Developer / Co-op Consortium,Pune,Koregaon Park,IN,"Sudmangal Society, Koregaon Park, Pune 411001, Maharashtra, India",411001,Gated Residential Society,0,20,P52100027606,18.551037,73.89275,Trophy / Ultra-Prime,osm_cadastral_enriched,0.88
3bdd1bfa-6087-4b03-ab3b-8d2e533e9b11,Saraswati Krupa Housing Society,saraswati krupa housing society,Reputed Developer / Co-op Consortium,Pune,Boat Club Road,IN,"Saraswati Krupa Housing Society, Boat Club Road, Pune 411001, Maharashtra, India",411001,Gated Residential Society,0,20,P52100024143,18.53657,73.871649,Trophy / Ultra-Prime,osm_cadastral_enriched,0.88
0bef7488-0b30-492f-81ff-8c48df315e7d,New Akshay CHS,new akshay chs,Reputed Developer / Co-op Consortium,Pune,Koregaon Park,IN,"New Akshay CHS, Koregaon Park, Pune 411001, Maharashtra, India",411001,Gated Residential Society,0,20,P52100018434,18.531277,73.896302,Trophy / Ultra-Prime,osm_cadastral_enriched,0.88
c0ba31c4-bb2c-4221-bed2-c0cffb1c8477,New Chanakya,new chanakya,Reputed Developer / Co-op Consortium,Pune,Boat Club Road,IN,"New Chanakya, Boat Club Road, Pune 411001, Maharashtra, India",411001,Gated Residential Society,0,20,P52100067024,18.536075,73.877665,Trophy / Ultra-Prime,osm_cadastral_enriched,0.88
bcb71736-686a-4eb5-b7cb-7c20c830d103,Swan Lake,swan lake,Reputed Developer / Co-op Consortium,Pune,Koregaon Park,IN,"Swan Lake, Koregaon Park, Pune 411001, Maharashtra, India",411001,Gated Residential Society,0,20,P52100084495,18.539977,73.899476,Trophy / Ultra-Prime,osm_cadastral_enriched,0.88
49d6e78e-9b12-47db-8ee2-0f8be4e7a763,Vinayak Nagari Society,vinayak nagari society,Reputed Developer / Co-op Consortium,Pune,Boat Club Road,IN,"Vinayak Nagari Society, Boat Club Road, Pune 411001, Maharashtra, India",411001,Gated Residential Society,0,20,P52100095004,18.53709,73.870506,Trophy / Ultra-Prime,osm_cadastral_enriched,0.88
543f6773-14d8-463f-bc28-7687c0fc986e,Vinspa Apartments,vinspa apartments,Reputed Developer / Co-op Consortium,Pune,Koregaon Park,IN,"Vinspa Apartments, Koregaon Park, Pune 411001, Maharashtra, India",411001,Gated Residential Society,0,20,P52100051535,18.539407,73.880822,Trophy / Ultra-Prime,osm_cadastral_enriched,0.88
ae0b47e7-7da4-4866-bc3e-443e010e5548,Popular Heights,popular heights,Reputed Developer / Co-op Consortium,Pune,Koregaon Park,IN,"Popular Heights, Koregaon Park, Pune 411001, Maharashtra, India",411001,Luxury High-Rise Tower,0,20,P52100054958,18.542298,73.888387,Trophy / Ultra-Prime,osm_cadastral_enriched,0.88
2369faa2-eca8-4d9f-81d3-e052a9245a20,Palladium CHS,palladium chs,Reputed Developer / Co-op Consortium,Pune,Koregaon Park,IN,"Palladium CHS, Koregaon Park, Pune 411001, Maharashtra, India",411001,Gated Residential Society,0,20,P52100021697,18.53407,73.882935,Trophy / Ultra-Prime,osm_cadastral_enriched,0.88
9ea2bb25-9cdb-48fe-ad34-1f1221039575,Mira Nagar Gardens Housing Society,mira nagar gardens housing society,Reputed Developer / Co-op Consortium,Pune,Koregaon Park,IN,"Mira Nagar Gardens Housing Society, Koregaon Park, Pune 411001, Maharashtra, India",411001,Gated Residential Society,0,20,P52100092012,18.53756,73.899627,Trophy / Ultra-Prime,osm_cadastral_enriched,0.88
28c85ac0-8457-4e06-8a5b-f3cbe0f538f3,Agrasen Society,agrasen society,Reputed Developer / Co-op Consortium,Pune,Koregaon Park,IN,"Agrasen Society, Koregaon Park, Pune 411001, Maharashtra, India",411001,Gated Residential Society,0,20,P52100070288,18.536637,73.886466,Trophy / Ultra-Prime,osm_cadastral_enriched,0.88
967863c2-383e-4e03-96c5-41f2a8a2a477,Archana Meadows,archana meadows,Reputed Developer / Co-op Consortium,Pune,Koregaon Park,IN,"Archana Meadows, Koregaon Park, Pune 411001, Maharashtra, India",411001,Gated Residential Society,0,20,P52100098418,18.532183,73.895731,Trophy / Ultra-Prime,osm_cadastral_enriched,0.88
b47f7763-99e7-4b8b-af76-c8d2baf51996,Neeta Park,neeta park,Reputed Developer / Co-op Consortium,Pune,Koregaon Park,IN,"Neeta Park, Koregaon Park, Pune 411001, Maharashtra, India",411001,Gated Residential Society,0,20,P52100070227,18.548669,73.88964,Trophy / Ultra-Prime,osm_cadastral_enriched,0.88
1fceee51-01d8-4672-9dbb-d542600b3b61,Princeton Town Society,princeton town society,Reputed Developer / Co-op Consortium,Pune,Koregaon Park,IN,"Princeton Town Society, Koregaon Park, Pune 411001, Maharashtra, India",411001,Gated Residential Society,0,20,P52100056096,18.546872,73.904936,Trophy / Ultra-Prime,osm_cadastral_enriched,0.88
02806c1a-fedd-4a80-aade-223d2212754e,Karan Ira Society,karan ira society,Reputed Developer / Co-op Consortium,Pune,Kalyani Nagar,IN,"Karan Ira Society, Kalyani Nagar, Pune 411006, Maharashtra, India",411006,Gated Residential Society,0,20,P52100077296,18.550855,73.916002,Trophy / Ultra-Prime,osm_cadastral_enriched,0.88
fc027664-ccab-4d90-a963-ef9aeebc1939,Clover Watergardens,clover watergardens,Reputed Developer / Co-op Consortium,Pune,Koregaon Park,IN,"Clover Watergardens, Koregaon Park, Pune 411006, Maharashtra, India",411006,Gated Residential Society,0,20,P52100094957,18.543516,73.902648,Trophy / Ultra-Prime,osm_cadastral_enriched,0.88
e01645e4-fb2b-4a3a-a88d-011fc51cc605,Bluegrass Residences,bluegrass residences,Reputed Developer / Co-op Consortium,Pune,Koregaon Park,IN,"Bluegrass Residences, West Ave, Road, Koregaon Park, Pune 411006, Maharashtra, India",411006,Gated Residential Society,0,20,P52100023661,18.54687,73.896806,Trophy / Ultra-Prime,osm_cadastral_enriched,0.88
5cffea3b-110f-4ecf-b554-d741d0eafe36,SkyOne,skyone,Reputed Developer / Co-op Consortium,Pune,Model Colony & Shivaji Ngr,IN,"SkyOne, Gokhale Road, Model Colony & Shivaji Ngr, Pune 411016, Maharashtra, India",411016,Gated Residential Society,0,20,P52100061075,18.534951,73.834236,Trophy / Ultra-Prime,osm_cadastral_enriched,0.88
9057e8f6-dba4-41a0-93b6-86e6d37f6993,Clover Classic,clover classic,Reputed Developer / Co-op Consortium,Pune,Koregaon Park,IN,"Clover Classic, Koregaon Park, Pune 411001, Maharashtra, India",411001,Gated Residential Society,0,20,P52100098541,18.539951,73.889183,Trophy / Ultra-Prime,osm_cadastral_enriched,0.88
48b64c21-11a5-473b-a5a1-fb23e8992975,Mont Vert Biarritz - Ph II,mont vert biarritz ph ii,Mont Vert,Pune,Baner & Pan Card Club Rd,IN,"Mont Vert Biarritz - Ph II, Off Baner-Pashan Link Road, Baner & Pan Card Club Rd, Pune 411021, Maharashtra, India",411021,Luxury High-Rise Tower,12,48,P52100015810,18.547717,73.796162,Grade A Luxury,osm_cadastral_enriched,0.99
035b34fd-0afc-449e-a86d-054995a795d3,Kumar Pragati,kumar pragati,Kumar Properties,Pune,NIBM Road & Undri,IN,"Kumar Pragati, NIBM Road & Undri, Pune 411048, Maharashtra, India",411048,Gated Residential Society,5,20,P52100085116,18.47619,73.892517,Grade A Luxury,osm_cadastral_enriched,0.99
40f9ba97-0e95-4206-b248-b1ad98103265,Rohan Tapovan,rohan tapovan,Rohan Builders,Pune,Senapati Bapat Road,IN,"Rohan Tapovan, off the Senapati Bapat Road, Senapati Bapat Road, Pune 411 016, Maharashtra, India",411 016,Gated Residential Society,11,44,P52100078451,18.525393,73.824392,Grade A Luxury,osm_cadastral_enriched,0.99
8e33d986-82b9-47cb-8512-27627398ca77,Konark Poonam Building,konark poonam building,Karia Builders,Pune,NIBM Road & Undri,IN,"Konark Poonam Building, Kondhwa Road, NIBM Road & Undri, Pune 411048, Maharashtra, India",411048,Gated Residential Society,7,28,P52100097786,18.473336,73.8899,Grade A Luxury,osm_cadastral_enriched,0.99
ec84091e-82c2-4360-b8a9-d5fa4ff41a63,Rohan Mithila,rohan mithila,Rohan Builders,Pune,Viman Nagar,IN,"Rohan Mithila, New Airport Road, Viman Nagar, Pune 411014, Maharashtra, India",411014,Gated Residential Society,6,24,P52100046347,18.572404,73.90882,Grade A Luxury,osm_cadastral_enriched,0.99
d4a1e346-e8c2-4a29-93fa-2ee5fed54b40,Pride Aashiyana,pride aashiyana,Pride Group,Pune,"Dhanori, Lohegaon & Porwal",IN,"Pride Aashiyana, Porwal Road, Dhanori, Lohegaon & Porwal, Pune 411047, Maharashtra, India",411047,Gated Residential Society,11,44,P52100087622,18.606761,73.909556,Grade A Luxury,osm_cadastral_enriched,0.99
39b10276-6d80-4323-aad4-d4d3974f2541,Kumar Sankhya,kumar sankhya,Kumar Properties,Pune,Aundh & Sindh Society,IN,"Kumar Sankhya, Aundh & Sindh Society, Pune 411007, Maharashtra, India",411007,Gated Residential Society,8,32,P52100018978,18.56128,73.803669,Grade A Luxury,osm_cadastral_enriched,0.99
01600af8-a8e9-4a4b-b8fd-9d9fd3c7f69e,Kalpataru Sudha Kalash,kalpataru sudha kalash,Kalpataru Limited,Pune,Baner & Pan Card Club Rd,IN,"Kalpataru Sudha Kalash, Pimple Nilakh, Baner & Pan Card Club Rd, Pune 411027, Maharashtra, India",411027,Gated Residential Society,4,16,P52100020333,18.573676,73.793567,Grade A Luxury,osm_cadastral_enriched,0.99
d6d8f0aa-8acb-4c2c-aace-02be7b6b8d8f,Nyati Abode,nyati abode,Nyati Group,Pune,Bavdhan & Chandani Chowk,IN,"Nyati Abode, Ramnagar Private Road, Bavdhan, Bavdhan & Chandani Chowk, Pune 411021, Maharashtra, India",411021,Gated Residential Society,6,24,P52100066335,18.523969,73.781337,Grade A Luxury,osm_cadastral_enriched,0.99
3cd081ac-3127-4d5a-b0d1-957d99672ed0,Rohan Garima Appartments,rohan garima appartments,Rohan Builders,Pune,Senapati Bapat Road,IN,"Rohan Garima Appartments, Senapatyi Bapat Road, Senapati Bapat Road, Pune 411016, Maharashtra, India",411016,Gated Residential Society,11,44,P52100014226,18.533252,73.826069,Grade A Luxury,osm_cadastral_enriched,0.99
a533185c-f562-42ae-83e8-ccd3f8ca867a,Kumar Paradise B,kumar paradise b,Kumar Properties,Pune,Magarpatta City & Hadapsar,IN,"Kumar Paradise B, Survey No. 134/1/1A/1A, Hadapsar, Magarpatta City & Hadapsar, Pune 411036, Maharashtra, India",411036,Gated Residential Society,11,44,P52100034402,18.52165,73.925326,Grade A Luxury,osm_cadastral_enriched,0.99
e4b7db0c-cef7-4973-baae-e7bb329fd20a,Kumar Prospera,kumar prospera,Kumar Properties,Pune,Magarpatta City & Hadapsar,IN,"Kumar Prospera, Mundhwa Road, Magarpatta City & Hadapsar, Pune 411028, Maharashtra, India",411028,Ultra-Luxury High-Rise Tower,21,84,P52100040392,18.517398,73.934169,Grade A Luxury,osm_cadastral_enriched,0.99
05a71327-78ae-4a32-89d9-86c09fc8e589,Bramha Estate,bramha estate,BramhaCorp,Pune,NIBM Road & Undri,IN,"Bramha Estate, Kondhwa Road, NIBM Road & Undri, Pune 411048, Maharashtra, India",411048,Gated Residential Society,11,44,P52100029307,18.478535,73.888685,Grade A Luxury,osm_cadastral_enriched,0.99
46bbff81-7cb6-412c-9553-c0d8275ccaa5,A-2 Kumar Papillon,a 2 kumar papillon,Kumar Properties,Pune,Baner & Pan Card Club Rd,IN,"A-2 Kumar Papillon, Sus-Sutarwadi Service Road, Baner & Pan Card Club Rd, Pune 411021, Maharashtra, India",411021,Gated Residential Society,8,32,P52100064011,18.542931,73.778512,Grade A Luxury,osm_cadastral_enriched,0.99
87fb4cd0-c246-4a5e-ac4d-0eeab6036308,A-1 Kumar Papillon,a 1 kumar papillon,Kumar Properties,Pune,Baner & Pan Card Club Rd,IN,"A-1 Kumar Papillon, Sus-Sutarwadi Service Road, Baner & Pan Card Club Rd, Pune 411021, Maharashtra, India",411021,Gated Residential Society,11,44,P52100094048,18.5425,73.778271,Grade A Luxury,osm_cadastral_enriched,0.99
53aba60d-a7d5-4d36-9aea-8ca836651b7e,Indu Pride,indu pride,Pride Group,Pune,Baner & Pan Card Club Rd,IN,"Indu Pride, Sharada Colony, Baner & Pan Card Club Rd, Pune 411045, Maharashtra, India",411045,Gated Residential Society,6,24,P52100084732,18.573588,73.794498,Grade A Luxury,osm_cadastral_enriched,0.99
fb3956da-548d-4689-a33d-e82d5f245591,Rohan Seher Aparment Buliding,rohan seher aparment buliding,Rohan Builders,Pune,Baner & Pan Card Club Rd,IN,"Rohan Seher Aparment Buliding, Rohan Seher Lane, Samarth Colony, Baner, Baner & Pan Card Club Rd, Pune 4110045, Maharashtra, India",4110045,Gated Residential Society,8,32,P52100062060,18.555341,73.773746,Grade A Luxury,osm_cadastral_enriched,0.99
e805f076-b13f-4587-a088-2b9635a92980,A-3 Kumar Papillon,a 3 kumar papillon,Kumar Properties,Pune,Baner & Pan Card Club Rd,IN,"A-3 Kumar Papillon, Sus-Sutarwadi Service Road, Baner & Pan Card Club Rd, Pune 411021, Maharashtra, India",411021,Gated Residential Society,8,32,P52100044066,18.543341,73.778738,Grade A Luxury,osm_cadastral_enriched,0.99
0d833616-c825-410a-8c73-7e4be0f28854,Mahindra Royale,mahindra royale,Mahindra Lifespaces,Pune,Pimpri & Chinchwad Station,IN,"Mahindra Royale, Nehrunagar Road, Pimpri & Chinchwad Station, Pune 411018, Maharashtra, India",411018,Gated Residential Society,0,20,P52100086751,18.629865,73.814891,Grade A Luxury,osm_cadastral_enriched,0.96
77fee92a-53f1-482e-a3b6-c251908aaca1,Mahindra Colony,mahindra colony,Mahindra Lifespaces,Pune,Koregaon Park,IN,"Mahindra Colony, Koregaon Park, Pune 411001, Maharashtra, India",411001,Gated Residential Society,0,20,P52100016012,18.551189,73.893809,Grade A Luxury,osm_cadastral_enriched,0.96
1e866bf2-f09c-448a-a27e-0ff5a53c5151,Bramha Skycity,bramha skycity,BramhaCorp,Pune,"Dhanori, Lohegaon & Porwal",IN,"Bramha Skycity, Kalwad Road, Dhanori, Dhanori, Lohegaon & Porwal, Pune 411015, Maharashtra, India",411015,Gated Residential Society,0,20,P52100063090,18.591073,73.902024,Grade A Luxury,osm_cadastral_enriched,0.96
0bbe5c64-7a05-4747-921c-c435024808da,Rohan Lehar Apartment,rohan lehar apartment,Rohan Builders,Pune,Baner & Pan Card Club Rd,IN,"Rohan Lehar Apartment, Baner & Pan Card Club Rd, Pune 411045, Maharashtra, India",411045,Gated Residential Society,0,20,P52100082807,18.554616,73.767731,Grade A Luxury,osm_cadastral_enriched,0.96
e33719b7-84cb-4f6f-8997-5e434f30a110,Kumar Sublime,kumar sublime,Kumar Properties,Pune,NIBM Road & Undri,IN,"Kumar Sublime, NIBM Road & Undri, Pune 411048, Maharashtra, India",411048,Gated Residential Society,0,20,P52100083405,18.466036,73.893924,Grade A Luxury,osm_cadastral_enriched,0.96
b1920cf7-eb38-40a4-8baf-de69e52a02e1,Kumar Sansar,kumar sansar,Kumar Properties,Pune,NIBM Road & Undri,IN,"Kumar Sansar, NIBM Road & Undri, Pune 411048, Maharashtra, India",411048,Gated Residential Society,0,20,P52100097792,18.468248,73.893283,Grade A Luxury,osm_cadastral_enriched,0.96
a0135249-132c-4bc7-a986-f78b38b8b448,Konark Puram,konark puram,Karia Builders,Pune,NIBM Road & Undri,IN,"Konark Puram, NIBM Road & Undri, Pune 411048, Maharashtra, India",411048,Gated Residential Society,0,20,P52100066152,18.470712,73.889561,Grade A Luxury,osm_cadastral_enriched,0.96
27b615c0-f224-414d-b2dd-50a820051568,Kalpataru Estate,kalpataru estate,Kalpataru Limited,Pune,Pimple Saudagar & Rahatani,IN,"Kalpataru Estate, Pimple Saudagar & Rahatani, Pune 411027, Maharashtra, India",411027,Gated Residential Society,0,20,P52100033508,18.601867,73.811781,Grade A Luxury,osm_cadastral_enriched,0.96
76c6e06f-fa37-45d1-a88d-5efff4167f9a,Nyati Elan Resdency,nyati elan resdency,Nyati Group,Pune,Wagholi & Bakori Road,IN,"Nyati Elan Resdency, JSPM Road, Wagholi & Bakori Road, Pune 412207, Maharashtra, India",412207,Gated Residential Society,0,20,P52100056799,18.587294,74.004459,Grade A Luxury,osm_cadastral_enriched,0.96
0d62fa00-27bf-4d10-9391-3b2baccba346,Kumar Classic,kumar classic,Kumar Properties,Pune,Aundh & Sindh Society,IN,"Kumar Classic, Aundh & Sindh Society, Pune 411007, Maharashtra, India",411007,Gated Residential Society,0,20,P52100064898,18.562268,73.808714,Grade A Luxury,osm_cadastral_enriched,0.96
17262312-d661-4e2a-a090-68d0dfda33df,Rohan Viti,rohan viti,Rohan Builders,Pune,Wakad,IN,"Rohan Viti, Wakad, Pune 411057, Maharashtra, India",411057,Gated Residential Society,0,20,P52100041882,18.591222,73.761128,Grade A Luxury,osm_cadastral_enriched,0.96
194acf84-1543-48a7-bcb9-22657a8b25dc,Gera World of Joy,gera world of joy,Gera Developments,Pune,Kharadi & EON IT Corridor,IN,"Gera World of Joy, Upper Kharadi Main Rd, Kharadi & EON IT Corridor, Pune 412207, Maharashtra, India",412207,Gated Residential Society,0,20,P52100021796,18.563669,73.960711,Grade A Luxury,osm_cadastral_enriched,0.96
9c554f08-18c1-4730-b935-fce8734a69a3,KUMAR SAHAWAS SOCIETY,kumar sahawas society,Kumar Properties,Pune,Baner & Pan Card Club Rd,IN,"KUMAR SAHAWAS SOCIETY, Someshwar Temple Road, Baner & Pan Card Club Rd, Pune 411021, Maharashtra, India",411021,Gated Residential Society,0,20,P52100099726,18.548307,73.79333,Grade A Luxury,osm_cadastral_enriched,0.96
9ede3933-f652-4416-906b-09c1683dd034,Mont Vert 2,mont vert 2,Mont Vert,Pune,Baner & Pan Card Club Rd,IN,"Mont Vert 2, Baner & Pan Card Club Rd, Pune 411045, Maharashtra, India",411045,Gated Residential Society,0,20,P52100084763,18.545259,73.780682,Grade A Luxury,osm_cadastral_enriched,0.96
78437c49-fc79-4931-8b02-b67ea12360e7,Mont Vert 1,mont vert 1,Mont Vert,Pune,Baner & Pan Card Club Rd,IN,"Mont Vert 1, Baner & Pan Card Club Rd, Pune 411045, Maharashtra, India",411045,Gated Residential Society,0,20,P52100017679,18.542853,73.790653,Grade A Luxury,osm_cadastral_enriched,0.96
b76dfeaf-daeb-47d0-b826-ebe62c559fa8,Bramha SunCity,bramha suncity,BramhaCorp,Pune,Kalyani Nagar,IN,"Bramha SunCity, Kalyani Nagar, Pune 411006, Maharashtra, India",411006,Gated Residential Society,0,20,P52100073624,18.547259,73.918061,Grade A Luxury,osm_cadastral_enriched,0.96
2bb31f06-06db-4ad0-988c-fa2734011be0,Rohan Nilay 1,rohan nilay 1,Rohan Builders,Pune,Aundh & Sindh Society,IN,"Rohan Nilay 1, Aundh & Sindh Society, Pune 411007, Maharashtra, India",411007,Gated Residential Society,0,20,P52100061687,18.565114,73.816532,Grade A Luxury,osm_cadastral_enriched,0.96
a09eaea7-261f-4947-a675-e9dd9bf03d1d,Rohan Nilay 2,rohan nilay 2,Rohan Builders,Pune,Aundh & Sindh Society,IN,"Rohan Nilay 2, Aundh & Sindh Society, Pune 411007, Maharashtra, India",411007,Gated Residential Society,0,20,P52100017077,18.567026,73.816554,Grade A Luxury,osm_cadastral_enriched,0.96
c53fdce5-7d53-456e-a0a7-9afba27184d0,Gera's Emerald City North,gera s emerald city north,Gera Developments,Pune,Kharadi & EON IT Corridor,IN,"Gera's Emerald City North, Kharadi & EON IT Corridor, Pune 411014, Maharashtra, India",411014,Gated Residential Society,0,20,P52100021372,18.555603,73.952155,Grade A Luxury,osm_cadastral_enriched,0.96
80275d59-9c2b-42ec-872e-1122be97493e,Konark Campus Housing Society,konark campus housing society,Karia Builders,Pune,Viman Nagar,IN,"Konark Campus Housing Society, Viman Nagar, Pune 411014, Maharashtra, India",411014,Gated Residential Society,0,20,P52100089827,18.571181,73.90918,Grade A Luxury,osm_cadastral_enriched,0.96
300ec07f-dd62-4789-b737-4261d8463fb0,Lunkad Queens Land,lunkad queens land,Lunkad Realty,Pune,Viman Nagar,IN,"Lunkad Queens Land, Viman Nagar, Pune 411014, Maharashtra, India",411014,Gated Residential Society,0,20,P52100077717,18.568943,73.910386,Grade A Luxury,osm_cadastral_enriched,0.96
3a40551b-ec17-467d-99d2-37a12f2a97fb,Lunkad Sky Lounge,lunkad sky lounge,Lunkad Realty,Pune,Koregaon Park,IN,"Lunkad Sky Lounge, Koregaon Park, Pune 411001, Maharashtra, India",411001,Gated Residential Society,0,20,P52100047908,18.544315,73.904234,Grade A Luxury,osm_cadastral_enriched,0.96
59414398-fd06-483d-aa91-8bd2d1e04ade,Bramha Majestic,bramha majestic,BramhaCorp,Pune,NIBM Road & Undri,IN,"Bramha Majestic, NIBM Road, NIBM Road & Undri, Pune 411048, Maharashtra, India",411048,Gated Residential Society,0,20,P52100018026,18.476479,73.894644,Grade A Luxury,osm_cadastral_enriched,0.96
ba5f048b-e392-42b3-9483-8ae66f6003f7,Bramha Exuberance,bramha exuberance,BramhaCorp,Pune,NIBM Road & Undri,IN,"Bramha Exuberance, NIBM Road & Undri, Pune 411048, Maharashtra, India",411048,Gated Residential Society,0,20,P52100099841,18.475215,73.895077,Grade A Luxury,osm_cadastral_enriched,0.96
d9d853b9-9118-40a4-8c96-0effcf6fc628,Rohan Madhuban,rohan madhuban,Rohan Builders,Pune,Bavdhan & Chandani Chowk,IN,"Rohan Madhuban, Mulshi Road, Bavdhan & Chandani Chowk, Pune 411021, Maharashtra, India",411021,Gated Residential Society,0,20,P52100046888,18.504882,73.770426,Grade A Luxury,osm_cadastral_enriched,0.96
872f75bc-3820-4c4e-a526-07cc813c52e3,Gera Emerald City South,gera emerald city south,Gera Developments,Pune,Kharadi & EON IT Corridor,IN,"Gera Emerald City South, Kharadi & EON IT Corridor, Pune 411014, Maharashtra, India",411014,Gated Residential Society,0,20,P52100045510,18.553626,73.951987,Grade A Luxury,osm_cadastral_enriched,0.96
5728bd3a-eab8-4954-8582-fc4315f51ee6,Gera Emerald City North,gera emerald city north,Gera Developments,Pune,Kharadi & EON IT Corridor,IN,"Gera Emerald City North, Kharadi & EON IT Corridor, Pune 411014, Maharashtra, India",411014,Gated Residential Society,0,20,P52100010779,18.555493,73.952509,Grade A Luxury,osm_cadastral_enriched,0.96
dfaa54df-bbc1-4837-9ef2-70ee6f42c4a3,"Gera E,erald City North",gera e erald city north,Gera Developments,Pune,Kharadi & EON IT Corridor,IN,"Gera E,erald City North, Kharadi & EON IT Corridor, Pune 411014, Maharashtra, India",411014,Gated Residential Society,0,20,P52100047300,18.555394,73.95178,Grade A Luxury,osm_cadastral_enriched,0.96
0caa6a51-029f-4a47-85c2-27d16aec0763,Nyati Meadows,nyati meadows,Nyati Group,Pune,Kalyani Nagar,IN,"Nyati Meadows, Kalyani Nagar, Pune 411006, Maharashtra, India",411006,Gated Residential Society,0,20,P52100070605,18.547799,73.914428,Grade A Luxury,osm_cadastral_enriched,0.96
a3fdd6d4-2e93-4bde-ba8d-112af9ad095b,Nyati Estate,nyati estate,Nyati Group,Pune,NIBM Road & Undri,IN,"Nyati Estate, NIBM Road & Undri, Pune 411048, Maharashtra, India",411048,Gated Residential Society,0,20,P52100080345,18.46545,73.921541,Grade A Luxury,osm_cadastral_enriched,0.96
0df24a82-888c-492b-af5d-afaa222bccd6,Nyati Garden,nyati garden,Nyati Group,Pune,NIBM Road & Undri,IN,"Nyati Garden, NIBM Road & Undri, Pune 411048, Maharashtra, India",411048,Gated Residential Society,0,20,P52100026521,18.466162,73.92197,Grade A Luxury,osm_cadastral_enriched,0.96
fb7392bb-2bef-44a2-b9b7-1d61c3ef4945,Runwal The Central Park,runwal the central park,Runwal Group,Pune,Pimpri & Chinchwad Station,IN,"Runwal The Central Park, Pimpri & Chinchwad Station, Pune 411018, Maharashtra, India",411018,Gated Residential Society,0,20,P52100092284,18.633187,73.795993,Grade A Luxury,osm_cadastral_enriched,0.96
aa99874f-6eae-4e52-9141-a7c8bba1a616,Nyati Esplanade,nyati esplanade,Nyati Group,Pune,Bavdhan & Chandani Chowk,IN,"Nyati Esplanade, Bhunde Vasti,Bavdhan, Bavdhan & Chandani Chowk, Pune 411021, Maharashtra, India",411021,Gated Residential Society,0,20,P52100036678,18.522364,73.761595,Grade A Luxury,osm_cadastral_enriched,0.96
37b630dd-f19f-4a0c-916c-e929c9811377,Nyati Environ,nyati environ,Nyati Group,Pune,"Dhanori, Lohegaon & Porwal",IN,"Nyati Environ, Tingrenagar, Dhanori, Lohegaon & Porwal, Pune 411015, Maharashtra, India",411015,Gated Residential Society,0,20,P52100055575,18.5782,73.88936,Grade A Luxury,osm_cadastral_enriched,0.96
984b44c2-eb00-4d60-b9b4-7801a69fdfeb,Konark Pooram Society,konark pooram society,Karia Builders,Pune,NIBM Road & Undri,IN,"Konark Pooram Society, Kondhwa Road, NIBM Road & Undri, Pune 411048, Maharashtra, India",411048,Gated Residential Society,0,20,P52100032268,18.471497,73.889873,Grade A Luxury,osm_cadastral_enriched,0.96
30f396e1-be3e-4fc6-98c5-537075c89aa0,Kumar Crystal,kumar crystal,Kumar Properties,Pune,Aundh & Sindh Society,IN,"Kumar Crystal, Mahadji Shinde Marg, Aundh & Sindh Society, Pune 411007, Maharashtra, India",411007,Gated Residential Society,0,20,P52100015877,18.563766,73.807733,Grade A Luxury,osm_cadastral_enriched,0.96
e35c9dc7-f512-4949-a69c-23305ad618ed,Gera Sky Villas,gera sky villas,Gera Developments,Pune,Kharadi & EON IT Corridor,IN,"Gera Sky Villas, Kharadi, Kharadi & EON IT Corridor, Pune 411014, Maharashtra, India",411014,Luxury Villa Community,0,20,P52100020410,18.558245,73.957127,Grade A Luxury,osm_cadastral_enriched,0.96
9eb49199-d680-46e4-8893-ebdb891bbcae,Rohan Honde Home,rohan honde home,Rohan Builders,Pune,Model Colony & Shivaji Ngr,IN,"Rohan Honde Home, Model Colony & Shivaji Ngr, Pune 411016, Maharashtra, India",411016,Gated Residential Society,0,20,P52100020212,18.542705,73.834266,Grade A Luxury,osm_cadastral_enriched,0.96
7adad587-9e2f-48b1-89a8-06b3e95fe6bf,B. U. Bhandari Hill Side,b u bhandari hill side,Bhandari Associates,Pune,Baner & Pan Card Club Rd,IN,"B. U. Bhandari Hill Side, Baner & Pan Card Club Rd, Pune 411045, Maharashtra, India",411045,Gated Residential Society,0,20,P52100079334,18.558197,73.792058,Grade A Luxury,osm_cadastral_enriched,0.96
defb98a3-7536-4a5d-a2b5-2f10f44f2561,Mont Vert Mystique,mont vert mystique,Mont Vert,Pune,Aundh & Sindh Society,IN,"Mont Vert Mystique, Aundh & Sindh Society, Pune 411007, Maharashtra, India",411007,Gated Residential Society,0,20,P52100059130,18.558802,73.795602,Grade A Luxury,osm_cadastral_enriched,0.96
d19be820-5367-44c1-92a2-f24bf89589d5,Runwal Shrushti,runwal shrushti,Runwal Group,Pune,Aundh & Sindh Society,IN,"Runwal Shrushti, Aundh & Sindh Society, Pune 411007, Maharashtra, India",411007,Gated Residential Society,0,20,P52100098694,18.553357,73.799396,Grade A Luxury,osm_cadastral_enriched,0.96
da760d59-89c3-424c-a4cf-1ed4d7b6ee08,Kumar Atman Society,kumar atman society,Kumar Properties,Pune,Aundh & Sindh Society,IN,"Kumar Atman Society, Aundh & Sindh Society, Pune 411045, Maharashtra, India",411045,Gated Residential Society,0,20,P52100076841,18.55601,73.798692,Grade A Luxury,osm_cadastral_enriched,0.96
cd2e15fb-c81e-439a-8421-461bf68816f0,Runwal Sameeksha,runwal sameeksha,Runwal Group,Pune,Aundh & Sindh Society,IN,"Runwal Sameeksha, Aundh & Sindh Society, Pune 411007, Maharashtra, India",411007,Gated Residential Society,0,20,P52100063914,18.553943,73.798693,Grade A Luxury,osm_cadastral_enriched,0.96
9c4a08e5-5edf-4d51-b6f8-604cf909daa7,Runwal Sinclair,runwal sinclair,Runwal Group,Pune,Bavdhan & Chandani Chowk,IN,"Runwal Sinclair, Lane 1, Bavdhan & Chandani Chowk, Pune 411038, Maharashtra, India",411038,Gated Residential Society,0,20,P52100086266,18.510608,73.793458,Grade A Luxury,osm_cadastral_enriched,0.96
b5502e6e-3d0c-4aa4-9797-802152074d53,Rohan Apartment,rohan apartment,Rohan Builders,Pune,Model Colony & Shivaji Ngr,IN,"Rohan Apartment, Model Colony & Shivaji Ngr, Pune 411016, Maharashtra, India",411016,Gated Residential Society,0,20,P52100038922,18.539479,73.833639,Grade A Luxury,osm_cadastral_enriched,0.96
0412439b-c768-4091-83b8-f233027b3bc2,Nyati Hermitage,nyati hermitage,Nyati Group,Pune,Bavdhan & Chandani Chowk,IN,"Nyati Hermitage, Ramnagar Private Road, Ram Nagar, Bavdhan, Bavdhan & Chandani Chowk, Pune 411021, Maharashtra, India",411021,Gated Residential Society,0,20,P52100035714,18.524611,73.782589,Grade A Luxury,osm_cadastral_enriched,0.96
9a5f2c9d-3476-4f7a-9fdf-0b3e86bf1d8e,Rohan Apartment,rohan apartment,Rohan Builders,Pune,Model Colony & Shivaji Ngr,IN,"Rohan Apartment, Model Colony & Shivaji Ngr, Pune 411016, Maharashtra, India",411016,Gated Residential Society,0,20,P52100038922,18.54393,73.8343,Grade A Luxury,osm_cadastral_enriched,0.96
8f2dbe17-60f3-48ea-a8d2-bf84f41e50f7,Kumar Papillon,kumar papillon,Kumar Properties,Pune,Baner & Pan Card Club Rd,IN,"Kumar Papillon, Sus-Sutarwadi Service Road, Baner & Pan Card Club Rd, Pune 411021, Maharashtra, India",411021,Gated Residential Society,0,20,P52100052947,18.542899,73.778426,Grade A Luxury,osm_cadastral_enriched,0.96
a12e257c-5aec-4b52-a733-f2b4071acf51,Kumar Buena Vista,kumar buena vista,Kumar Properties,Pune,Baner & Pan Card Club Rd,IN,"Kumar Buena Vista, Baner-Pashan Link Road, Baner & Pan Card Club Rd, Pune 411045, Maharashtra, India",411045,Gated Residential Society,0,20,P52100092036,18.546765,73.792376,Grade A Luxury,osm_cadastral_enriched,0.96
5dc5d981-5899-4f0e-accc-8810dadd98d9,Mont Vert Finesse,mont vert finesse,Mont Vert,Pune,Baner & Pan Card Club Rd,IN,"Mont Vert Finesse, Baner & Pan Card Club Rd, Pune 411045, Maharashtra, India",411045,Gated Residential Society,0,20,P52100091083,18.550508,73.792754,Grade A Luxury,osm_cadastral_enriched,0.96
b9da0191-9261-4374-ab43-86f279d24b17,Mont Vert Avion,mont vert avion,Mont Vert,Pune,Baner & Pan Card Club Rd,IN,"Mont Vert Avion, Pashan-Sus Road, Baner & Pan Card Club Rd, Pune 411 021, Maharashtra, India",411 021,Gated Residential Society,0,20,P52100088924,18.542424,73.791596,Grade A Luxury,osm_cadastral_enriched,0.96
3b51aa43-3d68-43dd-a110-be019a47f6f3,Kumar Shantiniketan 2,kumar shantiniketan 2,Kumar Properties,Pune,Baner & Pan Card Club Rd,IN,"Kumar Shantiniketan 2, Baner-Pashan Link Road, Baner & Pan Card Club Rd, Pune 411 021, Maharashtra, India",411 021,Gated Residential Society,0,20,P52100014258,18.545423,73.792409,Grade A Luxury,osm_cadastral_enriched,0.96
40eac75f-a322-4a75-8284-5f804f15983c,Runwal Prestige Valencia,runwal prestige valencia,Runwal Group,Pune,Koregaon Park,IN,"Runwal Prestige Valencia, Koregaon Park, Pune 411001, Maharashtra, India",411001,Gated Residential Society,0,20,P52100022902,18.549205,73.891704,Grade A Luxury,osm_cadastral_enriched,0.96
7954e74a-9e62-4174-b7b2-5283fc7c860d,Kumar Shantiniketan Co-operative Housing Society Limited,kumar shantiniketan co operative housing society limited,Kumar Properties,Pune,Baner & Pan Card Club Rd,IN,"Kumar Shantiniketan Co-operative Housing Society Limited, Baner & Pan Card Club Rd, Pune 411045, Maharashtra, India",411045,Gated Residential Society,0,20,P52100050473,18.544313,73.792311,Grade A Luxury,osm_cadastral_enriched,0.96
d5d97a18-f8c4-4e40-ab46-c0f005f7ee3c,Blue Ridge,blue ridge,Paranjape Schemes,Pune,Hinjewadi (Phases 1-3),IN,"Blue Ridge, Hinjewadi (Phases 1-3), Pune 411057, Maharashtra, India",411057,Gated Residential Society,0,20,P52100080355,18.577973,73.738865,Grade A Luxury,osm_cadastral_enriched,0.96
ea60e250-8a34-492c-ab31-ecedb2e0aa57,Blue Ridge,blue ridge,Paranjape Schemes,Pune,Hinjewadi (Phases 1-3),IN,"Blue Ridge, Hinjewadi (Phases 1-3), Pune 411057, Maharashtra, India",411057,Gated Residential Society,0,20,P52100080355,18.575737,73.737891,Grade A Luxury,osm_cadastral_enriched,0.96
9c87cf54-7f64-450c-acce-e2f4f3203adf,Blue Ridge & 23,blue ridge 23,Paranjape Schemes,Pune,Hinjewadi (Phases 1-3),IN,"Blue Ridge & 23, Hinjewadi (Phases 1-3), Pune 411057, Maharashtra, India",411057,Gated Residential Society,0,20,P52100079557,18.575007,73.740953,Grade A Luxury,osm_cadastral_enriched,0.96
b647016f-bf7d-4d47-807a-a4b39eace7d5,Blue Ridge & 21,blue ridge 21,Paranjape Schemes,Pune,Hinjewadi (Phases 1-3),IN,"Blue Ridge & 21, Hinjewadi (Phases 1-3), Pune 411057, Maharashtra, India",411057,Gated Residential Society,0,20,P52100096879,18.57522,73.741699,Grade A Luxury,osm_cadastral_enriched,0.96
0590edb1-ad11-4026-8f47-f0102295b10f,Kumar Pinakin,kumar pinakin,Kumar Properties,Pune,Baner & Pan Card Club Rd,IN,"Kumar Pinakin, Baner & Pan Card Club Rd, Pune 411045, Maharashtra, India",411045,Gated Residential Society,0,20,P52100027019,18.553342,73.769793,Grade A Luxury,osm_cadastral_enriched,0.96
ba93e687-d867-43ec-ab16-6ca4214b3e72,24K Glitterati,24k glitterati,Kolte-Patil Developers,Pune,Balewadi & High Street,IN,"24K Glitterati, Balewadi & High Street, Pune 411045, Maharashtra, India",411045,Gated Residential Society,0,20,P52100010490,18.576695,73.786061,Grade A Luxury,osm_cadastral_enriched,0.96
0a015c95-c688-4e7e-99e0-b80a76812992,Blue Ridge & 19,blue ridge 19,Paranjape Schemes,Pune,Hinjewadi (Phases 1-3),IN,"Blue Ridge & 19, Hinjewadi (Phases 1-3), Pune 411057, Maharashtra, India",411057,Gated Residential Society,0,20,P52100071422,18.57538,73.742447,Grade A Luxury,osm_cadastral_enriched,0.96
2507dfc6-2ed2-40c7-a10f-7fcee6bb5b28,24k Sereno,24k sereno,Kolte-Patil Developers,Pune,Baner & Pan Card Club Rd,IN,"24k Sereno, Baner & Pan Card Club Rd, Pune 411045, Maharashtra, India",411045,Gated Residential Society,0,20,P52100022295,18.553074,73.780411,Grade A Luxury,osm_cadastral_enriched,0.96
293aefc2-b9e0-462d-a740-bb265178e0f7,Ganga Platino,ganga platino,Goel Ganga Developments,Pune,Kharadi & EON IT Corridor,IN,"Ganga Platino, Kharadi & EON IT Corridor, Pune 411014, Maharashtra, India",411014,Gated Residential Society,0,20,P52100031094,18.555436,73.948194,Grade A Luxury,osm_cadastral_enriched,0.96
b48b5552-b6f1-4c4b-866a-3abae2d6e0bd,Nyati Exotica,nyati exotica,Nyati Group,Pune,NIBM Road & Undri,IN,"Nyati Exotica, Nyati Estate Road, NIBM Road & Undri, Pune 411060, Maharashtra, India",411060,Gated Residential Society,0,20,P52100012312,18.464051,73.922558,Grade A Luxury,osm_cadastral_enriched,0.96
bb08af58-f99b-4e24-8003-2bb12e68b885,Rohan Kritika,rohan kritika,Rohan Builders,Pune,Sinhagad Road & Manik Baug,IN,"Rohan Kritika, Sinhagad Road & Manik Baug, Pune 411051, Maharashtra, India",411051,Gated Residential Society,0,20,P52100057255,18.490614,73.834057,Grade A Luxury,osm_cadastral_enriched,0.96
e0833249-a5e5-45fc-a1e6-389856d10fd0,Nyati Equatorial,nyati equatorial,Nyati Group,Pune,Bavdhan & Chandani Chowk,IN,"Nyati Equatorial, Bavdhan & Chandani Chowk, Pune 411021, Maharashtra, India",411021,Gated Residential Society,0,20,P52100010263,18.518685,73.766656,Grade A Luxury,osm_cadastral_enriched,0.96
c665c204-ba0a-44be-af95-8fe485e3ad8d,Nyati Equatorial,nyati equatorial,Nyati Group,Pune,Bavdhan & Chandani Chowk,IN,"Nyati Equatorial, Bavdhan Budruk, Bavdhan & Chandani Chowk, Pune 411021, Maharashtra, India",411021,Gated Residential Society,0,20,P52100010263,18.52184,73.762783,Grade A Luxury,osm_cadastral_enriched,0.96
3c157692-1915-41e7-af31-f62ce758719e,Kumar Peninsula,kumar peninsula,Kumar Properties,Pune,Baner & Pan Card Club Rd,IN,"Kumar Peninsula, Baner & Pan Card Club Rd, Pune 411045, Maharashtra, India",411045,Gated Residential Society,0,20,P52100087026,18.55,73.789432,Grade A Luxury,osm_cadastral_enriched,0.96
ba6b4dcd-c431-4adb-88ad-ec5f38e3db79,"Kalpataru Exquisite, Crescendo",kalpataru exquisite crescendo,Kalpataru Limited,Pune,Wakad,IN,"Kalpataru Exquisite, Crescendo, Wakad, Pune 411057, Maharashtra, India",411057,Gated Residential Society,0,20,P52100052015,18.592863,73.77033,Grade A Luxury,osm_cadastral_enriched,0.96
f93feb6a-d065-4050-94a8-1669bd969676,Kalpataru Harmony,kalpataru harmony,Kalpataru Limited,Pune,Wakad,IN,"Kalpataru Harmony, Wakad, Pune 411057, Maharashtra, India",411057,Gated Residential Society,0,20,P52100033175,18.591968,73.770987,Grade A Luxury,osm_cadastral_enriched,0.96
747cdfa9-9a14-4a6b-b82c-b89e4f372581,Kalpataru Splendour,kalpataru splendour,Kalpataru Limited,Pune,Wakad,IN,"Kalpataru Splendour, Wakad, Pune 411057, Maharashtra, India",411057,Gated Residential Society,0,20,P52100023299,18.596539,73.766904,Grade A Luxury,osm_cadastral_enriched,0.96
adfbdc0c-0c97-4a03-a98e-a39e7087b0da,VTP Hilife,vtp hilife,VTP Realty,Pune,Wakad,IN,"VTP Hilife, Wakad, Pune 411057, Maharashtra, India",411057,Gated Residential Society,0,20,P52100071107,18.611603,73.766995,Grade A Luxury,osm_cadastral_enriched,0.96
ae63d396-23a9-4103-befb-357313ecb7e8,Konark Vihaar,konark vihaar,Karia Builders,Pune,Bibwewadi & Market Yard,IN,"Konark Vihaar, Satara Road, Bibwewadi & Market Yard, Pune 411043, Maharashtra, India",411043,Gated Residential Society,0,20,P52100043074,18.468548,73.856405,Grade A Luxury,osm_cadastral_enriched,0.96
ddee8f24-d896-42a2-b306-57b517b70cb0,Mont vert vivant,mont vert vivant,Mont Vert,Pune,Wakad,IN,"Mont vert vivant, Wakad, Pune 411057, Maharashtra, India",411057,Gated Residential Society,0,20,P52100066004,18.5983,73.769127,Grade A Luxury,osm_cadastral_enriched,0.96
15af8a28-ca96-4f82-97db-19be687d6742,Mont Vert Tropez,mont vert tropez,Mont Vert,Pune,Wakad,IN,"Mont Vert Tropez, Wakad, Pune 411057, Maharashtra, India",411057,Gated Residential Society,0,20,P52100064541,18.59422,73.767644,Grade A Luxury,osm_cadastral_enriched,0.96
a453cea9-9b87-4fd3-969f-2540dcbe405d,Mont Vert Seville,mont vert seville,Mont Vert,Pune,Wakad,IN,"Mont Vert Seville, Wakad, Pune 411057, Maharashtra, India",411057,Gated Residential Society,0,20,P52100033666,18.602984,73.768596,Grade A Luxury,osm_cadastral_enriched,0.96
87ec8b87-c0c4-485f-b098-e705a45c8814,Kumar Picasso,kumar picasso,Kumar Properties,Pune,Magarpatta City & Hadapsar,IN,"Kumar Picasso, Magarpatta City & Hadapsar, Pune 411028, Maharashtra, India",411028,Gated Residential Society,0,20,P52100093694,18.512012,73.942937,Grade A Luxury,osm_cadastral_enriched,0.96
38f428cc-0b0f-40fd-b225-ad17549abe46,24K Glitterati,24k glitterati,Kolte-Patil Developers,Pune,Balewadi & High Street,IN,"24K Glitterati, Balewadi & High Street, Pune 411045, Maharashtra, India",411045,Gated Residential Society,0,20,P52100010490,18.580888,73.78584,Grade A Luxury,osm_cadastral_enriched,0.96
84d2bd5d-2cfb-4b8c-9a81-67aa8a92489a,Kumar Paradise,kumar paradise,Kumar Properties,Pune,Magarpatta City & Hadapsar,IN,"Kumar Paradise, Magarpatta City & Hadapsar, Pune 411028, Maharashtra, India",411028,Gated Residential Society,0,20,P52100048613,18.521704,73.92521,Grade A Luxury,osm_cadastral_enriched,0.96
aaa5f3e0-1674-4048-b321-979aa61baf25,Mont Vert One oystera,mont vert one oystera,Mont Vert,Pune,Wakad,IN,"Mont Vert One oystera, Wakad, Pune 411057, Maharashtra, India",411057,Gated Residential Society,0,20,P52100054087,18.594184,73.766833,Grade A Luxury,osm_cadastral_enriched,0.96
08e97d48-8a07-47b4-81d5-dfd32fccb131,Kalpataru Jade Residences,kalpataru jade residences,Kalpataru Limited,Pune,Baner & Pan Card Club Rd,IN,"Kalpataru Jade Residences, Baner & Pan Card Club Rd, Pune 411045, Maharashtra, India",411045,Gated Residential Society,0,20,P52100010735,18.554529,73.785804,Grade A Luxury,osm_cadastral_enriched,0.96
17e969dd-dd56-4ecb-b5d3-eb3c8429e203,Rohan Seher Society,rohan seher society,Rohan Builders,Pune,Baner & Pan Card Club Rd,IN,"Rohan Seher Society, Rohan Seher Lane, Samarth Colony, Baner, Baner & Pan Card Club Rd, Pune 4110045, Maharashtra, India",4110045,Gated Residential Society,0,20,P52100074220,18.555277,73.774299,Grade A Luxury,osm_cadastral_enriched,0.96
4b199756-3ee6-4e89-ad29-334705d04693,Kumar Prerana,kumar prerana,Kumar Properties,Pune,Aundh & Sindh Society,IN,"Kumar Prerana, Nagras Road, Aundh & Sindh Society, Pune 411007, Maharashtra, India",411007,Gated Residential Society,0,20,P52100015315,18.567152,73.802354,Grade A Luxury,osm_cadastral_enriched,0.96
f1b068b7-c82a-4e37-98b9-90b2aec004cf,Kumar Padmalay,kumar padmalay,Kumar Properties,Pune,Aundh & Sindh Society,IN,"Kumar Padmalay, Nagras Road, Aundh & Sindh Society, Pune 411007, Maharashtra, India",411007,Gated Residential Society,0,20,P52100024130,18.566963,73.803052,Grade A Luxury,osm_cadastral_enriched,0.96
f16daac9-b106-4b77-890a-69051fefb099,Kalpataru Enclave,kalpataru enclave,Kalpataru Limited,Pune,Aundh & Sindh Society,IN,"Kalpataru Enclave, Aundh & Sindh Society, Pune 411007, Maharashtra, India",411007,Luxury Villa Community,0,20,P52100084701,18.561079,73.806294,Grade A Luxury,osm_cadastral_enriched,0.96
4bf89262-f918-48f1-85ea-001f31351fb3,Rohan Tarang,rohan tarang,Rohan Builders,Pune,Wakad,IN,"Rohan Tarang, Wakad, Pune 411057, Maharashtra, India",411057,Gated Residential Society,0,20,P52100092017,18.591086,73.76093,Grade A Luxury,osm_cadastral_enriched,0.96
0d2c87aa-b15c-44bc-ab6b-0ca6d025f2b3,Godrej Infinity,godrej infinity,Godrej Properties,Pune,Kharadi & EON IT Corridor,IN,"Godrej Infinity, Kharadi & EON IT Corridor, Pune 411014, Maharashtra, India",411014,Gated Residential Society,0,20,P52100069642,18.540375,73.94663,Grade A Luxury,osm_cadastral_enriched,0.96
b44d3b38-f50e-42e4-a2af-ff210b26731c,Kumar Primavera Society,kumar primavera society,Kumar Properties,Pune,Kharadi & EON IT Corridor,IN,"Kumar Primavera Society, Kharadi & EON IT Corridor, Pune 411014, Maharashtra, India",411014,Gated Residential Society,0,20,P52100015186,18.541491,73.928186,Grade A Luxury,osm_cadastral_enriched,0.96
47b4a91e-e529-476f-bb69-4cd00a170826,Sobha Nesara,sobha nesara,Sobha Limited,Pune,Bavdhan & Chandani Chowk,IN,"Sobha Nesara, Sobha Nesara Road, Bavdhan & Chandani Chowk, Pune 411038, Maharashtra, India",411038,Gated Residential Society,0,20,P52100064730,18.506303,73.7864,Grade A Luxury,osm_cadastral_enriched,0.96
56d469d0-e3f0-45ca-85ec-f93fc32853e8,F-Residences,f residences,BramhaCorp,Pune,Kalyani Nagar,IN,"F-Residences, Kalyani Nagar - Wadgaon Sheri Rd, Kalyani Nagar, Pune 411014, Maharashtra, India",411014,Gated Residential Society,0,20,P52100098360,18.548442,73.917501,Grade A Luxury,osm_cadastral_enriched,0.96
7b93821c-2cfc-4455-ad8a-81e13a967311,Kumar Prithvi,kumar prithvi,Kumar Properties,Pune,NIBM Road & Undri,IN,"Kumar Prithvi, NIBM Road & Undri, Pune 411048, Maharashtra, India",411048,Gated Residential Society,0,20,P52100026233,18.466551,73.880839,Grade A Luxury,osm_cadastral_enriched,0.96
9607f2f7-3f9c-44f9-ad99-dc00eadf961a,Paranjape Azure,paranjape azure,Paranjape Schemes,Pune,Wakad,IN,"Paranjape Azure, Wakad, Pune 411057, Maharashtra, India",411057,Gated Residential Society,0,20,P52100058923,18.612814,73.751466,Grade A Luxury,osm_cadastral_enriched,0.96
5810c1cc-f486-4f73-9c3a-114abf4ce1ee,Pride Green Fields,pride green fields,Pride Group,Pune,Balewadi & High Street,IN,"Pride Green Fields, Balewadi & High Street, Pune 411045, Maharashtra, India",411045,Gated Residential Society,0,20,P52100026287,18.582979,73.782315,Grade A Luxury,osm_cadastral_enriched,0.96
bd46adcc-a9f7-460d-9ebe-49bda078b9b6,Amanora The Fern,amanora the fern,Amanora,Pune,Magarpatta City & Hadapsar,IN,"Amanora The Fern, Magarpatta City & Hadapsar, Pune 411028, Maharashtra, India",411028,Gated Residential Society,0,20,P52100034547,18.517828,73.942029,Grade A Luxury,osm_cadastral_enriched,0.96
8a0eb2bb-b266-413b-9df9-1b4b7c4b0664,Konark Estate,konark estate,Karia Builders,Pune,Camp & Pune Cantonment,IN,"Konark Estate, Camp & Pune Cantonment, Pune 411001, Maharashtra, India",411001,Gated Residential Society,0,20,P52100061302,18.524015,73.877924,Grade A Luxury,osm_cadastral_enriched,0.96
ec414cbe-6413-4d19-9f1a-f6ae941ee8d7,Konark Krish 2,konark krish 2,Karia Builders,Pune,Keshav Nagar & Mundhwa,IN,"Konark Krish 2, Keshav Nagar & Mundhwa, Pune 411036, Maharashtra, India",411036,Gated Residential Society,0,20,P52100089041,18.534307,73.945377,Grade A Luxury,osm_cadastral_enriched,0.96
0541c2f6-eb6c-41e8-8f19-8954df460fc7,Konark Meadows,konark meadows,Karia Builders,Pune,Wagholi & Bakori Road,IN,"Konark Meadows, Wagholi & Bakori Road, Pune 412207, Maharashtra, India",412207,Gated Residential Society,0,20,P52100085899,18.57364,73.976925,Grade A Luxury,osm_cadastral_enriched,0.96
2f8be632-2be0-4557-835b-c1169f2a95e9,Konark Residency,konark residency,Karia Builders,Pune,Koregaon Park,IN,"Konark Residency, Koregaon Park, Pune 411001, Maharashtra, India",411001,Gated Residential Society,0,20,P52100059315,18.539731,73.898973,Grade A Luxury,osm_cadastral_enriched,0.96
21378894-a817-4a17-b063-701716b6e933,Kumar Aangan,kumar aangan,Kumar Properties,Pune,Koregaon Park,IN,"Kumar Aangan, Koregaon Park, Pune 411001, Maharashtra, India",411001,Gated Residential Society,0,20,P52100054435,18.548573,73.88752,Grade A Luxury,osm_cadastral_enriched,0.96
bfbba2a3-5a5a-48a3-aab9-c6f4837e929f,Kumar Parisar,kumar parisar,Kumar Properties,Pune,Kothrud & Paud Road,IN,"Kumar Parisar, Kothrud & Paud Road, Pune 411038, Maharashtra, India",411038,Gated Residential Society,0,20,P52100076501,18.496847,73.801677,Grade A Luxury,osm_cadastral_enriched,0.96
d025120f-140a-47b8-a6a2-255f9096c662,B U Bhandari Skyline,b u bhandari skyline,Bhandari Associates,Pune,Bhosari & Indrayani Nagar,IN,"B U Bhandari Skyline, Bhosari & Indrayani Nagar, Pune 411026, Maharashtra, India",411026,Gated Residential Society,0,20,P52100039695,18.623828,73.869178,Grade A Luxury,osm_cadastral_enriched,0.96
5f740bb3-ec75-4c52-a4c1-3689e6026bcd,Kumar Parnakuti Society,kumar parnakuti society,Kumar Properties,Pune,Koregaon Park,IN,"Kumar Parnakuti Society, Koregaon Park, Pune 411001, Maharashtra, India",411001,Gated Residential Society,0,20,P52100071042,18.549411,73.884786,Grade A Luxury,osm_cadastral_enriched,0.96
3f19a0a8-da49-4e1d-b8bc-62e019361573,Kumar Periwinkle,kumar periwinkle,Kumar Properties,Pune,Kharadi & EON IT Corridor,IN,"Kumar Periwinkle, Kharadi & EON IT Corridor, Pune 411014, Maharashtra, India",411014,Gated Residential Society,0,20,P52100072142,18.55417,73.929781,Grade A Luxury,osm_cadastral_enriched,0.96
efe8a675-7907-4102-9d37-fce49ac6b3a1,Kumar Presidency,kumar presidency,Kumar Properties,Pune,Koregaon Park,IN,"Kumar Presidency, Koregaon Park, Pune 411001, Maharashtra, India",411001,Gated Residential Society,0,20,P52100017251,18.535007,73.899356,Grade A Luxury,osm_cadastral_enriched,0.96
08da54c5-c0c3-4853-997a-f08157eacd1b,Kumar Primrose,kumar primrose,Kumar Properties,Pune,Kharadi & EON IT Corridor,IN,"Kumar Primrose, Kharadi & EON IT Corridor, Pune 411014, Maharashtra, India",411014,Gated Residential Society,0,20,P52100091602,18.556964,73.950632,Grade A Luxury,osm_cadastral_enriched,0.96
11a858a9-0cdb-402b-8972-d332868e454e,Kundan Park,kundan park,Kundan Spaces,Pune,Ravet & Kiwale,IN,"Kundan Park, Ravet & Kiwale, Pune 412101, Maharashtra, India",412101,Gated Residential Society,0,20,P52100084152,18.649601,73.760549,Grade A Luxury,osm_cadastral_enriched,0.96
c9f79d31-cdbd-4196-b994-3210de3c0487,Bramha Avenue Society,bramha avenue society,BramhaCorp,Pune,NIBM Road & Undri,IN,"Bramha Avenue Society, NIBM Road & Undri, Pune 411048, Maharashtra, India",411048,Gated Residential Society,0,20,P52100073804,18.478411,73.885238,Grade A Luxury,osm_cadastral_enriched,0.96
26fbd091-540a-4cda-a66d-34abe5622537,Rohan Garden Cooperative Housing Society,rohan garden cooperative housing society,Rohan Builders,Pune,Kothrud & Paud Road,IN,"Rohan Garden Cooperative Housing Society, Kothrud & Paud Road, Pune 411038, Maharashtra, India",411038,Gated Residential Society,0,20,P52100016027,18.500614,73.796955,Grade A Luxury,osm_cadastral_enriched,0.96
69736239-ab8c-4a14-95c2-b61529d0daa5,Rohan Ipsita,rohan ipsita,Rohan Builders,Pune,Hinjewadi (Phases 1-3),IN,"Rohan Ipsita, Hinjewadi (Phases 1-3), Pune 411057, Maharashtra, India",411057,Gated Residential Society,0,20,P52100018164,18.589501,73.742611,Grade A Luxury,osm_cadastral_enriched,0.96
a50f816d-7fe6-4105-a26e-a061715da102,Rohan Prathama,rohan prathama,Rohan Builders,Pune,Hinjewadi (Phases 1-3),IN,"Rohan Prathama, Hinjewadi (Phases 1-3), Pune 411057, Maharashtra, India",411057,Gated Residential Society,0,20,P52100061355,18.585261,73.739441,Grade A Luxury,osm_cadastral_enriched,0.96
3693115d-e343-4094-af72-70f7d204f6c6,Lunkad Zodiac,lunkad zodiac,Lunkad Realty,Pune,Viman Nagar,IN,"Lunkad Zodiac, Viman Nagar, Pune 411014, Maharashtra, India",411014,Gated Residential Society,0,20,P52100027812,18.567001,73.912279,Grade A Luxury,osm_cadastral_enriched,0.96
43a2146f-39ab-4841-a97e-7eef3765ef1c,Bramha Aangan Society,bramha aangan society,BramhaCorp,Pune,NIBM Road & Undri,IN,"Bramha Aangan Society, NIBM Road & Undri, Pune 411048, Maharashtra, India",411048,Gated Residential Society,0,20,P52100047040,18.480909,73.897406,Grade A Luxury,osm_cadastral_enriched,0.96
a5b9aa6d-c6a1-4893-b0dd-d855c1c2af10,Umang Pride,umang pride,Pride Group,Pune,Wagholi & Bakori Road,IN,"Umang Pride, Wagholi & Bakori Road, Pune 412207, Maharashtra, India",412207,Gated Residential Society,0,20,P52100027986,18.584468,74.000487,Grade A Luxury,osm_cadastral_enriched,0.96
d66d4692-5970-469f-b84d-b7b32a353621,Gera Garden,gera garden,Gera Developments,Pune,Koregaon Park,IN,"Gera Garden, Koregaon Park, Pune 411001, Maharashtra, India",411001,Gated Residential Society,0,20,P52100049299,18.535867,73.886427,Grade A Luxury,osm_cadastral_enriched,0.96
e2ada5bb-1039-487c-b49a-3f4184ba0957,Gera Park Housing Society,gera park housing society,Gera Developments,Pune,Boat Club Road,IN,"Gera Park Housing Society, Boat Club Road, Pune 411001, Maharashtra, India",411001,Gated Residential Society,0,20,P52100012728,18.538445,73.876821,Grade A Luxury,osm_cadastral_enriched,0.96
390c137b-28c2-4f3b-b900-8dfc6750659f,Gera Terraces II,gera terraces ii,Gera Developments,Pune,Viman Nagar,IN,"Gera Terraces II, Viman Nagar, Pune 411014, Maharashtra, India",411014,Gated Residential Society,0,20,P52100081125,18.568731,73.913883,Grade A Luxury,osm_cadastral_enriched,0.96
531a53bf-65ee-45e2-92cd-2517e9a4bdd7,Godrej Elements,godrej elements,Godrej Properties,Pune,Hinjewadi (Phases 1-3),IN,"Godrej Elements, Hinjewadi (Phases 1-3), Pune 411057, Maharashtra, India",411057,Gated Residential Society,0,20,P52100098627,18.58504,73.729208,Grade A Luxury,osm_cadastral_enriched,0.96
15a974c2-9ea9-47d2-98da-a54c763a7a46,Siddhivinayak Pride,siddhivinayak pride,Pride Group,Pune,Viman Nagar,IN,"Siddhivinayak Pride, Viman Nagar, Pune 411014, Maharashtra, India",411014,Gated Residential Society,0,20,P52100061724,18.569521,73.912061,Grade A Luxury,osm_cadastral_enriched,0.96
6b1f0395-636a-4f22-9e45-0e750c58e0ad,Sobha Carnation,sobha carnation,Sobha Limited,Pune,NIBM Road & Undri,IN,"Sobha Carnation, NIBM Road & Undri, Pune 411048, Maharashtra, India",411048,Gated Residential Society,0,20,P52100019837,18.462771,73.894487,Grade A Luxury,osm_cadastral_enriched,0.96
a33a878c-83d8-4e91-b8a5-0c6e7f1590b1,Konark Terrace,konark terrace,Karia Builders,Pune,Koregaon Park,IN,"Konark Terrace, Koregaon Park, Pune 411001, Maharashtra, India",411001,Gated Residential Society,0,20,P52100081275,18.549615,73.89269,Grade A Luxury,osm_cadastral_enriched,0.96
40744450-6b86-42e2-8013-34682a15398e,Rohan Mithila,rohan mithila,Rohan Builders,Pune,Viman Nagar,IN,"Rohan Mithila, Viman Nagar, Pune 411014, Maharashtra, India",411014,Gated Residential Society,0,20,P52100046347,18.575501,73.910808,Grade A Luxury,osm_cadastral_enriched,0.96
d44f1fde-fb73-4ce9-a5bc-5a8ad1bef5db,Rohan Park,rohan park,Rohan Builders,Pune,Nigdi & Pradhikaran,IN,"Rohan Park, Nigdi & Pradhikaran, Pune 411044, Maharashtra, India",411044,Gated Residential Society,0,20,P52100054015,18.646728,73.769871,Grade A Luxury,osm_cadastral_enriched,0.96
0d342d8a-dc84-432a-9f86-40861807f191,Nyati Enchante,nyati enchante,Nyati Group,Pune,Kalyani Nagar,IN,"Nyati Enchante, Kalyani Nagar, Pune 411006, Maharashtra, India",411006,Gated Residential Society,0,20,P52100015479,18.54429,73.916107,Grade A Luxury,osm_cadastral_enriched,0.96
7b32ecac-cb4e-4548-bf4a-e9169305bbdf,Paranjape Abhiruchi Parisar,paranjape abhiruchi parisar,Paranjape Schemes,Pune,Dhayari & Narhe,IN,"Paranjape Abhiruchi Parisar, Dhayari & Narhe, Pune 411041, Maharashtra, India",411041,Gated Residential Society,0,20,P52100031635,18.450304,73.818818,Grade A Luxury,osm_cadastral_enriched,0.96
3ca34ca9-0bbc-450b-9944-7be393eb58fd,Nyati Elan,nyati elan,Nyati Group,Pune,Wagholi & Bakori Road,IN,"Nyati Elan, Wagholi & Bakori Road, Pune 412207, Maharashtra, India",412207,Gated Residential Society,0,20,P52100077479,18.587336,74.001061,Grade A Luxury,osm_cadastral_enriched,0.96
76aa65e9-1137-4aa4-b31e-0d5432cc15f0,Lakshmi Pride,lakshmi pride,Pride Group,Pune,Hinjewadi (Phases 1-3),IN,"Lakshmi Pride, Hinjewadi (Phases 1-3), Pune 411057, Maharashtra, India",411057,Gated Residential Society,0,20,P52100028015,18.594704,73.741663,Grade A Luxury,osm_cadastral_enriched,0.96
d268b260-ffea-448d-a261-9e5ea8edb324,Konark Nagar,konark nagar,Karia Builders,Pune,Viman Nagar,IN,"Konark Nagar, Viman Nagar, Pune 411014, Maharashtra, India",411014,Gated Residential Society,0,20,P52100088540,18.566857,73.911712,Grade A Luxury,osm_cadastral_enriched,0.96
045310d4-b1eb-49de-9d71-dc761777938e,Godrej 24,godrej 24,Godrej Properties,Pune,Hinjewadi (Phases 1-3),IN,"Godrej 24, Hinjewadi (Phases 1-3), Pune 411057, Maharashtra, India",411057,Gated Residential Society,0,20,P52100061195,18.584325,73.727677,Grade A Luxury,osm_cadastral_enriched,0.96
224bd078-5535-4bc6-b4ae-4cda1d9a84c7,Mont Vert Voila,mont vert voila,Mont Vert,Pune,Aundh & Sindh Society,IN,"Mont Vert Voila, Aundh & Sindh Society, Pune 411007, Maharashtra, India",411007,Gated Residential Society,0,20,P52100081124,18.55083,73.801758,Grade A Luxury,osm_cadastral_enriched,0.96
6833739f-e9fa-47d7-846f-fcf7b8f8a49c,Paranjape's Broadway,paranjape s broadway,Paranjape Schemes,Pune,Wakad,IN,"Paranjape's Broadway, Datta Mandir Road, Wakad, Wakad, Pune 411057, Maharashtra, India",411057,Gated Residential Society,0,20,P52100074259,18.601675,73.767141,Grade A Luxury,osm_cadastral_enriched,0.96
d22db41a-f08c-439c-8bd1-75f4185c7337,Runwal Shaarvari,runwal shaarvari,Runwal Group,Pune,Aundh & Sindh Society,IN,"Runwal Shaarvari, Aundh & Sindh Society, Pune 411007, Maharashtra, India",411007,Gated Residential Society,0,20,P52100062301,18.554088,73.799975,Grade A Luxury,osm_cadastral_enriched,0.96
2b989ed0-0805-4643-9dbc-0a2fee499a01,Runwal Surabhii,runwal surabhii,Runwal Group,Pune,Aundh & Sindh Society,IN,"Runwal Surabhii, Aundh & Sindh Society, Pune 411007, Maharashtra, India",411007,Gated Residential Society,0,20,P52100025843,18.553732,73.798768,Grade A Luxury,osm_cadastral_enriched,0.96
1ef791c8-c016-4c08-b869-bb6575ecaa60,Runwal Sarovar,runwal sarovar,Runwal Group,Pune,Aundh & Sindh Society,IN,"Runwal Sarovar, Aundh & Sindh Society, Pune 411007, Maharashtra, India",411007,Gated Residential Society,0,20,P52100048791,18.55367,73.798382,Grade A Luxury,osm_cadastral_enriched,0.96
93da6ce7-dd52-4b6d-a305-6f898bab3043,Kalpataru Estate,kalpataru estate,Kalpataru Limited,Pune,Pimple Saudagar & Rahatani,IN,"Kalpataru Estate, Damodar Jagtap Path, Pimple Saudagar & Rahatani, Pune 411061, Maharashtra, India",411061,Gated Residential Society,0,20,P52100033508,18.600858,73.814904,Grade A Luxury,osm_cadastral_enriched,0.96
5d5fc622-d1a9-42e3-89df-eb4a25eb08d6,Sushila Pride,sushila pride,Pride Group,Pune,Greater Pune Urban Corridor,IN,"Sushila Pride, Kolhewadi Road, Greater Pune Urban Corridor, Pune 411024, Maharashtra, India",411024,Gated Residential Society,4,16,P52100019404,18.441101,73.785548,Grade A Luxury,osm_cadastral_enriched,0.97
208b6a23-a11e-4493-af6d-eda948b20505,GODREJ PRANA,godrej prana,Godrej Properties,Pune,Greater Pune Urban Corridor,IN,"GODREJ PRANA, Greater Pune Urban Corridor, Pune 411001, Maharashtra, India",411001,Luxury High-Rise Tower,14,56,P52100013587,18.44841,73.923302,Grade A Luxury,osm_cadastral_enriched,0.97
869d052d-47e7-439c-8b42-b1b192359129,Kalpataru Estate-Phase3,kalpataru estate phase3,Kalpataru Limited,Pune,Greater Pune Urban Corridor,IN,"Kalpataru Estate-Phase3, jawalkar Nagar, Greater Pune Urban Corridor, Pune 411061, Maharashtra, India",411061,Gated Residential Society,11,44,P52100038213,18.601523,73.81794,Grade A Luxury,osm_cadastral_enriched,0.97
e7a3e24c-5341-477b-87d1-01bab3a6851b,Kalpataru Estate,kalpataru estate,Kalpataru Limited,Pune,Greater Pune Urban Corridor,IN,"Kalpataru Estate, Damodar Jagtap Path, Greater Pune Urban Corridor, Pune 411061, Maharashtra, India",411061,Gated Residential Society,11,44,P52100093297,18.601116,73.816043,Grade A Luxury,osm_cadastral_enriched,0.97
8a280fb2-2166-4271-b4e7-f32ff5e75e28,Mont Vert Belbrook,mont vert belbrook,Mont Vert,Pune,Greater Pune Urban Corridor,IN,"Mont Vert Belbrook, Paud Road, Greater Pune Urban Corridor, Pune 411001, Maharashtra, India",411001,Gated Residential Society,0,20,P52100070596,18.50261,73.746456,Grade A Luxury,osm_cadastral_enriched,0.93
ed323afe-0f1c-4be0-bee2-2add5cab9c91,Mont Vert Belair,mont vert belair,Mont Vert,Pune,Greater Pune Urban Corridor,IN,"Mont Vert Belair, Paud Road, Greater Pune Urban Corridor, Pune 411001, Maharashtra, India",411001,Gated Residential Society,0,20,P52100069772,18.503454,73.748183,Grade A Luxury,osm_cadastral_enriched,0.93
e8e372d7-7804-493d-9ede-f4aae2a0ab2a,Kumar Palms,kumar palms,Kumar Properties,Pune,Greater Pune Urban Corridor,IN,"Kumar Palms, Greater Pune Urban Corridor, Pune 411001, Maharashtra, India",411001,Gated Residential Society,0,20,P52100098972,18.457687,73.890032,Grade A Luxury,osm_cadastral_enriched,0.93
0efb64a6-c59c-47e4-a493-f64b35cb5a9c,Joyville Sensorium,joyville sensorium,Shapoorji Pallonji,Pune,Greater Pune Urban Corridor,IN,"Joyville Sensorium, Greater Pune Urban Corridor, Pune 411001, Maharashtra, India",411001,Gated Residential Society,0,20,P52100023143,18.567626,73.720763,Grade A Luxury,osm_cadastral_enriched,0.93
57b62a6b-1c7b-41a5-9579-af6a00ac4924,Kolte Patil office,kolte patil office,Kolte-Patil Developers,Pune,Greater Pune Urban Corridor,IN,"Kolte Patil office, Greater Pune Urban Corridor, Pune 411001, Maharashtra, India",411001,Gated Residential Society,0,20,P52100040208,18.623522,73.7159,Grade A Luxury,osm_cadastral_enriched,0.93
6180726a-f191-4d00-bb75-e462e821a6b6,Godrej Horizon,godrej horizon,Godrej Properties,Pune,Greater Pune Urban Corridor,IN,"Godrej Horizon, Greater Pune Urban Corridor, Pune 411060, Maharashtra, India",411060,Gated Residential Society,0,20,P52100028946,18.45538,73.918558,Grade A Luxury,osm_cadastral_enriched,0.93
677ef65f-cd90-44a2-b497-8d146d60794c,Pride World City,pride world city,Pride Group,Pune,Greater Pune Urban Corridor,IN,"Pride World City, D. Y Patil road, lohegoan, Greater Pune Urban Corridor, Pune 411018, Maharashtra, India",411018,Gated Residential Society,0,20,P52100097167,18.622354,73.917408,Grade A Luxury,osm_cadastral_enriched,0.93
480cd164-9ae6-409c-b76f-ddc5ee7a77a6,Blue Ridge,blue ridge,Paranjape Schemes,Pune,Greater Pune Urban Corridor,IN,"Blue Ridge, Greater Pune Urban Corridor, Pune 411001, Maharashtra, India",411001,Gated Residential Society,0,20,P52100042333,18.574583,73.738149,Grade A Luxury,osm_cadastral_enriched,0.93
358fd3f1-5947-4a8f-a7b8-170944855ba9,Joyville,joyville,Shapoorji Pallonji,Pune,Greater Pune Urban Corridor,IN,"Joyville, Greater Pune Urban Corridor, Pune 411001, Maharashtra, India",411001,Gated Residential Society,0,20,P52100091783,18.568269,73.72078,Grade A Luxury,osm_cadastral_enriched,0.93
c07d0538-66e4-4739-b614-91bdde197000,Rohan Abhilasha,rohan abhilasha,Rohan Builders,Pune,Greater Pune Urban Corridor,IN,"Rohan Abhilasha, Greater Pune Urban Corridor, Pune 411001, Maharashtra, India",411001,Gated Residential Society,0,20,P52100028592,18.594032,73.968395,Grade A Luxury,osm_cadastral_enriched,0.93
88e320da-8f15-4d2c-ab7d-4721dce981d9,Blue Ridge & 25,blue ridge 25,Paranjape Schemes,Pune,Greater Pune Urban Corridor,IN,"Blue Ridge & 25, Greater Pune Urban Corridor, Pune 411001, Maharashtra, India",411001,Gated Residential Society,0,20,P52100035302,18.574648,73.739939,Grade A Luxury,osm_cadastral_enriched,0.93
34854f71-27b3-49b0-93dd-2828b81025b2,GODREJ GREENS,godrej greens,Godrej Properties,Pune,Greater Pune Urban Corridor,IN,"GODREJ GREENS, Greater Pune Urban Corridor, Pune 411001, Maharashtra, India",411001,Gated Residential Society,0,20,P52100010862,18.447403,73.921234,Grade A Luxury,osm_cadastral_enriched,0.93
28b42f79-5530-40fd-9cad-4bb0dfaa3396,Joyville Hadapsar Annexe,joyville hadapsar annexe,Shapoorji Pallonji,Pune,Greater Pune Urban Corridor,IN,"Joyville Hadapsar Annexe, Greater Pune Urban Corridor, Pune 411001, Maharashtra, India",411001,Gated Residential Society,0,20,P52100093867,18.484551,73.966578,Grade A Luxury,osm_cadastral_enriched,0.93
c66f1749-d917-4b7b-bb70-e6f4533f4abc,Kumar Palmcrest,kumar palmcrest,Kumar Properties,Pune,Greater Pune Urban Corridor,IN,"Kumar Palmcrest, Greater Pune Urban Corridor, Pune 411001, Maharashtra, India",411001,Gated Residential Society,0,20,P52100056584,18.447882,73.899723,Grade A Luxury,osm_cadastral_enriched,0.93
2cb75e14-9c0b-4276-b99c-d2c9fbd58fad,Rohan Park,rohan park,Rohan Builders,Pune,Greater Pune Urban Corridor,IN,"Rohan Park, Greater Pune Urban Corridor, Pune 411001, Maharashtra, India",411001,Gated Residential Society,0,20,P52100042930,18.457304,73.796086,Grade A Luxury,osm_cadastral_enriched,0.93
b898c3ad-cb81-4877-86ca-39f13fea4c27,Sentosa Pride,sentosa pride,Pride Group,Pune,Greater Pune Urban Corridor,IN,"Sentosa Pride, Greater Pune Urban Corridor, Pune 411001, Maharashtra, India",411001,Gated Residential Society,0,20,P52100084541,18.625502,73.734771,Grade A Luxury,osm_cadastral_enriched,0.93
d0e09359-eb69-4866-a58b-a2a65a16652f,VTP Belair,vtp belair,VTP Realty,Pune,Greater Pune Urban Corridor,IN,"VTP Belair, Greater Pune Urban Corridor, Pune 411001, Maharashtra, India",411001,Gated Residential Society,0,20,P52100078607,18.570773,73.738697,Grade A Luxury,osm_cadastral_enriched,0.93
93b00b03-3807-4c2e-81bf-17ac56ddd355,Kotle Patill Life Republic Row House,kotle patill life republic row house,Kolte-Patil Developers,Pune,Greater Pune Urban Corridor,IN,"Kotle Patill Life Republic Row House, Greater Pune Urban Corridor, Pune 411001, Maharashtra, India",411001,Gated Residential Society,0,20,P52100015423,18.620193,73.71243,Grade A Luxury,osm_cadastral_enriched,0.93
4445db7e-0d51-48ea-8aad-5a1f67aeffc0,Life Republic 1st Avenue,life republic 1st avenue,Kolte-Patil Developers,Pune,Greater Pune Urban Corridor,IN,"Life Republic 1st Avenue, Greater Pune Urban Corridor, Pune 411001, Maharashtra, India",411001,Gated Residential Society,0,20,P52100067969,18.620109,73.709978,Grade A Luxury,osm_cadastral_enriched,0.93
60b1fc5f-6a4b-43b3-8c53-354fe614681a,Life Republic 3rd Avenue,life republic 3rd avenue,Kolte-Patil Developers,Pune,Greater Pune Urban Corridor,IN,"Life Republic 3rd Avenue, Greater Pune Urban Corridor, Pune 411001, Maharashtra, India",411001,Gated Residential Society,0,20,P52100092166,18.622684,73.709831,Grade A Luxury,osm_cadastral_enriched,0.93
817ca3be-c728-45fb-8f75-07e7253113b4,Life Republic 4th Avenue,life republic 4th avenue,Kolte-Patil Developers,Pune,Greater Pune Urban Corridor,IN,"Life Republic 4th Avenue, Greater Pune Urban Corridor, Pune 411001, Maharashtra, India",411001,Gated Residential Society,0,20,P52100076691,18.623414,73.711225,Grade A Luxury,osm_cadastral_enriched,0.93
8dd97eec-12a5-4891-916c-2574a08c6530,Life Republic 6th Avenue,life republic 6th avenue,Kolte-Patil Developers,Pune,Greater Pune Urban Corridor,IN,"Life Republic 6th Avenue, Greater Pune Urban Corridor, Pune 411001, Maharashtra, India",411001,Gated Residential Society,0,20,P52100088472,18.622142,73.714781,Grade A Luxury,osm_cadastral_enriched,0.93
1acdaee1-84a1-40b4-8159-f6633deab06c,Life Republic 7th Avenue,life republic 7th avenue,Kolte-Patil Developers,Pune,Greater Pune Urban Corridor,IN,"Life Republic 7th Avenue, Greater Pune Urban Corridor, Pune 411001, Maharashtra, India",411001,Gated Residential Society,0,20,P52100012594,18.623576,73.716229,Grade A Luxury,osm_cadastral_enriched,0.93
cb5b368c-e0d8-43c5-8a9e-4a5ae9406fd0,ORO Avenue Life Republic,oro avenue life republic,Kolte-Patil Developers,Pune,Greater Pune Urban Corridor,IN,"ORO Avenue Life Republic, Greater Pune Urban Corridor, Pune 411001, Maharashtra, India",411001,Gated Residential Society,0,20,P52100030983,18.626149,73.710459,Grade A Luxury,osm_cadastral_enriched,0.93
a66f08f9-add5-494d-8d94-11df97a57be5,The Universe Life Republic,the universe life republic,Kolte-Patil Developers,Pune,Greater Pune Urban Corridor,IN,"The Universe Life Republic, Greater Pune Urban Corridor, Pune 411001, Maharashtra, India",411001,Gated Residential Society,0,20,P52100054953,18.627515,73.711033,Grade A Luxury,osm_cadastral_enriched,0.93
c8508ede-8f0f-48ab-bb30-4c012f760416,Life Republic 16th Avenue,life republic 16th avenue,Kolte-Patil Developers,Pune,Greater Pune Urban Corridor,IN,"Life Republic 16th Avenue, Greater Pune Urban Corridor, Pune 411001, Maharashtra, India",411001,Gated Residential Society,0,20,P52100059635,18.627228,73.724993,Grade A Luxury,osm_cadastral_enriched,0.93
b7279d0d-4ef4-4530-bc94-6acdc0989dc0,Rohan Enclave,rohan enclave,Rohan Builders,Pune,Greater Pune Urban Corridor,IN,"Rohan Enclave, Greater Pune Urban Corridor, Pune 411001, Maharashtra, India",411001,Luxury Villa Community,0,20,P52100037363,18.58151,73.833477,Grade A Luxury,osm_cadastral_enriched,0.93
fd1d3bde-78c5-4995-9b29-ded957ef24a5,Nyati Esteban,nyati esteban,Nyati Group,Pune,Greater Pune Urban Corridor,IN,"Nyati Esteban, Greater Pune Urban Corridor, Pune 411001, Maharashtra, India",411001,Gated Residential Society,0,20,P52100049014,18.456861,73.918785,Grade A Luxury,osm_cadastral_enriched,0.93
c2f4d090-fb4e-48fa-926e-3f01c0748cb7,Nyati Erica,nyati erica,Nyati Group,Pune,Greater Pune Urban Corridor,IN,"Nyati Erica, Greater Pune Urban Corridor, Pune 411001, Maharashtra, India",411001,Gated Residential Society,0,20,P52100016217,18.455826,73.921393,Grade A Luxury,osm_cadastral_enriched,0.93
b9409dfc-0981-4b57-a3f7-bb903f27f08a,Godrej Hillside 2,godrej hillside 2,Godrej Properties,Pune,Greater Pune Urban Corridor,IN,"Godrej Hillside 2, Greater Pune Urban Corridor, Pune 411001, Maharashtra, India",411001,Gated Residential Society,0,20,P52100052701,18.564381,73.7378,Grade A Luxury,osm_cadastral_enriched,0.93
ba9541d2-3633-4c04-ab68-5280a05f41e9,Godrej Hillside 1,godrej hillside 1,Godrej Properties,Pune,Greater Pune Urban Corridor,IN,"Godrej Hillside 1, Greater Pune Urban Corridor, Pune 411001, Maharashtra, India",411001,Gated Residential Society,0,20,P52100055519,18.565084,73.739927,Grade A Luxury,osm_cadastral_enriched,0.93
d1cf251a-ef80-4253-a6d5-9b6ba7f7435b,VTP Athereus,vtp athereus,VTP Realty,Pune,Greater Pune Urban Corridor,IN,"VTP Athereus, Greater Pune Urban Corridor, Pune 411001, Maharashtra, India",411001,Gated Residential Society,0,20,P52100014825,18.566067,73.734235,Grade A Luxury,osm_cadastral_enriched,0.93
cda3ca45-0f1b-4775-b685-088fa32c0e27,Godrej Green Cove,godrej green cove,Godrej Properties,Pune,Greater Pune Urban Corridor,IN,"Godrej Green Cove, Greater Pune Urban Corridor, Pune 411001, Maharashtra, India",411001,Gated Residential Society,0,20,P52100021466,18.565949,73.735948,Grade A Luxury,osm_cadastral_enriched,0.93
877fb7bf-5489-4639-ac31-7ce0b421a4ba,Kumar Pebble Park,kumar pebble park,Kumar Properties,Pune,Greater Pune Urban Corridor,IN,"Kumar Pebble Park, Greater Pune Urban Corridor, Pune 411001, Maharashtra, India",411001,Gated Residential Society,0,20,P52100066660,18.474484,73.936255,Grade A Luxury,osm_cadastral_enriched,0.93
512aa9ac-34ed-4004-ac5a-d37139301440,C - Wing,c wing,Reputed Developer / Co-op Consortium,Pune,Kothrud & Paud Road,IN,"C - Wing, Shree Puja Housing Society, Kothrud & Paud Road, Pune 411038, Maharashtra, India",411038,Gated Residential Society,4,16,P52100062871,18.507557,73.8087,Grade A Luxury,osm_cadastral_enriched,0.92
fd76b3a7-57ca-4e24-b834-30c74a69584a,Krushna Kunj,krushna kunj,Reputed Developer / Co-op Consortium,Pune,Kharadi & EON IT Corridor,IN,"Krushna Kunj, Mahadev Nagar, Wadgaon Sheri, Kharadi & EON IT Corridor, Pune 411014, Maharashtra, India",411014,Gated Residential Society,4,16,P52100092846,18.547367,73.928025,Grade A Luxury,osm_cadastral_enriched,0.92
d8e09cfb-3a26-4fda-9cf1-a78c23d7ecba,Suyog Enclave,suyog enclave,Reputed Developer / Co-op Consortium,Pune,Viman Nagar,IN,"Suyog Enclave, Sakore Nagar Road, Viman Nagar, Pune 411014, Maharashtra, India",411014,Luxury Villa Community,12,48,P52100048818,18.563214,73.912771,Grade A Luxury,osm_cadastral_enriched,0.92
a005dbdf-8707-423e-b8c3-dc3c8af24821,S,s,Reputed Developer / Co-op Consortium,Pune,NIBM Road & Undri,IN,"S, NIBM road , kondhwa khurd, NIBM Road & Undri, Pune 411048, Maharashtra, India",411048,Gated Residential Society,11,44,P52100076610,18.477159,73.895924,Grade A Luxury,osm_cadastral_enriched,0.92
47f3faf1-a459-40f4-811e-9a7eb5d957b0,A,a,Reputed Developer / Co-op Consortium,Pune,NIBM Road & Undri,IN,"A, NIBM Road & Undri, Pune 411048, Maharashtra, India",411048,Gated Residential Society,7,28,P52100060996,18.477399,73.895252,Grade A Luxury,osm_cadastral_enriched,0.92
a3d09b2a-1234-480b-ba7e-7608b0c2433f,B,b,Reputed Developer / Co-op Consortium,Pune,NIBM Road & Undri,IN,"B, NIBM Road & Undri, Pune 411048, Maharashtra, India",411048,Gated Residential Society,7,28,P52100039951,18.477707,73.895334,Grade A Luxury,osm_cadastral_enriched,0.92
3ae4a6c3-f0ed-4c2b-ac94-495ea4de0583,Dhanvantari,dhanvantari,Reputed Developer / Co-op Consortium,Pune,Kothrud & Paud Road,IN,"Dhanvantari, Lane Number 2, Kothrud & Paud Road, Pune 411038, Maharashtra, India",411038,Gated Residential Society,6,24,P52100034003,18.51243,73.815306,Grade A Luxury,osm_cadastral_enriched,0.92
818b5fe6-b557-4956-94a3-4d98355f43e1,Nivedita,nivedita,Reputed Developer / Co-op Consortium,Pune,Kothrud & Paud Road,IN,"Nivedita, Lane Number 2, Kothrud & Paud Road, Pune 411038, Maharashtra, India",411038,Gated Residential Society,4,16,P52100054447,18.511792,73.815347,Grade A Luxury,osm_cadastral_enriched,0.92
bc8b7141-d102-44d0-8746-fe42a960def0,Chitralekha Shree,chitralekha shree,Reputed Developer / Co-op Consortium,Pune,Kothrud & Paud Road,IN,"Chitralekha Shree, Kothrud & Paud Road, Pune 411038, Maharashtra, India",411038,Gated Residential Society,3,12,P52100094734,18.511519,73.81523,Grade A Luxury,osm_cadastral_enriched,0.92
c414eff5-e551-40af-975d-876dcfe36a5d,Jayraj,jayraj,Reputed Developer / Co-op Consortium,Pune,Kothrud & Paud Road,IN,"Jayraj, Kothrud & Paud Road, Pune 411038, Maharashtra, India",411038,Gated Residential Society,3,12,P52100010966,18.511242,73.815113,Grade A Luxury,osm_cadastral_enriched,0.92
6ddb4935-40bd-4147-bbb1-b50fbb0fddac,Sulashreem,sulashreem,Reputed Developer / Co-op Consortium,Pune,Kothrud & Paud Road,IN,"Sulashreem, Kothrud & Paud Road, Pune 411038, Maharashtra, India",411038,Gated Residential Society,3,12,P52100014907,18.511055,73.814916,Grade A Luxury,osm_cadastral_enriched,0.92
9ed0b946-117d-43e2-af6f-d90e23787ea7,34 Rupesh,34 rupesh,Reputed Developer / Co-op Consortium,Pune,Kothrud & Paud Road,IN,"34 Rupesh, Lane 10, Kothrud & Paud Road, Pune 411038, Maharashtra, India",411038,Gated Residential Society,6,24,P52100099216,18.497359,73.811179,Grade A Luxury,osm_cadastral_enriched,0.92
c525ab5b-6326-46ab-89a4-2d1d61227560,Anupam Heights,anupam heights,Reputed Developer / Co-op Consortium,Pune,Kothrud & Paud Road,IN,"Anupam Heights, Kothrud & Paud Road, Pune 411038, Maharashtra, India",411038,Luxury High-Rise Tower,2,8,P52100048565,18.511113,73.816108,Grade A Luxury,osm_cadastral_enriched,0.92
213f8137-ee12-4968-9c91-425a73db132f,Teerth B,teerth b,Reputed Developer / Co-op Consortium,Pune,Kothrud & Paud Road,IN,"Teerth B, Rambaug Colony Road, Kothrud & Paud Road, Pune 411038, Maharashtra, India",411038,Gated Residential Society,3,12,P52100093987,18.511638,73.816568,Grade A Luxury,osm_cadastral_enriched,0.92
4de2a486-0c52-49e9-b703-e7b5af7ed40e,Moonar Hostel,moonar hostel,Reputed Developer / Co-op Consortium,Pune,Kothrud & Paud Road,IN,"Moonar Hostel, Kothrud & Paud Road, Pune 411038, Maharashtra, India",411038,Gated Residential Society,5,20,P52100088821,18.517599,73.817839,Grade A Luxury,osm_cadastral_enriched,0.92
f47a1f98-cf47-45ba-9a13-ee55a50d828d,Deepanjali Apartments,deepanjali apartments,Reputed Developer / Co-op Consortium,Pune,Kothrud & Paud Road,IN,"Deepanjali Apartments, Pu. Bha. Bhave Path, Kothrud & Paud Road, Pune 411038, Maharashtra, India",411038,Gated Residential Society,5,20,P52100011789,18.505874,73.817196,Grade A Luxury,osm_cadastral_enriched,0.92
c6297aa4-16c4-4332-8a21-bcd86daacc34,Shalmali Apartments,shalmali apartments,Reputed Developer / Co-op Consortium,Pune,Kothrud & Paud Road,IN,"Shalmali Apartments, Kothrud & Paud Road, Pune 411038, Maharashtra, India",411038,Gated Residential Society,5,20,P52100038416,18.506686,73.816355,Grade A Luxury,osm_cadastral_enriched,0.92
c4fc7a56-23e9-471f-8a2b-42726829584a,Ami Residency,ami residency,Reputed Developer / Co-op Consortium,Pune,Kothrud & Paud Road,IN,"Ami Residency, Kothrud & Paud Road, Pune 411038, Maharashtra, India",411038,Gated Residential Society,4,16,P52100027529,18.517594,73.817614,Grade A Luxury,osm_cadastral_enriched,0.92
6afbbf58-ae68-4e1a-9033-960ff83697d1,A - Wing,a wing,Reputed Developer / Co-op Consortium,Pune,Kothrud & Paud Road,IN,"A - Wing, Shree Puja Housing Society, Kothrud & Paud Road, Pune 411038, Maharashtra, India",411038,Gated Residential Society,4,16,P52100050266,18.5076,73.808589,Grade A Luxury,osm_cadastral_enriched,0.92
ce637e20-1a0b-420b-81fa-9fca40ed28c4,B - Wing,b wing,Reputed Developer / Co-op Consortium,Pune,Kothrud & Paud Road,IN,"B - Wing, Shree Puja Housing Society, Kothrud & Paud Road, Pune 411038, Maharashtra, India",411038,Gated Residential Society,4,16,P52100069779,18.507486,73.808646,Grade A Luxury,osm_cadastral_enriched,0.92
8f9f73e8-683e-471d-99ae-eb05764006be,Manisha,manisha,Reputed Developer / Co-op Consortium,Pune,Kothrud & Paud Road,IN,"Manisha, Kothrud & Paud Road, Pune 411038, Maharashtra, India",411038,Gated Residential Society,5,20,P52100021357,18.514203,73.81561,Grade A Luxury,osm_cadastral_enriched,0.92
22085e3d-1b52-4236-b93c-e0d1c68ed9a0,Om Avishkar Society,om avishkar society,Reputed Developer / Co-op Consortium,Pune,Kothrud & Paud Road,IN,"Om Avishkar Society, Kothrud & Paud Road, Pune 411038, Maharashtra, India",411038,Gated Residential Society,7,28,P52100052047,18.51532,73.816243,Grade A Luxury,osm_cadastral_enriched,0.92
5dc13de4-19e5-4029-9452-3f2952445da4,Meghna Terrace,meghna terrace,Reputed Developer / Co-op Consortium,Pune,Kothrud & Paud Road,IN,"Meghna Terrace, Mrutyunjay Society Road, Kothrud & Paud Road, Pune 411038, Maharashtra, India",411038,Gated Residential Society,6,24,P52100059588,18.504835,73.816374,Grade A Luxury,osm_cadastral_enriched,0.92
a52b8bef-de26-44c9-b0dc-9900eba347b4,Swapnali Apartment,swapnali apartment,Reputed Developer / Co-op Consortium,Pune,Kothrud & Paud Road,IN,"Swapnali Apartment, Admiral Somnath Path, Kothrud & Paud Road, Pune 411038, Maharashtra, India",411038,Gated Residential Society,3,12,P52100064947,18.514903,73.817635,Grade A Luxury,osm_cadastral_enriched,0.92
92e54dee-a519-49f9-81ef-c05f0717f12e,Manas Apartment,manas apartment,Reputed Developer / Co-op Consortium,Pune,Kothrud & Paud Road,IN,"Manas Apartment, Admiral Somnath Path, Kothrud & Paud Road, Pune 411038, Maharashtra, India",411038,Gated Residential Society,4,16,P52100078432,18.515204,73.81752,Grade A Luxury,osm_cadastral_enriched,0.92
697c6cd2-fbb5-4049-bf13-272fa25fdb14,Padmapani,padmapani,Reputed Developer / Co-op Consortium,Pune,Kothrud & Paud Road,IN,"Padmapani, Kothrud & Paud Road, Pune 411038, Maharashtra, India",411038,Gated Residential Society,2,8,P52100071564,18.517726,73.817256,Grade A Luxury,osm_cadastral_enriched,0.92
7fea9703-3cf9-4380-af9c-b0a75f3d895a,Swapna Apartment,swapna apartment,Reputed Developer / Co-op Consortium,Pune,Kothrud & Paud Road,IN,"Swapna Apartment, Kothrud & Paud Road, Pune 411038, Maharashtra, India",411038,Gated Residential Society,6,24,P52100041753,18.514718,73.817211,Grade A Luxury,osm_cadastral_enriched,0.92
5eb0f251-186c-40c1-9796-14ba08e4b766,Anubhav Co-op Housing Society,anubhav co op housing society,Reputed Developer / Co-op Consortium,Pune,Kothrud & Paud Road,IN,"Anubhav Co-op Housing Society, MIT College Road, Kothrud & Paud Road, Pune 411038, Maharashtra, India",411038,Gated Residential Society,5,20,P52100070562,18.514741,73.815675,Grade A Luxury,osm_cadastral_enriched,0.92
1ede67b8-e6ef-49f9-8ebd-8243f96cd781,Aspire,aspire,Reputed Developer / Co-op Consortium,Pune,Magarpatta City & Hadapsar,IN,"Aspire, R-2 Sector, Sadesattaranalli Village, Amanora Park Town, Magarpatta City & Hadapsar, Pune 411028, Maharashtra, India",411028,Ultra-Luxury High-Rise Tower,21,84,P52100082021,18.514243,73.940284,Grade A Luxury,osm_cadastral_enriched,0.92
7e92fb76-4368-44d9-b065-95c90497def8,Anand Residency - A Wing,anand residency a wing,Reputed Developer / Co-op Consortium,Pune,Kothrud & Paud Road,IN,"Anand Residency - A Wing, Uttamchand Mukunddas Gandhi Path, Kothrud & Paud Road, Pune 411038, Maharashtra, India",411038,Gated Residential Society,11,44,P52100014053,18.499906,73.821506,Grade A Luxury,osm_cadastral_enriched,0.92
069fa842-2008-4c13-8c76-0dfd25ec8d6a,Anand Residency - B and C Wing,anand residency b and c wing,Reputed Developer / Co-op Consortium,Pune,Kothrud & Paud Road,IN,"Anand Residency - B and C Wing, Kothrud & Paud Road, Pune 411038, Maharashtra, India",411038,Gated Residential Society,11,44,P52100060603,18.499907,73.821862,Grade A Luxury,osm_cadastral_enriched,0.92
6af45d15-be33-461f-a7fc-5b7b1157ab68,Sukhwani Heritage,sukhwani heritage,Reputed Developer / Co-op Consortium,Pune,Nigdi & Pradhikaran,IN,"Sukhwani Heritage, Akurdi Main Road, Nigdi & Pradhikaran, Pune 411035, Maharashtra, India",411035,Gated Residential Society,6,24,P52100080353,18.649319,73.778101,Grade A Luxury,osm_cadastral_enriched,0.92
dbdaa7a4-4f11-42f9-9b90-642be096efd9,C,c,Reputed Developer / Co-op Consortium,Pune,Aundh & Sindh Society,IN,"C, Mahadji Shinde Marg, Aundh & Sindh Society, Pune 411007, Maharashtra, India",411007,Gated Residential Society,11,44,P52100054785,18.566366,73.807114,Grade A Luxury,osm_cadastral_enriched,0.92
e83b0258-8f9a-4749-ab00-9309bb0fce8a,B,b,Reputed Developer / Co-op Consortium,Pune,Aundh & Sindh Society,IN,"B, Mahadji Shinde Marg, Aundh & Sindh Society, Pune 411007, Maharashtra, India",411007,Gated Residential Society,11,44,P52100051321,18.566007,73.807114,Grade A Luxury,osm_cadastral_enriched,0.92
c8178985-d079-4cfa-ae4a-e7022aa1ee5b,D Gangotri,d gangotri,Reputed Developer / Co-op Consortium,Pune,Aundh & Sindh Society,IN,"D Gangotri, Aundh & Sindh Society, Pune 411007, Maharashtra, India",411007,Gated Residential Society,7,28,P52100030124,18.567626,73.80596,Grade A Luxury,osm_cadastral_enriched,0.92
fbb0c9d6-e518-465c-b3ac-cdb069aa8898,Surobhi Enclave 2,surobhi enclave 2,Reputed Developer / Co-op Consortium,Pune,Aundh & Sindh Society,IN,"Surobhi Enclave 2, Nagras Road, Aundh & Sindh Society, Pune 411007, Maharashtra, India",411007,Luxury Villa Community,6,24,P52100023930,18.565746,73.805663,Grade A Luxury,osm_cadastral_enriched,0.92
b54f8c77-3de5-4ebb-9e61-44e1fb9ef4f9,A,a,Reputed Developer / Co-op Consortium,Pune,Aundh & Sindh Society,IN,"A, Nagras Road, Aundh & Sindh Society, Pune 411007, Maharashtra, India",411007,Gated Residential Society,11,44,P52100015576,18.565641,73.806925,Grade A Luxury,osm_cadastral_enriched,0.92
5b37e9b3-6727-4d82-a92a-4e5c1f5d2e83,Amar Heritage,amar heritage,Reputed Developer / Co-op Consortium,Pune,Aundh & Sindh Society,IN,"Amar Heritage, Aundh & Sindh Society, Pune 411007, Maharashtra, India",411007,Gated Residential Society,5,20,P52100072685,18.563218,73.804292,Grade A Luxury,osm_cadastral_enriched,0.92
efb06409-07e2-4085-97bc-dc425fce202c,Suvarnayug,suvarnayug,Reputed Developer / Co-op Consortium,Pune,Aundh & Sindh Society,IN,"Suvarnayug, Nagras Road, Aundh & Sindh Society, Pune 411007, Maharashtra, India",411007,Gated Residential Society,6,24,P52100027159,18.566289,73.802689,Grade A Luxury,osm_cadastral_enriched,0.92
09f4ba7b-4897-4a25-9385-bdff365fe99f,Sayali Park,sayali park,Reputed Developer / Co-op Consortium,Pune,Aundh & Sindh Society,IN,"Sayali Park, Park Avenue Lane, Aundh & Sindh Society, Pune 411007, Maharashtra, India",411007,Gated Residential Society,6,24,P52100014793,18.563183,73.804797,Grade A Luxury,osm_cadastral_enriched,0.92
ba17387d-2166-4ee4-99fe-02b385acca74,B2,b2,Reputed Developer / Co-op Consortium,Pune,Aundh & Sindh Society,IN,"B2, Aundh & Sindh Society, Pune 411007, Maharashtra, India",411007,Gated Residential Society,6,24,P52100026546,18.564767,73.804191,Grade A Luxury,osm_cadastral_enriched,0.92
fab6ae63-942e-4acb-b1d4-027d21f66843,Blue Stone Apartment,blue stone apartment,Reputed Developer / Co-op Consortium,Pune,Nigdi & Pradhikaran,IN,"Blue Stone Apartment, Svatantryaveer Savarkar Path, Nigdi & Pradhikaran, Pune 411044, Maharashtra, India",411044,Gated Residential Society,3,12,P52100086024,18.650477,73.775902,Grade A Luxury,osm_cadastral_enriched,0.92
609f6e43-04da-4b20-b884-6007e41226b5,The Landmark Apartments,the landmark apartments,Reputed Developer / Co-op Consortium,Pune,Aundh & Sindh Society,IN,"The Landmark Apartments, Breman Chowk - Khadki Bazar Road, Aundh & Sindh Society, Pune 411020, Maharashtra, India",411020,Gated Residential Society,7,28,P52100065342,18.561914,73.833434,Grade A Luxury,osm_cadastral_enriched,0.92
26a6c087-89b7-4d6c-993a-dc4adbe18945,Swami,swami,Reputed Developer / Co-op Consortium,Pune,Baner & Pan Card Club Rd,IN,"Swami, Baner & Pan Card Club Rd, Pune 411045, Maharashtra, India",411045,Gated Residential Society,3,12,P52100028683,18.567752,73.777492,Grade A Luxury,osm_cadastral_enriched,0.92
47e10ab7-4525-4d12-b3a2-684c52d5fb9c,Tower 1,tower 1,Reputed Developer / Co-op Consortium,Pune,Balewadi & High Street,IN,"Tower 1, New DP Road, Balewadi & High Street, Pune 411027, Maharashtra, India",411027,Luxury High-Rise Tower,15,60,P52100031292,18.576653,73.786901,Grade A Luxury,osm_cadastral_enriched,0.92
26ac6a0e-4cf4-416f-9b42-d87ed91246fe,Darpan,darpan,Reputed Developer / Co-op Consortium,Pune,Aundh & Sindh Society,IN,"Darpan, Sanghvi Kesari Road, Aundh & Sindh Society, Pune 411007, Maharashtra, India",411007,Gated Residential Society,4,16,P52100014177,18.560989,73.812465,Grade A Luxury,osm_cadastral_enriched,0.92
20542db6-c3c2-4471-88cc-6f714c391c14,Shalini,shalini,Reputed Developer / Co-op Consortium,Pune,Aundh & Sindh Society,IN,"Shalini, Sanghvi Kesari Road, Aundh & Sindh Society, Pune 411007, Maharashtra, India",411007,Gated Residential Society,4,16,P52100068181,18.560952,73.811562,Grade A Luxury,osm_cadastral_enriched,0.92
23740894-2673-456f-a118-9ef86ca63653,Yashvant Krupa,yashvant krupa,Reputed Developer / Co-op Consortium,Pune,Aundh & Sindh Society,IN,"Yashvant Krupa, New DP Road, Aundh & Sindh Society, Pune 411045, Maharashtra, India",411045,Gated Residential Society,2,8,P52100048123,18.561421,73.802734,Grade A Luxury,osm_cadastral_enriched,0.92
e999ddc8-519b-4e5b-be6b-87449f32d921,Ganraj Apartments,ganraj apartments,Reputed Developer / Co-op Consortium,Pune,Baner & Pan Card Club Rd,IN,"Ganraj Apartments, Baner & Pan Card Club Rd, Pune 411045, Maharashtra, India",411045,Gated Residential Society,4,16,P52100053570,18.569171,73.780787,Grade A Luxury,osm_cadastral_enriched,0.92
1a2ac350-ad15-42b2-9257-c6353bef4bfa,Savitri,savitri,Reputed Developer / Co-op Consortium,Pune,Baner & Pan Card Club Rd,IN,"Savitri, Baner & Pan Card Club Rd, Pune 411045, Maharashtra, India",411045,Gated Residential Society,2,8,P52100073002,18.563171,73.781479,Grade A Luxury,osm_cadastral_enriched,0.92
667274a4-bf54-4976-9a10-ed56eaea7007,Shree Sai Apartment,shree sai apartment,Reputed Developer / Co-op Consortium,Pune,Baner & Pan Card Club Rd,IN,"Shree Sai Apartment, Baner & Pan Card Club Rd, Pune 411045, Maharashtra, India",411045,Gated Residential Society,3,12,P52100087899,18.56338,73.781177,Grade A Luxury,osm_cadastral_enriched,0.92
65518d21-1298-4a99-9798-f142d63d6a07,Yashashree,yashashree,Reputed Developer / Co-op Consortium,Pune,Baner & Pan Card Club Rd,IN,"Yashashree, Rutuja Park Road, Baner & Pan Card Club Rd, Pune 411045, Maharashtra, India",411045,Gated Residential Society,3,12,P52100057564,18.56352,73.781179,Grade A Luxury,osm_cadastral_enriched,0.92
ae53524c-e00b-4203-8d4c-a75b70aa7f91,Singh House,singh house,Reputed Developer / Co-op Consortium,Pune,Viman Nagar,IN,"Singh House, Lane No. 4, Rajiv Nagar North, Viman Nagar, Pune 411014, Maharashtra, India",411014,Gated Residential Society,2,8,P52100057977,18.573134,73.915103,Grade A Luxury,osm_cadastral_enriched,0.92
2f02fe4b-756a-4302-9c6e-58cb0205a14b,"Aspiria Society 6/6/1, Opp. Shell Petrol Pump, Hinjawadi, Pune, Maharashtra 411057",aspiria society 6 6 1 opp shell petrol pump hinjawadi pune maharashtra 411057,Reputed Developer / Co-op Consortium,Pune,Hinjewadi (Phases 1-3),IN,"Aspiria Society 6/6/1, Opp. Shell Petrol Pump, Hinjawadi, Pune, Maharashtra 411057, Vasant Utsav Society road, Hinjewadi (Phases 1-3), Pune 411057, Maharashtra, India",411057,Gated Residential Society,11,44,P52100097122,18.594125,73.742203,Grade A Luxury,osm_cadastral_enriched,0.92
02bf8f5f-7068-4de9-9af1-9a0d0ef597f3,Anugraha,anugraha,Reputed Developer / Co-op Consortium,Pune,Aundh & Sindh Society,IN,"Anugraha, Aundh & Sindh Society, Pune 411007, Maharashtra, India",411007,Gated Residential Society,3,12,P52100095920,18.557323,73.802025,Grade A Luxury,osm_cadastral_enriched,0.92
f76bbd24-0be9-414b-bb3a-d7fce855ebf6,Sai Rung,sai rung,Reputed Developer / Co-op Consortium,Pune,Aundh & Sindh Society,IN,"Sai Rung, Ashiyana Park Lane 2, Aundh & Sindh Society, Pune 411007, Maharashtra, India",411007,Gated Residential Society,5,20,P52100072639,18.557428,73.802544,Grade A Luxury,osm_cadastral_enriched,0.92
a3bc59c9-a05a-45db-ae47-d35450870be8,Ark Delite,ark delite,Reputed Developer / Co-op Consortium,Pune,Aundh & Sindh Society,IN,"Ark Delite, Aundh & Sindh Society, Pune 411007, Maharashtra, India",411007,Gated Residential Society,5,20,P52100059226,18.557537,73.80129,Grade A Luxury,osm_cadastral_enriched,0.92
bdf516f2-1ead-467a-82c2-3262e81b4efc,Akshay Villa,akshay villa,Reputed Developer / Co-op Consortium,Pune,Aundh & Sindh Society,IN,"Akshay Villa, Ashiyana Park Lane 2, Aundh & Sindh Society, Pune 411007, Maharashtra, India",411007,Luxury Villa Community,5,20,P52100098529,18.557532,73.80165,Grade A Luxury,osm_cadastral_enriched,0.92
45cea46a-4a4b-417f-a787-b234d996a8ca,Shivneri,shivneri,Reputed Developer / Co-op Consortium,Pune,Aundh & Sindh Society,IN,"Shivneri, Ashiyana Park Lane 2, Aundh & Sindh Society, Pune 411007, Maharashtra, India",411007,Gated Residential Society,2,8,P52100027944,18.557571,73.801893,Grade A Luxury,osm_cadastral_enriched,0.92
7807e98b-5e68-4e84-9025-74176c16cce6,Prakrtii CHS C Block,prakrtii chs c block,Reputed Developer / Co-op Consortium,Pune,Baner & Pan Card Club Rd,IN,"Prakrtii CHS C Block, Baner & Pan Card Club Rd, Pune 411045, Maharashtra, India",411045,Gated Residential Society,7,28,P52100068481,18.569528,73.783265,Grade A Luxury,osm_cadastral_enriched,0.92
c64edc5f-57b2-44d1-b8da-6487d9d5b673,Janki Heights,janki heights,Reputed Developer / Co-op Consortium,Pune,Aundh & Sindh Society,IN,"Janki Heights, Aundh & Sindh Society, Pune 411007, Maharashtra, India",411007,Luxury High-Rise Tower,5,20,P52100079386,18.559948,73.802858,Grade A Luxury,osm_cadastral_enriched,0.92
88884c93-6b32-40f7-986e-cd83abf3256d,Rajnigandha Apartment,rajnigandha apartment,Reputed Developer / Co-op Consortium,Pune,Aundh & Sindh Society,IN,"Rajnigandha Apartment, Aundh & Sindh Society, Pune 411007, Maharashtra, India",411007,Gated Residential Society,4,16,P52100065188,18.559979,73.803025,Grade A Luxury,osm_cadastral_enriched,0.92
6eafb3be-e9bd-42a8-8683-1be85ac54edb,Miracle Dreams,miracle dreams,Reputed Developer / Co-op Consortium,Pune,Baner & Pan Card Club Rd,IN,"Miracle Dreams, Sopan Baug Road, Baner & Pan Card Club Rd, Pune 411045, Maharashtra, India",411045,Gated Residential Society,5,20,P52100076108,18.574448,73.775071,Grade A Luxury,osm_cadastral_enriched,0.92
10e10f94-c202-4d6e-976d-d16cd7b6a445,Anjaneya,anjaneya,Reputed Developer / Co-op Consortium,Pune,Balewadi & High Street,IN,"Anjaneya, Balewadi & High Street, Pune 411045, Maharashtra, India",411045,Gated Residential Society,5,20,P52100064100,18.575253,73.774569,Grade A Luxury,osm_cadastral_enriched,0.92
25ce119d-09f9-44f8-a188-f9992f37cd64,Param,param,Reputed Developer / Co-op Consortium,Pune,Balewadi & High Street,IN,"Param, Balewadi Village Road, Balewadi & High Street, Pune 411045, Maharashtra, India",411045,Gated Residential Society,3,12,P52100010247,18.577136,73.77739,Grade A Luxury,osm_cadastral_enriched,0.92
e1b1ee68-7392-4878-8356-dcecd34bb5e9,Himgiri,himgiri,Reputed Developer / Co-op Consortium,Pune,Baner & Pan Card Club Rd,IN,"Himgiri, Sopan Baug Road, Baner & Pan Card Club Rd, Pune 411045, Maharashtra, India",411045,Gated Residential Society,4,16,P52100052078,18.573948,73.774551,Grade A Luxury,osm_cadastral_enriched,0.92
74134b6d-a4b4-4658-9d07-f7dc05c8bb72,Om Sai Kiran,om sai kiran,Reputed Developer / Co-op Consortium,Pune,Balewadi & High Street,IN,"Om Sai Kiran, Balewadi Village Road, Balewadi & High Street, Pune 411045, Maharashtra, India",411045,Gated Residential Society,3,12,P52100032960,18.577196,73.777272,Grade A Luxury,osm_cadastral_enriched,0.92
1500db8b-c9d8-4fc6-97b1-100f2716a174,Pratibha Niketan,pratibha niketan,Reputed Developer / Co-op Consortium,Pune,Baner & Pan Card Club Rd,IN,"Pratibha Niketan, Sopan Baug Road, Baner & Pan Card Club Rd, Pune 411045, Maharashtra, India",411045,Gated Residential Society,5,20,P52100076448,18.574242,73.774576,Grade A Luxury,osm_cadastral_enriched,0.92
d17722ff-2877-491a-a215-771bd6891610,Raj Vijay,raj vijay,Reputed Developer / Co-op Consortium,Pune,Balewadi & High Street,IN,"Raj Vijay, Balewadi Village Road, Balewadi & High Street, Pune 411045, Maharashtra, India",411045,Gated Residential Society,4,16,P52100084115,18.577156,73.777876,Grade A Luxury,osm_cadastral_enriched,0.92
bd7e85f0-4945-47c0-b433-abbaadcad45b,Royal Vatika,royal vatika,Reputed Developer / Co-op Consortium,Pune,Balewadi & High Street,IN,"Royal Vatika, Sopan Baug Road, Balewadi & High Street, Pune 411045, Maharashtra, India",411045,Gated Residential Society,5,20,P52100079101,18.575573,73.775127,Grade A Luxury,osm_cadastral_enriched,0.92
1fc578d7-8ef8-4028-99c1-f7153c6626a3,Miracle Glory,miracle glory,Reputed Developer / Co-op Consortium,Pune,Balewadi & High Street,IN,"Miracle Glory, Sopan Baug Road, Balewadi & High Street, Pune 411045, Maharashtra, India",411045,Gated Residential Society,3,12,P52100058430,18.576558,73.775246,Grade A Luxury,osm_cadastral_enriched,0.92
a834a1d6-5904-4695-8a7e-7d02fee5e8de,Chaitanya Platinum,chaitanya platinum,Reputed Developer / Co-op Consortium,Pune,Balewadi & High Street,IN,"Chaitanya Platinum, Bajirao Shripati Marg, Balewadi & High Street, Pune 411045, Maharashtra, India",411045,Gated Residential Society,4,16,P52100054951,18.577091,73.776018,Grade A Luxury,osm_cadastral_enriched,0.92
0dd690e3-e38f-4bc1-89ce-6734aa815d49,Sanchit,sanchit,Reputed Developer / Co-op Consortium,Pune,Balewadi & High Street,IN,"Sanchit, Balewadi & High Street, Pune 411045, Maharashtra, India",411045,Gated Residential Society,3,12,P52100014078,18.576746,73.775472,Grade A Luxury,osm_cadastral_enriched,0.92
cef2d6b7-dae7-46a1-b0cc-73055bb52f23,Vitthal Niivas,vitthal niivas,Reputed Developer / Co-op Consortium,Pune,Balewadi & High Street,IN,"Vitthal Niivas, Balewadi & High Street, Pune 411045, Maharashtra, India",411045,Gated Residential Society,3,12,P52100087176,18.577104,73.779448,Grade A Luxury,osm_cadastral_enriched,0.92
f6d58c69-2484-4262-8c28-8fcc80934222,Miracle Residency,miracle residency,Reputed Developer / Co-op Consortium,Pune,Balewadi & High Street,IN,"Miracle Residency, Balewadi & High Street, Pune 411045, Maharashtra, India",411045,Gated Residential Society,5,20,P52100051511,18.577078,73.77587,Grade A Luxury,osm_cadastral_enriched,0.92
b498952d-b1dc-4ab4-a92c-83a724c4b937,Bhagirathi,bhagirathi,Reputed Developer / Co-op Consortium,Pune,Balewadi & High Street,IN,"Bhagirathi, Balewadi & High Street, Pune 411045, Maharashtra, India",411045,Gated Residential Society,3,12,P52100024044,18.576957,73.779426,Grade A Luxury,osm_cadastral_enriched,0.92
d6b71da7-9657-4073-a0f7-56a3e9e296ea,Kuber,kuber,Reputed Developer / Co-op Consortium,Pune,Balewadi & High Street,IN,"Kuber, Balewadi Village Road, Balewadi & High Street, Pune 411045, Maharashtra, India",411045,Gated Residential Society,4,16,P52100028251,18.576934,73.778063,Grade A Luxury,osm_cadastral_enriched,0.92
b9f8ede7-dc1d-48ea-819e-8964c98f6506,Laxmi Nivas,laxmi nivas,Reputed Developer / Co-op Consortium,Pune,Balewadi & High Street,IN,"Laxmi Nivas, Balewadi Village Road, Balewadi & High Street, Pune 411045, Maharashtra, India",411045,Gated Residential Society,4,16,P52100097992,18.577161,73.776748,Grade A Luxury,osm_cadastral_enriched,0.92
39ecc723-1a17-4a54-9f77-3dfde247ed02,Sunway Society,sunway society,Reputed Developer / Co-op Consortium,Pune,Aundh & Sindh Society,IN,"Sunway Society, Bhau Patil Road, Aundh & Sindh Society, Pune 411020, Maharashtra, India",411020,Gated Residential Society,3,12,P52100011746,18.566535,73.829901,Grade A Luxury,osm_cadastral_enriched,0.92
bedd3577-2512-4624-9cbd-eb9203303596,Palak Park,palak park,Reputed Developer / Co-op Consortium,Pune,Balewadi & High Street,IN,"Palak Park, Balewadi Village Road, Balewadi & High Street, Pune 411045, Maharashtra, India",411045,Gated Residential Society,8,32,P52100084448,18.577238,73.779098,Grade A Luxury,osm_cadastral_enriched,0.92
b57f325f-c299-4e37-9230-5ec150681576,Riddhi Siddhi Apartments,riddhi siddhi apartments,Reputed Developer / Co-op Consortium,Pune,Baner & Pan Card Club Rd,IN,"Riddhi Siddhi Apartments, Baner & Pan Card Club Rd, Pune 411045, Maharashtra, India",411045,Gated Residential Society,3,12,P52100082750,18.567355,73.775291,Grade A Luxury,osm_cadastral_enriched,0.92
18b45f0d-a764-4326-9b6c-e97d82ccfc39,Gulmohar Villa,gulmohar villa,Reputed Developer / Co-op Consortium,Pune,Balewadi & High Street,IN,"Gulmohar Villa, Balewadi Village Road, Balewadi & High Street, Pune 411045, Maharashtra, India",411045,Luxury Villa Community,5,20,P52100029490,18.576918,73.778994,Grade A Luxury,osm_cadastral_enriched,0.92
9599c793-de5b-41c9-8da9-1265cce27f49,Nivrutti Sadan,nivrutti sadan,Reputed Developer / Co-op Consortium,Pune,Balewadi & High Street,IN,"Nivrutti Sadan, Balewadi Village Road, Balewadi & High Street, Pune 411045, Maharashtra, India",411045,Gated Residential Society,4,16,P52100075738,18.57682,73.77878,Grade A Luxury,osm_cadastral_enriched,0.92
8d181d58-9f67-4061-a291-f1f70dfc55f7,Kapil Malhar,kapil malhar,Reputed Developer / Co-op Consortium,Pune,Baner & Pan Card Club Rd,IN,"Kapil Malhar, Aundh Baner link road, Baner & Pan Card Club Rd, Pune 411045, Maharashtra, India",411045,Luxury High-Rise Tower,12,48,P52100034617,18.559543,73.791646,Grade A Luxury,osm_cadastral_enriched,0.92
34ff439d-86ae-41f7-a9da-1ff41209d8e6,Atharva Residency,atharva residency,Reputed Developer / Co-op Consortium,Pune,Aundh & Sindh Society,IN,"Atharva Residency, Ashiyana Park Lane 2, Aundh & Sindh Society, Pune 411007, Maharashtra, India",411007,Gated Residential Society,4,16,P52100029842,18.557283,73.799653,Grade A Luxury,osm_cadastral_enriched,0.92
70e75166-3a23-4ade-8d9c-878e540ea1ee,B1,b1,Reputed Developer / Co-op Consortium,Pune,Aundh & Sindh Society,IN,"B1, Aundh & Sindh Society, Pune 411007, Maharashtra, India",411007,Gated Residential Society,8,32,P52100039999,18.55337,73.798533,Grade A Luxury,osm_cadastral_enriched,0.92
34885cfb-a11d-4052-8a90-74c9d9b94c27,A1,a1,Reputed Developer / Co-op Consortium,Pune,Aundh & Sindh Society,IN,"A1, Aundh & Sindh Society, Pune 411007, Maharashtra, India",411007,Gated Residential Society,8,32,P52100035362,18.553229,73.798192,Grade A Luxury,osm_cadastral_enriched,0.92
497d8f52-fb82-418d-a3d9-4f05dde7f709,Rachana Blossom,rachana blossom,Reputed Developer / Co-op Consortium,Pune,Aundh & Sindh Society,IN,"Rachana Blossom, Jagdishnagar, Aundh & Sindh Society, Pune 411007, Maharashtra, India",411007,Gated Residential Society,6,24,P52100010728,18.553969,73.816554,Grade A Luxury,osm_cadastral_enriched,0.92
f42b93ee-0350-4e79-82de-752aaed821ed,Lotus Enclave,lotus enclave,Reputed Developer / Co-op Consortium,Pune,Aundh & Sindh Society,IN,"Lotus Enclave, KVP Sapatnekar Marg, Aundh & Sindh Society, Pune 411007, Maharashtra, India",411007,Luxury Villa Community,6,24,P52100018283,18.555648,73.808118,Grade A Luxury,osm_cadastral_enriched,0.92
c89baf97-c5b5-4f83-a8b0-660c6aa8c0c6,Amrapali Apartments,amrapali apartments,Reputed Developer / Co-op Consortium,Pune,Aundh & Sindh Society,IN,"Amrapali Apartments, Jagdishnagar, Aundh & Sindh Society, Pune 411007, Maharashtra, India",411007,Gated Residential Society,5,20,P52100090598,18.554257,73.816545,Grade A Luxury,osm_cadastral_enriched,0.92
358e3ac6-3ec9-4ca5-b4e8-33ec862f1b9e,Sadguru Krupa,sadguru krupa,Reputed Developer / Co-op Consortium,Pune,Aundh & Sindh Society,IN,"Sadguru Krupa, Shankarao Gaikwad path, Aundh & Sindh Society, Pune 411007, Maharashtra, India",411007,Gated Residential Society,3,12,P52100034483,18.55838,73.803481,Grade A Luxury,osm_cadastral_enriched,0.92
a37177e8-42b9-4c8d-b6ab-2a971e344a8c,Cafe Galaxy,cafe galaxy,Reputed Developer / Co-op Consortium,Pune,Bavdhan & Chandani Chowk,IN,"Cafe Galaxy, Uttamnagar road, Bavdhan & Chandani Chowk, Pune 411021, Maharashtra, India",411021,Gated Residential Society,2,8,P52100050238,18.522237,73.762589,Grade A Luxury,osm_cadastral_enriched,0.92
5457af1a-3b5a-4cd4-8a32-c17f3a83cf03,Palazzo Apartments,palazzo apartments,Reputed Developer / Co-op Consortium,Pune,Balewadi & High Street,IN,"Palazzo Apartments, Balewadi & High Street, Pune 411045, Maharashtra, India",411045,Gated Residential Society,6,24,P52100046306,18.579472,73.770968,Grade A Luxury,osm_cadastral_enriched,0.92
94c7b5d1-119e-4e8d-9a8f-c29458ace51f,Krushna Kunj,krushna kunj,Reputed Developer / Co-op Consortium,Pune,Aundh & Sindh Society,IN,"Krushna Kunj, Aundh & Sindh Society, Pune 411007, Maharashtra, India",411007,Gated Residential Society,3,12,P52100099005,18.55926,73.803214,Grade A Luxury,osm_cadastral_enriched,0.92
96b04409-06c9-43d1-923e-8151aeb0ebb6,Soba Vihar,soba vihar,Reputed Developer / Co-op Consortium,Pune,Bavdhan & Chandani Chowk,IN,"Soba Vihar, Bavdhan & Chandani Chowk, Pune 411052, Maharashtra, India",411052,Gated Residential Society,6,24,P52100066000,18.509347,73.792639,Grade A Luxury,osm_cadastral_enriched,0.92
1ddc6371-3c1f-473b-a5d6-f68e2b5979d3,Seyash Aadya,seyash aadya,Reputed Developer / Co-op Consortium,Pune,Bavdhan & Chandani Chowk,IN,"Seyash Aadya, Lane 4, Bavdhan & Chandani Chowk, Pune 411038, Maharashtra, India",411038,Gated Residential Society,7,28,P52100030766,18.510874,73.793491,Grade A Luxury,osm_cadastral_enriched,0.92
4df95ef4-a324-456c-87ea-169369e618e5,Savli,savli,Reputed Developer / Co-op Consortium,Pune,Bavdhan & Chandani Chowk,IN,"Savli, Bavdhan & Chandani Chowk, Pune 411038, Maharashtra, India",411038,Gated Residential Society,3,12,P52100086642,18.50928,73.794431,Grade A Luxury,osm_cadastral_enriched,0.92
61d03665-4209-4168-a3ad-bfb9eb3a3a17,Shivshilp,shivshilp,Reputed Developer / Co-op Consortium,Pune,Bavdhan & Chandani Chowk,IN,"Shivshilp, Bavdhan & Chandani Chowk, Pune 411021, Maharashtra, India",411021,Gated Residential Society,4,16,P52100077686,18.508883,73.791638,Grade A Luxury,osm_cadastral_enriched,0.92
1fddbf66-97e9-4a38-a1a0-0292f2051666,Swojas Saptasur,swojas saptasur,Reputed Developer / Co-op Consortium,Pune,Bavdhan & Chandani Chowk,IN,"Swojas Saptasur, Lane 3, Bavdhan & Chandani Chowk, Pune 411038, Maharashtra, India",411038,Gated Residential Society,6,24,P52100026575,18.510804,73.791727,Grade A Luxury,osm_cadastral_enriched,0.92
08f039d8-a67d-4cf6-b62b-c549ddebab3e,Siddhant,siddhant,Reputed Developer / Co-op Consortium,Pune,Bavdhan & Chandani Chowk,IN,"Siddhant, Lane 3, Bavdhan & Chandani Chowk, Pune 411038, Maharashtra, India",411038,Gated Residential Society,4,16,P52100014530,18.510287,73.79455,Grade A Luxury,osm_cadastral_enriched,0.92
1e3127d7-08df-4cde-a5ce-928fe95dc4aa,Shital,shital,Reputed Developer / Co-op Consortium,Pune,Bavdhan & Chandani Chowk,IN,"Shital, Lane 2, Bavdhan & Chandani Chowk, Pune 411038, Maharashtra, India",411038,Gated Residential Society,5,20,P52100032968,18.509691,73.794173,Grade A Luxury,osm_cadastral_enriched,0.92
2fa84676-e928-44b1-9d3e-12de9666e793,Hardik Residency,hardik residency,Reputed Developer / Co-op Consortium,Pune,Bavdhan & Chandani Chowk,IN,"Hardik Residency, Bavdhan & Chandani Chowk, Pune 411021, Maharashtra, India",411021,Gated Residential Society,5,20,P52100087764,18.508852,73.791832,Grade A Luxury,osm_cadastral_enriched,0.92
a56a72bc-7542-4105-a73a-0b02a725329d,Alisha Covert,alisha covert,Reputed Developer / Co-op Consortium,Pune,Bavdhan & Chandani Chowk,IN,"Alisha Covert, Bavdhan & Chandani Chowk, Pune 411052, Maharashtra, India",411052,Gated Residential Society,4,16,P52100076736,18.509961,73.792749,Grade A Luxury,osm_cadastral_enriched,0.92
4474bef8-fbe2-4ac0-8ada-fb14c85145ee,Nalanda,nalanda,Reputed Developer / Co-op Consortium,Pune,Bavdhan & Chandani Chowk,IN,"Nalanda, Lane 4B, Bavdhan & Chandani Chowk, Pune 411038, Maharashtra, India",411038,Gated Residential Society,10,40,P52100069633,18.511271,73.793063,Grade A Luxury,osm_cadastral_enriched,0.92
7105f0a9-1a3b-4a26-8bae-4027a6f0adba,Global Glory,global glory,Reputed Developer / Co-op Consortium,Pune,Bavdhan & Chandani Chowk,IN,"Global Glory, Bavdhan & Chandani Chowk, Pune 411052, Maharashtra, India",411052,Gated Residential Society,5,20,P52100081662,18.509423,73.790896,Grade A Luxury,osm_cadastral_enriched,0.92
6490e5ec-ea9f-47d7-8182-bad8882274dd,Jay-Mangal,jay mangal,Reputed Developer / Co-op Consortium,Pune,Bavdhan & Chandani Chowk,IN,"Jay-Mangal, Lane 3, Bavdhan & Chandani Chowk, Pune 411038, Maharashtra, India",411038,Gated Residential Society,5,20,P52100025723,18.510261,73.794387,Grade A Luxury,osm_cadastral_enriched,0.92
600010e4-a8ce-4e9e-bef1-c255e29ce026,Suvidha Vihar,suvidha vihar,Reputed Developer / Co-op Consortium,Pune,Bavdhan & Chandani Chowk,IN,"Suvidha Vihar, Lane 2, Bavdhan & Chandani Chowk, Pune 411038, Maharashtra, India",411038,Gated Residential Society,3,12,P52100012834,18.509662,73.794005,Grade A Luxury,osm_cadastral_enriched,0.92
ffabba53-a21f-48a5-af87-b13fc3809b27,Prayag,prayag,Reputed Developer / Co-op Consortium,Pune,Bavdhan & Chandani Chowk,IN,"Prayag, Raj Path, Bavdhan & Chandani Chowk, Pune 411038, Maharashtra, India",411038,Gated Residential Society,4,16,P52100040849,18.50938,73.790179,Grade A Luxury,osm_cadastral_enriched,0.92
9b0aa770-0c82-4c3f-85ca-98367d5a71fc,Samudrika,samudrika,Reputed Developer / Co-op Consortium,Pune,Bavdhan & Chandani Chowk,IN,"Samudrika, Lane 1, Bavdhan & Chandani Chowk, Pune 411038, Maharashtra, India",411038,Gated Residential Society,4,16,P52100077490,18.509696,73.793422,Grade A Luxury,osm_cadastral_enriched,0.92
64e5d213-b94d-451d-893a-828386d1f47b,Shree Ganesh,shree ganesh,Reputed Developer / Co-op Consortium,Pune,Bavdhan & Chandani Chowk,IN,"Shree Ganesh, Lane 2, Bavdhan & Chandani Chowk, Pune 411038, Maharashtra, India",411038,Gated Residential Society,5,20,P52100014975,18.509989,73.793602,Grade A Luxury,osm_cadastral_enriched,0.92
5391b321-0448-4f28-a27f-48a0ddd44c65,Ramkrushna Dham,ramkrushna dham,Reputed Developer / Co-op Consortium,Pune,Bavdhan & Chandani Chowk,IN,"Ramkrushna Dham, Bavdhan & Chandani Chowk, Pune 411052, Maharashtra, India",411052,Gated Residential Society,3,12,P52100016844,18.508541,73.792279,Grade A Luxury,osm_cadastral_enriched,0.92
87c1a882-01e1-458f-b8ab-6c4132f93177,Rajtara Residency,rajtara residency,Reputed Developer / Co-op Consortium,Pune,Bavdhan & Chandani Chowk,IN,"Rajtara Residency, Lane 3, Bavdhan & Chandani Chowk, Pune 411038, Maharashtra, India",411038,Gated Residential Society,4,16,P52100089021,18.510252,73.793354,Grade A Luxury,osm_cadastral_enriched,0.92
f9c9ec27-d3f0-4b5a-83de-aecac9db1aa1,Pritesh Imperia,pritesh imperia,Reputed Developer / Co-op Consortium,Pune,Bavdhan & Chandani Chowk,IN,"Pritesh Imperia, Lane 2, Bavdhan & Chandani Chowk, Pune 411038, Maharashtra, India",411038,Gated Residential Society,6,24,P52100067240,18.509586,73.792614,Grade A Luxury,osm_cadastral_enriched,0.92
8e53d413-288c-49bb-a7dd-c06acd18312c,Neha Park,neha park,Reputed Developer / Co-op Consortium,Pune,Bavdhan & Chandani Chowk,IN,"Neha Park, Lane 2, Bavdhan & Chandani Chowk, Pune 411038, Maharashtra, India",411038,Gated Residential Society,4,16,P52100094418,18.510001,73.793818,Grade A Luxury,osm_cadastral_enriched,0.92
3f904d29-b44d-432b-b6d8-7dd50a1e9f50,Amrendra,amrendra,Reputed Developer / Co-op Consortium,Pune,Bavdhan & Chandani Chowk,IN,"Amrendra, Lane 3, Bavdhan & Chandani Chowk, Pune 411038, Maharashtra, India",411038,Gated Residential Society,4,16,P52100084736,18.510654,73.794681,Grade A Luxury,osm_cadastral_enriched,0.92
abc8645e-e95e-487d-9e96-fb4f066da124,Silver Residency,silver residency,Reputed Developer / Co-op Consortium,Pune,Bavdhan & Chandani Chowk,IN,"Silver Residency, Bavdhan & Chandani Chowk, Pune 411038, Maharashtra, India",411038,Gated Residential Society,6,24,P52100068713,18.508984,73.793025,Grade A Luxury,osm_cadastral_enriched,0.92
27ac9e24-600f-415a-978c-a02a7291d66f,Swojas Sargam,swojas sargam,Reputed Developer / Co-op Consortium,Pune,Bavdhan & Chandani Chowk,IN,"Swojas Sargam, Lane 2, Bavdhan & Chandani Chowk, Pune 411038, Maharashtra, India",411038,Gated Residential Society,6,24,P52100018549,18.509988,73.79341,Grade A Luxury,osm_cadastral_enriched,0.92
5fde6a54-26b9-43a6-b53c-574cb24da387,Satyabhama,satyabhama,Reputed Developer / Co-op Consortium,Pune,Bavdhan & Chandani Chowk,IN,"Satyabhama, Bavdhan & Chandani Chowk, Pune 411021, Maharashtra, India",411021,Gated Residential Society,4,16,P52100015432,18.508838,73.792038,Grade A Luxury,osm_cadastral_enriched,0.92
ab4a28b6-ca67-4c59-9e37-10ecd8fda075,Shiv Residency,shiv residency,Reputed Developer / Co-op Consortium,Pune,Bavdhan & Chandani Chowk,IN,"Shiv Residency, Lane 2, Bavdhan & Chandani Chowk, Pune 411038, Maharashtra, India",411038,Gated Residential Society,3,12,P52100068181,18.510003,73.793991,Grade A Luxury,osm_cadastral_enriched,0.92
e0c383c0-d6eb-4d42-9bb8-2bfd515b0593,Glory Residency,glory residency,Reputed Developer / Co-op Consortium,Pune,Bavdhan & Chandani Chowk,IN,"Glory Residency, Bavdhan & Chandani Chowk, Pune 411038, Maharashtra, India",411038,Gated Residential Society,5,20,P52100098308,18.509449,73.794441,Grade A Luxury,osm_cadastral_enriched,0.92
b354d56b-b64b-4aaf-a448-a96f12fd0ffa,Amrapali,amrapali,Reputed Developer / Co-op Consortium,Pune,Bavdhan & Chandani Chowk,IN,"Amrapali, Raj Path, Bavdhan & Chandani Chowk, Pune 411038, Maharashtra, India",411038,Gated Residential Society,4,16,P52100073262,18.509812,73.790183,Grade A Luxury,osm_cadastral_enriched,0.92
f08016d8-b820-43e9-b793-d524c3f63cfc,Patel Deep,patel deep,Reputed Developer / Co-op Consortium,Pune,Bavdhan & Chandani Chowk,IN,"Patel Deep, Bavdhan & Chandani Chowk, Pune 411052, Maharashtra, India",411052,Gated Residential Society,4,16,P52100020579,18.509964,73.792586,Grade A Luxury,osm_cadastral_enriched,0.92
afed5772-7dc7-4a49-87cf-7d7426f3fb36,Patel Villa,patel villa,Reputed Developer / Co-op Consortium,Pune,Bavdhan & Chandani Chowk,IN,"Patel Villa, Lane 3, Bavdhan & Chandani Chowk, Pune 411038, Maharashtra, India",411038,Luxury Villa Community,4,16,P52100098901,18.510264,73.794228,Grade A Luxury,osm_cadastral_enriched,0.92
509fabcc-fb68-41d3-b87c-2109b356b238,Shivpadma,shivpadma,Reputed Developer / Co-op Consortium,Pune,Bavdhan & Chandani Chowk,IN,"Shivpadma, Raj Path, Bavdhan & Chandani Chowk, Pune 411038, Maharashtra, India",411038,Gated Residential Society,4,16,P52100055637,18.509556,73.790189,Grade A Luxury,osm_cadastral_enriched,0.92
7539a65c-1f99-4b08-a380-679fc7ebbc9c,Madhuban,madhuban,Reputed Developer / Co-op Consortium,Pune,Bavdhan & Chandani Chowk,IN,"Madhuban, Bavdhan & Chandani Chowk, Pune 411052, Maharashtra, India",411052,Gated Residential Society,4,16,P52100030901,18.509706,73.790903,Grade A Luxury,osm_cadastral_enriched,0.92
7277030f-bbac-4cc1-b873-2c9befa0c83e,Pentagon Harmony,pentagon harmony,Reputed Developer / Co-op Consortium,Pune,Bavdhan & Chandani Chowk,IN,"Pentagon Harmony, Lane 4C, Bavdhan & Chandani Chowk, Pune 411052, Maharashtra, India",411052,Gated Residential Society,4,16,P52100086419,18.511246,73.792428,Grade A Luxury,osm_cadastral_enriched,0.92
4a733001-249a-451b-b2cc-f7d66f1b80d1,Gourish,gourish,Reputed Developer / Co-op Consortium,Pune,Bavdhan & Chandani Chowk,IN,"Gourish, Bavdhan & Chandani Chowk, Pune 411052, Maharashtra, India",411052,Gated Residential Society,4,16,P52100094950,18.509982,73.792431,Grade A Luxury,osm_cadastral_enriched,0.92
e6a49d23-af91-4036-b73f-02bda267a996,Avinash,avinash,Reputed Developer / Co-op Consortium,Pune,Bavdhan & Chandani Chowk,IN,"Avinash, Bavdhan & Chandani Chowk, Pune 411021, Maharashtra, India",411021,Gated Residential Society,5,20,P52100064513,18.509055,73.790155,Grade A Luxury,osm_cadastral_enriched,0.92
c1ffbcfd-6bcd-4faa-b749-1e57f6a98f54,Ajinkya Chhaya,ajinkya chhaya,Reputed Developer / Co-op Consortium,Pune,Bavdhan & Chandani Chowk,IN,"Ajinkya Chhaya, Lane 3, Bavdhan & Chandani Chowk, Pune 411038, Maharashtra, India",411038,Gated Residential Society,4,16,P52100082546,18.510626,73.793998,Grade A Luxury,osm_cadastral_enriched,0.92
f4ac5274-0e3a-42d4-adb7-eca699901484,Vijayashree Apartment,vijayashree apartment,Reputed Developer / Co-op Consortium,Pune,Bavdhan & Chandani Chowk,IN,"Vijayashree Apartment, Bavdhan & Chandani Chowk, Pune 411021, Maharashtra, India",411021,Gated Residential Society,5,20,P52100037393,18.509219,73.790846,Grade A Luxury,osm_cadastral_enriched,0.92
77c6def9-66e0-4a6c-a984-2b3de07c1eb5,Mruga,mruga,Reputed Developer / Co-op Consortium,Pune,Bavdhan & Chandani Chowk,IN,"Mruga, Lane 3, Bavdhan & Chandani Chowk, Pune 411038, Maharashtra, India",411038,Gated Residential Society,4,16,P52100028950,18.510623,73.793863,Grade A Luxury,osm_cadastral_enriched,0.92
b1fd35f1-53b0-4147-8fea-26687f711904,Nirmal,nirmal,Reputed Developer / Co-op Consortium,Pune,Bavdhan & Chandani Chowk,IN,"Nirmal, Bavdhan & Chandani Chowk, Pune 411052, Maharashtra, India",411052,Gated Residential Society,4,16,P52100037793,18.50996,73.792247,Grade A Luxury,osm_cadastral_enriched,0.92
c4d32dd8-77da-4e83-82ba-3a424e100218,Ketaki,ketaki,Reputed Developer / Co-op Consortium,Pune,Bavdhan & Chandani Chowk,IN,"Ketaki, Lane 3, Bavdhan & Chandani Chowk, Pune 411038, Maharashtra, India",411038,Gated Residential Society,4,16,P52100027781,18.510274,73.793956,Grade A Luxury,osm_cadastral_enriched,0.92
a2ee8d8a-7dae-4b4b-8e07-1644f45b9148,Patel Vihar,patel vihar,Reputed Developer / Co-op Consortium,Pune,Bavdhan & Chandani Chowk,IN,"Patel Vihar, Lane 3, Bavdhan & Chandani Chowk, Pune 411038, Maharashtra, India",411038,Gated Residential Society,4,16,P52100063407,18.510598,73.793673,Grade A Luxury,osm_cadastral_enriched,0.92
53753312-2d93-4ecd-b76b-3575ed424c91,Bandal Vihar,bandal vihar,Reputed Developer / Co-op Consortium,Pune,Bavdhan & Chandani Chowk,IN,"Bandal Vihar, Bavdhan & Chandani Chowk, Pune 411038, Maharashtra, India",411038,Gated Residential Society,4,16,P52100074872,18.509108,73.794414,Grade A Luxury,osm_cadastral_enriched,0.92
a1febe54-f5cb-475d-8474-8bd2863877b7,Siddhivinayak,siddhivinayak,Reputed Developer / Co-op Consortium,Pune,Bavdhan & Chandani Chowk,IN,"Siddhivinayak, Bavdhan & Chandani Chowk, Pune 411052, Maharashtra, India",411052,Gated Residential Society,4,16,P52100069357,18.509971,73.792111,Grade A Luxury,osm_cadastral_enriched,0.92
a9cbea5f-c8df-402f-a853-65be7b722a6a,Anupreet,anupreet,Reputed Developer / Co-op Consortium,Pune,Bavdhan & Chandani Chowk,IN,"Anupreet, Lane 3, Bavdhan & Chandani Chowk, Pune 411038, Maharashtra, India",411038,Gated Residential Society,4,16,P52100065612,18.510624,73.794132,Grade A Luxury,osm_cadastral_enriched,0.92
afe5da3e-5796-4f00-b81e-d7168ca5e37b,Shivalik,shivalik,Reputed Developer / Co-op Consortium,Pune,Aundh & Sindh Society,IN,"Shivalik, ITI Road, Aundh & Sindh Society, Pune 411007, Maharashtra, India",411007,Gated Residential Society,5,20,P52100016641,18.556624,73.808733,Grade A Luxury,osm_cadastral_enriched,0.92
68e1c187-62ca-47b2-873f-9cf6dcf58a27,G,g,Reputed Developer / Co-op Consortium,Pune,Aundh & Sindh Society,IN,"G, Aundh & Sindh Society, Pune 411007, Maharashtra, India",411007,Gated Residential Society,5,20,P52100096028,18.553488,73.805503,Grade A Luxury,osm_cadastral_enriched,0.92
81e6fd1e-3fdf-4b07-a0d6-9c7f6ba1d876,Acropolis,acropolis,Reputed Developer / Co-op Consortium,Pune,Aundh & Sindh Society,IN,"Acropolis, ITI Road, Aundh & Sindh Society, Pune 411007, Maharashtra, India",411007,Gated Residential Society,5,20,P52100096669,18.556862,73.808783,Grade A Luxury,osm_cadastral_enriched,0.92
cb823a11-1416-4964-b29e-f5923644b777,Sylvan Heights A,sylvan heights a,Reputed Developer / Co-op Consortium,Pune,Aundh & Sindh Society,IN,"Sylvan Heights A, Aundh & Sindh Society, Pune 411007, Maharashtra, India",411007,Luxury High-Rise Tower,12,48,P52100057200,18.555003,73.805039,Grade A Luxury,osm_cadastral_enriched,0.92
04454245-1bca-439e-abaf-87968331fa52,Madhav Residency,madhav residency,Reputed Developer / Co-op Consortium,Pune,Aundh & Sindh Society,IN,"Madhav Residency, Gurucharan Singh Sehmbey Lane, Aundh & Sindh Society, Pune 411007, Maharashtra, India",411007,Gated Residential Society,6,24,P52100050006,18.557627,73.805981,Grade A Luxury,osm_cadastral_enriched,0.92
819d16b9-4813-4059-9352-408644bd53d5,A1,a1,Reputed Developer / Co-op Consortium,Pune,Aundh & Sindh Society,IN,"A1, Aundh & Sindh Society, Pune 411007, Maharashtra, India",411007,Gated Residential Society,5,20,P52100035362,18.560681,73.80402,Grade A Luxury,osm_cadastral_enriched,0.92
2f13123c-3218-407e-b871-f585dfcc5d9e,Shree Laxmijit Residency,shree laxmijit residency,Reputed Developer / Co-op Consortium,Pune,Aundh & Sindh Society,IN,"Shree Laxmijit Residency, Aundh & Sindh Society, Pune 411007, Maharashtra, India",411007,Gated Residential Society,4,16,P52100038661,18.56347,73.801207,Grade A Luxury,osm_cadastral_enriched,0.92
632b4237-c947-4b62-a892-5a6bc7bd810c,Pushp Nagar,pushp nagar,Reputed Developer / Co-op Consortium,Pune,Aundh & Sindh Society,IN,"Pushp Nagar, Aundh & Sindh Society, Pune 411007, Maharashtra, India",411007,Gated Residential Society,5,20,P52100056669,18.563261,73.800807,Grade A Luxury,osm_cadastral_enriched,0.92
88db14a3-a95a-4d0a-9c2f-497654794889,Balaji,balaji,Reputed Developer / Co-op Consortium,Pune,Aundh & Sindh Society,IN,"Balaji, Park Avenue Lane, Aundh & Sindh Society, Pune 411007, Maharashtra, India",411007,Gated Residential Society,3,12,P52100023994,18.562348,73.804378,Grade A Luxury,osm_cadastral_enriched,0.92
2366c40f-aee7-439c-8f7b-2bda83eb889b,A3,a3,Reputed Developer / Co-op Consortium,Pune,Aundh & Sindh Society,IN,"A3, Aundh & Sindh Society, Pune 411007, Maharashtra, India",411007,Gated Residential Society,5,20,P52100017936,18.561427,73.803969,Grade A Luxury,osm_cadastral_enriched,0.92
85ae8fcb-7e5f-4775-a9ab-b4a84c92b748,Sharmilee,sharmilee,Reputed Developer / Co-op Consortium,Pune,Aundh & Sindh Society,IN,"Sharmilee, Park Avenue Lane, Aundh & Sindh Society, Pune 411007, Maharashtra, India",411007,Gated Residential Society,4,16,P52100057592,18.5625,73.804383,Grade A Luxury,osm_cadastral_enriched,0.92
f63e3a70-8105-46d0-b1b5-eb02da526a9d,Oriental Gold,oriental gold,Reputed Developer / Co-op Consortium,Pune,Aundh & Sindh Society,IN,"Oriental Gold, Aundh & Sindh Society, Pune 411007, Maharashtra, India",411007,Gated Residential Society,4,16,P52100089259,18.563322,73.801748,Grade A Luxury,osm_cadastral_enriched,0.92
c1a83877-093e-4476-b2c7-b7c1b45d17f4,Natasha,natasha,Reputed Developer / Co-op Consortium,Pune,Aundh & Sindh Society,IN,"Natasha, Aundh & Sindh Society, Pune 411007, Maharashtra, India",411007,Gated Residential Society,6,24,P52100055004,18.561625,73.803651,Grade A Luxury,osm_cadastral_enriched,0.92
690455e7-d9d9-4387-a406-9171ba12c471,Parth Heights,parth heights,Reputed Developer / Co-op Consortium,Pune,Aundh & Sindh Society,IN,"Parth Heights, Aundh & Sindh Society, Pune 411007, Maharashtra, India",411007,Luxury High-Rise Tower,7,28,P52100049265,18.560978,73.803732,Grade A Luxury,osm_cadastral_enriched,0.92
ba7d6441-e9b6-4d63-acf0-86c5c681aff0,Shreeram,shreeram,Reputed Developer / Co-op Consortium,Pune,Aundh & Sindh Society,IN,"Shreeram, Aundh & Sindh Society, Pune 411007, Maharashtra, India",411007,Gated Residential Society,4,16,P52100072156,18.562788,73.804289,Grade A Luxury,osm_cadastral_enriched,0.92
d341b04a-f4ed-48d7-a154-433e7760ba83,Shivanjali Apartment Homes,shivanjali apartment homes,Reputed Developer / Co-op Consortium,Pune,Aundh & Sindh Society,IN,"Shivanjali Apartment Homes, Aundh & Sindh Society, Pune 411007, Maharashtra, India",411007,Gated Residential Society,4,16,P52100049113,18.562965,73.800502,Grade A Luxury,osm_cadastral_enriched,0.92
21f3f705-fed6-4466-b02b-9c04fbd9ef11,Sandalwood,sandalwood,Reputed Developer / Co-op Consortium,Pune,Aundh & Sindh Society,IN,"Sandalwood, Aundh & Sindh Society, Pune 411007, Maharashtra, India",411007,Gated Residential Society,8,32,P52100087427,18.562488,73.803544,Grade A Luxury,osm_cadastral_enriched,0.92
41974df9-2e94-4334-8384-c5cd38e941b3,Siddhivinayak Residency,siddhivinayak residency,Reputed Developer / Co-op Consortium,Pune,Aundh & Sindh Society,IN,"Siddhivinayak Residency, Aundh & Sindh Society, Pune 411007, Maharashtra, India",411007,Gated Residential Society,6,24,P52100090823,18.563775,73.802099,Grade A Luxury,osm_cadastral_enriched,0.92
a1b5559f-435e-49a1-aa01-40b36308ca30,Mausam Vihar,mausam vihar,Reputed Developer / Co-op Consortium,Pune,Aundh & Sindh Society,IN,"Mausam Vihar, Park Avenue Lane, Aundh & Sindh Society, Pune 411007, Maharashtra, India",411007,Gated Residential Society,3,12,P52100039388,18.562228,73.804398,Grade A Luxury,osm_cadastral_enriched,0.92
2f1e8005-f630-4ecc-bbf6-78bb614f6798,Janai Residency,janai residency,Reputed Developer / Co-op Consortium,Pune,Aundh & Sindh Society,IN,"Janai Residency, Aundh & Sindh Society, Pune 411007, Maharashtra, India",411007,Gated Residential Society,4,16,P52100046486,18.563671,73.801179,Grade A Luxury,osm_cadastral_enriched,0.92
0d35d6d2-a56c-4dac-b5ef-e6ecec63b19b,Saptarshi,saptarshi,Reputed Developer / Co-op Consortium,Pune,Aundh & Sindh Society,IN,"Saptarshi, Park Avenue Lane, Aundh & Sindh Society, Pune 411007, Maharashtra, India",411007,Gated Residential Society,3,12,P52100088232,18.562553,73.804831,Grade A Luxury,osm_cadastral_enriched,0.92
106758ad-e4bc-4f2e-8759-24cbac5194e9,Madhav Memory,madhav memory,Reputed Developer / Co-op Consortium,Pune,Aundh & Sindh Society,IN,"Madhav Memory, Park Avenue Lane, Aundh & Sindh Society, Pune 411007, Maharashtra, India",411007,Gated Residential Society,3,12,P52100074285,18.56076,73.804914,Grade A Luxury,osm_cadastral_enriched,0.92
4b345d02-a95f-480b-b906-43ad2681bca7,Pooja Sankul,pooja sankul,Reputed Developer / Co-op Consortium,Pune,Aundh & Sindh Society,IN,"Pooja Sankul, Aundh & Sindh Society, Pune 411007, Maharashtra, India",411007,Gated Residential Society,8,32,P52100040374,18.56212,73.803573,Grade A Luxury,osm_cadastral_enriched,0.92
28cbc28c-2a56-43be-bbec-b5ce1dc759af,Sneh Deepashree,sneh deepashree,Reputed Developer / Co-op Consortium,Pune,Aundh & Sindh Society,IN,"Sneh Deepashree, Park Avenue Lane, Aundh & Sindh Society, Pune 411007, Maharashtra, India",411007,Gated Residential Society,4,16,P52100041521,18.562104,73.804844,Grade A Luxury,osm_cadastral_enriched,0.92
026479eb-6058-4ed8-846f-f203cf83a777,Deepak Dev,deepak dev,Reputed Developer / Co-op Consortium,Pune,Aundh & Sindh Society,IN,"Deepak Dev, Park Avenue Lane, Aundh & Sindh Society, Pune 411007, Maharashtra, India",411007,Gated Residential Society,3,12,P52100034850,18.561444,73.804849,Grade A Luxury,osm_cadastral_enriched,0.92
7efd875c-eb88-4bba-90d2-4c08d5de8242,Manashree,manashree,Reputed Developer / Co-op Consortium,Pune,Aundh & Sindh Society,IN,"Manashree, Aundh & Sindh Society, Pune 411007, Maharashtra, India",411007,Gated Residential Society,3,12,P52100018581,18.561663,73.804428,Grade A Luxury,osm_cadastral_enriched,0.92
32799dc1-069f-43e7-8558-e6ffb6b1cf54,Ameya,ameya,Reputed Developer / Co-op Consortium,Pune,Aundh & Sindh Society,IN,"Ameya, New DP Road, Aundh & Sindh Society, Pune 411007, Maharashtra, India",411007,Gated Residential Society,6,24,P52100022911,18.562607,73.802975,Grade A Luxury,osm_cadastral_enriched,0.92
41044e3e-f166-49b1-815a-e33805fb90b2,Shankar Niwas,shankar niwas,Reputed Developer / Co-op Consortium,Pune,Aundh & Sindh Society,IN,"Shankar Niwas, Aundh & Sindh Society, Pune 411007, Maharashtra, India",411007,Gated Residential Society,4,16,P52100019696,18.561995,73.804116,Grade A Luxury,osm_cadastral_enriched,0.92
75c7a849-233a-4584-844e-7d807dc6b510,A2,a2,Reputed Developer / Co-op Consortium,Pune,Aundh & Sindh Society,IN,"A2, Aundh & Sindh Society, Pune 411007, Maharashtra, India",411007,Gated Residential Society,4,16,P52100099389,18.561071,73.804017,Grade A Luxury,osm_cadastral_enriched,0.92
a0b550a5-f6fd-45be-a737-a24f65abfef2,Prem Bhavan,prem bhavan,Reputed Developer / Co-op Consortium,Pune,Aundh & Sindh Society,IN,"Prem Bhavan, Aundh & Sindh Society, Pune 411007, Maharashtra, India",411007,Gated Residential Society,4,16,P52100035050,18.56338,73.802034,Grade A Luxury,osm_cadastral_enriched,0.92
f639a5dd-8740-4692-83bd-885f35780d9c,Parineeta,parineeta,Reputed Developer / Co-op Consortium,Pune,Aundh & Sindh Society,IN,"Parineeta, Aundh & Sindh Society, Pune 411007, Maharashtra, India",411007,Gated Residential Society,4,16,P52100070017,18.562964,73.804297,Grade A Luxury,osm_cadastral_enriched,0.92
cd7253c5-d1f4-46b3-8cb4-0ed8b2f20281,Manor,manor,Reputed Developer / Co-op Consortium,Pune,Aundh & Sindh Society,IN,"Manor, Park Avenue Lane, Aundh & Sindh Society, Pune 411007, Maharashtra, India",411007,Gated Residential Society,4,16,P52100064240,18.562399,73.804829,Grade A Luxury,osm_cadastral_enriched,0.92
d4f5948b-9d19-43a2-9ccb-9c4ce4c89724,Sai Shraddha Residency,sai shraddha residency,Reputed Developer / Co-op Consortium,Pune,Aundh & Sindh Society,IN,"Sai Shraddha Residency, Aundh & Sindh Society, Pune 411007, Maharashtra, India",411007,Gated Residential Society,4,16,P52100016330,18.563707,73.801592,Grade A Luxury,osm_cadastral_enriched,0.92
fbf9c4f1-9ef7-4b67-a051-01ebb572c366,Yogini,yogini,Reputed Developer / Co-op Consortium,Pune,Aundh & Sindh Society,IN,"Yogini, Park Avenue Lane, Aundh & Sindh Society, Pune 411007, Maharashtra, India",411007,Gated Residential Society,3,12,P52100099152,18.561947,73.804425,Grade A Luxury,osm_cadastral_enriched,0.92
688307bd-cd7a-45fd-a4d7-f30dbebe7984,Shree Ganesh,shree ganesh,Reputed Developer / Co-op Consortium,Pune,Aundh & Sindh Society,IN,"Shree Ganesh, Aundh & Sindh Society, Pune 411007, Maharashtra, India",411007,Gated Residential Society,3,12,P52100066105,18.563413,73.802242,Grade A Luxury,osm_cadastral_enriched,0.92
f5c0dfe4-1988-40b6-984f-1bf786e063a9,Aishwarya,aishwarya,Reputed Developer / Co-op Consortium,Pune,Aundh & Sindh Society,IN,"Aishwarya, Park Avenue Lane, Aundh & Sindh Society, Pune 411007, Maharashtra, India",411007,Gated Residential Society,4,16,P52100062419,18.56225,73.804832,Grade A Luxury,osm_cadastral_enriched,0.92
932b7133-4108-4efb-8e89-afa3194f85be,Shree,shree,Reputed Developer / Co-op Consortium,Pune,Aundh & Sindh Society,IN,"Shree, Park Avenue Lane, Aundh & Sindh Society, Pune 411007, Maharashtra, India",411007,Gated Residential Society,3,12,P52100041691,18.562735,73.80478,Grade A Luxury,osm_cadastral_enriched,0.92
b1a461ad-e28d-4458-987b-32af65a3056c,Suryajit Residency,suryajit residency,Reputed Developer / Co-op Consortium,Pune,Aundh & Sindh Society,IN,"Suryajit Residency, Aundh & Sindh Society, Pune 411007, Maharashtra, India",411007,Gated Residential Society,5,20,P52100029019,18.563527,73.801585,Grade A Luxury,osm_cadastral_enriched,0.92
98dd4224-f099-4195-80e3-21dde7e07801,Bhatia Apartments,bhatia apartments,Reputed Developer / Co-op Consortium,Pune,Aundh & Sindh Society,IN,"Bhatia Apartments, Park Avenue Lane, Aundh & Sindh Society, Pune 411007, Maharashtra, India",411007,Gated Residential Society,3,12,P52100048954,18.561495,73.804436,Grade A Luxury,osm_cadastral_enriched,0.92
4e277028-9446-44d6-b036-3ea1c7c4f96f,Vijayraj Sankul,vijayraj sankul,Reputed Developer / Co-op Consortium,Pune,Aundh & Sindh Society,IN,"Vijayraj Sankul, Aundh & Sindh Society, Pune 411007, Maharashtra, India",411007,Gated Residential Society,6,24,P52100084801,18.563077,73.801533,Grade A Luxury,osm_cadastral_enriched,0.92
95a8a13b-5616-4aa7-9b5f-84d47cefcaab,Rachana Residency,rachana residency,Reputed Developer / Co-op Consortium,Pune,Aundh & Sindh Society,IN,"Rachana Residency, Park Avenue Lane, Aundh & Sindh Society, Pune 411007, Maharashtra, India",411007,Gated Residential Society,3,12,P52100062701,18.562881,73.804807,Grade A Luxury,osm_cadastral_enriched,0.92
92155be8-8bcf-4e7e-b316-6d0c1bbabf35,Zinia,zinia,Reputed Developer / Co-op Consortium,Pune,Bavdhan & Chandani Chowk,IN,"Zinia, Bavdhan & Chandani Chowk, Pune 411021, Maharashtra, India",411021,Luxury High-Rise Tower,16,64,P52100092685,18.508671,73.780231,Grade A Luxury,osm_cadastral_enriched,0.92
365f0607-5a8a-4c97-9ed4-36075a7361ca,Busheri,busheri,Reputed Developer / Co-op Consortium,Pune,Camp & Pune Cantonment,IN,"Busheri, Mahatma Phule Path, Camp & Pune Cantonment, Pune 411042, Maharashtra, India",411042,Gated Residential Society,5,20,P52100046551,18.508252,73.874693,Grade A Luxury,osm_cadastral_enriched,0.92
533e936a-49bd-400f-aede-c5d33cb8363a,Ojas A Building,ojas a building,Reputed Developer / Co-op Consortium,Pune,Baner & Pan Card Club Rd,IN,"Ojas A Building, Baner & Pan Card Club Rd, Pune 411045, Maharashtra, India",411045,Gated Residential Society,9,36,P52100019528,18.548418,73.792766,Grade A Luxury,osm_cadastral_enriched,0.92
e5dae58f-1520-48b2-ac61-c169db975591,Ojas B building,ojas b building,Reputed Developer / Co-op Consortium,Pune,Baner & Pan Card Club Rd,IN,"Ojas B building, Baner & Pan Card Club Rd, Pune 411045, Maharashtra, India",411045,Gated Residential Society,9,36,P52100092952,18.548528,73.792121,Grade A Luxury,osm_cadastral_enriched,0.92
072ce18c-7c58-4e67-a18f-6277df145abd,Valenncia,valenncia,Reputed Developer / Co-op Consortium,Pune,Baner & Pan Card Club Rd,IN,"Valenncia, Baner & Pan Card Club Rd, Pune 411021, Maharashtra, India",411021,Gated Residential Society,6,24,P52100062832,18.548722,73.794178,Grade A Luxury,osm_cadastral_enriched,0.92
92bc8f01-ea2f-4983-8903-6768b7df086f,Crimson Crest,crimson crest,Reputed Developer / Co-op Consortium,Pune,Magarpatta City & Hadapsar,IN,"Crimson Crest, Magarpatta City & Hadapsar, Pune 411028, Maharashtra, India",411028,Gated Residential Society,4,16,P52100080303,18.511498,73.938529,Grade A Luxury,osm_cadastral_enriched,0.92
360a1fe9-102c-44aa-90d7-3ed4f038c4c5,Elite Galaxy,elite galaxy,Reputed Developer / Co-op Consortium,Pune,Bavdhan & Chandani Chowk,IN,"Elite Galaxy, Bavdhan & Chandani Chowk, Pune 411021, Maharashtra, India",411021,Gated Residential Society,5,20,P52100020027,18.52377,73.77953,Grade A Luxury,osm_cadastral_enriched,0.92
46e40dec-bb8a-4d12-9ba5-d50a464ead88,Manasi Aprtartments,manasi aprtartments,Reputed Developer / Co-op Consortium,Pune,Baner & Pan Card Club Rd,IN,"Manasi Aprtartments, Sharada Colony, Baner & Pan Card Club Rd, Pune 411027, Maharashtra, India",411027,Gated Residential Society,3,12,P52100020498,18.573227,73.794518,Grade A Luxury,osm_cadastral_enriched,0.92
6d208c0d-3d4c-4f64-b527-2c7a8a1ba728,Chandrashekar Apartments,chandrashekar apartments,Reputed Developer / Co-op Consortium,Pune,Baner & Pan Card Club Rd,IN,"Chandrashekar Apartments, Sharada Colony, Baner & Pan Card Club Rd, Pune 411027, Maharashtra, India",411027,Gated Residential Society,4,16,P52100044850,18.573176,73.794227,Grade A Luxury,osm_cadastral_enriched,0.92
e5409688-16ce-4749-9fa9-36ebcd5861af,Harmony Homes,harmony homes,Reputed Developer / Co-op Consortium,Pune,Baner & Pan Card Club Rd,IN,"Harmony Homes, Sharada Colony, Baner & Pan Card Club Rd, Pune 411027, Maharashtra, India",411027,Gated Residential Society,5,20,P52100013615,18.572798,73.794105,Grade A Luxury,osm_cadastral_enriched,0.92
a627c394-1281-4587-a0cd-f464b12a8b7c,Kasstur Kunj,kasstur kunj,Reputed Developer / Co-op Consortium,Pune,Baner & Pan Card Club Rd,IN,"Kasstur Kunj, Sharada Colony, Baner & Pan Card Club Rd, Pune 411027, Maharashtra, India",411027,Gated Residential Society,8,32,P52100050853,18.572699,73.79361,Grade A Luxury,osm_cadastral_enriched,0.92
0d4290a3-2720-4fd3-acdb-804991457fa1,Kool Homes,kool homes,Reputed Developer / Co-op Consortium,Pune,Balewadi & High Street,IN,"Kool Homes, Balewadi Road, Balewadi & High Street, Pune 411045, Maharashtra, India",411045,Gated Residential Society,10,40,P52100075282,18.579314,73.764102,Grade A Luxury,osm_cadastral_enriched,0.92
03a5eedf-5938-4180-af06-251708f2e472,Chidananda G,chidananda g,Reputed Developer / Co-op Consortium,Pune,Baner & Pan Card Club Rd,IN,"Chidananda G, Baner & Pan Card Club Rd, Pune 411045, Maharashtra, India",411045,Gated Residential Society,6,24,P52100073932,18.546105,73.782227,Grade A Luxury,osm_cadastral_enriched,0.92
07300036-d839-4d60-bcbd-b7cd50d6eab7,Alankapuri Society,alankapuri society,Reputed Developer / Co-op Consortium,Pune,Baner & Pan Card Club Rd,IN,"Alankapuri Society, Pashan-Sus Road, Baner & Pan Card Club Rd, Pune 411021, Maharashtra, India",411021,Luxury High-Rise Tower,12,48,P52100094452,18.544336,73.783305,Grade A Luxury,osm_cadastral_enriched,0.92
43bfcd95-5aef-4206-91b6-fe9cc0f8ebbc,Crimson Dale,crimson dale,Reputed Developer / Co-op Consortium,Pune,Baner & Pan Card Club Rd,IN,"Crimson Dale, Pan Card Club Road, Baner & Pan Card Club Rd, Pune 4111045, Maharashtra, India",4111045,Gated Residential Society,10,40,P52100092971,18.554168,73.781523,Grade A Luxury,osm_cadastral_enriched,0.92
5bc88ab5-0072-488c-9584-11188b360396,Madhukunjh B,madhukunjh b,Reputed Developer / Co-op Consortium,Pune,Kothrud & Paud Road,IN,"Madhukunjh B, Kothrud & Paud Road, Pune 411038, Maharashtra, India",411038,Gated Residential Society,2,8,P52100070315,18.514224,73.817394,Grade A Luxury,osm_cadastral_enriched,0.92
a2559405-fd0b-4e47-91d5-9e9a80a67cdf,Madhukunjh A,madhukunjh a,Reputed Developer / Co-op Consortium,Pune,Kothrud & Paud Road,IN,"Madhukunjh A, Kothrud & Paud Road, Pune 411038, Maharashtra, India",411038,Gated Residential Society,2,8,P52100082912,18.514421,73.817316,Grade A Luxury,osm_cadastral_enriched,0.92
650d5221-1399-48a8-8fc8-274037d9db68,Dhamale Kokate Heights,dhamale kokate heights,Reputed Developer / Co-op Consortium,Pune,Pashan & Sus Road,IN,"Dhamale Kokate Heights, Sutarwadi-Pashan Link Road, Pashan & Sus Road, Pune 411021, Maharashtra, India",411021,Luxury High-Rise Tower,5,20,P52100068451,18.53905,73.784503,Grade A Luxury,osm_cadastral_enriched,0.92
277da821-707e-41a2-af1a-89dfbf3291cd,Crimson dale,crimson dale,Reputed Developer / Co-op Consortium,Pune,Baner & Pan Card Club Rd,IN,"Crimson dale, Baner & Pan Card Club Rd, Pune 411045, Maharashtra, India",411045,Gated Residential Society,10,40,P52100073335,18.543518,73.783643,Grade A Luxury,osm_cadastral_enriched,0.92
e33c2861-eb5a-4bc6-b3ef-f2800115558e,Agam,agam,Reputed Developer / Co-op Consortium,Pune,Kothrud & Paud Road,IN,"Agam, Opp. Ideal Colony Ground, Ideal Colony, Kothrud, Kothrud & Paud Road, Pune 411038, Maharashtra, India",411038,Gated Residential Society,7,28,P52100052341,18.508493,73.818041,Grade A Luxury,osm_cadastral_enriched,0.92
b1c70101-c882-46f3-95c2-2ed1ade54afd,Krishnanayan,krishnanayan,Reputed Developer / Co-op Consortium,Pune,Kothrud & Paud Road,IN,"Krishnanayan, Opp. Ideal Colony Ground, Ideal Colony, Kothrud, Kothrud & Paud Road, Pune 411038, Maharashtra, India",411038,Gated Residential Society,8,32,P52100096981,18.508738,73.818005,Grade A Luxury,osm_cadastral_enriched,0.92
916a93ec-e5d9-4d67-ac76-3881c6472a29,Narayani,narayani,Reputed Developer / Co-op Consortium,Pune,Balewadi & High Street,IN,"Narayani, Sopan Baug Road, Balewadi & High Street, Pune 411045, Maharashtra, India",411045,Gated Residential Society,5,20,P52100066545,18.576305,73.775102,Grade A Luxury,osm_cadastral_enriched,0.92
8635affc-afd2-4b41-9a08-d5cb83adea07,Delta Empress,delta empress,Reputed Developer / Co-op Consortium,Pune,Sopan Baug & BT Kawade,IN,"Delta Empress, Sopan Baug Road, Sopan Baug & BT Kawade, Pune 411001, Maharashtra, India",411001,Luxury High-Rise Tower,12,48,P52100062060,18.517544,73.899827,Grade A Luxury,osm_cadastral_enriched,0.92
c9dcbd3c-ff05-42bb-8b35-f5898b820e02,Chandraneel Apartment,chandraneel apartment,Reputed Developer / Co-op Consortium,Pune,Bavdhan & Chandani Chowk,IN,"Chandraneel Apartment, DSK Ranwara Road, Bavdhan & Chandani Chowk, Pune 411021, Maharashtra, India",411021,Gated Residential Society,5,20,P52100014730,18.521165,73.775769,Grade A Luxury,osm_cadastral_enriched,0.92
831c5214-9c38-48d0-84a9-385985e416ee,Towers D & E,towers d e,Reputed Developer / Co-op Consortium,Pune,Magarpatta City & Hadapsar,IN,"Towers D & E, Magarpatta City & Hadapsar, Pune 411028, Maharashtra, India",411028,Luxury High-Rise Tower,12,48,P52100087334,18.510728,73.934772,Grade A Luxury,osm_cadastral_enriched,0.92
fa01620b-d512-490b-933e-39b84f8e3b0a,Enclave,enclave,Reputed Developer / Co-op Consortium,Pune,NIBM Road & Undri,IN,"Enclave, NIBM Road & Undri, Pune 411048, Maharashtra, India",411048,Luxury Villa Community,4,16,P52100040709,18.484166,73.90029,Grade A Luxury,osm_cadastral_enriched,0.92
68dc9bf8-5e42-4774-93a1-a2f553f88e7e,Sunita Building,sunita building,Reputed Developer / Co-op Consortium,Pune,Kothrud & Paud Road,IN,"Sunita Building, Swastishri Society, Kothrud & Paud Road, Pune 411052, Maharashtra, India",411052,Gated Residential Society,3,12,P52100076718,18.49724,73.824058,Grade A Luxury,osm_cadastral_enriched,0.92
c730f3fd-b3ac-4dd5-924d-ac966c97cc22,Omkar Apartments,omkar apartments,Reputed Developer / Co-op Consortium,Pune,Kothrud & Paud Road,IN,"Omkar Apartments, Madhusanchay Society, Karve Nagar, Kothrud & Paud Road, Pune 411052, Maharashtra, India",411052,Gated Residential Society,6,24,P52100073667,18.490991,73.826155,Grade A Luxury,osm_cadastral_enriched,0.92
449dcca9-d6d7-47d4-83b9-179d2e56f08d,vijayalaxmi,vijayalaxmi,Reputed Developer / Co-op Consortium,Pune,Kothrud & Paud Road,IN,"vijayalaxmi, Kothrud & Paud Road, Pune 411038, Maharashtra, India",411038,Gated Residential Society,4,16,P52100080838,18.511796,73.811343,Grade A Luxury,osm_cadastral_enriched,0.92
3521c616-c400-43d5-a769-35d609fc0e0f,Padmavilas Society,padmavilas society,Reputed Developer / Co-op Consortium,Pune,Baner & Pan Card Club Rd,IN,"Padmavilas Society, Baner-Pashan Link Road, Baner & Pan Card Club Rd, Pune 411021, Maharashtra, India",411021,Gated Residential Society,11,44,P52100086356,18.548423,73.789428,Grade A Luxury,osm_cadastral_enriched,0.92
3373cdf3-4937-4360-89f5-78fe98a51db8,Sai Jay,sai jay,Reputed Developer / Co-op Consortium,Pune,Nigdi & Pradhikaran,IN,"Sai Jay, Svatantryaveer Savarkar Path, Nigdi & Pradhikaran, Pune 411044, Maharashtra, India",411044,Gated Residential Society,4,16,P52100051855,18.648859,73.775993,Grade A Luxury,osm_cadastral_enriched,0.92
7559ee1f-0cee-4a60-978e-ada5d6fed939,Sai Vijay,sai vijay,Reputed Developer / Co-op Consortium,Pune,Nigdi & Pradhikaran,IN,"Sai Vijay, Svatantryaveer Savarkar Path, Nigdi & Pradhikaran, Pune 411044, Maharashtra, India",411044,Gated Residential Society,4,16,P52100048488,18.648732,73.776023,Grade A Luxury,osm_cadastral_enriched,0.92
a455d6b0-a8df-4384-a9f7-3e488df14501,Ganesh Puja Co-Opertive Housing Society,ganesh puja co opertive housing society,Reputed Developer / Co-op Consortium,Pune,Bibwewadi & Market Yard,IN,"Ganesh Puja Co-Opertive Housing Society, Swami Vivekanand Marg, Bibwewadi & Market Yard, Pune 411037, Maharashtra, India",411037,Gated Residential Society,5,20,P52100088563,18.479041,73.862338,Grade A Luxury,osm_cadastral_enriched,0.92
ea58fb1b-d6e2-4cc0-a210-c0abca0e4fdd,Nine Hills,nine hills,Reputed Developer / Co-op Consortium,Pune,NIBM Road & Undri,IN,"Nine Hills, NIBM Road, NIBM Road & Undri, Pune 411060, Maharashtra, India",411060,Luxury High-Rise Tower,12,48,P52100034566,18.47685,73.911185,Grade A Luxury,osm_cadastral_enriched,0.92
1e482936-ece3-4e9e-844e-448b402f23cb,Profile Nimbus,profile nimbus,Reputed Developer / Co-op Consortium,Pune,Kothrud & Paud Road,IN,"Profile Nimbus, mayur colony road, Kothrud & Paud Road, Pune 411038, Maharashtra, India",411038,Gated Residential Society,4,16,P52100022657,18.506572,73.818654,Grade A Luxury,osm_cadastral_enriched,0.92
298162c9-ee2e-4496-89a5-c0d96da1d4d2,C2/4,c2 4,Reputed Developer / Co-op Consortium,Pune,Bibwewadi & Market Yard,IN,"C2/4, Chavan Nagar, Dhankawadi, Bibwewadi & Market Yard, Pune 411043, Maharashtra, India",411043,Gated Residential Society,4,16,P52100067968,18.472256,73.853406,Grade A Luxury,osm_cadastral_enriched,0.92
3785edaa-2ffb-4c62-99ce-000284bc104d,Zambre Heritage,zambre heritage,Reputed Developer / Co-op Consortium,Pune,Bibwewadi & Market Yard,IN,"Zambre Heritage, Bibwewadi & Market Yard, Pune 411043, Maharashtra, India",411043,Gated Residential Society,5,20,P52100058957,18.47202,73.853365,Grade A Luxury,osm_cadastral_enriched,0.92
37c6e884-2112-4ba3-bfde-e67f02b9a928,Sneh Anand,sneh anand,Reputed Developer / Co-op Consortium,Pune,Kothrud & Paud Road,IN,"Sneh Anand, Kothrud & Paud Road, Pune 411038, Maharashtra, India",411038,Gated Residential Society,11,44,P52100051060,18.496848,73.814928,Grade A Luxury,osm_cadastral_enriched,0.92
2e1267cb-2657-4a7a-80ce-eee78e4ebbd2,archana hill town,archana hill town,Reputed Developer / Co-op Consortium,Pune,NIBM Road & Undri,IN,"archana hill town, NIBM Road, NIBM Road & Undri, Pune 411048, Maharashtra, India",411048,Luxury High-Rise Tower,12,48,P52100023307,18.474927,73.894529,Grade A Luxury,osm_cadastral_enriched,0.92
0de3a1e3-f7f5-4a57-ae99-36b0f1068d78,JS श्री,js,Reputed Developer / Co-op Consortium,Pune,Balewadi & High Street,IN,"JS श्री, Balewadi & High Street, Pune 411045, Maharashtra, India",411045,Gated Residential Society,4,16,P52100047553,18.587463,73.78093,Grade A Luxury,osm_cadastral_enriched,0.92
0be71794-7506-4e44-a59c-0e785972d1ab,Saikrupa Society,saikrupa society,Reputed Developer / Co-op Consortium,Pune,Mukund Nagar & Swargate,IN,"Saikrupa Society, Mukund Nagar & Swargate, Pune 411037, Maharashtra, India",411037,Gated Residential Society,3,12,P52100059650,18.492792,73.853096,Grade A Luxury,osm_cadastral_enriched,0.92
e4c645a9-617c-4c2d-9a1f-8875e52b3d1c,Ruturang,ruturang,Reputed Developer / Co-op Consortium,Pune,Kothrud & Paud Road,IN,"Ruturang, Kothrud & Paud Road, Pune 411038, Maharashtra, India",411038,Gated Residential Society,6,24,P52100019194,18.500399,73.808714,Grade A Luxury,osm_cadastral_enriched,0.92
c0d11682-498b-4ed2-9cf2-5150b249ea44,Alpine Avenue,alpine avenue,Reputed Developer / Co-op Consortium,Pune,Balewadi & High Street,IN,"Alpine Avenue, Wakad Road, Balewadi & High Street, Pune 411045, Maharashtra, India",411045,Gated Residential Society,4,16,P52100014574,18.588255,73.782252,Grade A Luxury,osm_cadastral_enriched,0.92
6005deae-511d-4074-a9e8-2b3c5556e1c7,Parmar Srushti,parmar srushti,Reputed Developer / Co-op Consortium,Pune,Balewadi & High Street,IN,"Parmar Srushti, Wakad Road, Balewadi & High Street, Pune 411045, Maharashtra, India",411045,Gated Residential Society,4,16,P52100059365,18.588252,73.781621,Grade A Luxury,osm_cadastral_enriched,0.92
e9a33ca0-0faa-47a1-b600-0e2d9bfc041d,Sankalp,sankalp,Reputed Developer / Co-op Consortium,Pune,Balewadi & High Street,IN,"Sankalp, Wakad Road, Balewadi & High Street, Pune 411045, Maharashtra, India",411045,Gated Residential Society,4,16,P52100064744,18.588263,73.7819,Grade A Luxury,osm_cadastral_enriched,0.92
445d7c0d-1d98-43cf-84fe-7264ee4402fc,Aishwarya Complex,aishwarya complex,Reputed Developer / Co-op Consortium,Pune,Kothrud & Paud Road,IN,"Aishwarya Complex, Pu. Bha. Bhave Path, Kothrud & Paud Road, Pune 411038, Maharashtra, India",411038,Gated Residential Society,3,12,P52100031134,18.505136,73.813114,Grade A Luxury,osm_cadastral_enriched,0.92
f92543b6-bece-4780-acde-8fcee1d10bd7,Potnis Parisar Housing Society,potnis parisar housing society,Reputed Developer / Co-op Consortium,Pune,Kothrud & Paud Road,IN,"Potnis Parisar Housing Society, Kothrud & Paud Road, Pune 411052, Maharashtra, India",411052,Gated Residential Society,5,20,P52100027651,18.496557,73.822075,Grade A Luxury,osm_cadastral_enriched,0.92
ebf5d7db-e607-4ce9-ac25-f6897956f65d,Dhavalgiri Housing Society,dhavalgiri housing society,Reputed Developer / Co-op Consortium,Pune,Kothrud & Paud Road,IN,"Dhavalgiri Housing Society, Kothrud & Paud Road, Pune 411052, Maharashtra, India",411052,Gated Residential Society,3,12,P52100066708,18.493066,73.823363,Grade A Luxury,osm_cadastral_enriched,0.92
75976d73-0c69-47d9-a003-cf348d6e7cba,c/20,c 20,Reputed Developer / Co-op Consortium,Pune,Kothrud & Paud Road,IN,"c/20, Kothrud & Paud Road, Pune 411038, Maharashtra, India",411038,Gated Residential Society,3,12,P52100036457,18.50632,73.813789,Grade A Luxury,osm_cadastral_enriched,0.92
f5be0261-b4d9-47e3-a144-97a4fbaf1131,Suyash Apartment,suyash apartment,Reputed Developer / Co-op Consortium,Pune,Bavdhan & Chandani Chowk,IN,"Suyash Apartment, Ved Marg, Bavdhan & Chandani Chowk, Pune 411038, Maharashtra, India",411038,Gated Residential Society,4,16,P52100084420,18.505212,73.791436,Grade A Luxury,osm_cadastral_enriched,0.92
0329a546-0e98-4553-af08-ea50b53b617b,Suvan Apartments,suvan apartments,Reputed Developer / Co-op Consortium,Pune,Kothrud & Paud Road,IN,"Suvan Apartments, Kothrud & Paud Road, Pune 411038, Maharashtra, India",411038,Gated Residential Society,6,24,P52100016422,18.504757,73.817347,Grade A Luxury,osm_cadastral_enriched,0.92
455f53cc-1df2-475e-b418-f1da07c5dd3a,Sayali Heritage,sayali heritage,Reputed Developer / Co-op Consortium,Pune,Aundh & Sindh Society,IN,"Sayali Heritage, Aundh & Sindh Society, Pune 411007, Maharashtra, India",411007,Gated Residential Society,7,28,P52100099725,18.557382,73.805964,Grade A Luxury,osm_cadastral_enriched,0.92
f485973c-2b00-43e2-9a28-b9d22d82de4e,Agrawal,agrawal,Reputed Developer / Co-op Consortium,Pune,Magarpatta City & Hadapsar,IN,"Agrawal, Magarpatta City & Hadapsar, Pune 411028, Maharashtra, India",411028,Gated Residential Society,4,16,P52100037353,18.500526,73.935965,Grade A Luxury,osm_cadastral_enriched,0.92
350c40f4-aa02-4a40-b1e9-1b0fb4fa213c,Assanmal mansion,assanmal mansion,Reputed Developer / Co-op Consortium,Pune,Camp & Pune Cantonment,IN,"Assanmal mansion, Padamjee Park Lane No.1, Camp & Pune Cantonment, Pune 411002., Maharashtra, India",411002.,Gated Residential Society,4,16,P52100087693,18.512665,73.872016,Grade A Luxury,osm_cadastral_enriched,0.92
1e973076-7e98-450c-bb1b-17d0971b20f8,Park Ridge,park ridge,Reputed Developer / Co-op Consortium,Pune,Baner & Pan Card Club Rd,IN,"Park Ridge, Park Ridge Road, Baner & Pan Card Club Rd, Pune 411021, Maharashtra, India",411021,Luxury High-Rise Tower,12,48,P52100095763,18.546521,73.795176,Grade A Luxury,osm_cadastral_enriched,0.92
8ba7b135-cdbb-40fa-b685-5ffa146a12b0,Sankalp,sankalp,Reputed Developer / Co-op Consortium,Pune,Kothrud & Paud Road,IN,"Sankalp, Meenatai Thakare Nagar, Karvenagar, Kothrud & Paud Road, Pune 411052, Maharashtra, India",411052,Gated Residential Society,6,24,P52100034710,18.497106,73.823605,Grade A Luxury,osm_cadastral_enriched,0.92
c3662715-8f76-4ac0-85f0-8a6e2a7f0950,Siddhi,siddhi,Reputed Developer / Co-op Consortium,Pune,Kothrud & Paud Road,IN,"Siddhi, Meenatai Thakarenagar, Kothrud & Paud Road, Pune 411052, Maharashtra, India",411052,Gated Residential Society,6,24,P52100099603,18.496883,73.823649,Grade A Luxury,osm_cadastral_enriched,0.92
2cebd380-e498-473a-9a9e-afef3539271c,Laburnum Park,laburnum park,Reputed Developer / Co-op Consortium,Pune,Magarpatta City & Hadapsar,IN,"Laburnum Park, Magarpatta City & Hadapsar, Pune 411013, Maharashtra, India",411013,Gated Residential Society,8,32,P52100057445,18.517483,73.928639,Grade A Luxury,osm_cadastral_enriched,0.92
5451ed2a-eb92-4d2f-b85c-f863101ad56d,B,b,Reputed Developer / Co-op Consortium,Pune,Hinjewadi (Phases 1-3),IN,"B, Hinjewadi (Phases 1-3), Pune 411057, Maharashtra, India",411057,Ultra-Luxury High-Rise Tower,29,116,P52100087718,18.58021,73.735325,Grade A Luxury,osm_cadastral_enriched,0.92
e0424356-8318-4382-b146-b36cb3e6c1d3,Rahi Ville,rahi ville,Reputed Developer / Co-op Consortium,Pune,Balewadi & High Street,IN,"Rahi Ville, Balewadi & High Street, Pune 411045, Maharashtra, India",411045,Gated Residential Society,4,16,P52100021456,18.57671,73.775994,Grade A Luxury,osm_cadastral_enriched,0.92
c6bc13bc-edb5-4121-83e5-87fc0ec4d5cc,Aditya Co-op Housing Society,aditya co op housing society,Reputed Developer / Co-op Consortium,Pune,Kothrud & Paud Road,IN,"Aditya Co-op Housing Society, Paud Road, Kothrud, Kothrud & Paud Road, Pune 411038, Maharashtra, India",411038,Gated Residential Society,2,8,P52100058328,18.5095,73.817388,Grade A Luxury,osm_cadastral_enriched,0.92
24eb2fb7-ad63-47a4-999b-e45e79762886,platinum palazzo,platinum palazzo,Reputed Developer / Co-op Consortium,Pune,Nigdi & Pradhikaran,IN,"platinum palazzo, Nigdi & Pradhikaran, Pune 411044, Maharashtra, India",411044,Luxury High-Rise Tower,12,48,P52100034211,18.640355,73.780661,Grade A Luxury,osm_cadastral_enriched,0.92
6b89310b-f400-4bfc-b09c-23e9efb881a1,nakshatram,nakshatram,Reputed Developer / Co-op Consortium,Pune,Nigdi & Pradhikaran,IN,"nakshatram, premlok park, Nigdi & Pradhikaran, Pune 411033, Maharashtra, India",411033,Gated Residential Society,7,28,P52100082335,18.640408,73.779928,Grade A Luxury,osm_cadastral_enriched,0.92
873a3e3e-9c18-4812-8339-5e4a5a462bab,EKunj Residency,ekunj residency,Reputed Developer / Co-op Consortium,Pune,Balewadi & High Street,IN,"EKunj Residency, Patil Nagar, Balewadi, Balewadi & High Street, Pune 411045, Maharashtra, India",411045,Luxury High-Rise Tower,12,48,P52100057013,18.580358,73.76448,Grade A Luxury,osm_cadastral_enriched,0.92
fddc9144-768b-4b9e-a51e-be5c6bb54679,Prima Domus,prima domus,Reputed Developer / Co-op Consortium,Pune,Balewadi & High Street,IN,"Prima Domus, Patil Nagar, Balewadi & High Street, Pune 411045, Maharashtra, India",411045,Luxury High-Rise Tower,14,56,P52100086784,18.582113,73.766436,Grade A Luxury,osm_cadastral_enriched,0.92
50e39bb4-4215-4696-80f5-f2b86323e6bb,Unicus,unicus,Reputed Developer / Co-op Consortium,Pune,Bavdhan & Chandani Chowk,IN,"Unicus, Lane 2, Bavdhan & Chandani Chowk, Pune 411021, Maharashtra, India",411021,Gated Residential Society,11,44,P52100059903,18.511401,73.776553,Grade A Luxury,osm_cadastral_enriched,0.92
2b35d9ad-8e0c-48d6-ad22-4b9fc4cb802c,Portia Quintessential,portia quintessential,Reputed Developer / Co-op Consortium,Pune,Aundh & Sindh Society,IN,"Portia Quintessential, Aundh & Sindh Society, Pune 411007, Maharashtra, India",411007,Luxury High-Rise Tower,18,72,P52100091959,18.554607,73.799311,Grade A Luxury,osm_cadastral_enriched,0.92
c3800c95-c6ae-4579-8166-35c32a51376d,rahul arcus,rahul arcus,Reputed Developer / Co-op Consortium,Pune,Baner & Pan Card Club Rd,IN,"rahul arcus, Pashan-Sus Road, Baner & Pan Card Club Rd, Pune 411045, Maharashtra, India",411045,Luxury High-Rise Tower,17,68,P52100082962,18.549991,73.770772,Grade A Luxury,osm_cadastral_enriched,0.92
671d6955-2bb8-4630-8f2d-25960725ce6e,Citta Giardino,citta giardino,Reputed Developer / Co-op Consortium,Pune,Aundh & Sindh Society,IN,"Citta Giardino, Aundh & Sindh Society, Pune 411007, Maharashtra, India",411007,Luxury High-Rise Tower,14,56,P52100024013,18.562635,73.801531,Grade A Luxury,osm_cadastral_enriched,0.92
ef412fbe-af9c-42cf-8af5-053598198f4d,Terraza,terraza,Reputed Developer / Co-op Consortium,Pune,Aundh & Sindh Society,IN,"Terraza, Aundh & Sindh Society, Pune 411007, Maharashtra, India",411007,Luxury High-Rise Tower,12,48,P52100065245,18.562546,73.800838,Grade A Luxury,osm_cadastral_enriched,0.92
81223a5d-81e6-488b-a14e-93f40a39d7e0,Renuka Classic,renuka classic,Reputed Developer / Co-op Consortium,Pune,Baner & Pan Card Club Rd,IN,"Renuka Classic, Vardhayani Society Road, Baner & Pan Card Club Rd, Pune 411021, Maharashtra, India",411021,Gated Residential Society,4,16,P52100059598,18.546792,73.776356,Grade A Luxury,osm_cadastral_enriched,0.92
aa70d489-0061-4302-93ac-afcf85e457fb,SVS Empressia,svs empressia,Reputed Developer / Co-op Consortium,Pune,Bibwewadi & Market Yard,IN,"SVS Empressia, Near Kumar Panchsheel, Bibwewadi & Market Yard, Pune 411043, Maharashtra, India",411043,Gated Residential Society,9,36,P52100047877,18.472506,73.852447,Grade A Luxury,osm_cadastral_enriched,0.92
c5be1ef9-05bc-41a1-9b20-afef2304e86b,Primrose,primrose,Reputed Developer / Co-op Consortium,Pune,Bavdhan & Chandani Chowk,IN,"Primrose, Raj Path, Bavdhan & Chandani Chowk, Pune 411038, Maharashtra, India",411038,Gated Residential Society,7,28,P52100073318,18.509441,73.790577,Grade A Luxury,osm_cadastral_enriched,0.92
104101ca-66a5-4088-9212-58aac6a9cc06,Siddha Terrace,siddha terrace,Reputed Developer / Co-op Consortium,Pune,Bavdhan & Chandani Chowk,IN,"Siddha Terrace, Lane 2, Bavdhan & Chandani Chowk, Pune 411038, Maharashtra, India",411038,Gated Residential Society,4,16,P52100092364,18.50962,73.792425,Grade A Luxury,osm_cadastral_enriched,0.92
ba303758-ca0c-4ce1-b843-98043dc804ae,Shagun Nisarg,shagun nisarg,Reputed Developer / Co-op Consortium,Pune,Bavdhan & Chandani Chowk,IN,"Shagun Nisarg, NDA Pashan Road, Bavdhan & Chandani Chowk, Pune 411021, Maharashtra, India",411021,Gated Residential Society,5,20,P52100088188,18.523556,73.781659,Grade A Luxury,osm_cadastral_enriched,0.92
5faff022-d6c6-4b87-91f3-ec1de07429f2,Unica,unica,Reputed Developer / Co-op Consortium,Pune,Bavdhan & Chandani Chowk,IN,"Unica, Lane 2, Bavdhan & Chandani Chowk, Pune 411021, Maharashtra, India",411021,Gated Residential Society,6,24,P52100043050,18.511288,73.776941,Grade A Luxury,osm_cadastral_enriched,0.92
7c384fb3-9bac-4760-99f7-067d682804ea,Teerth A,teerth a,Reputed Developer / Co-op Consortium,Pune,Kothrud & Paud Road,IN,"Teerth A, Shraddha Marg, Kothrud & Paud Road, Pune 411038, Maharashtra, India",411038,Gated Residential Society,3,12,P52100042806,18.511703,73.816936,Grade A Luxury,osm_cadastral_enriched,0.92
d18c3b69-3cd0-4cf0-a9f3-6bbbe9580b03,A1,a1,Reputed Developer / Co-op Consortium,Pune,Balewadi & High Street,IN,"A1, Sopan Baug Road, Balewadi & High Street, Pune 411045, Maharashtra, India",411045,Ultra-Luxury High-Rise Tower,22,88,P52100077114,18.578516,73.774434,Grade A Luxury,osm_cadastral_enriched,0.92
c9de8b24-7d38-475a-a667-6d3bc5846fa6,Bella Vista,bella vista,Reputed Developer / Co-op Consortium,Pune,Bavdhan & Chandani Chowk,IN,"Bella Vista, Bavdhan & Chandani Chowk, Pune 411021, Maharashtra, India",411021,Luxury High-Rise Tower,13,52,P52100013966,18.512637,73.77773,Grade A Luxury,osm_cadastral_enriched,0.92
333bab51-2a8c-431c-8481-8f6af57690bd,Kunal Belleza D,kunal belleza d,Reputed Developer / Co-op Consortium,Pune,Bavdhan & Chandani Chowk,IN,"Kunal Belleza D, Bavdhan & Chandani Chowk, Pune 411021, Maharashtra, India",411021,Gated Residential Society,10,40,P52100040948,18.509676,73.778152,Grade A Luxury,osm_cadastral_enriched,0.92
4af31969-7c09-45b7-99f6-8e37f395b6ff,Kunal Belleza A,kunal belleza a,Reputed Developer / Co-op Consortium,Pune,Bavdhan & Chandani Chowk,IN,"Kunal Belleza A, Bavdhan & Chandani Chowk, Pune 411021, Maharashtra, India",411021,Gated Residential Society,10,40,P52100053605,18.508987,73.77827,Grade A Luxury,osm_cadastral_enriched,0.92
405bd3fb-10fc-4976-b175-d2400f77bf23,Kunal Belleza C,kunal belleza c,Reputed Developer / Co-op Consortium,Pune,Bavdhan & Chandani Chowk,IN,"Kunal Belleza C, Bavdhan & Chandani Chowk, Pune 411021, Maharashtra, India",411021,Gated Residential Society,10,40,P52100077139,18.509304,73.777946,Grade A Luxury,osm_cadastral_enriched,0.92
3aa8e30e-cc81-4cd5-9027-93817a1f5bac,Kunal Belleza B,kunal belleza b,Reputed Developer / Co-op Consortium,Pune,Bavdhan & Chandani Chowk,IN,"Kunal Belleza B, Bavdhan & Chandani Chowk, Pune 411021, Maharashtra, India",411021,Gated Residential Society,11,44,P52100078908,18.509091,73.778001,Grade A Luxury,osm_cadastral_enriched,0.92
13c6dc47-81f7-4b56-9baa-f0d5169143b7,Saraswati Housing Society,saraswati housing society,Reputed Developer / Co-op Consortium,Pune,Aundh & Sindh Society,IN,"Saraswati Housing Society, Aundhgaon - Aundh Dmart Road, Aundh & Sindh Society, Pune 411007, Maharashtra, India",411007,Gated Residential Society,7,28,P52100053994,18.566271,73.810742,Grade A Luxury,osm_cadastral_enriched,0.92
3e9637fe-0da6-4fe8-95b9-5d78140fec1f,aaditya residency,aaditya residency,Reputed Developer / Co-op Consortium,Pune,Mukund Nagar & Swargate,IN,"aaditya residency, Mukund Nagar & Swargate, Pune 411037, Maharashtra, India",411037,Gated Residential Society,6,24,P52100072949,18.497542,73.853446,Grade A Luxury,osm_cadastral_enriched,0.92
c493e9e6-e5c5-48db-a809-87be8d5ee7e9,Samarth Heights,samarth heights,Reputed Developer / Co-op Consortium,Pune,Hinjewadi (Phases 1-3),IN,"Samarth Heights, Sakhare Vasti Road, hinjewadi phase 1, Hinjewadi (Phases 1-3), Pune 411057, Maharashtra, India",411057,Luxury High-Rise Tower,6,24,P52100064278,18.585234,73.740818,Grade A Luxury,osm_cadastral_enriched,0.92
e59a652e-2a83-4d0e-ad04-b574fd9775c7,Vyrundhawan Appartments,vyrundhawan appartments,Reputed Developer / Co-op Consortium,Pune,Hinjewadi (Phases 1-3),IN,"Vyrundhawan Appartments, Hinjewadi (Phases 1-3), Pune 411057, Maharashtra, India",411057,Gated Residential Society,5,20,P52100045641,18.58821,73.740714,Grade A Luxury,osm_cadastral_enriched,0.92
2521f336-a612-427a-b2d7-f16749eb29b0,Scrum Utkarsh Apartment,scrum utkarsh apartment,Reputed Developer / Co-op Consortium,Pune,Hinjewadi (Phases 1-3),IN,"Scrum Utkarsh Apartment, Maan road,hinjewadi phase 1, Hinjewadi (Phases 1-3), Pune 411057, Maharashtra, India",411057,Luxury High-Rise Tower,12,48,P52100018826,18.582563,73.726111,Grade A Luxury,osm_cadastral_enriched,0.92
5bb11641-b141-4f17-9707-eea2568572ec,Rachana Eternia,rachana eternia,Reputed Developer / Co-op Consortium,Pune,Baner & Pan Card Club Rd,IN,"Rachana Eternia, Baner & Pan Card Club Rd, Pune 411045, Maharashtra, India",411045,Gated Residential Society,6,24,P52100019323,18.55119,73.778154,Grade A Luxury,osm_cadastral_enriched,0.92
76629987-3639-44be-bf8d-31229ad42cd9,Vantage,vantage,Reputed Developer / Co-op Consortium,Pune,Baner & Pan Card Club Rd,IN,"Vantage, Baner & Pan Card Club Rd, Pune 411045, Maharashtra, India",411045,Luxury High-Rise Tower,16,64,P52100055916,18.55067,73.777561,Grade A Luxury,osm_cadastral_enriched,0.92
db5f338a-92af-48e9-bec1-f1627c80639e,Apricot by Achalare,apricot by achalare,Reputed Developer / Co-op Consortium,Pune,Baner & Pan Card Club Rd,IN,"Apricot by Achalare, Baner & Pan Card Club Rd, Pune 411045, Maharashtra, India",411045,Gated Residential Society,3,12,P52100081999,18.551498,73.778101,Grade A Luxury,osm_cadastral_enriched,0.92
e5ec91d1-e903-476d-930c-fe1647e0caea,B2,b2,Reputed Developer / Co-op Consortium,Pune,Aundh & Sindh Society,IN,"B2, Aundh & Sindh Society, Pune 411007, Maharashtra, India",411007,Gated Residential Society,10,40,P52100026546,18.553392,73.798834,Grade A Luxury,osm_cadastral_enriched,0.92
0e8fd02e-3e1e-42f2-8b95-c4c65557f49a,Kakkad La Vida,kakkad la vida,Reputed Developer / Co-op Consortium,Pune,Baner & Pan Card Club Rd,IN,"Kakkad La Vida, Baner & Pan Card Club Rd, Pune 411045, Maharashtra, India",411045,Ultra-Luxury High-Rise Tower,22,88,P52100039557,18.573006,73.783235,Grade A Luxury,osm_cadastral_enriched,0.92
fbf8607e-8fb1-4779-91ee-110aa0a3f5d2,Vedant,vedant,Reputed Developer / Co-op Consortium,Pune,Bavdhan & Chandani Chowk,IN,"Vedant, Lane 3, Bavdhan & Chandani Chowk, Pune 411038, Maharashtra, India",411038,Gated Residential Society,8,32,P52100060790,18.510627,73.794273,Grade A Luxury,osm_cadastral_enriched,0.92
e18cc2c9-af3e-4727-b817-dc4229482e9b,Param,param,Reputed Developer / Co-op Consortium,Pune,Baner & Pan Card Club Rd,IN,"Param, Baner & Pan Card Club Rd, Pune 411045, Maharashtra, India",411045,Gated Residential Society,5,20,P52100062736,18.568271,73.781403,Grade A Luxury,osm_cadastral_enriched,0.92
a15b49f6-a421-4e3a-8b16-ecdea64df17e,66 Avenue,66 avenue,Reputed Developer / Co-op Consortium,Pune,Baner & Pan Card Club Rd,IN,"66 Avenue, New DP Road, Baner & Pan Card Club Rd, Pune 411027, Maharashtra, India",411027,Gated Residential Society,11,44,P52100066682,18.568595,73.790962,Grade A Luxury,osm_cadastral_enriched,0.92
c84c1748-2d6b-4b82-aed7-7562208bdbdb,Finswell Woods,finswell woods,Reputed Developer / Co-op Consortium,Pune,Viman Nagar,IN,"Finswell Woods, Sakore Nagar Road, Viman Nagar, Pune 411014, Maharashtra, India",411014,Luxury High-Rise Tower,12,48,P52100015947,18.562935,73.913091,Grade A Luxury,osm_cadastral_enriched,0.92
a619774e-6db8-4475-843e-a16ff505e0cc,Awantika,awantika,Reputed Developer / Co-op Consortium,Pune,Salisbury Park & Gultekdi,IN,"Awantika, Mukund Nagar, Salisbury Park & Gultekdi, Pune 411037, Maharashtra, India",411037,Gated Residential Society,3,12,P52100093700,18.495387,73.86026,Grade A Luxury,osm_cadastral_enriched,0.92
2757907d-6509-4f04-9413-60919564715e,Alaknanda,alaknanda,Reputed Developer / Co-op Consortium,Pune,Mukund Nagar & Swargate,IN,"Alaknanda, Mukund Nagar, Mukund Nagar & Swargate, Pune 411037, Maharashtra, India",411037,Gated Residential Society,3,12,P52100037655,18.495586,73.859797,Grade A Luxury,osm_cadastral_enriched,0.92
2f9376dc-fbb9-4c96-923d-e9ddfecd2074,Dwarika,dwarika,Reputed Developer / Co-op Consortium,Pune,Salisbury Park & Gultekdi,IN,"Dwarika, Mukund Nagar, Salisbury Park & Gultekdi, Pune 411037, Maharashtra, India",411037,Gated Residential Society,3,12,P52100055019,18.495587,73.860234,Grade A Luxury,osm_cadastral_enriched,0.92
bcaddf20-e6b9-42a8-87c3-12f66325985f,Icon 51,icon 51,Reputed Developer / Co-op Consortium,Pune,Kharadi & EON IT Corridor,IN,"Icon 51, Kharadi & EON IT Corridor, Pune 411014, Maharashtra, India",411014,Luxury High-Rise Tower,12,48,P52100046734,18.545332,73.927716,Grade A Luxury,osm_cadastral_enriched,0.92
7e35bfae-7ee2-4e7e-abfb-9b10b14a84b5,Unique Legacy Majestic,unique legacy majestic,Reputed Developer / Co-op Consortium,Pune,Keshav Nagar & Mundhwa,IN,"Unique Legacy Majestic, Keshav Nagar Road, Keshav Nagar & Mundhwa, Pune 411036, Maharashtra, India",411036,Luxury High-Rise Tower,13,52,P52100094346,18.531442,73.945604,Grade A Luxury,osm_cadastral_enriched,0.92
0f160262-693c-4027-a5f5-a3514d0f395f,Amaltas Apartments,amaltas apartments,Reputed Developer / Co-op Consortium,Pune,Bavdhan & Chandani Chowk,IN,"Amaltas Apartments, Vidyan Nagar Road, Bavdhan, Bavdhan & Chandani Chowk, Pune 411021, Maharashtra, India",411021,Gated Residential Society,6,24,P52100048289,18.514549,73.777821,Grade A Luxury,osm_cadastral_enriched,0.92
c300ceea-a867-43da-8b5f-6f3ebbbd8760,Serene Spaces,serene spaces,Reputed Developer / Co-op Consortium,Pune,Balewadi & High Street,IN,"Serene Spaces, Balewadi & High Street, Pune 411045, Maharashtra, India",411045,Gated Residential Society,6,24,P52100087008,18.578734,73.776094,Grade A Luxury,osm_cadastral_enriched,0.92
80edbdb3-1262-4a82-9853-780420022fc0,Tejonidhee,tejonidhee,Reputed Developer / Co-op Consortium,Pune,Balewadi & High Street,IN,"Tejonidhee, Bajirao Shripati Marg, Balewadi & High Street, Pune 411045, Maharashtra, India",411045,Gated Residential Society,3,12,P52100015482,18.578576,73.776101,Grade A Luxury,osm_cadastral_enriched,0.92
56862f74-419e-41a3-9a07-066b3dbb32f8,Pradeep,pradeep,Reputed Developer / Co-op Consortium,Pune,Balewadi & High Street,IN,"Pradeep, Bajirao Shripati Marg, Balewadi & High Street, Pune 411045, Maharashtra, India",411045,Gated Residential Society,4,16,P52100080414,18.578341,73.776111,Grade A Luxury,osm_cadastral_enriched,0.92
457c499e-effc-4b56-8fb2-0c0cee814244,Srushti G wing,srushti g wing,Reputed Developer / Co-op Consortium,Pune,Kothrud & Paud Road,IN,"Srushti G wing, DP Road, Kothrud & Paud Road, Pune 411038, Maharashtra, India",411038,Luxury High-Rise Tower,14,56,P52100091440,18.50472,73.800314,Grade A Luxury,osm_cadastral_enriched,0.92
57d0d9f6-6c6d-4287-9a2d-63902177f6b8,Sahadeo Iris,sahadeo iris,Reputed Developer / Co-op Consortium,Pune,Baner & Pan Card Club Rd,IN,"Sahadeo Iris, Park Ridge Road, Baner & Pan Card Club Rd, Pune 411021, Maharashtra, India",411021,Luxury High-Rise Tower,12,48,P52100026905,18.545975,73.796081,Grade A Luxury,osm_cadastral_enriched,0.92
85548b61-0106-47d5-b7c6-29f4b5dbe1ce,Tower 1,tower 1,Reputed Developer / Co-op Consortium,Pune,Bavdhan & Chandani Chowk,IN,"Tower 1, Bavdhan & Chandani Chowk, Pune 411021, Maharashtra, India",411021,Ultra-Luxury High-Rise Tower,23,92,P52100097996,18.506349,73.786023,Grade A Luxury,osm_cadastral_enriched,0.92
d0ca0e71-15b7-47ef-8b20-2721a53e50d5,Tower 2,tower 2,Reputed Developer / Co-op Consortium,Pune,Bavdhan & Chandani Chowk,IN,"Tower 2, Bavdhan & Chandani Chowk, Pune 411021, Maharashtra, India",411021,Ultra-Luxury High-Rise Tower,23,92,P52100061689,18.506149,73.786533,Grade A Luxury,osm_cadastral_enriched,0.92
0df9c1eb-cccc-47fc-accc-f8af82a0e925,Tower 3,tower 3,Reputed Developer / Co-op Consortium,Pune,Bavdhan & Chandani Chowk,IN,"Tower 3, Bavdhan & Chandani Chowk, Pune 411021, Maharashtra, India",411021,Ultra-Luxury High-Rise Tower,23,92,P52100044104,18.50626,73.786876,Grade A Luxury,osm_cadastral_enriched,0.92
83079e6a-952e-47b3-8e9e-336aed5bd42a,A2 building,a2 building,Reputed Developer / Co-op Consortium,Pune,Kharadi & EON IT Corridor,IN,"A2 building, Kharadi & EON IT Corridor, Pune 411014, Maharashtra, India",411014,Gated Residential Society,9,36,P52100098654,18.540442,73.927714,Grade A Luxury,osm_cadastral_enriched,0.92
783d04e8-063e-4429-8051-235b65c9ade5,ANP Atlantis,anp atlantis,Reputed Developer / Co-op Consortium,Pune,Baner & Pan Card Club Rd,IN,"ANP Atlantis, Near Jupiter Hospital Balewadi, Baner & Pan Card Club Rd, Pune 411045, Maharashtra, India",411045,Luxury High-Rise Tower,18,72,P52100077266,18.572014,73.786122,Grade A Luxury,osm_cadastral_enriched,0.92
03ab4f20-0371-429e-a088-75eef0a3d54c,Yugal Drashila,yugal drashila,Reputed Developer / Co-op Consortium,Pune,Balewadi & High Street,IN,"Yugal Drashila, Sopan Baug Road, Balewadi & High Street, Pune 411045, Maharashtra, India",411045,Gated Residential Society,10,40,P52100038755,18.575295,73.77513,Grade A Luxury,osm_cadastral_enriched,0.92
023b3624-45f1-49aa-8720-7920e7946fca,Archway,archway,Reputed Developer / Co-op Consortium,Pune,Baner & Pan Card Club Rd,IN,"Archway, Sopan Baug Road, Baner & Pan Card Club Rd, Pune 411045, Maharashtra, India",411045,Gated Residential Society,7,28,P52100081945,18.574631,73.77511,Grade A Luxury,osm_cadastral_enriched,0.92
6d7b93dc-b2d4-42e1-9350-bf77c9aee3f1,Rosary Apartment,rosary apartment,Reputed Developer / Co-op Consortium,Pune,Baner & Pan Card Club Rd,IN,"Rosary Apartment, Yogi Park Road, Baner & Pan Card Club Rd, Pune 411045, Maharashtra, India",411045,Gated Residential Society,4,16,P52100044920,18.552426,73.775483,Grade A Luxury,osm_cadastral_enriched,0.92
f25b8b9e-b8cb-4b04-a837-de5563475897,Guruchaitanya,guruchaitanya,Reputed Developer / Co-op Consortium,Pune,Baner & Pan Card Club Rd,IN,"Guruchaitanya, Baner & Pan Card Club Rd, Pune 411045, Maharashtra, India",411045,Gated Residential Society,4,16,P52100091725,18.574703,73.774597,Grade A Luxury,osm_cadastral_enriched,0.92
c500d2a6-7884-4bdb-a9e9-44e0711bb249,Pearl,pearl,Reputed Developer / Co-op Consortium,Pune,Hinjewadi (Phases 1-3),IN,"Pearl, Hinjewadi (Phases 1-3), Pune 411057, Maharashtra, India",411057,Luxury High-Rise Tower,15,60,P52100096561,18.592082,73.706842,Grade A Luxury,osm_cadastral_enriched,0.92
c41d0d29-5ad3-4444-a4a4-6359a84d38cd,Devashish,devashish,Reputed Developer / Co-op Consortium,Pune,Balewadi & High Street,IN,"Devashish, Balewadi & High Street, Pune 411045, Maharashtra, India",411045,Gated Residential Society,4,16,P52100022429,18.577104,73.775731,Grade A Luxury,osm_cadastral_enriched,0.92
df9c417d-8825-44e7-bb27-ae8ce8d0ea20,Ayat,ayat,Reputed Developer / Co-op Consortium,Pune,Balewadi & High Street,IN,"Ayat, Balewadi Village Road, Balewadi & High Street, Pune 411045, Maharashtra, India",411045,Gated Residential Society,4,16,P52100046122,18.576934,73.77797,Grade A Luxury,osm_cadastral_enriched,0.92
3b222e1a-ccf7-4d2f-aca9-2b97523dbe15,Bharat Niwas,bharat niwas,Reputed Developer / Co-op Consortium,Pune,Balewadi & High Street,IN,"Bharat Niwas, Balewadi Village Road, Balewadi & High Street, Pune 411045, Maharashtra, India",411045,Gated Residential Society,5,20,P52100093155,18.576952,73.779295,Grade A Luxury,osm_cadastral_enriched,0.92
9099439e-4501-4024-9bc5-d485d043b8a3,Prakrtii CHS D Block,prakrtii chs d block,Reputed Developer / Co-op Consortium,Pune,Baner & Pan Card Club Rd,IN,"Prakrtii CHS D Block, Baner & Pan Card Club Rd, Pune 411045, Maharashtra, India",411045,Gated Residential Society,7,28,P52100094920,18.569519,73.783585,Grade A Luxury,osm_cadastral_enriched,0.92
33c87ddf-c6b2-4e4d-abad-11e28d76941c,Prakrtii CHS E Block,prakrtii chs e block,Reputed Developer / Co-op Consortium,Pune,Baner & Pan Card Club Rd,IN,"Prakrtii CHS E Block, Baner & Pan Card Club Rd, Pune 411045, Maharashtra, India",411045,Gated Residential Society,7,28,P52100091563,18.569506,73.783928,Grade A Luxury,osm_cadastral_enriched,0.92
e326030e-f5b8-4a36-bd96-fd9ab9ef1221,Prakrtii CHS F Block,prakrtii chs f block,Reputed Developer / Co-op Consortium,Pune,Baner & Pan Card Club Rd,IN,"Prakrtii CHS F Block, Baner & Pan Card Club Rd, Pune 411045, Maharashtra, India",411045,Gated Residential Society,7,28,P52100080447,18.569484,73.784271,Grade A Luxury,osm_cadastral_enriched,0.92
d983030e-0a4f-4fb0-a591-b4075b759d61,Prakrtii CHS G Block,prakrtii chs g block,Reputed Developer / Co-op Consortium,Pune,Baner & Pan Card Club Rd,IN,"Prakrtii CHS G Block, Baner & Pan Card Club Rd, Pune 411045, Maharashtra, India",411045,Gated Residential Society,11,44,P52100017466,18.569459,73.784545,Grade A Luxury,osm_cadastral_enriched,0.92
45161632-4d85-4be2-80dd-9676cbb8b307,D-Mart,d mart,Reputed Developer / Co-op Consortium,Pune,Bavdhan & Chandani Chowk,IN,"D-Mart, NDA Pashan Rd, Bavdhan & Chandani Chowk, Pune 411021, Maharashtra, India",411021,Gated Residential Society,4,16,P52100018712,18.525139,73.78152,Grade A Luxury,osm_cadastral_enriched,0.92
fd58c73d-c0de-44fe-a2c8-d619b7ddfd74,VJ Indilife,vj indilife,Reputed Developer / Co-op Consortium,Pune,Baner & Pan Card Club Rd,IN,"VJ Indilife, Pashan Sus Road, Pashan, Baner & Pan Card Club Rd, Pune 411021, Maharashtra, India",411021,Luxury High-Rise Tower,17,68,P52100092281,18.546457,73.779215,Grade A Luxury,osm_cadastral_enriched,0.92
1ab70926-f439-4fd1-b435-425ca29a00a7,Sadguru Niwas,sadguru niwas,Reputed Developer / Co-op Consortium,Pune,Baner & Pan Card Club Rd,IN,"Sadguru Niwas, Baner & Pan Card Club Rd, Pune 411045, Maharashtra, India",411045,Gated Residential Society,2,8,P52100081566,18.561198,73.786519,Grade A Luxury,osm_cadastral_enriched,0.92
3c014ca9-6154-4fc9-8974-e906f67888e1,A2,a2,Reputed Developer / Co-op Consortium,Pune,Aundh & Sindh Society,IN,"A2, Aundh & Sindh Society, Pune 411007, Maharashtra, India",411007,Gated Residential Society,8,32,P52100099389,18.553199,73.798395,Grade A Luxury,osm_cadastral_enriched,0.92
63ed2057-b3e5-45c4-ac6a-28d110c676c6,Whispering Winds,whispering winds,Reputed Developer / Co-op Consortium,Pune,Aundh & Sindh Society,IN,"Whispering Winds, Aundh & Sindh Society, Pune 411007, Maharashtra, India",411007,Gated Residential Society,6,24,P52100043373,18.56098,73.795345,Grade A Luxury,osm_cadastral_enriched,0.92
a59ac518-f66b-4ba8-b083-c1363f60f803,Solitaire 6,solitaire 6,Reputed Developer / Co-op Consortium,Pune,Bavdhan & Chandani Chowk,IN,"Solitaire 6, NDA Pashan Road, Bavdhan, Bavdhan & Chandani Chowk, Pune 411021, Maharashtra, India",411021,Gated Residential Society,10,40,P52100089663,18.523776,73.780961,Grade A Luxury,osm_cadastral_enriched,0.92
aff28f5f-6172-4547-aa34-89ada36ac429,Niyoshi Park 4,niyoshi park 4,Reputed Developer / Co-op Consortium,Pune,Aundh & Sindh Society,IN,"Niyoshi Park 4, Sanghvi Kesari Road, Aundh & Sindh Society, Pune 411007, Maharashtra, India",411007,Gated Residential Society,4,16,P52100095797,18.560929,73.810714,Grade A Luxury,osm_cadastral_enriched,0.92
7edb103b-b9fd-4be5-9d3e-ce6661b0bb6a,54/8,54 8,Reputed Developer / Co-op Consortium,Pune,Sopan Baug & BT Kawade,IN,"54/8, Fatima Nagar, Sopan Baug & BT Kawade, Pune 411040, Maharashtra, India",411040,Gated Residential Society,7,28,P52100079833,18.506835,73.900414,Grade A Luxury,osm_cadastral_enriched,0.92
8b50a767-9fb1-415d-afc1-2ae2ed0d5a97,Orange County,orange county,Reputed Developer / Co-op Consortium,Pune,Balewadi & High Street,IN,"Orange County, Balewadi & High Street, Pune 411045, Maharashtra, India",411045,Gated Residential Society,8,32,P52100089038,18.588837,73.78301,Grade A Luxury,osm_cadastral_enriched,0.92
f9aa81e0-bc8d-47b6-9be2-f0d6371cbba9,Gulmohar Privilege,gulmohar privilege,Reputed Developer / Co-op Consortium,Pune,Kharadi & EON IT Corridor,IN,"Gulmohar Privilege, Kharadi, Kharadi & EON IT Corridor, Pune 411014, Maharashtra, India",411014,Gated Residential Society,0,20,P52100058197,18.551998,73.94428,Grade A Luxury,osm_cadastral_enriched,0.88
0acc7b38-bdb5-42c1-8413-c63c5af47946,Erica,erica,Reputed Developer / Co-op Consortium,Pune,Magarpatta City & Hadapsar,IN,"Erica, Magarpatta City & Hadapsar, Pune 411028, Maharashtra, India",411028,Gated Residential Society,0,20,P52100060490,18.511207,73.929432,Grade A Luxury,osm_cadastral_enriched,0.88
3ffeafe4-395c-4207-a712-f2af8a461dce,Daffodils,daffodils,Reputed Developer / Co-op Consortium,Pune,Magarpatta City & Hadapsar,IN,"Daffodils, Magarpatta City & Hadapsar, Pune 411028, Maharashtra, India",411028,Gated Residential Society,0,20,P52100066361,18.512398,73.929662,Grade A Luxury,osm_cadastral_enriched,0.88
4173d0b4-ea21-4155-afd8-22e9de3dc3e8,Yuthika,yuthika,Reputed Developer / Co-op Consortium,Pune,Baner & Pan Card Club Rd,IN,"Yuthika, Veerbhadra Nagar road, Baner & Pan Card Club Rd, Pune 411045, Maharashtra, India",411045,Gated Residential Society,0,20,P52100011446,18.561827,73.770729,Grade A Luxury,osm_cadastral_enriched,0.88
c55da307-a873-4402-9529-d25def357e52,Roystonea,roystonea,Reputed Developer / Co-op Consortium,Pune,Magarpatta City & Hadapsar,IN,"Roystonea, Magarpatta City & Hadapsar, Pune 411028, Maharashtra, India",411028,Gated Residential Society,0,20,P52100018371,18.517367,73.931945,Grade A Luxury,osm_cadastral_enriched,0.88
871b4d05-6f08-48e9-a4e9-37c3074d050f,Trillium,trillium,Reputed Developer / Co-op Consortium,Pune,Magarpatta City & Hadapsar,IN,"Trillium, Magarpatta City & Hadapsar, Pune 411013, Maharashtra, India",411013,Gated Residential Society,0,20,P52100025850,18.518709,73.924928,Grade A Luxury,osm_cadastral_enriched,0.88
ef109124-080a-4319-a5a0-4bb54ec9cc88,Shirine Garden Apartments,shirine garden apartments,Reputed Developer / Co-op Consortium,Pune,Aundh & Sindh Society,IN,"Shirine Garden Apartments, ITI Road, Aundh & Sindh Society, Pune 411007, Maharashtra, India",411007,Gated Residential Society,0,20,P52100089985,18.559563,73.808544,Grade A Luxury,osm_cadastral_enriched,0.88
e1039cc0-2f23-4640-b188-92b65e85cf08,Profile Avenue,profile avenue,Reputed Developer / Co-op Consortium,Pune,Aundh & Sindh Society,IN,"Profile Avenue, aundh road, Aundh & Sindh Society, Pune 411020, Maharashtra, India",411020,Gated Residential Society,0,20,P52100074132,18.564041,73.834641,Grade A Luxury,osm_cadastral_enriched,0.88
d77248b6-015c-4335-8384-9a3b27192c64,Profile Enclave,profile enclave,Reputed Developer / Co-op Consortium,Pune,Aundh & Sindh Society,IN,"Profile Enclave, Aundh Road, Aundh & Sindh Society, Pune 411020, Maharashtra, India",411020,Luxury Villa Community,0,20,P52100082971,18.563825,73.834126,Grade A Luxury,osm_cadastral_enriched,0.88
c4055d44-a96e-4580-9a56-b3757356f398,Aquila Lakeview,aquila lakeview,Reputed Developer / Co-op Consortium,Pune,Bavdhan & Chandani Chowk,IN,"Aquila Lakeview, Ramnagar Colony, Bavdhan, Pashan-Bavdhan Road, Bavdhan & Chandani Chowk, Pune 411021, Maharashtra, India",411021,Gated Residential Society,0,20,P52100050293,18.526056,73.778303,Grade A Luxury,osm_cadastral_enriched,0.88
310514e1-dc6f-4d4f-b964-e07852e54202,Niranka,niranka,Reputed Developer / Co-op Consortium,Pune,Kothrud & Paud Road,IN,"Niranka, Kothrud & Paud Road, Pune 411038, Maharashtra, India",411038,Gated Residential Society,0,20,P52100055556,18.509184,73.816629,Grade A Luxury,osm_cadastral_enriched,0.88
7452c7b8-a72f-4266-8b65-d58e367f9da5,Lara Prestige Housing Society,lara prestige housing society,Reputed Developer / Co-op Consortium,Pune,Baner & Pan Card Club Rd,IN,"Lara Prestige Housing Society, Baner & Pan Card Club Rd, Pune 411045, Maharashtra, India",411045,Gated Residential Society,0,20,P52100091177,18.543558,73.793312,Grade A Luxury,osm_cadastral_enriched,0.88
5ad631f6-b21f-42ba-a1cb-25a0808e33f4,Amar Eternity,amar eternity,Reputed Developer / Co-op Consortium,Pune,Aundh & Sindh Society,IN,"Amar Eternity, Ivory Estate Road, Aundh & Sindh Society, Pune 411045, Maharashtra, India",411045,Gated Residential Society,0,20,P52100052349,18.551295,73.801879,Grade A Luxury,osm_cadastral_enriched,0.88
7fbc7de7-7d9b-4ab8-867a-d4676c9772d6,Aspiria socirty,aspiria socirty,Reputed Developer / Co-op Consortium,Pune,Hinjewadi (Phases 1-3),IN,"Aspiria socirty, Hinjewadi (Phases 1-3), Pune 411057, Maharashtra, India",411057,Gated Residential Society,0,20,P52100066340,18.59414,73.742171,Grade A Luxury,osm_cadastral_enriched,0.88
067ca983-2f84-4035-b9a4-6223f76eb3c0,New Mandalay Officers Colony,new mandalay officers colony,Reputed Developer / Co-op Consortium,Pune,Aundh & Sindh Society,IN,"New Mandalay Officers Colony, Aundh & Sindh Society, Pune 411007, Maharashtra, India",411007,Gated Residential Society,0,20,P52100032806,18.551841,73.833237,Grade A Luxury,osm_cadastral_enriched,0.88
8579301c-cb71-41d7-ada6-b8ce6eadd864,Saraswati Garden,saraswati garden,Reputed Developer / Co-op Consortium,Pune,Magarpatta City & Hadapsar,IN,"Saraswati Garden, Sadesatra Nali Rd., Hadapar, Magarpatta City & Hadapsar, Pune 411028, Maharashtra, India",411028,Gated Residential Society,0,20,P52100091594,18.505465,73.938603,Grade A Luxury,osm_cadastral_enriched,0.88
706b9d53-eec3-41a7-bf19-4c1b819bc42b,High Class Residency,high class residency,Reputed Developer / Co-op Consortium,Pune,Bavdhan & Chandani Chowk,IN,"High Class Residency, Bavdhan & Chandani Chowk, Pune 411021, Maharashtra, India",411021,Gated Residential Society,0,20,P52100030074,18.519545,73.772087,Grade A Luxury,osm_cadastral_enriched,0.88
b028259b-078b-45b9-878e-729806260266,Radhesham apartment,radhesham apartment,Reputed Developer / Co-op Consortium,Pune,Bavdhan & Chandani Chowk,IN,"Radhesham apartment, Pashan-Bavdhan Road, Bavdhan & Chandani Chowk, Pune 411021, Maharashtra, India",411021,Gated Residential Society,0,20,P52100032979,18.512936,73.783034,Grade A Luxury,osm_cadastral_enriched,0.88
acebac41-2caf-4b7b-93a9-7ce333f55e5a,Varada park,varada park,Reputed Developer / Co-op Consortium,Pune,Bavdhan & Chandani Chowk,IN,"Varada park, Aditya Shagun Road, Bavdhan & Chandani Chowk, Pune 411021, Maharashtra, India",411021,Gated Residential Society,0,20,P52100064327,18.516992,73.779265,Grade A Luxury,osm_cadastral_enriched,0.88
326ae21b-72cf-4032-9523-2000897c0214,Prakashgad Society,prakashgad society,Reputed Developer / Co-op Consortium,Pune,Balewadi & High Street,IN,"Prakashgad Society, Perfect 10 Internal road, Balewadi & High Street, Pune 411045, Maharashtra, India",411045,Gated Residential Society,0,20,P52100017792,18.577673,73.769122,Grade A Luxury,osm_cadastral_enriched,0.88
400e327a-506c-42d4-ab77-cfe34a6fdb7c,Combine's Splendour Society,combine s splendour society,Reputed Developer / Co-op Consortium,Pune,Bavdhan & Chandani Chowk,IN,"Combine's Splendour Society, Bavdhan & Chandani Chowk, Pune 411021, Maharashtra, India",411021,Gated Residential Society,0,20,P52100076427,18.510969,73.777886,Grade A Luxury,osm_cadastral_enriched,0.88
d9fc0809-e187-4da2-80ba-72abbaca5fcf,Ratan Krupa Apartment,ratan krupa apartment,Reputed Developer / Co-op Consortium,Pune,Baner & Pan Card Club Rd,IN,"Ratan Krupa Apartment, Baner & Pan Card Club Rd, Pune 411045, Maharashtra, India",411045,Gated Residential Society,0,20,P52100069648,18.542956,73.784749,Grade A Luxury,osm_cadastral_enriched,0.88
f6bed528-76cb-47ae-8146-c937127af957,Venkatesh Park Society,venkatesh park society,Reputed Developer / Co-op Consortium,Pune,Baner & Pan Card Club Rd,IN,"Venkatesh Park Society, Baner & Pan Card Club Rd, Pune 411045, Maharashtra, India",411045,Gated Residential Society,0,20,P52100092796,18.540665,73.783896,Grade A Luxury,osm_cadastral_enriched,0.88
76c0c4ab-48f5-4085-ab2f-8904273ae017,Mount Vert Grande E,mount vert grande e,Reputed Developer / Co-op Consortium,Pune,Baner & Pan Card Club Rd,IN,"Mount Vert Grande E, Baner & Pan Card Club Rd, Pune 411045, Maharashtra, India",411045,Gated Residential Society,0,20,P52100014930,18.540434,73.784589,Grade A Luxury,osm_cadastral_enriched,0.88
10692665-0dfc-41cf-89c8-6847a4a5662b,DK Heights,dk heights,Reputed Developer / Co-op Consortium,Pune,Pashan & Sus Road,IN,"DK Heights, Pashan & Sus Road, Pune 411021, Maharashtra, India",411021,Luxury High-Rise Tower,0,20,P52100084653,18.539058,73.784508,Grade A Luxury,osm_cadastral_enriched,0.88
63a79a3a-a1cd-4ee5-8452-bc4c6ce809ee,Pinewood CHS,pinewood chs,Reputed Developer / Co-op Consortium,Pune,Baner & Pan Card Club Rd,IN,"Pinewood CHS, Baner & Pan Card Club Rd, Pune 411045, Maharashtra, India",411045,Gated Residential Society,0,20,P52100057420,18.555638,73.767416,Grade A Luxury,osm_cadastral_enriched,0.88
fda279b9-06f3-44a3-8a4f-49b14e6f4cd4,Raviraj Astria Phase A,raviraj astria phase a,Reputed Developer / Co-op Consortium,Pune,NIBM Road & Undri,IN,"Raviraj Astria Phase A, NIBM Road & Undri, Pune 411048, Maharashtra, India",411048,Gated Residential Society,0,20,P52100014266,18.464819,73.889936,Grade A Luxury,osm_cadastral_enriched,0.88
c796d7c0-0451-44db-88c8-0f3a6a2d81e2,Raviraj Astria Phase B,raviraj astria phase b,Reputed Developer / Co-op Consortium,Pune,NIBM Road & Undri,IN,"Raviraj Astria Phase B, NIBM Road & Undri, Pune 411048, Maharashtra, India",411048,Gated Residential Society,0,20,P52100045337,18.464815,73.890444,Grade A Luxury,osm_cadastral_enriched,0.88
35b9bf02-40ad-4e95-9e96-7d9e7b0976cf,Gagan Avenue,gagan avenue,Reputed Developer / Co-op Consortium,Pune,NIBM Road & Undri,IN,"Gagan Avenue, NIBM Road & Undri, Pune 411048, Maharashtra, India",411048,Gated Residential Society,0,20,P52100037332,18.462178,73.889823,Grade A Luxury,osm_cadastral_enriched,0.88
2f0faf77-fdd5-4f18-aa02-bbfde8645706,Suswani Complex,suswani complex,Reputed Developer / Co-op Consortium,Pune,NIBM Road & Undri,IN,"Suswani Complex, NIBM Road & Undri, Pune 411048, Maharashtra, India",411048,Gated Residential Society,0,20,P52100089191,18.465662,73.889902,Grade A Luxury,osm_cadastral_enriched,0.88
0faec84c-519f-4e0c-9e47-53e998824388,Sahil Sarvada,sahil sarvada,Reputed Developer / Co-op Consortium,Pune,NIBM Road & Undri,IN,"Sahil Sarvada, NIBM Road & Undri, Pune 411048, Maharashtra, India",411048,Gated Residential Society,0,20,P52100062981,18.46565,73.890445,Grade A Luxury,osm_cadastral_enriched,0.88
68eeb788-eb57-4ac1-b9a3-d761c4a9d89f,Homewood,homewood,Reputed Developer / Co-op Consortium,Pune,NIBM Road & Undri,IN,"Homewood, NIBM Road & Undri, Pune 411048, Maharashtra, India",411048,Gated Residential Society,0,20,P52100076784,18.465219,73.891964,Grade A Luxury,osm_cadastral_enriched,0.88
5761d9f8-c256-41cc-8214-b5e81badec1f,Yash Rythm,yash rythm,Reputed Developer / Co-op Consortium,Pune,NIBM Road & Undri,IN,"Yash Rythm, NIBM Road & Undri, Pune 411048, Maharashtra, India",411048,Gated Residential Society,0,20,P52100063458,18.46623,73.892846,Grade A Luxury,osm_cadastral_enriched,0.88
cf275ac2-3ed3-478a-a28b-6e29bf8ee04a,R Euphoria,r euphoria,Reputed Developer / Co-op Consortium,Pune,NIBM Road & Undri,IN,"R Euphoria, NIBM Road & Undri, Pune 411048, Maharashtra, India",411048,Gated Residential Society,0,20,P52100073346,18.460875,73.892484,Grade A Luxury,osm_cadastral_enriched,0.88
84db14a3-1b08-475f-84f1-a87234c3c6e5,The Vue,the vue,Reputed Developer / Co-op Consortium,Pune,NIBM Road & Undri,IN,"The Vue, NIBM Road & Undri, Pune 411048, Maharashtra, India",411048,Gated Residential Society,0,20,P52100027202,18.46435,73.895458,Grade A Luxury,osm_cadastral_enriched,0.88
d0981354-77a9-4e65-b8be-418626cef1c3,Nirmaan Asmant,nirmaan asmant,Reputed Developer / Co-op Consortium,Pune,NIBM Road & Undri,IN,"Nirmaan Asmant, NIBM Road & Undri, Pune 411048, Maharashtra, India",411048,Gated Residential Society,0,20,P52100061346,18.464074,73.893811,Grade A Luxury,osm_cadastral_enriched,0.88
b7169179-a21c-49ca-afd2-b70e55c83259,Suyog Lehar,suyog lehar,Reputed Developer / Co-op Consortium,Pune,NIBM Road & Undri,IN,"Suyog Lehar, NIBM Road & Undri, Pune 411048, Maharashtra, India",411048,Gated Residential Society,0,20,P52100049616,18.462637,73.888831,Grade A Luxury,osm_cadastral_enriched,0.88
23ba4401-0d99-4633-af85-41fa06625fa9,Mayurpankh,mayurpankh,Reputed Developer / Co-op Consortium,Pune,NIBM Road & Undri,IN,"Mayurpankh, NIBM Road & Undri, Pune 411048, Maharashtra, India",411048,Gated Residential Society,0,20,P52100032184,18.468988,73.889248,Grade A Luxury,osm_cadastral_enriched,0.88
5b02de90-f113-4a62-b77b-547b6f12bcd3,Ashoka Mews,ashoka mews,Reputed Developer / Co-op Consortium,Pune,NIBM Road & Undri,IN,"Ashoka Mews, NIBM Road & Undri, Pune 411048, Maharashtra, India",411048,Gated Residential Society,0,20,P52100083224,18.468201,73.888789,Grade A Luxury,osm_cadastral_enriched,0.88
e2d54826-69cd-4f8b-bff4-4d3f3a0de9c6,Kamaldeep Park D Building,kamaldeep park d building,Reputed Developer / Co-op Consortium,Pune,NIBM Road & Undri,IN,"Kamaldeep Park D Building, NIBM Road & Undri, Pune 411048, Maharashtra, India",411048,Gated Residential Society,0,20,P52100052772,18.468625,73.889272,Grade A Luxury,osm_cadastral_enriched,0.88
d170b693-529a-4194-86c0-273db4a8d8b0,Kamaldeep Park Buidling E,kamaldeep park buidling e,Reputed Developer / Co-op Consortium,Pune,NIBM Road & Undri,IN,"Kamaldeep Park Buidling E, NIBM Road & Undri, Pune 411048, Maharashtra, India",411048,Gated Residential Society,0,20,P52100062090,18.468866,73.889694,Grade A Luxury,osm_cadastral_enriched,0.88
95d6d057-fff6-469a-aec0-7c7a102ab6b7,Alcon Royce,alcon royce,Reputed Developer / Co-op Consortium,Pune,NIBM Road & Undri,IN,"Alcon Royce, NIBM Road & Undri, Pune 411048, Maharashtra, India",411048,Gated Residential Society,0,20,P52100040779,18.462951,73.895597,Grade A Luxury,osm_cadastral_enriched,0.88
d6d7b27f-5cd7-4462-86f4-55f28b235e60,Avenue One,avenue one,Reputed Developer / Co-op Consortium,Pune,NIBM Road & Undri,IN,"Avenue One, NIBM Road & Undri, Pune 411048, Maharashtra, India",411048,Gated Residential Society,0,20,P52100026596,18.464114,73.891024,Grade A Luxury,osm_cadastral_enriched,0.88
3e52548d-9a36-464e-991c-381b79b5022b,Mayfair Eleganza,mayfair eleganza,Reputed Developer / Co-op Consortium,Pune,NIBM Road & Undri,IN,"Mayfair Eleganza, NIBM Road & Undri, Pune 411048, Maharashtra, India",411048,Gated Residential Society,0,20,P52100066603,18.478368,73.891886,Grade A Luxury,osm_cadastral_enriched,0.88
17351d83-7817-4348-8aca-bf7a615e28a8,Krishna keval township B4,krishna keval township b4,Reputed Developer / Co-op Consortium,Pune,NIBM Road & Undri,IN,"Krishna keval township B4, NIBM Kondhwa Link Road, NIBM Road & Undri, Pune 411048, Maharashtra, India",411048,Gated Residential Society,0,20,P52100020146,18.463272,73.891711,Grade A Luxury,osm_cadastral_enriched,0.88
27ac1160-303d-4ac9-80b5-240257b6943f,Alcon Signare,alcon signare,Reputed Developer / Co-op Consortium,Pune,NIBM Road & Undri,IN,"Alcon Signare, NIBM Road & Undri, Pune 411048, Maharashtra, India",411048,Gated Residential Society,0,20,P52100049211,18.463972,73.89255,Grade A Luxury,osm_cadastral_enriched,0.88
84504338-0163-40b1-b7c2-fe31582495a6,DSK Realty,dsk realty,Reputed Developer / Co-op Consortium,Pune,NIBM Road & Undri,IN,"DSK Realty, NIBM Road & Undri, Pune 411048, Maharashtra, India",411048,Gated Residential Society,0,20,P52100060026,18.466672,73.892281,Grade A Luxury,osm_cadastral_enriched,0.88
130fed69-0e2a-4559-b694-8eef27965668,Sharif Apartment,sharif apartment,Reputed Developer / Co-op Consortium,Pune,NIBM Road & Undri,IN,"Sharif Apartment, NIBM Road & Undri, Pune 411048, Maharashtra, India",411048,Gated Residential Society,0,20,P52100077635,18.467285,73.890191,Grade A Luxury,osm_cadastral_enriched,0.88
04d10710-68d0-4fad-9c00-18e1b9807b7c,Sukhwani Arcade,sukhwani arcade,Reputed Developer / Co-op Consortium,Pune,NIBM Road & Undri,IN,"Sukhwani Arcade, NIBM Road & Undri, Pune 411048, Maharashtra, India",411048,Gated Residential Society,0,20,P52100037622,18.468154,73.889198,Grade A Luxury,osm_cadastral_enriched,0.88
51ab6ad9-2488-47fc-aea4-ca820f6cbf3b,Kalabhavan CHS,kalabhavan chs,Reputed Developer / Co-op Consortium,Pune,Mukund Nagar & Swargate,IN,"Kalabhavan CHS, Mukund Nagar & Swargate, Pune 411037, Maharashtra, India",411037,Gated Residential Society,0,20,P52100058425,18.508279,73.856682,Grade A Luxury,osm_cadastral_enriched,0.88
c5c41eca-41d1-48cd-84e6-5c9f24623e0c,New Gajra Society,new gajra society,Reputed Developer / Co-op Consortium,Pune,Bibwewadi & Market Yard,IN,"New Gajra Society, Swami Vivekanand Marg, Bibwewadi & Market Yard, Pune 411037, Maharashtra, India",411037,Gated Residential Society,0,20,P52100065099,18.47105,73.864086,Grade A Luxury,osm_cadastral_enriched,0.88
cf2ec6fd-2f18-4924-9bfd-0027654553a6,Ganesh Vihar,ganesh vihar,Reputed Developer / Co-op Consortium,Pune,Bibwewadi & Market Yard,IN,"Ganesh Vihar, Swami Vivekanand Marg, Bibwewadi & Market Yard, Pune 411037, Maharashtra, India",411037,Gated Residential Society,0,20,P52100032433,18.470751,73.86411,Grade A Luxury,osm_cadastral_enriched,0.88
6a16c130-4902-45b6-9575-ad286c76fc38,Sargam Society,sargam society,Reputed Developer / Co-op Consortium,Pune,Bibwewadi & Market Yard,IN,"Sargam Society, Swami Vivekanand Marg, Bibwewadi & Market Yard, Pune 411037, Maharashtra, India",411037,Gated Residential Society,0,20,P52100064307,18.471409,73.863266,Grade A Luxury,osm_cadastral_enriched,0.88
822d334b-1c9e-4e14-97fc-49e86be617bd,Unique Royale,unique royale,Reputed Developer / Co-op Consortium,Pune,Keshav Nagar & Mundhwa,IN,"Unique Royale, Keshav Nagar Road, Keshav Nagar & Mundhwa, Pune 411036, Maharashtra, India",411036,Gated Residential Society,0,20,P52100036532,18.53214,73.945756,Grade A Luxury,osm_cadastral_enriched,0.88
59ca7ba7-1a62-4227-a048-448f6bcd7714,Unique Majestic,unique majestic,Reputed Developer / Co-op Consortium,Pune,Keshav Nagar & Mundhwa,IN,"Unique Majestic, Keshav Nagar Road, Keshav Nagar & Mundhwa, Pune 411036, Maharashtra, India",411036,Gated Residential Society,0,20,P52100033057,18.53153,73.945671,Grade A Luxury,osm_cadastral_enriched,0.88
46871625-0fc0-418c-8bc9-be8cadba51d2,Unique Grand,unique grand,Reputed Developer / Co-op Consortium,Pune,Keshav Nagar & Mundhwa,IN,"Unique Grand, Keshav Nagar Road, Keshav Nagar & Mundhwa, Pune 411036, Maharashtra, India",411036,Gated Residential Society,0,20,P52100023425,18.532647,73.94585,Grade A Luxury,osm_cadastral_enriched,0.88
3bba490b-61d4-4d0d-93d2-7da7cbebb175,Shanti Elixir,shanti elixir,Reputed Developer / Co-op Consortium,Pune,Keshav Nagar & Mundhwa,IN,"Shanti Elixir, Keshav Nagar Road, Keshav Nagar & Mundhwa, Pune 411036, Maharashtra, India",411036,Gated Residential Society,0,20,P52100087194,18.531521,73.944775,Grade A Luxury,osm_cadastral_enriched,0.88
d2f48955-db10-41ed-be83-53956ad38d70,Global E Homes,global e homes,Reputed Developer / Co-op Consortium,Pune,Hinjewadi (Phases 1-3),IN,"Global E Homes, Hinjewadi (Phases 1-3), Pune 411057, Maharashtra, India",411057,Gated Residential Society,0,20,P52100058331,18.599933,73.721745,Grade A Luxury,osm_cadastral_enriched,0.88
424276f4-49ff-410d-b312-da3644ff7432,Blessing PG,blessing pg,Reputed Developer / Co-op Consortium,Pune,Hinjewadi (Phases 1-3),IN,"Blessing PG, Hinjewadi (Phases 1-3), Pune 411057, Maharashtra, India",411057,Gated Residential Society,0,20,P52100031201,18.580242,73.723609,Grade A Luxury,osm_cadastral_enriched,0.88
5a0ffb15-d2cd-455f-980b-8abbcd99412c,Beryl,beryl,Reputed Developer / Co-op Consortium,Pune,Kharadi & EON IT Corridor,IN,"Beryl, Kharadi & EON IT Corridor, Pune 411014, Maharashtra, India",411014,Gated Residential Society,0,20,P52100020574,18.560054,73.946594,Grade A Luxury,osm_cadastral_enriched,0.88
50c4543e-0328-4a1c-90fb-deccd8f10157,Pari Apartment,pari apartment,Reputed Developer / Co-op Consortium,Pune,Magarpatta City & Hadapsar,IN,"Pari Apartment, 20 Feet Road, Magarpatta City & Hadapsar, Pune 411036, Maharashtra, India",411036,Gated Residential Society,0,20,P52100027637,18.528866,73.955907,Grade A Luxury,osm_cadastral_enriched,0.88
8bd2d609-9b02-4023-9a73-cb59eba11d22,Nakshatra Villa,nakshatra villa,Reputed Developer / Co-op Consortium,Pune,Magarpatta City & Hadapsar,IN,"Nakshatra Villa, 20 Feet Road, Magarpatta City & Hadapsar, Pune 411036, Maharashtra, India",411036,Luxury Villa Community,0,20,P52100021434,18.528756,73.955801,Grade A Luxury,osm_cadastral_enriched,0.88
efa77a77-e8c3-4ad1-a757-00d123938bc7,Lakshmi Villa,lakshmi villa,Reputed Developer / Co-op Consortium,Pune,Magarpatta City & Hadapsar,IN,"Lakshmi Villa, 20 Feet Road, Magarpatta City & Hadapsar, Pune 411036, Maharashtra, India",411036,Luxury Villa Community,0,20,P52100059834,18.528594,73.95576,Grade A Luxury,osm_cadastral_enriched,0.88
961bc7f5-be73-4e8d-a450-6070a62f76c4,DSK Garden Enclave,dsk garden enclave,Reputed Developer / Co-op Consortium,Pune,NIBM Road & Undri,IN,"DSK Garden Enclave, NIBM Road & Undri, Pune 411048, Maharashtra, India",411048,Luxury Villa Community,0,20,P52100081412,18.466766,73.892662,Grade A Luxury,osm_cadastral_enriched,0.88
faefebbc-6363-41d7-8a25-842d4817cfed,Oakwood Hills,oakwood hills,Reputed Developer / Co-op Consortium,Pune,Baner & Pan Card Club Rd,IN,"Oakwood Hills, Baner & Pan Card Club Rd, Pune 411045, Maharashtra, India",411045,Gated Residential Society,0,20,P52100014523,18.558089,73.784314,Grade A Luxury,osm_cadastral_enriched,0.88
36452fa7-8efe-42d9-8aca-d0b5185f08be,Vasudha Etasha,vasudha etasha,Reputed Developer / Co-op Consortium,Pune,Bavdhan & Chandani Chowk,IN,"Vasudha Etasha, Service Road, Bavdhan & Chandani Chowk, Pune 411038, Maharashtra, India",411038,Gated Residential Society,15,20,P52100052148,18.500347,73.790098,Grade A Luxury,osm_cadastral_enriched,0.88
b3dcb6b7-c09a-4f35-a57c-0efa5b4a8265,Venkatesh Graffiti,venkatesh graffiti,Reputed Developer / Co-op Consortium,Pune,Keshav Nagar & Mundhwa,IN,"Venkatesh Graffiti, Keshav Nagar & Mundhwa, Pune 411036, Maharashtra, India",411036,Gated Residential Society,0,20,P52100033279,18.527053,73.945275,Grade A Luxury,osm_cadastral_enriched,0.88
52763d3e-e240-454b-936d-73ac89ec2c9d,Florida Watercolor,florida watercolor,Reputed Developer / Co-op Consortium,Pune,Keshav Nagar & Mundhwa,IN,"Florida Watercolor, Keshav Nagar Road, Keshav Nagar & Mundhwa, Pune 411036, Maharashtra, India",411036,Gated Residential Society,0,20,P52100016561,18.539157,73.953024,Grade A Luxury,osm_cadastral_enriched,0.88
31faaba9-62ea-48f5-b01f-7dc0996ae009,Riverdale Residences,riverdale residences,Reputed Developer / Co-op Consortium,Pune,Kharadi & EON IT Corridor,IN,"Riverdale Residences, Riverfront Road, Kharadi & EON IT Corridor, Pune 411014, Maharashtra, India",411014,Gated Residential Society,0,20,P52100062507,18.541223,73.940552,Grade A Luxury,osm_cadastral_enriched,0.88
4f2ebddb-6ee9-4238-8eeb-2bfb24efbe1a,Devi Orchid,devi orchid,Reputed Developer / Co-op Consortium,Pune,Aundh & Sindh Society,IN,"Devi Orchid, Aundh & Sindh Society, Pune 411007, Maharashtra, India",411007,Gated Residential Society,0,20,P52100068193,18.56805,73.831662,Grade A Luxury,osm_cadastral_enriched,0.88
6852d846-8bab-4dfb-80d3-552b5a75f227,Devi Lotus,devi lotus,Reputed Developer / Co-op Consortium,Pune,Aundh & Sindh Society,IN,"Devi Lotus, Aundh & Sindh Society, Pune 411007, Maharashtra, India",411007,Gated Residential Society,0,20,P52100063632,18.567611,73.831615,Grade A Luxury,osm_cadastral_enriched,0.88
f9ec035c-239c-49ce-a9b2-a16d7796782b,Naren Bliss,naren bliss,Reputed Developer / Co-op Consortium,Pune,Magarpatta City & Hadapsar,IN,"Naren Bliss, Magarpatta City & Hadapsar, Pune 411028, Maharashtra, India",411028,Gated Residential Society,0,20,P52100010373,18.523043,73.932974,Grade A Luxury,osm_cadastral_enriched,0.88
0f983870-c81a-4bec-b292-4b0a8f6152f1,Mantri Kinara,mantri kinara,Reputed Developer / Co-op Consortium,Pune,Aundh & Sindh Society,IN,"Mantri Kinara, Aundh & Sindh Society, Pune 411007, Maharashtra, India",411007,Gated Residential Society,0,20,P52100085384,18.567379,73.829761,Grade A Luxury,osm_cadastral_enriched,0.88
d45592e5-6088-432e-93d3-e90ac34166d3,Mantri Riviera,mantri riviera,Reputed Developer / Co-op Consortium,Pune,Aundh & Sindh Society,IN,"Mantri Riviera, Aundh & Sindh Society, Pune 411007, Maharashtra, India",411007,Gated Residential Society,0,20,P52100026585,18.567339,73.828768,Grade A Luxury,osm_cadastral_enriched,0.88
d7e2bf20-efe4-4559-9278-7cfef1b93b65,Shanta Niketan Housing Society,shanta niketan housing society,Reputed Developer / Co-op Consortium,Pune,Aundh & Sindh Society,IN,"Shanta Niketan Housing Society, Aundh & Sindh Society, Pune 411007, Maharashtra, India",411007,Gated Residential Society,0,20,P52100043562,18.567879,73.830761,Grade A Luxury,osm_cadastral_enriched,0.88
6e1a7a6b-b219-4108-82fb-444256c655f7,Namoh Apartment,namoh apartment,Reputed Developer / Co-op Consortium,Pune,Camp & Pune Cantonment,IN,"Namoh Apartment, Camp & Pune Cantonment, Pune 411001, Maharashtra, India",411001,Gated Residential Society,0,20,P52100020563,18.502633,73.871496,Grade A Luxury,osm_cadastral_enriched,0.88
531dd282-4b6b-4e67-874f-1e8659736c54,Shree Vaishnavi Devi PG,shree vaishnavi devi pg,Reputed Developer / Co-op Consortium,Pune,Balewadi & High Street,IN,"Shree Vaishnavi Devi PG, Balewadi Gaon Road, Balewadi & High Street, Pune 411045, Maharashtra, India",411045,Gated Residential Society,0,20,P52100064963,18.576582,73.780487,Grade A Luxury,osm_cadastral_enriched,0.88
dfe604ee-ec09-4624-b847-cfb58e184080,Mangalmurti Residency,mangalmurti residency,Reputed Developer / Co-op Consortium,Pune,Kharadi & EON IT Corridor,IN,"Mangalmurti Residency, Kharadi & EON IT Corridor, Pune 411014, Maharashtra, India",411014,Gated Residential Society,0,20,P52100064301,18.553022,73.93149,Grade A Luxury,osm_cadastral_enriched,0.88
f5a49ab3-051f-490a-8fb7-22f8303cfb90,Iconique,iconique,Reputed Developer / Co-op Consortium,Pune,Bavdhan & Chandani Chowk,IN,"Iconique, Uttamnagar road, Bavdhan & Chandani Chowk, Pune 411021, Maharashtra, India",411021,Gated Residential Society,0,20,P52100092485,18.522829,73.764055,Grade A Luxury,osm_cadastral_enriched,0.88
11793c4f-5fd5-477b-8f6e-fca433106913,EC HUB PG,ec hub pg,Reputed Developer / Co-op Consortium,Pune,Kharadi & EON IT Corridor,IN,"EC HUB PG, Lane 10, Kharadi & EON IT Corridor, Pune 411014, Maharashtra, India",411014,Gated Residential Society,0,20,P52100097256,18.558076,73.953399,Grade A Luxury,osm_cadastral_enriched,0.88
56c90c29-50a5-43a1-893d-bb4dd7ecd45f,Empress Garden View Society,empress garden view society,Reputed Developer / Co-op Consortium,Pune,Sopan Baug & BT Kawade,IN,"Empress Garden View Society, Sopan Baug & BT Kawade, Pune 411001, Maharashtra, India",411001,Gated Residential Society,0,20,P52100053983,18.512005,73.901976,Grade A Luxury,osm_cadastral_enriched,0.88
53a0d278-a3c6-40e9-865f-4c94bcfc33f7,Sopan Baug Society,sopan baug society,Reputed Developer / Co-op Consortium,Pune,Sopan Baug & BT Kawade,IN,"Sopan Baug Society, Sopan Baug & BT Kawade, Pune 411001, Maharashtra, India",411001,Gated Residential Society,0,20,P52100028845,18.513856,73.904308,Grade A Luxury,osm_cadastral_enriched,0.88
5ca1b0c9-d5f6-4281-8092-6b214d5f71cb,Salunkhe Vihar,salunkhe vihar,Reputed Developer / Co-op Consortium,Pune,NIBM Road & Undri,IN,"Salunkhe Vihar, NIBM Road & Undri, Pune 411048, Maharashtra, India",411048,Gated Residential Society,0,20,P52100086318,18.479852,73.906049,Grade A Luxury,osm_cadastral_enriched,0.88
130c97d5-b79b-4a5e-a62b-4e25382326f0,Dahanukar Colony,dahanukar colony,Reputed Developer / Co-op Consortium,Pune,Kothrud & Paud Road,IN,"Dahanukar Colony, Kothrud & Paud Road, Pune 411038, Maharashtra, India",411038,Gated Residential Society,0,20,P52100036995,18.495635,73.810868,Grade A Luxury,osm_cadastral_enriched,0.88
99d57793-09cd-46d8-87fe-22f3c03ae3ce,Nimhan Bunglow,nimhan bunglow,Reputed Developer / Co-op Consortium,Pune,Baner & Pan Card Club Rd,IN,"Nimhan Bunglow, Baner & Pan Card Club Rd, Pune 411045, Maharashtra, India",411045,Gated Residential Society,0,20,P52100095812,18.54542,73.804289,Grade A Luxury,osm_cadastral_enriched,0.88
023b6c77-e1c6-499c-95e4-72f91d67796f,Swami Samarth Society,swami samarth society,Reputed Developer / Co-op Consortium,Pune,Baner & Pan Card Club Rd,IN,"Swami Samarth Society, Baner & Pan Card Club Rd, Pune 411045, Maharashtra, India",411045,Gated Residential Society,0,20,P52100016775,18.544855,73.783973,Grade A Luxury,osm_cadastral_enriched,0.88
ca1f10e2-2adb-4b4b-8c82-6046e59e4760,Lenyadri Society,lenyadri society,Reputed Developer / Co-op Consortium,Pune,Baner & Pan Card Club Rd,IN,"Lenyadri Society, Baner & Pan Card Club Rd, Pune 411045, Maharashtra, India",411045,Gated Residential Society,0,20,P52100036331,18.542628,73.785732,Grade A Luxury,osm_cadastral_enriched,0.88
d70841ac-fcbf-466d-992a-62622dcb48e6,Vishwakarma Nagar,vishwakarma nagar,Reputed Developer / Co-op Consortium,Pune,Baner & Pan Card Club Rd,IN,"Vishwakarma Nagar, Baner & Pan Card Club Rd, Pune 411045, Maharashtra, India",411045,Gated Residential Society,0,20,P52100014883,18.544302,73.787189,Grade A Luxury,osm_cadastral_enriched,0.88
b8637c74-0653-4849-816d-f8e8ce1991e9,Padmalaya,padmalaya,Reputed Developer / Co-op Consortium,Pune,Baner & Pan Card Club Rd,IN,"Padmalaya, Baner & Pan Card Club Rd, Pune 411045, Maharashtra, India",411045,Gated Residential Society,0,20,P52100082925,18.544455,73.786336,Grade A Luxury,osm_cadastral_enriched,0.88
a7a96e03-0b34-40a6-907a-9b9f2743f98d,Poorva Heights,poorva heights,Reputed Developer / Co-op Consortium,Pune,Baner & Pan Card Club Rd,IN,"Poorva Heights, Baner & Pan Card Club Rd, Pune 411045, Maharashtra, India",411045,Luxury High-Rise Tower,0,20,P52100085030,18.543913,73.786394,Grade A Luxury,osm_cadastral_enriched,0.88
900eca88-aac4-4872-b7e5-738df466cc9c,Sai Vihar Residency,sai vihar residency,Reputed Developer / Co-op Consortium,Pune,Baner & Pan Card Club Rd,IN,"Sai Vihar Residency, Baner & Pan Card Club Rd, Pune 411045, Maharashtra, India",411045,Gated Residential Society,0,20,P52100040481,18.542289,73.784484,Grade A Luxury,osm_cadastral_enriched,0.88
ad868d49-33cd-4a03-bf31-8c4b85e6b455,Niranjan Complex,niranjan complex,Reputed Developer / Co-op Consortium,Pune,Baner & Pan Card Club Rd,IN,"Niranjan Complex, Baner & Pan Card Club Rd, Pune 411045, Maharashtra, India",411045,Gated Residential Society,0,20,P52100030316,18.543285,73.784179,Grade A Luxury,osm_cadastral_enriched,0.88
72133d11-902a-463b-a869-6c804754d6f5,Om Shree Shanti Complex,om shree shanti complex,Reputed Developer / Co-op Consortium,Pune,Baner & Pan Card Club Rd,IN,"Om Shree Shanti Complex, Baner & Pan Card Club Rd, Pune 411045, Maharashtra, India",411045,Gated Residential Society,0,20,P52100023611,18.54385,73.782177,Grade A Luxury,osm_cadastral_enriched,0.88
5f24d214-0855-4f0c-83b3-b90f316b4530,Vardhayani Society,vardhayani society,Reputed Developer / Co-op Consortium,Pune,Baner & Pan Card Club Rd,IN,"Vardhayani Society, Baner & Pan Card Club Rd, Pune 411045, Maharashtra, India",411045,Gated Residential Society,0,20,P52100096663,18.54648,73.777704,Grade A Luxury,osm_cadastral_enriched,0.88
4210b88d-4a05-47f4-a070-8ed590e230ee,Shivalaya Society,shivalaya society,Reputed Developer / Co-op Consortium,Pune,Baner & Pan Card Club Rd,IN,"Shivalaya Society, Baner & Pan Card Club Rd, Pune 411045, Maharashtra, India",411045,Gated Residential Society,0,20,P52100014669,18.544925,73.784787,Grade A Luxury,osm_cadastral_enriched,0.88
cc209980-5fd7-4fff-a4a5-d433d75f723d,Moraya Residency,moraya residency,Reputed Developer / Co-op Consortium,Pune,Baner & Pan Card Club Rd,IN,"Moraya Residency, Baner & Pan Card Club Rd, Pune 411045, Maharashtra, India",411045,Gated Residential Society,0,20,P52100011280,18.545659,73.779656,Grade A Luxury,osm_cadastral_enriched,0.88
a4e74156-7c7e-409b-b7ac-0dfc7d593ce9,IMD Colony,imd colony,Reputed Developer / Co-op Consortium,Pune,Baner & Pan Card Club Rd,IN,"IMD Colony, Baner & Pan Card Club Rd, Pune 411045, Maharashtra, India",411045,Gated Residential Society,0,20,P52100029851,18.541407,73.803565,Grade A Luxury,osm_cadastral_enriched,0.88
c5efc03f-eeff-42ec-951c-7cef1d15f33d,Chidanand Society,chidanand society,Reputed Developer / Co-op Consortium,Pune,Baner & Pan Card Club Rd,IN,"Chidanand Society, Pashan-Sus Road, Baner & Pan Card Club Rd, Pune 411021, Maharashtra, India",411021,Gated Residential Society,0,20,P52100060709,18.545271,73.782189,Grade A Luxury,osm_cadastral_enriched,0.88
b2aaeca0-e91a-40c3-98ab-2ecc93e54c4a,DRDO Colony Pashan,drdo colony pashan,Reputed Developer / Co-op Consortium,Pune,Pashan & Sus Road,IN,"DRDO Colony Pashan, Pashan & Sus Road, Pune 411021, Maharashtra, India",411021,Gated Residential Society,0,20,P52100023817,18.531866,73.78966,Grade A Luxury,osm_cadastral_enriched,0.88
30be5181-e554-4cea-bb36-f564d51ef2ae,Kasturba Gandhi Vasahat,kasturba gandhi vasahat,Reputed Developer / Co-op Consortium,Pune,Aundh & Sindh Society,IN,"Kasturba Gandhi Vasahat, Aundh & Sindh Society, Pune 411007, Maharashtra, India",411007,Gated Residential Society,0,20,P52100020756,18.555222,73.817731,Grade A Luxury,osm_cadastral_enriched,0.88
b0947db8-d8f9-4eca-9baa-0e842c9f0f3f,Shivtirth Nagar,shivtirth nagar,Reputed Developer / Co-op Consortium,Pune,Kothrud & Paud Road,IN,"Shivtirth Nagar, Kothrud & Paud Road, Pune 411038, Maharashtra, India",411038,Gated Residential Society,0,20,P52100052730,18.512238,73.807732,Grade A Luxury,osm_cadastral_enriched,0.88
16650a42-ff63-4fa9-95db-6d5606156709,Right Bhusari Colony,right bhusari colony,Reputed Developer / Co-op Consortium,Pune,Bavdhan & Chandani Chowk,IN,"Right Bhusari Colony, Bavdhan & Chandani Chowk, Pune 411021, Maharashtra, India",411021,Gated Residential Society,0,20,P52100079385,18.510284,73.794644,Grade A Luxury,osm_cadastral_enriched,0.88
c1c7739f-32cd-4137-8906-2af87f7e86d0,Satpuda Society,satpuda society,Reputed Developer / Co-op Consortium,Pune,Aundh & Sindh Society,IN,"Satpuda Society, Aundh & Sindh Society, Pune 411007, Maharashtra, India",411007,Gated Residential Society,0,20,P52100038522,18.5719,73.819815,Grade A Luxury,osm_cadastral_enriched,0.88
ebd4ec1a-e710-4170-8a58-2956f67e98d5,Rakshak Society,rakshak society,Reputed Developer / Co-op Consortium,Pune,Balewadi & High Street,IN,"Rakshak Society, Balewadi & High Street, Pune 411045, Maharashtra, India",411045,Gated Residential Society,0,20,P52100036822,18.581339,73.794444,Grade A Luxury,osm_cadastral_enriched,0.88
239b6018-a91b-4fc3-bc6f-1124ed56a874,Neco Gardens,neco gardens,Reputed Developer / Co-op Consortium,Pune,Viman Nagar,IN,"Neco Gardens, Viman Nagar, Pune 411014, Maharashtra, India",411014,Gated Residential Society,0,20,P52100088687,18.562697,73.913514,Grade A Luxury,osm_cadastral_enriched,0.88
21bcaaed-d06c-4e5f-a8cd-f7845a1fdffa,Krushna Kamal,krushna kamal,Reputed Developer / Co-op Consortium,Pune,Baner & Pan Card Club Rd,IN,"Krushna Kamal, Baner & Pan Card Club Rd, Pune 411045, Maharashtra, India",411045,Gated Residential Society,0,20,P52100033553,18.544663,73.785509,Grade A Luxury,osm_cadastral_enriched,0.88
76dc5b2d-d9b3-4653-8058-5b001e6db0fc,Siddharth Nagar,siddharth nagar,Reputed Developer / Co-op Consortium,Pune,Aundh & Sindh Society,IN,"Siddharth Nagar, Aundh & Sindh Society, Pune 411007, Maharashtra, India",411007,Gated Residential Society,0,20,P52100035787,18.566655,73.813449,Grade A Luxury,osm_cadastral_enriched,0.88
c8d39581-fc17-4e3f-8609-3f8a5328365b,Prism Society,prism society,Reputed Developer / Co-op Consortium,Pune,Aundh & Sindh Society,IN,"Prism Society, Aundh & Sindh Society, Pune 411007, Maharashtra, India",411007,Gated Residential Society,0,20,P52100090835,18.565104,73.814848,Grade A Luxury,osm_cadastral_enriched,0.88
c5c0e02b-6079-40b0-9393-ef6c150f2d50,Alankapuri,alankapuri,Reputed Developer / Co-op Consortium,Pune,Baner & Pan Card Club Rd,IN,"Alankapuri, Baner & Pan Card Club Rd, Pune 411045, Maharashtra, India",411045,Gated Residential Society,0,20,P52100073342,18.545048,73.783081,Grade A Luxury,osm_cadastral_enriched,0.88
d86931b6-8681-4b7d-8612-67cbec5fd419,Westend Village,westend village,Reputed Developer / Co-op Consortium,Pune,Bavdhan & Chandani Chowk,IN,"Westend Village, Bavdhan & Chandani Chowk, Pune 411021, Maharashtra, India",411021,Luxury Villa Community,0,20,P52100012109,18.512347,73.789716,Grade A Luxury,osm_cadastral_enriched,0.88
8dcc8f84-9c63-4330-bff3-0702c574ec44,Soudamini,soudamini,Reputed Developer / Co-op Consortium,Pune,Bavdhan & Chandani Chowk,IN,"Soudamini, Raj Path, Bavdhan & Chandani Chowk, Pune 411038, Maharashtra, India",411038,Gated Residential Society,0,20,P52100052895,18.510848,73.789632,Grade A Luxury,osm_cadastral_enriched,0.88
d01b20b9-fd53-41cd-9e48-015ed705f260,Mahatma Society,mahatma society,Reputed Developer / Co-op Consortium,Pune,Kothrud & Paud Road,IN,"Mahatma Society, Kothrud & Paud Road, Pune 411038, Maharashtra, India",411038,Gated Residential Society,0,20,P52100042232,18.496137,73.797521,Grade A Luxury,osm_cadastral_enriched,0.88
579593c8-b8c4-4865-baa2-ddddddfdae7c,Left Bhusari Colony,left bhusari colony,Reputed Developer / Co-op Consortium,Pune,Bavdhan & Chandani Chowk,IN,"Left Bhusari Colony, Bavdhan & Chandani Chowk, Pune 411021, Maharashtra, India",411021,Gated Residential Society,0,20,P52100060100,18.506094,73.791952,Grade A Luxury,osm_cadastral_enriched,0.88
f8d92a0c-5b12-4381-913f-8265ea19fa97,Muktangan English School,muktangan english school,Reputed Developer / Co-op Consortium,Pune,Mukund Nagar & Swargate,IN,"Muktangan English School, Golwalkar Guruji Path, Mukund Nagar & Swargate, Pune 411009, Maharashtra, India",411009,Gated Residential Society,0,20,P52100031738,18.49001,73.851955,Grade A Luxury,osm_cadastral_enriched,0.88
f29cf816-2822-48f7-85a0-8548828a5c74,Gururaj Society,gururaj society,Reputed Developer / Co-op Consortium,Pune,Bibwewadi & Market Yard,IN,"Gururaj Society, Bibwewadi & Market Yard, Pune 411037, Maharashtra, India",411037,Gated Residential Society,0,20,P52100022762,18.474549,73.856967,Grade A Luxury,osm_cadastral_enriched,0.88
07b45f9b-9680-4be3-8b02-859c13ff87ad,Shankar Maharaj Vasahat,shankar maharaj vasahat,Reputed Developer / Co-op Consortium,Pune,Bibwewadi & Market Yard,IN,"Shankar Maharaj Vasahat, Bibwewadi & Market Yard, Pune 411037, Maharashtra, India",411037,Gated Residential Society,0,20,P52100060424,18.47087,73.855588,Grade A Luxury,osm_cadastral_enriched,0.88
44540ee3-5004-4fa8-bf50-fdaef1f781c1,Pune Cantonment Reisdences,pune cantonment reisdences,Reputed Developer / Co-op Consortium,Pune,Camp & Pune Cantonment,IN,"Pune Cantonment Reisdences, Camp & Pune Cantonment, Pune 411001, Maharashtra, India",411001,Gated Residential Society,0,20,P52100070634,18.508243,73.886522,Grade A Luxury,osm_cadastral_enriched,0.88
317a0e29-df0e-492c-a0c2-b1b9d664703f,Kubera Colony,kubera colony,Reputed Developer / Co-op Consortium,Pune,NIBM Road & Undri,IN,"Kubera Colony, NIBM Road & Undri, Pune 411048, Maharashtra, India",411048,Gated Residential Society,0,20,P52100076048,18.477756,73.895668,Grade A Luxury,osm_cadastral_enriched,0.88
40873387-c7e9-429f-b5f1-d337773c2cf1,Clover Village,clover village,Reputed Developer / Co-op Consortium,Pune,NIBM Road & Undri,IN,"Clover Village, NIBM Road & Undri, Pune 411048, Maharashtra, India",411048,Luxury Villa Community,0,20,P52100032096,18.484262,73.897651,Grade A Luxury,osm_cadastral_enriched,0.88
412f0165-1cca-4368-8ecf-82ee74dd85de,Clover Highlands,clover highlands,Reputed Developer / Co-op Consortium,Pune,NIBM Road & Undri,IN,"Clover Highlands, NIBM Road & Undri, Pune 411048, Maharashtra, India",411048,Gated Residential Society,0,20,P52100094251,18.473203,73.902403,Grade A Luxury,osm_cadastral_enriched,0.88
54af9d47-19b5-4a77-8cda-14d4eac5577b,Prism,prism,Reputed Developer / Co-op Consortium,Pune,NIBM Road & Undri,IN,"Prism, NIBM Road & Undri, Pune 411048, Maharashtra, India",411048,Gated Residential Society,0,20,P52100089076,18.478099,73.896136,Grade A Luxury,osm_cadastral_enriched,0.88
97ae3c2e-3939-49c7-a798-2eea446c2935,Ganga Satellite,ganga satellite,Reputed Developer / Co-op Consortium,Pune,Wanowrie & Fatima Nagar,IN,"Ganga Satellite, Wanowrie & Fatima Nagar, Pune 411040, Maharashtra, India",411040,Gated Residential Society,0,20,P52100031375,18.485965,73.894862,Grade A Luxury,osm_cadastral_enriched,0.88
9fe71f8f-f2a3-4e41-90b4-0ef51f1c7c6e,Paranjpe Gloria,paranjpe gloria,Reputed Developer / Co-op Consortium,Pune,Bavdhan & Chandani Chowk,IN,"Paranjpe Gloria, Mulshi Road, Bavdhan & Chandani Chowk, Pune 411021, Maharashtra, India",411021,Gated Residential Society,0,20,P52100090815,18.508436,73.769424,Grade A Luxury,osm_cadastral_enriched,0.88
358008ca-a8d9-4ba8-91f5-fb74228b1444,Lokmanya Nagar,lokmanya nagar,Reputed Developer / Co-op Consortium,Pune,Mukund Nagar & Swargate,IN,"Lokmanya Nagar, Mukund Nagar & Swargate, Pune 411037, Maharashtra, India",411037,Gated Residential Society,0,20,P52100092016,18.504829,73.845941,Grade A Luxury,osm_cadastral_enriched,0.88
40f76309-0d24-4f45-b716-e77d90815662,Aditya Shagun Society,aditya shagun society,Reputed Developer / Co-op Consortium,Pune,Bavdhan & Chandani Chowk,IN,"Aditya Shagun Society, Bavdhan & Chandani Chowk, Pune 411021, Maharashtra, India",411021,Gated Residential Society,0,20,P52100036924,18.518971,73.777191,Grade A Luxury,osm_cadastral_enriched,0.88
d84c1133-a955-435f-b7bc-3608884b71a0,Priyanjali Society,priyanjali society,Reputed Developer / Co-op Consortium,Pune,Kothrud & Paud Road,IN,"Priyanjali Society, Kothrud & Paud Road, Pune 411038, Maharashtra, India",411038,Gated Residential Society,0,20,P52100098784,18.496853,73.812381,Grade A Luxury,osm_cadastral_enriched,0.88
a29c62ed-cf5a-440c-ae33-aaf22f886b0b,Madhu Malini Society,madhu malini society,Reputed Developer / Co-op Consortium,Pune,Kothrud & Paud Road,IN,"Madhu Malini Society, Kothrud & Paud Road, Pune 411038, Maharashtra, India",411038,Gated Residential Society,0,20,P52100093675,18.497243,73.812463,Grade A Luxury,osm_cadastral_enriched,0.88
5a117226-f31f-4a2f-aaed-815c0ebbd2ba,Dhanagauri Society,dhanagauri society,Reputed Developer / Co-op Consortium,Pune,Kothrud & Paud Road,IN,"Dhanagauri Society, Kothrud & Paud Road, Pune 411038, Maharashtra, India",411038,Gated Residential Society,0,20,P52100033542,18.497429,73.8125,Grade A Luxury,osm_cadastral_enriched,0.88
72f874f6-5b75-49b5-bf02-dc67d2469d3d,Kalakunj A,kalakunj a,Reputed Developer / Co-op Consortium,Pune,Kothrud & Paud Road,IN,"Kalakunj A, Kothrud & Paud Road, Pune 411038, Maharashtra, India",411038,Gated Residential Society,0,20,P52100099917,18.496389,73.81187,Grade A Luxury,osm_cadastral_enriched,0.88
90e1e159-ff39-45bd-80d2-7a5f7eb89693,Kalakunj B and C,kalakunj b and c,Reputed Developer / Co-op Consortium,Pune,Kothrud & Paud Road,IN,"Kalakunj B and C, Kothrud & Paud Road, Pune 411038, Maharashtra, India",411038,Gated Residential Society,0,20,P52100027464,18.496668,73.811944,Grade A Luxury,osm_cadastral_enriched,0.88
ec5e0116-0b90-47e8-acdc-d51e8eba497b,Kalakunj D,kalakunj d,Reputed Developer / Co-op Consortium,Pune,Kothrud & Paud Road,IN,"Kalakunj D, Kothrud & Paud Road, Pune 411038, Maharashtra, India",411038,Gated Residential Society,0,20,P52100025735,18.496923,73.81202,Grade A Luxury,osm_cadastral_enriched,0.88
8b858463-7f4f-428d-b5bd-be2d9c69fc62,Kalakunj E,kalakunj e,Reputed Developer / Co-op Consortium,Pune,Kothrud & Paud Road,IN,"Kalakunj E, Kothrud & Paud Road, Pune 411038, Maharashtra, India",411038,Gated Residential Society,0,20,P52100053924,18.49714,73.812081,Grade A Luxury,osm_cadastral_enriched,0.88
78e8d0c1-5eb3-4691-b827-166c95abc0b6,Kalakunj F,kalakunj f,Reputed Developer / Co-op Consortium,Pune,Kothrud & Paud Road,IN,"Kalakunj F, Kothrud & Paud Road, Pune 411038, Maharashtra, India",411038,Gated Residential Society,0,20,P52100040066,18.497398,73.812166,Grade A Luxury,osm_cadastral_enriched,0.88
94d9c6db-a79b-4a5e-9bb4-141c597cd1b1,Raj Vaibhav,raj vaibhav,Reputed Developer / Co-op Consortium,Pune,Kothrud & Paud Road,IN,"Raj Vaibhav, Kothrud & Paud Road, Pune 411038, Maharashtra, India",411038,Gated Residential Society,0,20,P52100049792,18.496657,73.812349,Grade A Luxury,osm_cadastral_enriched,0.88
7c610622-b8a6-42af-8e69-25b577d70c3c,The Seasons,the seasons,Reputed Developer / Co-op Consortium,Pune,Kothrud & Paud Road,IN,"The Seasons, Kothrud & Paud Road, Pune 411038, Maharashtra, India",411038,Gated Residential Society,0,20,P52100067520,18.496482,73.812296,Grade A Luxury,osm_cadastral_enriched,0.88
6b26ec88-d5a3-42ac-9020-aa224124b326,Ashutosh Society,ashutosh society,Reputed Developer / Co-op Consortium,Pune,Kothrud & Paud Road,IN,"Ashutosh Society, Kothrud & Paud Road, Pune 411038, Maharashtra, India",411038,Gated Residential Society,0,20,P52100061077,18.49633,73.812234,Grade A Luxury,osm_cadastral_enriched,0.88
c8f26e09-70e5-40d4-957b-3596690cfe33,Chaitanyashree Society,chaitanyashree society,Reputed Developer / Co-op Consortium,Pune,Kothrud & Paud Road,IN,"Chaitanyashree Society, Kothrud & Paud Road, Pune 411038, Maharashtra, India",411038,Gated Residential Society,0,20,P52100071638,18.496132,73.812175,Grade A Luxury,osm_cadastral_enriched,0.88
a9c3f8da-8aad-4288-a27c-3a3c7c0fea5d,Megha Ranjani Society,megha ranjani society,Reputed Developer / Co-op Consortium,Pune,Kothrud & Paud Road,IN,"Megha Ranjani Society, Kothrud & Paud Road, Pune 411038, Maharashtra, India",411038,Gated Residential Society,0,20,P52100092238,18.495714,73.812071,Grade A Luxury,osm_cadastral_enriched,0.88
c243bfb8-872e-45ee-9dbd-93960b5b2713,Kojagiri Society,kojagiri society,Reputed Developer / Co-op Consortium,Pune,Kothrud & Paud Road,IN,"Kojagiri Society, Kothrud & Paud Road, Pune 411038, Maharashtra, India",411038,Gated Residential Society,0,20,P52100095297,18.496205,73.811803,Grade A Luxury,osm_cadastral_enriched,0.88
f006e159-d8b5-4236-8daf-c5566159a9da,Vishnu Society,vishnu society,Reputed Developer / Co-op Consortium,Pune,Kothrud & Paud Road,IN,"Vishnu Society, Kothrud & Paud Road, Pune 411038, Maharashtra, India",411038,Gated Residential Society,0,20,P52100073743,18.496025,73.811763,Grade A Luxury,osm_cadastral_enriched,0.88
942c2f56-975a-45fe-bdce-4ec62b1fa5ef,Virkar Complex,virkar complex,Reputed Developer / Co-op Consortium,Pune,Kothrud & Paud Road,IN,"Virkar Complex, Kothrud & Paud Road, Pune 411038, Maharashtra, India",411038,Gated Residential Society,0,20,P52100017921,18.495811,73.811661,Grade A Luxury,osm_cadastral_enriched,0.88
e09d04b6-a799-4685-8469-63a15065f3f9,Hemantashree,hemantashree,Reputed Developer / Co-op Consortium,Pune,Kothrud & Paud Road,IN,"Hemantashree, Kothrud & Paud Road, Pune 411038, Maharashtra, India",411038,Gated Residential Society,0,20,P52100064593,18.495637,73.811368,Grade A Luxury,osm_cadastral_enriched,0.88
e1e4da79-2fac-4891-865c-618131846f31,Swaroop Park Co-op Hsg Society,swaroop park co op hsg society,Reputed Developer / Co-op Consortium,Pune,Kothrud & Paud Road,IN,"Swaroop Park Co-op Hsg Society, Kothrud & Paud Road, Pune 411038, Maharashtra, India",411038,Gated Residential Society,0,20,P52100065044,18.497425,73.803183,Grade A Luxury,osm_cadastral_enriched,0.88
4a3d04ca-6c51-4997-875a-c1de0b853386,Woodland Avenue,woodland avenue,Reputed Developer / Co-op Consortium,Pune,Kothrud & Paud Road,IN,"Woodland Avenue, Kothrud & Paud Road, Pune 411038, Maharashtra, India",411038,Gated Residential Society,0,20,P52100040538,18.498081,73.80337,Grade A Luxury,osm_cadastral_enriched,0.88
15a594d5-4320-4970-b11a-f4cb6d3605d5,Athashri,athashri,Reputed Developer / Co-op Consortium,Pune,Baner & Pan Card Club Rd,IN,"Athashri, Athashri, Baner & Pan Card Club Rd, Pune 411045, Maharashtra, India",411045,Gated Residential Society,6,20,P52100018212,18.548915,73.789639,Grade A Luxury,osm_cadastral_enriched,0.88
9319c4e9-8d26-4c1f-a099-9c4508955d74,Ojas Apartments,ojas apartments,Reputed Developer / Co-op Consortium,Pune,Baner & Pan Card Club Rd,IN,"Ojas Apartments, Baner & Pan Card Club Rd, Pune 411045, Maharashtra, India",411045,Gated Residential Society,0,20,P52100067301,18.548454,73.792445,Grade A Luxury,osm_cadastral_enriched,0.88
25449683-b2ab-4227-8efe-6f9d89dc0e6e,Woodland Apartments,woodland apartments,Reputed Developer / Co-op Consortium,Pune,Kothrud & Paud Road,IN,"Woodland Apartments, Kothrud & Paud Road, Pune 411038, Maharashtra, India",411038,Gated Residential Society,0,20,P52100020457,18.497968,73.80351,Grade A Luxury,osm_cadastral_enriched,0.88
d0b45fea-dbe1-47e1-9e93-9ae65b51c5dd,Jasminum,jasminum,Reputed Developer / Co-op Consortium,Pune,Magarpatta City & Hadapsar,IN,"Jasminum, Magarpatta City & Hadapsar, Pune 411028, Maharashtra, India",411028,Gated Residential Society,0,20,P52100097940,18.511473,73.922086,Grade A Luxury,osm_cadastral_enriched,0.88
a8fcdbba-6bbf-4ab1-83d4-e0e103cd1cdb,Kheliya Apartments,kheliya apartments,Reputed Developer / Co-op Consortium,Pune,Kothrud & Paud Road,IN,"Kheliya Apartments, Ideal Colony, Kothrud & Paud Road, Pune 411029, Maharashtra, India",411029,Gated Residential Society,0,20,P52100029381,18.506864,73.818097,Grade A Luxury,osm_cadastral_enriched,0.88
37feda22-8b22-496d-baeb-36a56eb4b5a9,Rambaug Colony,rambaug colony,Reputed Developer / Co-op Consortium,Pune,Kothrud & Paud Road,IN,"Rambaug Colony, Kothrud & Paud Road, Pune 411038, Maharashtra, India",411038,Gated Residential Society,0,20,P52100038439,18.512316,73.814218,Grade A Luxury,osm_cadastral_enriched,0.88
43ad12d4-c694-4205-8f63-2d74dc141b09,Ideal Colony,ideal colony,Reputed Developer / Co-op Consortium,Pune,Kothrud & Paud Road,IN,"Ideal Colony, Kothrud & Paud Road, Pune 411038, Maharashtra, India",411038,Gated Residential Society,0,20,P52100016980,18.508545,73.817031,Grade A Luxury,osm_cadastral_enriched,0.88
4d669022-49f3-416b-a389-f40d4eb8cd68,Rajgad,rajgad,Reputed Developer / Co-op Consortium,Pune,Kothrud & Paud Road,IN,"Rajgad, Lane Number 2, Kothrud & Paud Road, Pune 411038, Maharashtra, India",411038,Gated Residential Society,0,20,P52100052764,18.512255,73.815739,Grade A Luxury,osm_cadastral_enriched,0.88
d336f2aa-478c-43c0-aed8-307f97394d1d,Jeevan Heights,jeevan heights,Reputed Developer / Co-op Consortium,Pune,Kothrud & Paud Road,IN,"Jeevan Heights, Lane Number 2, Kothrud & Paud Road, Pune 411038, Maharashtra, India",411038,Luxury High-Rise Tower,0,20,P52100090390,18.511963,73.815783,Grade A Luxury,osm_cadastral_enriched,0.88
e07af7fd-b211-4da2-b7fe-4a20443361e4,Vasant Kunj,vasant kunj,Reputed Developer / Co-op Consortium,Pune,Kothrud & Paud Road,IN,"Vasant Kunj, Kothrud & Paud Road, Pune 411038, Maharashtra, India",411038,Gated Residential Society,0,20,P52100033648,18.512489,73.815675,Grade A Luxury,osm_cadastral_enriched,0.88
a816f445-f188-4d11-a5f3-bc5328249783,Pranali,pranali,Reputed Developer / Co-op Consortium,Pune,Kothrud & Paud Road,IN,"Pranali, Kothrud & Paud Road, Pune 411038, Maharashtra, India",411038,Gated Residential Society,0,20,P52100072310,18.511978,73.816105,Grade A Luxury,osm_cadastral_enriched,0.88
9eda81d4-eb84-4812-8a9a-f54c8430ebfa,Ranjeet Heights,ranjeet heights,Reputed Developer / Co-op Consortium,Pune,Kothrud & Paud Road,IN,"Ranjeet Heights, Kothrud & Paud Road, Pune 411038, Maharashtra, India",411038,Luxury High-Rise Tower,0,20,P52100025058,18.512267,73.816079,Grade A Luxury,osm_cadastral_enriched,0.88
d5cc5fc6-f98f-49e0-9d36-2f5fb73eed9f,Harikrupa,harikrupa,Reputed Developer / Co-op Consortium,Pune,Kothrud & Paud Road,IN,"Harikrupa, Kothrud & Paud Road, Pune 411038, Maharashtra, India",411038,Gated Residential Society,0,20,P52100022242,18.512567,73.816124,Grade A Luxury,osm_cadastral_enriched,0.88
4a2ac05e-bdb3-4c07-b1ef-6dbb3c309452,Rahl Kunj,rahl kunj,Reputed Developer / Co-op Consortium,Pune,Kothrud & Paud Road,IN,"Rahl Kunj, Kothrud & Paud Road, Pune 411038, Maharashtra, India",411038,Gated Residential Society,0,20,P52100097777,18.512586,73.815741,Grade A Luxury,osm_cadastral_enriched,0.88
cae8911d-8156-4dc6-b9ce-744da00596bf,Shivanand Apartments,shivanand apartments,Reputed Developer / Co-op Consortium,Pune,Kothrud & Paud Road,IN,"Shivanand Apartments, Lane Number 2, Kothrud & Paud Road, Pune 411038, Maharashtra, India",411038,Gated Residential Society,0,20,P52100045812,18.51298,73.815643,Grade A Luxury,osm_cadastral_enriched,0.88
d8f2dcd8-fc26-4c1b-9cb9-7be750e911fa,Kanifnath,kanifnath,Reputed Developer / Co-op Consortium,Pune,Kothrud & Paud Road,IN,"Kanifnath, Lane Number 2, Kothrud & Paud Road, Pune 411038, Maharashtra, India",411038,Gated Residential Society,0,20,P52100048495,18.513345,73.815742,Grade A Luxury,osm_cadastral_enriched,0.88
593e5916-bb7d-4989-b9b3-7ebfa8e08ba4,Mayuresh,mayuresh,Reputed Developer / Co-op Consortium,Pune,Kothrud & Paud Road,IN,"Mayuresh, Kothrud & Paud Road, Pune 411038, Maharashtra, India",411038,Gated Residential Society,0,20,P52100045728,18.512956,73.815954,Grade A Luxury,osm_cadastral_enriched,0.88
6386af06-3ba1-4dd1-9d81-2fcc9550c42d,Sukhad,sukhad,Reputed Developer / Co-op Consortium,Pune,Kothrud & Paud Road,IN,"Sukhad, Kothrud & Paud Road, Pune 411038, Maharashtra, India",411038,Gated Residential Society,0,20,P52100016646,18.512866,73.816532,Grade A Luxury,osm_cadastral_enriched,0.88
fb040818-c5ce-4be5-9c27-731a4d9a0951,Umashankar,umashankar,Reputed Developer / Co-op Consortium,Pune,Kothrud & Paud Road,IN,"Umashankar, Paud Road, Kothrud & Paud Road, Pune 411038, Maharashtra, India",411038,Gated Residential Society,0,20,P52100053896,18.510826,73.816569,Grade A Luxury,osm_cadastral_enriched,0.88
49727ba6-78ac-4dd0-863e-5d1026ead891,Swapnashilpa Housing Society,swapnashilpa housing society,Reputed Developer / Co-op Consortium,Pune,Kothrud & Paud Road,IN,"Swapnashilpa Housing Society, Kothrud & Paud Road, Pune 411038, Maharashtra, India",411038,Gated Residential Society,0,20,P52100076554,18.499125,73.823576,Grade A Luxury,osm_cadastral_enriched,0.88
fce911a2-4185-4eac-a0b5-b51d190e1cc0,The Palladium,the palladium,Reputed Developer / Co-op Consortium,Pune,Kothrud & Paud Road,IN,"The Palladium, Kothrud & Paud Road, Pune 411038, Maharashtra, India",411038,Gated Residential Society,15,20,P52100076353,18.498401,73.822226,Grade A Luxury,osm_cadastral_enriched,0.88
23966c99-a036-4441-8ac9-42230ecb31eb,Supreme Pallacio,supreme pallacio,Reputed Developer / Co-op Consortium,Pune,Baner & Pan Card Club Rd,IN,"Supreme Pallacio, Baner & Pan Card Club Rd, Pune 411045, Maharashtra, India",411045,Gated Residential Society,0,20,P52100049604,18.559209,73.781914,Grade A Luxury,osm_cadastral_enriched,0.88
0a708c6b-7aaa-4782-97f9-e9e882f9aeb0,Orange Habitat,orange habitat,Reputed Developer / Co-op Consortium,Pune,Keshav Nagar & Mundhwa,IN,"Orange Habitat, Keshav Nagar Road, Keshav Nagar & Mundhwa, Pune 411036, Maharashtra, India",411036,Gated Residential Society,0,20,P52100064776,18.533717,73.94823,Grade A Luxury,osm_cadastral_enriched,0.88
e627ec61-b808-4d76-bfec-9840d49138da,Anudatta,anudatta,Reputed Developer / Co-op Consortium,Pune,Kothrud & Paud Road,IN,"Anudatta, Kothrud & Paud Road, Pune 411038, Maharashtra, India",411038,Gated Residential Society,0,20,P52100094877,18.51124,73.816372,Grade A Luxury,osm_cadastral_enriched,0.88
01c244da-0abe-4989-8696-1102436ba7c8,Venkatesh,venkatesh,Reputed Developer / Co-op Consortium,Pune,Kothrud & Paud Road,IN,"Venkatesh, Kothrud & Paud Road, Pune 411038, Maharashtra, India",411038,Gated Residential Society,0,20,P52100057424,18.511258,73.816992,Grade A Luxury,osm_cadastral_enriched,0.88
cc9315a7-ec64-4450-8549-ed7aaa34e197,Sheshadri,sheshadri,Reputed Developer / Co-op Consortium,Pune,Kothrud & Paud Road,IN,"Sheshadri, Paud Road, Kothrud & Paud Road, Pune 411038, Maharashtra, India",411038,Gated Residential Society,0,20,P52100033954,18.510934,73.817009,Grade A Luxury,osm_cadastral_enriched,0.88
84d1ded3-1a6e-4d1f-9a3b-399cef81238f,Bhosale Garden,bhosale garden,Reputed Developer / Co-op Consortium,Pune,Kothrud & Paud Road,IN,"Bhosale Garden, Lane Number 2, Kothrud & Paud Road, Pune 411038, Maharashtra, India",411038,Gated Residential Society,0,20,P52100082967,18.510782,73.815499,Grade A Luxury,osm_cadastral_enriched,0.88
c15d946b-7fc4-4bcb-b873-a1bd41d2f343,Kalyan Apartment,kalyan apartment,Reputed Developer / Co-op Consortium,Pune,Kothrud & Paud Road,IN,"Kalyan Apartment, Rambaug Colony Road, Kothrud & Paud Road, Pune 411038, Maharashtra, India",411038,Gated Residential Society,0,20,P52100048313,18.51023,73.814378,Grade A Luxury,osm_cadastral_enriched,0.88
9b135d10-e401-4ee4-a0cf-5052e7fd3261,Vandanshree,vandanshree,Reputed Developer / Co-op Consortium,Pune,Kothrud & Paud Road,IN,"Vandanshree, Rambaug Colony Road, Kothrud & Paud Road, Pune 411038, Maharashtra, India",411038,Gated Residential Society,0,20,P52100014308,18.510317,73.814723,Grade A Luxury,osm_cadastral_enriched,0.88
6146b794-d10c-4392-bc76-1368b0d1742b,Harshada,harshada,Reputed Developer / Co-op Consortium,Pune,Kothrud & Paud Road,IN,"Harshada, Rambaug Colony Road, Kothrud & Paud Road, Pune 411038, Maharashtra, India",411038,Gated Residential Society,0,20,P52100024515,18.510837,73.814643,Grade A Luxury,osm_cadastral_enriched,0.88
f85d0eb9-e02c-44fa-9a07-d7860f3520be,Shree Vishwakarma,shree vishwakarma,Reputed Developer / Co-op Consortium,Pune,Kothrud & Paud Road,IN,"Shree Vishwakarma, Kothrud & Paud Road, Pune 411038, Maharashtra, India",411038,Gated Residential Society,0,20,P52100035962,18.512228,73.816511,Grade A Luxury,osm_cadastral_enriched,0.88
9c7505a0-ac66-466d-9b2a-3615f851b60e,Megh Terrace,megh terrace,Reputed Developer / Co-op Consortium,Pune,Kothrud & Paud Road,IN,"Megh Terrace, Kothrud & Paud Road, Pune 411038, Maharashtra, India",411038,Gated Residential Society,0,20,P52100095657,18.512503,73.816478,Grade A Luxury,osm_cadastral_enriched,0.88
8293295a-558b-4409-a0e6-3899297d6037,Uma Mahesh,uma mahesh,Reputed Developer / Co-op Consortium,Pune,Kothrud & Paud Road,IN,"Uma Mahesh, Lane Number 1, Kothrud & Paud Road, Pune 411038, Maharashtra, India",411038,Gated Residential Society,0,20,P52100024647,18.512462,73.816825,Grade A Luxury,osm_cadastral_enriched,0.88
a67478f3-730f-40f1-80b3-f9c8377f40e7,Murlidhar Terrece,murlidhar terrece,Reputed Developer / Co-op Consortium,Pune,Kothrud & Paud Road,IN,"Murlidhar Terrece, Kothrud & Paud Road, Pune 411038, Maharashtra, India",411038,Gated Residential Society,0,20,P52100094108,18.512846,73.816857,Grade A Luxury,osm_cadastral_enriched,0.88
fa358c50-71bc-4f2a-b9c3-86539ddbe3fc,Khadak Police Line,khadak police line,Reputed Developer / Co-op Consortium,Pune,Mukund Nagar & Swargate,IN,"Khadak Police Line, Mukund Nagar & Swargate, Pune 411037, Maharashtra, India",411037,Gated Residential Society,0,20,P52100072847,18.508118,73.858669,Grade A Luxury,osm_cadastral_enriched,0.88
9597f225-93ae-4019-b310-86edaf2065a0,Kshipra Sahanivas,kshipra sahanivas,Reputed Developer / Co-op Consortium,Pune,Kothrud & Paud Road,IN,"Kshipra Sahanivas, Kothrud & Paud Road, Pune 411038, Maharashtra, India",411038,Gated Residential Society,0,20,P52100055505,18.492994,73.820782,Grade A Luxury,osm_cadastral_enriched,0.88
657c657d-4fd9-4217-a5a7-3911ecaacfb6,Grevillea,grevillea,Reputed Developer / Co-op Consortium,Pune,Magarpatta City & Hadapsar,IN,"Grevillea, Magarpatta City & Hadapsar, Pune 411028, Maharashtra, India",411028,Gated Residential Society,0,20,P52100015489,18.50967,73.926944,Grade A Luxury,osm_cadastral_enriched,0.88
1719176b-3311-486b-bef1-59693cf4dab0,Sundar Akash,sundar akash,Reputed Developer / Co-op Consortium,Pune,Magarpatta City & Hadapsar,IN,"Sundar Akash, Magarpatta City & Hadapsar, Pune 411028, Maharashtra, India",411028,Gated Residential Society,0,20,P52100020320,18.50723,73.925675,Grade A Luxury,osm_cadastral_enriched,0.88
dcbf3568-95ec-4eef-872d-e820c4b21e87,Sigma One,sigma one,Reputed Developer / Co-op Consortium,Pune,Kothrud & Paud Road,IN,"Sigma One, Kothrud & Paud Road, Pune 411038, Maharashtra, India",411038,Gated Residential Society,0,20,P52100091941,18.521162,73.815453,Grade A Luxury,osm_cadastral_enriched,0.88
b9f9fd84-a693-4c79-a102-27c5cf960f93,Shree Puja Housing Society,shree puja housing society,Reputed Developer / Co-op Consortium,Pune,Kothrud & Paud Road,IN,"Shree Puja Housing Society, Kothrud & Paud Road, Pune 411038, Maharashtra, India",411038,Gated Residential Society,0,20,P52100079025,18.507578,73.80868,Grade A Luxury,osm_cadastral_enriched,0.88
c5dff199-de76-45fe-b6ec-f8779ad489f3,Pratima Apartment,pratima apartment,Reputed Developer / Co-op Consortium,Pune,Kothrud & Paud Road,IN,"Pratima Apartment, Kothrud & Paud Road, Pune 411038, Maharashtra, India",411038,Gated Residential Society,0,20,P52100082013,18.506539,73.816768,Grade A Luxury,osm_cadastral_enriched,0.88
b8b82958-1445-4cab-b95b-9da553a85cba,New Geetanjali,new geetanjali,Reputed Developer / Co-op Consortium,Pune,Kothrud & Paud Road,IN,"New Geetanjali, Kothrud & Paud Road, Pune 411038, Maharashtra, India",411038,Gated Residential Society,0,20,P52100044516,18.506603,73.8171,Grade A Luxury,osm_cadastral_enriched,0.88
e0994bbc-bea7-4a7e-804c-31c6870534b4,Hariram Apartment,hariram apartment,Reputed Developer / Co-op Consortium,Pune,Kothrud & Paud Road,IN,"Hariram Apartment, Kothrud & Paud Road, Pune 411038, Maharashtra, India",411038,Gated Residential Society,0,20,P52100020487,18.506666,73.817425,Grade A Luxury,osm_cadastral_enriched,0.88
90ff2907-3ba8-42bb-ad6e-e8b8b857d66e,Guruprasad,guruprasad,Reputed Developer / Co-op Consortium,Pune,Kothrud & Paud Road,IN,"Guruprasad, Kothrud & Paud Road, Pune 411038, Maharashtra, India",411038,Gated Residential Society,0,20,P52100065752,18.506738,73.817744,Grade A Luxury,osm_cadastral_enriched,0.88
cb0aac62-a9da-46db-86db-ebc29eb9157d,Mrutunjay,mrutunjay,Reputed Developer / Co-op Consortium,Pune,Kothrud & Paud Road,IN,"Mrutunjay, Kothrud & Paud Road, Pune 411038, Maharashtra, India",411038,Gated Residential Society,0,20,P52100078665,18.506944,73.816715,Grade A Luxury,osm_cadastral_enriched,0.88
dc7c2d0b-bada-464d-b7d5-7d3594e64448,Clover,clover,Reputed Developer / Co-op Consortium,Pune,Kothrud & Paud Road,IN,"Clover, Kothrud & Paud Road, Pune 411038, Maharashtra, India",411038,Gated Residential Society,0,20,P52100011787,18.5073,73.816633,Grade A Luxury,osm_cadastral_enriched,0.88
dcb00b64-8403-418a-8186-e76300f7651e,Kauntey,kauntey,Reputed Developer / Co-op Consortium,Pune,Kothrud & Paud Road,IN,"Kauntey, Kothrud & Paud Road, Pune 411038, Maharashtra, India",411038,Gated Residential Society,0,20,P52100099048,18.507587,73.816575,Grade A Luxury,osm_cadastral_enriched,0.88
87c4a724-2bf4-47af-bbe0-ada2081fecbd,Amar Apartments,amar apartments,Reputed Developer / Co-op Consortium,Pune,Kothrud & Paud Road,IN,"Amar Apartments, Kothrud & Paud Road, Pune 411038, Maharashtra, India",411038,Gated Residential Society,0,20,P52100019939,18.505871,73.817407,Grade A Luxury,osm_cadastral_enriched,0.88
bf0b7f2d-5cee-4737-a840-47e66fd4e83e,Radhey,radhey,Reputed Developer / Co-op Consortium,Pune,Kothrud & Paud Road,IN,"Radhey, Kothrud & Paud Road, Pune 411038, Maharashtra, India",411038,Gated Residential Society,0,20,P52100072366,18.507603,73.816929,Grade A Luxury,osm_cadastral_enriched,0.88
ca2b4b62-edd5-4c91-8bc0-cffdc0fce5eb,Uma - Kunj,uma kunj,Reputed Developer / Co-op Consortium,Pune,Kothrud & Paud Road,IN,"Uma - Kunj, Kothrud & Paud Road, Pune 411038, Maharashtra, India",411038,Gated Residential Society,0,20,P52100043950,18.506974,73.817072,Grade A Luxury,osm_cadastral_enriched,0.88
0d26f3d9-ae6a-43e2-9332-981179f08421,Aviraj Lodge,aviraj lodge,Reputed Developer / Co-op Consortium,Pune,Kothrud & Paud Road,IN,"Aviraj Lodge, Kothrud & Paud Road, Pune 411038, Maharashtra, India",411038,Gated Residential Society,0,20,P52100082330,18.505681,73.815773,Grade A Luxury,osm_cadastral_enriched,0.88
74cbd416-ff6f-495b-bf11-d6611da42121,Surya Apartment,surya apartment,Reputed Developer / Co-op Consortium,Pune,Kothrud & Paud Road,IN,"Surya Apartment, Kothrud & Paud Road, Pune 411038, Maharashtra, India",411038,Gated Residential Society,0,20,P52100067749,18.50555,73.815799,Grade A Luxury,osm_cadastral_enriched,0.88
522ba8ad-33b5-42cf-bafe-d037cea94080,Trimurti Apartment,trimurti apartment,Reputed Developer / Co-op Consortium,Pune,Kothrud & Paud Road,IN,"Trimurti Apartment, Kothrud & Paud Road, Pune 411038, Maharashtra, India",411038,Gated Residential Society,0,20,P52100053814,18.505398,73.815843,Grade A Luxury,osm_cadastral_enriched,0.88
e7233076-ce6c-4b6c-bee9-060deb478589,Sonamahal Apartment,sonamahal apartment,Reputed Developer / Co-op Consortium,Pune,Kothrud & Paud Road,IN,"Sonamahal Apartment, Kothrud & Paud Road, Pune 411038, Maharashtra, India",411038,Gated Residential Society,0,20,P52100058065,18.505252,73.81585,Grade A Luxury,osm_cadastral_enriched,0.88
83712305-9751-4eb8-848e-b0fdc938fdf2,Pasaydan Apartment,pasaydan apartment,Reputed Developer / Co-op Consortium,Pune,Kothrud & Paud Road,IN,"Pasaydan Apartment, Kothrud & Paud Road, Pune 411038, Maharashtra, India",411038,Gated Residential Society,0,20,P52100013677,18.505116,73.815887,Grade A Luxury,osm_cadastral_enriched,0.88
5e2fd47b-6b4c-4603-8794-631000c28c9c,Kunal Apartment,kunal apartment,Reputed Developer / Co-op Consortium,Pune,Kothrud & Paud Road,IN,"Kunal Apartment, Kothrud & Paud Road, Pune 411038, Maharashtra, India",411038,Gated Residential Society,0,20,P52100015218,18.504966,73.815892,Grade A Luxury,osm_cadastral_enriched,0.88
1ae7e2d3-a18d-4772-9641-fc5ea11d822d,Sukhashanti Apartment,sukhashanti apartment,Reputed Developer / Co-op Consortium,Pune,Kothrud & Paud Road,IN,"Sukhashanti Apartment, Mrutyunjay Society Road, Kothrud & Paud Road, Pune 411038, Maharashtra, India",411038,Gated Residential Society,0,20,P52100030405,18.504811,73.815928,Grade A Luxury,osm_cadastral_enriched,0.88
2d117b27-b282-4823-9e38-f32b848c08e6,Amrapali Apartments,amrapali apartments,Reputed Developer / Co-op Consortium,Pune,Kothrud & Paud Road,IN,"Amrapali Apartments, Mrutyunjay Society Road, Kothrud & Paud Road, Pune 411038, Maharashtra, India",411038,Gated Residential Society,0,20,P52100019160,18.504661,73.815954,Grade A Luxury,osm_cadastral_enriched,0.88
d1d466fc-3ca0-4ef6-b99b-a7512374e900,Indraprastha,indraprastha,Reputed Developer / Co-op Consortium,Pune,Kothrud & Paud Road,IN,"Indraprastha, Kothrud & Paud Road, Pune 411038, Maharashtra, India",411038,Gated Residential Society,0,20,P52100065327,18.503457,73.819396,Grade A Luxury,osm_cadastral_enriched,0.88
e361b1a9-1829-40fc-8d02-137db476e453,"A1, Jasminium",a1 jasminium,Reputed Developer / Co-op Consortium,Pune,Magarpatta City & Hadapsar,IN,"A1, Jasminium, Magarpatta Rear Approach Road, Magarpatta City & Hadapsar, Pune 411013, Maharashtra, India",411013,Gated Residential Society,0,20,P52100051181,18.513334,73.922017,Grade A Luxury,osm_cadastral_enriched,0.88
17decee6-f750-45dd-8880-6394059b500a,Springfield Co-operative Housing Society,springfield co operative housing society,Reputed Developer / Co-op Consortium,Pune,Kothrud & Paud Road,IN,"Springfield Co-operative Housing Society, Kothrud & Paud Road, Pune 411038, Maharashtra, India",411038,Gated Residential Society,0,20,P52100014294,18.499821,73.803136,Grade A Luxury,osm_cadastral_enriched,0.88
e1d3cb1d-6766-47f6-b67c-b2c3bf001175,Kapil Malhar Bungalow Society,kapil malhar bungalow society,Reputed Developer / Co-op Consortium,Pune,Baner & Pan Card Club Rd,IN,"Kapil Malhar Bungalow Society, Baner & Pan Card Club Rd, Pune 411045, Maharashtra, India",411045,Luxury Villa Community,0,20,P52100064527,18.560576,73.791467,Grade A Luxury,osm_cadastral_enriched,0.88
502bcf2a-09ad-42af-8ec5-aa2e2e88fadb,Rutuparna,rutuparna,Reputed Developer / Co-op Consortium,Pune,Kothrud & Paud Road,IN,"Rutuparna, DP Road, Kothrud & Paud Road, Pune 411038, Maharashtra, India",411038,Gated Residential Society,0,20,P52100014066,18.501667,73.809786,Grade A Luxury,osm_cadastral_enriched,0.88
6c59d258-c86c-441f-8652-beaacb2423e6,Alakapuri Shree,alakapuri shree,Reputed Developer / Co-op Consortium,Pune,Kothrud & Paud Road,IN,"Alakapuri Shree, Paud Road, Kothrud & Paud Road, Pune 411038, Maharashtra, India",411038,Gated Residential Society,0,20,P52100023416,18.510647,73.815263,Grade A Luxury,osm_cadastral_enriched,0.88
63c5781f-29d9-42fd-9fd4-d4d1ebbdff05,Ganesh Kunj,ganesh kunj,Reputed Developer / Co-op Consortium,Pune,Kothrud & Paud Road,IN,"Ganesh Kunj, Paud Road, Kothrud & Paud Road, Pune 411038, Maharashtra, India",411038,Gated Residential Society,0,20,P52100080684,18.510505,73.815016,Grade A Luxury,osm_cadastral_enriched,0.88
3f58d679-742d-42f8-81aa-270eeae51df9,Shilpa - A Bldg,shilpa a bldg,Reputed Developer / Co-op Consortium,Pune,Kothrud & Paud Road,IN,"Shilpa - A Bldg, MIT Back Gate Road, Kothrud & Paud Road, Pune 411038, Maharashtra, India",411038,Gated Residential Society,0,20,P52100079140,18.518953,73.816988,Grade A Luxury,osm_cadastral_enriched,0.88
92431927-2223-4097-9b68-643ccc8e8cc3,Pixelgeometry,pixelgeometry,Reputed Developer / Co-op Consortium,Pune,Keshav Nagar & Mundhwa,IN,"Pixelgeometry, Mundhwa Road, Keshav Nagar & Mundhwa, Pune 411036, Maharashtra, India",411036,Gated Residential Society,0,20,P52100015672,18.529858,73.918286,Grade A Luxury,osm_cadastral_enriched,0.88
720ac269-0641-46d7-a458-c8367db3a066,Anandnagar,anandnagar,Reputed Developer / Co-op Consortium,Pune,Kothrud & Paud Road,IN,"Anandnagar, Kothrud & Paud Road, Pune 411038, Maharashtra, India",411038,Gated Residential Society,0,20,P52100095767,18.508471,73.815047,Grade A Luxury,osm_cadastral_enriched,0.88
22b1b01f-d38a-4706-b7ae-158c83ace623,Gangateerth Society,gangateerth society,Reputed Developer / Co-op Consortium,Pune,Bibwewadi & Market Yard,IN,"Gangateerth Society, Bibwewadi & Market Yard, Pune 411009, Maharashtra, India",411009,Gated Residential Society,0,20,P52100050077,18.483854,73.852007,Grade A Luxury,osm_cadastral_enriched,0.88
7107c71b-9b0a-49d8-bd3d-cba33125a7d8,Chintamani Cooperative Housing Society,chintamani cooperative housing society,Reputed Developer / Co-op Consortium,Pune,Kothrud & Paud Road,IN,"Chintamani Cooperative Housing Society, Kothrud & Paud Road, Pune 411038, Maharashtra, India",411038,Gated Residential Society,0,20,P52100088017,18.493142,73.819902,Grade A Luxury,osm_cadastral_enriched,0.88
2d92380f-2bc8-4fee-93d0-cb9836ab0306,Pritam Nagar,pritam nagar,Reputed Developer / Co-op Consortium,Pune,Kothrud & Paud Road,IN,"Pritam Nagar, Kothrud & Paud Road, Pune 411038, Maharashtra, India",411038,Gated Residential Society,0,20,P52100078488,18.499413,73.815748,Grade A Luxury,osm_cadastral_enriched,0.88
8499d41b-3051-4031-8377-adf2772a6877,E,e,Reputed Developer / Co-op Consortium,Pune,NIBM Road & Undri,IN,"E, NIBM Road & Undri, Pune 411048, Maharashtra, India",411048,Gated Residential Society,0,20,P52100074826,18.462404,73.889338,Grade A Luxury,osm_cadastral_enriched,0.88
7d10645d-bda6-4bc6-a691-aa8fde62209a,D,d,Reputed Developer / Co-op Consortium,Pune,NIBM Road & Undri,IN,"D, NIBM Road & Undri, Pune 411048, Maharashtra, India",411048,Gated Residential Society,0,20,P52100010908,18.462082,73.889165,Grade A Luxury,osm_cadastral_enriched,0.88
119e4ebf-fbcd-40d3-8417-21810cdfe217,C,c,Reputed Developer / Co-op Consortium,Pune,NIBM Road & Undri,IN,"C, NIBM Road & Undri, Pune 411048, Maharashtra, India",411048,Gated Residential Society,0,20,P52100070591,18.461904,73.889502,Grade A Luxury,osm_cadastral_enriched,0.88
0448f6a0-2344-4ad4-84ce-9bb0e6534e7e,B,b,Reputed Developer / Co-op Consortium,Pune,NIBM Road & Undri,IN,"B, NIBM Road & Undri, Pune 411048, Maharashtra, India",411048,Gated Residential Society,0,20,P52100039951,18.461993,73.889845,Grade A Luxury,osm_cadastral_enriched,0.88
7d69dab3-79dd-45cb-915c-f59509b13e90,A,a,Reputed Developer / Co-op Consortium,Pune,NIBM Road & Undri,IN,"A, NIBM Road & Undri, Pune 411048, Maharashtra, India",411048,Gated Residential Society,0,20,P52100060996,18.462395,73.889692,Grade A Luxury,osm_cadastral_enriched,0.88
7e92bab2-75d2-4410-a056-8ace3ea4f3b6,State Bank of India,state bank of india,Reputed Developer / Co-op Consortium,Pune,NIBM Road & Undri,IN,"State Bank of India, NIBM Road, NIBM Road & Undri, Pune 411048, Maharashtra, India",411048,Gated Residential Society,0,20,P52100071418,18.477987,73.89071,Grade A Luxury,osm_cadastral_enriched,0.88
fee51189-5d31-4ee1-ba29-875ec2220bab,Surobhi Enclave 1,surobhi enclave 1,Reputed Developer / Co-op Consortium,Pune,Aundh & Sindh Society,IN,"Surobhi Enclave 1, Aundh & Sindh Society, Pune 411007, Maharashtra, India",411007,Luxury Villa Community,0,20,P52100034983,18.566525,73.805723,Grade A Luxury,osm_cadastral_enriched,0.88
7cdeed34-d46c-4774-86dd-fe36d2d17432,A Building,a building,Reputed Developer / Co-op Consortium,Pune,Aundh & Sindh Society,IN,"A Building, Aundh & Sindh Society, Pune 411007, Maharashtra, India",411007,Gated Residential Society,0,20,P52100055281,18.566819,73.805775,Grade A Luxury,osm_cadastral_enriched,0.88
b55eed68-3780-491d-81f7-7931b32ccaa7,Surobhi Corporation Building,surobhi corporation building,Reputed Developer / Co-op Consortium,Pune,Aundh & Sindh Society,IN,"Surobhi Corporation Building, Aundh & Sindh Society, Pune 411007, Maharashtra, India",411007,Gated Residential Society,0,20,P52100093746,18.566229,73.805711,Grade A Luxury,osm_cadastral_enriched,0.88
75bd9a71-0f2a-4eed-baec-12033f2bb1e7,C Gangotri,c gangotri,Reputed Developer / Co-op Consortium,Pune,Aundh & Sindh Society,IN,"C Gangotri, Aundh & Sindh Society, Pune 411007, Maharashtra, India",411007,Gated Residential Society,0,20,P52100067247,18.567291,73.805861,Grade A Luxury,osm_cadastral_enriched,0.88
6b5a1e3e-f8d7-4c25-96f6-fcf62b8d1f69,B Gangotri,b gangotri,Reputed Developer / Co-op Consortium,Pune,Aundh & Sindh Society,IN,"B Gangotri, Aundh & Sindh Society, Pune 411007, Maharashtra, India",411007,Gated Residential Society,0,20,P52100021022,18.56705,73.805823,Grade A Luxury,osm_cadastral_enriched,0.88
ee4fee6c-873e-41f1-b13b-45569ef5ed61,B,b,Reputed Developer / Co-op Consortium,Pune,Aundh & Sindh Society,IN,"B, Aundh & Sindh Society, Pune 411007, Maharashtra, India",411007,Gated Residential Society,0,20,P52100051321,18.565101,73.803461,Grade A Luxury,osm_cadastral_enriched,0.88
62c8fe8e-de5a-44b2-b1ea-528061964665,A,a,Reputed Developer / Co-op Consortium,Pune,Aundh & Sindh Society,IN,"A, Aundh & Sindh Society, Pune 411007, Maharashtra, India",411007,Gated Residential Society,0,20,P52100015576,18.56541,73.803557,Grade A Luxury,osm_cadastral_enriched,0.88
3e3cc96e-c2da-4fb7-9954-47504631dba6,Loksangam Vihar,loksangam vihar,Reputed Developer / Co-op Consortium,Pune,Aundh & Sindh Society,IN,"Loksangam Vihar, Nagras Road, Aundh & Sindh Society, Pune 411007, Maharashtra, India",411007,Gated Residential Society,0,20,P52100082852,18.567904,73.802699,Grade A Luxury,osm_cadastral_enriched,0.88
5b858c12-d7c9-4784-bc68-27fd2ef5b014,Loksamgam Vihar,loksamgam vihar,Reputed Developer / Co-op Consortium,Pune,Aundh & Sindh Society,IN,"Loksamgam Vihar, Nagras Road, Aundh & Sindh Society, Pune 411007, Maharashtra, India",411007,Gated Residential Society,0,20,P52100056140,18.567459,73.802683,Grade A Luxury,osm_cadastral_enriched,0.88
2812b436-fd5d-48b4-be61-feb215393877,Bandhangad,bandhangad,Reputed Developer / Co-op Consortium,Pune,Aundh & Sindh Society,IN,"Bandhangad, Aundh & Sindh Society, Pune 411007, Maharashtra, India",411007,Gated Residential Society,0,20,P52100069771,18.563056,73.80357,Grade A Luxury,osm_cadastral_enriched,0.88
41244724-b4e7-4135-8d64-11325b19118e,Rajas,rajas,Reputed Developer / Co-op Consortium,Pune,Aundh & Sindh Society,IN,"Rajas, Nagras Road, Aundh & Sindh Society, Pune 411007, Maharashtra, India",411007,Gated Residential Society,0,20,P52100075339,18.565498,73.803984,Grade A Luxury,osm_cadastral_enriched,0.88
41f6ea99-e812-4b06-96f6-ef30e361df1d,Nirmal,nirmal,Reputed Developer / Co-op Consortium,Pune,Aundh & Sindh Society,IN,"Nirmal, Aundh & Sindh Society, Pune 411007, Maharashtra, India",411007,Gated Residential Society,0,20,P52100023145,18.563458,73.804802,Grade A Luxury,osm_cadastral_enriched,0.88
c9e4b0cd-0615-4a25-a652-55b40424c7ae,Rigved Kingston,rigved kingston,Reputed Developer / Co-op Consortium,Pune,Nigdi & Pradhikaran,IN,"Rigved Kingston, Nigdi & Pradhikaran, Pune 411044, Maharashtra, India",411044,Gated Residential Society,0,20,P52100080898,18.650314,73.775437,Grade A Luxury,osm_cadastral_enriched,0.88
67201eb9-92c1-4eef-bf87-90e9629bf709,Savli,savli,Reputed Developer / Co-op Consortium,Pune,Hinjewadi (Phases 1-3),IN,"Savli, Hinjewadi (Phases 1-3), Pune 411057, Maharashtra, India",411057,Gated Residential Society,0,20,P52100053856,18.580717,73.743428,Grade A Luxury,osm_cadastral_enriched,0.88
ca630808-dbad-4563-8e64-6b038869f674,Dhadinraj Heights,dhadinraj heights,Reputed Developer / Co-op Consortium,Pune,Hinjewadi (Phases 1-3),IN,"Dhadinraj Heights, Hinjewadi (Phases 1-3), Pune 411057, Maharashtra, India",411057,Luxury High-Rise Tower,0,20,P52100092016,18.588857,73.74358,Grade A Luxury,osm_cadastral_enriched,0.88
d2ea8d5d-1632-4609-bb5a-ebf98b3c3c81,Babaji Residency,babaji residency,Reputed Developer / Co-op Consortium,Pune,Hinjewadi (Phases 1-3),IN,"Babaji Residency, Hinjewadi (Phases 1-3), Pune 411057, Maharashtra, India",411057,Gated Residential Society,0,20,P52100049463,18.588513,73.744466,Grade A Luxury,osm_cadastral_enriched,0.88
020cd823-3749-4827-af9e-0bc078d721b7,Blueridge,blueridge,Reputed Developer / Co-op Consortium,Pune,Hinjewadi (Phases 1-3),IN,"Blueridge, Hinjewadi (Phases 1-3), Pune 411057, Maharashtra, India",411057,Gated Residential Society,0,20,P52100070251,18.579563,73.735451,Grade A Luxury,osm_cadastral_enriched,0.88
0448c6be-1a02-483c-8eb1-b1691e302093,Garden Estate,garden estate,Reputed Developer / Co-op Consortium,Pune,Aundh & Sindh Society,IN,"Garden Estate, Nagras Road, Aundh & Sindh Society, Pune 411007, Maharashtra, India",411007,Gated Residential Society,0,20,P52100073857,18.564978,73.806391,Grade A Luxury,osm_cadastral_enriched,0.88
b594714a-0028-48d7-920d-b27a901a85c1,Namratali,namratali,Reputed Developer / Co-op Consortium,Pune,Aundh & Sindh Society,IN,"Namratali, Ramchandra Gayakwad Path, Aundh & Sindh Society, Pune 411007, Maharashtra, India",411007,Gated Residential Society,0,20,P52100025396,18.560205,73.806089,Grade A Luxury,osm_cadastral_enriched,0.88
ef84171d-292b-497a-97ef-40c300bbcb5a,Abja Pavillion,abja pavillion,Reputed Developer / Co-op Consortium,Pune,Aundh & Sindh Society,IN,"Abja Pavillion, Ramchandra Gayakwad Path, Aundh & Sindh Society, Pune 411007, Maharashtra, India",411007,Gated Residential Society,0,20,P52100036851,18.56025,73.806385,Grade A Luxury,osm_cadastral_enriched,0.88
de84edf2-a252-465e-950f-9df3b5c3039b,Kanchanjunga,kanchanjunga,Reputed Developer / Co-op Consortium,Pune,Aundh & Sindh Society,IN,"Kanchanjunga, Aundh & Sindh Society, Pune 411007, Maharashtra, India",411007,Gated Residential Society,0,20,P52100074100,18.558177,73.805883,Grade A Luxury,osm_cadastral_enriched,0.88
6879da67-5e8d-493e-9ba5-691aa39b3d89,Conifer,conifer,Reputed Developer / Co-op Consortium,Pune,Aundh & Sindh Society,IN,"Conifer, Aundh & Sindh Society, Pune 411007, Maharashtra, India",411007,Gated Residential Society,0,20,P52100023218,18.558528,73.806828,Grade A Luxury,osm_cadastral_enriched,0.88
24b51f40-0dde-4793-bb13-aeab843c68ab,Abhisagar,abhisagar,Reputed Developer / Co-op Consortium,Pune,Baner & Pan Card Club Rd,IN,"Abhisagar, Baner & Pan Card Club Rd, Pune 411045, Maharashtra, India",411045,Gated Residential Society,0,20,P52100037908,18.569222,73.778658,Grade A Luxury,osm_cadastral_enriched,0.88
ca6b9ca1-5dc3-424e-afec-8903d975b2c7,Renuka Aai,renuka aai,Reputed Developer / Co-op Consortium,Pune,Baner & Pan Card Club Rd,IN,"Renuka Aai, Baner & Pan Card Club Rd, Pune 411045, Maharashtra, India",411045,Gated Residential Society,0,20,P52100052375,18.568859,73.775702,Grade A Luxury,osm_cadastral_enriched,0.88
efededfe-d7d4-4954-bb73-8b22569311df,Krushnai,krushnai,Reputed Developer / Co-op Consortium,Pune,Baner & Pan Card Club Rd,IN,"Krushnai, Baner & Pan Card Club Rd, Pune 411045, Maharashtra, India",411045,Gated Residential Society,0,20,P52100035455,18.564316,73.777991,Grade A Luxury,osm_cadastral_enriched,0.88
02404977-1ff6-4dcb-a158-61599e7985a8,Godavari,godavari,Reputed Developer / Co-op Consortium,Pune,Baner & Pan Card Club Rd,IN,"Godavari, Baner & Pan Card Club Rd, Pune 411045, Maharashtra, India",411045,Gated Residential Society,0,20,P52100023256,18.569194,73.778488,Grade A Luxury,osm_cadastral_enriched,0.88
fd70b046-9c09-4353-9f1f-cb0947f1f3c4,Nakshatra,nakshatra,Reputed Developer / Co-op Consortium,Pune,Baner & Pan Card Club Rd,IN,"Nakshatra, Baner & Pan Card Club Rd, Pune 411045, Maharashtra, India",411045,Gated Residential Society,0,20,P52100099629,18.568871,73.775859,Grade A Luxury,osm_cadastral_enriched,0.88
be033a1c-9c81-4137-bd51-63cb908be7d1,Four Blossoms,four blossoms,Reputed Developer / Co-op Consortium,Pune,Baner & Pan Card Club Rd,IN,"Four Blossoms, Baner & Pan Card Club Rd, Pune 411045, Maharashtra, India",411045,Gated Residential Society,0,20,P52100055259,18.568275,73.777105,Grade A Luxury,osm_cadastral_enriched,0.88
08227d4d-22a2-432b-821e-2dea628f704e,Aurum Avenue,aurum avenue,Reputed Developer / Co-op Consortium,Pune,Baner & Pan Card Club Rd,IN,"Aurum Avenue, Baner & Pan Card Club Rd, Pune 411045, Maharashtra, India",411045,Gated Residential Society,0,20,P52100021386,18.568141,73.775181,Grade A Luxury,osm_cadastral_enriched,0.88
eaac495e-a1e1-47af-bb3c-e5cd40b9dac1,Ajay Apartment,ajay apartment,Reputed Developer / Co-op Consortium,Pune,Aundh & Sindh Society,IN,"Ajay Apartment, Sanghvi Kesari Road, Aundh & Sindh Society, Pune 411007, Maharashtra, India",411007,Gated Residential Society,0,20,P52100013436,18.560339,73.811371,Grade A Luxury,osm_cadastral_enriched,0.88
dc60b2e7-3e60-4f2c-9b19-95752288676f,Viraj Sequoia,viraj sequoia,Reputed Developer / Co-op Consortium,Pune,Aundh & Sindh Society,IN,"Viraj Sequoia, Aundhgaon - Aundh Dmart Road, Aundh & Sindh Society, Pune 411007, Maharashtra, India",411007,Gated Residential Society,0,20,P52100036096,18.564951,73.808812,Grade A Luxury,osm_cadastral_enriched,0.88
d95853ce-2005-44aa-be8a-a5be198481bd,Punit Aangan,punit aangan,Reputed Developer / Co-op Consortium,Pune,Aundh & Sindh Society,IN,"Punit Aangan, Aundhgaon - Aundh Dmart Road, Aundh & Sindh Society, Pune 411007, Maharashtra, India",411007,Gated Residential Society,0,20,P52100092135,18.564917,73.808456,Grade A Luxury,osm_cadastral_enriched,0.88
901692d6-2f8e-4116-a301-e064f20e7b1f,2,2,Reputed Developer / Co-op Consortium,Pune,Aundh & Sindh Society,IN,"2, Sanghvi Kesari Road, Aundh & Sindh Society, Pune 411007, Maharashtra, India",411007,Gated Residential Society,0,20,P52100013984,18.561017,73.81328,Grade A Luxury,osm_cadastral_enriched,0.88
fbe2f476-0c13-48c4-bf85-fdae6a762f57,Aditi,aditi,Reputed Developer / Co-op Consortium,Pune,Aundh & Sindh Society,IN,"Aditi, Aundhgaon - Aundh Dmart Road, Aundh & Sindh Society, Pune 411007, Maharashtra, India",411007,Gated Residential Society,0,20,P52100097487,18.564957,73.808166,Grade A Luxury,osm_cadastral_enriched,0.88
5baae282-1202-4e65-a76b-c22155ecba51,3,3,Reputed Developer / Co-op Consortium,Pune,Aundh & Sindh Society,IN,"3, Sanghvi Kesari Road, Aundh & Sindh Society, Pune 411007, Maharashtra, India",411007,Gated Residential Society,0,20,P52100075227,18.561005,73.812824,Grade A Luxury,osm_cadastral_enriched,0.88
01d4d3c9-443e-43cc-9cd2-db54afd97e91,Shakun,shakun,Reputed Developer / Co-op Consortium,Pune,Aundh & Sindh Society,IN,"Shakun, Sanghvi Kesari Road, Aundh & Sindh Society, Pune 411007, Maharashtra, India",411007,Gated Residential Society,0,20,P52100065435,18.560429,73.812698,Grade A Luxury,osm_cadastral_enriched,0.88
1190e9c0-5bd3-448d-b492-f8e627e8fde1,1,1,Reputed Developer / Co-op Consortium,Pune,Aundh & Sindh Society,IN,"1, Sanghvi Kesari Road, Aundh & Sindh Society, Pune 411007, Maharashtra, India",411007,Gated Residential Society,0,20,P52100011459,18.561076,73.813699,Grade A Luxury,osm_cadastral_enriched,0.88
baa7684a-0b12-4e1d-907d-56d8ea4f2268,Rikesh,rikesh,Reputed Developer / Co-op Consortium,Pune,Aundh & Sindh Society,IN,"Rikesh, Sanghvi Kesari Road, Aundh & Sindh Society, Pune 411007, Maharashtra, India",411007,Gated Residential Society,0,20,P52100089448,18.560955,73.811805,Grade A Luxury,osm_cadastral_enriched,0.88
a2be0209-d2fd-4030-ae8c-fe55be66ca78,Suyog,suyog,Reputed Developer / Co-op Consortium,Pune,Aundh & Sindh Society,IN,"Suyog, Aundh & Sindh Society, Pune 411007, Maharashtra, India",411007,Gated Residential Society,0,20,P52100057543,18.562183,73.805687,Grade A Luxury,osm_cadastral_enriched,0.88
5ce02576-5e7c-4da7-987f-4656b91c67de,Shiv Raj,shiv raj,Reputed Developer / Co-op Consortium,Pune,Aundh & Sindh Society,IN,"Shiv Raj, Ramchandra Gayakwad Path, Aundh & Sindh Society, Pune 411007, Maharashtra, India",411007,Gated Residential Society,0,20,P52100018407,18.560331,73.80764,Grade A Luxury,osm_cadastral_enriched,0.88
e3f5db00-ae2e-4421-afc5-b57ea911bf27,Hrushikesh Dham,hrushikesh dham,Reputed Developer / Co-op Consortium,Pune,Aundh & Sindh Society,IN,"Hrushikesh Dham, Ramchandra Gayakwad Path, Aundh & Sindh Society, Pune 411007, Maharashtra, India",411007,Gated Residential Society,0,20,P52100062149,18.560409,73.808916,Grade A Luxury,osm_cadastral_enriched,0.88
da662208-cdd4-4bf7-8813-c66232248f1a,Sheetal,sheetal,Reputed Developer / Co-op Consortium,Pune,Aundh & Sindh Society,IN,"Sheetal, Ramchandra Gayakwad Path, Aundh & Sindh Society, Pune 411007, Maharashtra, India",411007,Gated Residential Society,0,20,P52100055265,18.560345,73.807412,Grade A Luxury,osm_cadastral_enriched,0.88
2cdaaf8d-696a-493f-a83e-f9fddb325c29,Swojas Complex,swojas complex,Reputed Developer / Co-op Consortium,Pune,Aundh & Sindh Society,IN,"Swojas Complex, Sanghvi Kesari Road, Aundh & Sindh Society, Pune 411007, Maharashtra, India",411007,Gated Residential Society,0,20,P52100099267,18.560872,73.809701,Grade A Luxury,osm_cadastral_enriched,0.88
345059f3-ef13-4cf8-adda-58bbab70d9cd,Sameer,sameer,Reputed Developer / Co-op Consortium,Pune,Aundh & Sindh Society,IN,"Sameer, Sanghvi Kesari Road, Aundh & Sindh Society, Pune 411007, Maharashtra, India",411007,Gated Residential Society,0,20,P52100057606,18.560434,73.81317,Grade A Luxury,osm_cadastral_enriched,0.88
f8e96537-637a-4da8-bfb4-077d0740bac8,Krishnai,krishnai,Reputed Developer / Co-op Consortium,Pune,Aundh & Sindh Society,IN,"Krishnai, Sanghvi Kesari Road, Aundh & Sindh Society, Pune 411007, Maharashtra, India",411007,Gated Residential Society,0,20,P52100068977,18.560917,73.810944,Grade A Luxury,osm_cadastral_enriched,0.88
d35a4879-2985-40ac-bf98-063ae1a805ca,Seetai Villa,seetai villa,Reputed Developer / Co-op Consortium,Pune,Hinjewadi (Phases 1-3),IN,"Seetai Villa, Hinjewadi (Phases 1-3), Pune 411057, Maharashtra, India",411057,Luxury Villa Community,0,20,P52100059342,18.575582,73.710739,Grade A Luxury,osm_cadastral_enriched,0.88
610232dc-6951-46ba-ae6b-b0bf36cdf62d,Yash Apartments,yash apartments,Reputed Developer / Co-op Consortium,Pune,Baner & Pan Card Club Rd,IN,"Yash Apartments, Baner & Pan Card Club Rd, Pune 411045, Maharashtra, India",411045,Gated Residential Society,0,20,P52100021151,18.563777,73.774984,Grade A Luxury,osm_cadastral_enriched,0.88
c6dc07ff-d46e-4e37-ab67-1d8c9848d95b,Amar Heights,amar heights,Reputed Developer / Co-op Consortium,Pune,Aundh & Sindh Society,IN,"Amar Heights, Aundh & Sindh Society, Pune 411007, Maharashtra, India",411007,Luxury High-Rise Tower,0,20,P52100030098,18.562655,73.834108,Grade A Luxury,osm_cadastral_enriched,0.88
874c6998-557b-41b3-81a9-d74288be075a,Camellia,camellia,Reputed Developer / Co-op Consortium,Pune,Baner & Pan Card Club Rd,IN,"Camellia, Baner & Pan Card Club Rd, Pune 411045, Maharashtra, India",411045,Gated Residential Society,0,20,P52100014873,18.568267,73.780572,Grade A Luxury,osm_cadastral_enriched,0.88
7a67c015-69f8-4288-9579-81602da696d5,Gayatri,gayatri,Reputed Developer / Co-op Consortium,Pune,Baner & Pan Card Club Rd,IN,"Gayatri, Baner & Pan Card Club Rd, Pune 411045, Maharashtra, India",411045,Gated Residential Society,0,20,P52100015575,18.56308,73.781198,Grade A Luxury,osm_cadastral_enriched,0.88
a713d383-5d63-4186-a21d-7d8d48f4be96,Vithal Vista,vithal vista,Reputed Developer / Co-op Consortium,Pune,Baner & Pan Card Club Rd,IN,"Vithal Vista, Baner & Pan Card Club Rd, Pune 411045, Maharashtra, India",411045,Gated Residential Society,0,20,P52100083889,18.563105,73.780969,Grade A Luxury,osm_cadastral_enriched,0.88
87e18d54-8907-42e4-aa42-654817ab6f3e,Mayuresh,mayuresh,Reputed Developer / Co-op Consortium,Pune,Baner & Pan Card Club Rd,IN,"Mayuresh, Baner & Pan Card Club Rd, Pune 411045, Maharashtra, India",411045,Gated Residential Society,0,20,P52100038850,18.568503,73.780916,Grade A Luxury,osm_cadastral_enriched,0.88
a8eb3b8b-7e24-4738-9b27-995979eb7e80,Castle Ascot,castle ascot,Reputed Developer / Co-op Consortium,Pune,Baner & Pan Card Club Rd,IN,"Castle Ascot, Baner & Pan Card Club Rd, Pune 411045, Maharashtra, India",411045,Gated Residential Society,0,20,P52100054460,18.567593,73.780919,Grade A Luxury,osm_cadastral_enriched,0.88
44ed8669-d913-41f5-9c6c-f2fd12933c98,Om Vithai Mauli,om vithai mauli,Reputed Developer / Co-op Consortium,Pune,Baner & Pan Card Club Rd,IN,"Om Vithai Mauli, Baner & Pan Card Club Rd, Pune 411045, Maharashtra, India",411045,Gated Residential Society,0,20,P52100058327,18.568958,73.781626,Grade A Luxury,osm_cadastral_enriched,0.88
6e6e1929-7970-44a2-a816-4994df0044f7,Shivdutta Complex,shivdutta complex,Reputed Developer / Co-op Consortium,Pune,Baner & Pan Card Club Rd,IN,"Shivdutta Complex, Baner & Pan Card Club Rd, Pune 411045, Maharashtra, India",411045,Gated Residential Society,0,20,P52100064830,18.563774,73.781519,Grade A Luxury,osm_cadastral_enriched,0.88
0457e11f-0814-4240-8959-d874eab740ef,Ishakrupa,ishakrupa,Reputed Developer / Co-op Consortium,Pune,Baner & Pan Card Club Rd,IN,"Ishakrupa, Baner & Pan Card Club Rd, Pune 411045, Maharashtra, India",411045,Gated Residential Society,0,20,P52100044515,18.562643,73.780697,Grade A Luxury,osm_cadastral_enriched,0.88
92a3cca8-3eba-4e5b-b862-b9f94c5885fc,Bhagwati Iris,bhagwati iris,Reputed Developer / Co-op Consortium,Pune,Baner & Pan Card Club Rd,IN,"Bhagwati Iris, Baner & Pan Card Club Rd, Pune 411045, Maharashtra, India",411045,Gated Residential Society,0,20,P52100072036,18.56825,73.780829,Grade A Luxury,osm_cadastral_enriched,0.88
3f983073-2ff2-4612-94a7-83381a908e33,Mayola Residency,mayola residency,Reputed Developer / Co-op Consortium,Pune,Baner & Pan Card Club Rd,IN,"Mayola Residency, Baner & Pan Card Club Rd, Pune 411045, Maharashtra, India",411045,Gated Residential Society,0,20,P52100019963,18.562276,73.781195,Grade A Luxury,osm_cadastral_enriched,0.88
f5744925-a269-4e2a-94d3-027cddeb382d,Aruna,aruna,Reputed Developer / Co-op Consortium,Pune,Baner & Pan Card Club Rd,IN,"Aruna, Baner & Pan Card Club Rd, Pune 411045, Maharashtra, India",411045,Gated Residential Society,0,20,P52100062788,18.562648,73.780974,Grade A Luxury,osm_cadastral_enriched,0.88
216dd183-c4e3-413e-ab03-8b8148da679d,Rutuja Residency,rutuja residency,Reputed Developer / Co-op Consortium,Pune,Baner & Pan Card Club Rd,IN,"Rutuja Residency, Baner & Pan Card Club Rd, Pune 411045, Maharashtra, India",411045,Gated Residential Society,0,20,P52100073720,18.56283,73.781196,Grade A Luxury,osm_cadastral_enriched,0.88
cbb9fdfe-09b2-4fe7-b267-6f207d9efcb4,Aawishkar Elegance,aawishkar elegance,Reputed Developer / Co-op Consortium,Pune,Baner & Pan Card Club Rd,IN,"Aawishkar Elegance, Baner & Pan Card Club Rd, Pune 411045, Maharashtra, India",411045,Gated Residential Society,0,20,P52100016193,18.568122,73.7819,Grade A Luxury,osm_cadastral_enriched,0.88
e1294692-1f0f-4279-a860-5cf4cd99a3cd,The Fountainhead,the fountainhead,Reputed Developer / Co-op Consortium,Pune,Baner & Pan Card Club Rd,IN,"The Fountainhead, Baner & Pan Card Club Rd, Pune 411045, Maharashtra, India",411045,Gated Residential Society,0,20,P52100082247,18.569425,73.781303,Grade A Luxury,osm_cadastral_enriched,0.88
3efeec76-55ae-4326-86cd-860e6d46ee21,Takshashila,takshashila,Reputed Developer / Co-op Consortium,Pune,Hinjewadi (Phases 1-3),IN,"Takshashila, Hinjawadi Phase 1 road, Hinjewadi (Phases 1-3), Pune 411057, Maharashtra, India",411057,Gated Residential Society,0,20,P52100064745,18.585048,73.736629,Grade A Luxury,osm_cadastral_enriched,0.88
d40d8a90-4d89-453e-8770-be0281344953,Ekvira Niwas,ekvira niwas,Reputed Developer / Co-op Consortium,Pune,Hinjewadi (Phases 1-3),IN,"Ekvira Niwas, Hinjewadi (Phases 1-3), Pune 411057, Maharashtra, India",411057,Gated Residential Society,0,20,P52100089331,18.585041,73.742541,Grade A Luxury,osm_cadastral_enriched,0.88
a6fd2b50-9fbe-4c09-ab51-54179cca7f6d,Laxmi Palace,laxmi palace,Reputed Developer / Co-op Consortium,Pune,Aundh & Sindh Society,IN,"Laxmi Palace, Aundhgaon - Aundh Dmart Road, Aundh & Sindh Society, Pune 411007, Maharashtra, India",411007,Gated Residential Society,0,20,P52100073682,18.564999,73.809399,Grade A Luxury,osm_cadastral_enriched,0.88
1de4e067-8b85-4e4c-8701-92ee4fd7bb99,Gitai,gitai,Reputed Developer / Co-op Consortium,Pune,Baner & Pan Card Club Rd,IN,"Gitai, Baner & Pan Card Club Rd, Pune 411045, Maharashtra, India",411045,Gated Residential Society,0,20,P52100012139,18.565417,73.782657,Grade A Luxury,osm_cadastral_enriched,0.88
c7dee41a-2e88-4612-9c12-f7ec700a886f,Matoshri,matoshri,Reputed Developer / Co-op Consortium,Pune,Baner & Pan Card Club Rd,IN,"Matoshri, Baner & Pan Card Club Rd, Pune 411045, Maharashtra, India",411045,Gated Residential Society,0,20,P52100020314,18.56562,73.78265,Grade A Luxury,osm_cadastral_enriched,0.88
62b0c935-bcfb-497a-96e0-dfe0bbc7f879,Shree Venkatapadmavati PG Men and Women,shree venkatapadmavati pg men and women,Reputed Developer / Co-op Consortium,Pune,Hinjewadi (Phases 1-3),IN,"Shree Venkatapadmavati PG Men and Women, Hinjewadi (Phases 1-3), Pune 411057, Maharashtra, India",411057,Gated Residential Society,0,20,P52100042720,18.589198,73.7389,Grade A Luxury,osm_cadastral_enriched,0.88
067d9083-f403-4188-9a4a-41d97c5aa33a,Samar Paradise,samar paradise,Reputed Developer / Co-op Consortium,Pune,Aundh & Sindh Society,IN,"Samar Paradise, Samar Paradise Lane, Aundh & Sindh Society, Pune 411007, Maharashtra, India",411007,Gated Residential Society,0,20,P52100081156,18.560879,73.805102,Grade A Luxury,osm_cadastral_enriched,0.88
df7e6d18-509e-41cc-90ba-f2dda2a51695,Bhakti Heritage,bhakti heritage,Reputed Developer / Co-op Consortium,Pune,Aundh & Sindh Society,IN,"Bhakti Heritage, Aundh & Sindh Society, Pune 411007, Maharashtra, India",411007,Gated Residential Society,0,20,P52100053150,18.562762,73.814354,Grade A Luxury,osm_cadastral_enriched,0.88
9ae934e1-e8e8-40a4-9b99-d0f05cd00226,Gardenia,gardenia,Reputed Developer / Co-op Consortium,Pune,Aundh & Sindh Society,IN,"Gardenia, Aundh & Sindh Society, Pune 411007, Maharashtra, India",411007,Gated Residential Society,0,20,P52100019055,18.556689,73.804317,Grade A Luxury,osm_cadastral_enriched,0.88
c7e9ff0e-159f-481f-9169-e7a63bb76368,Soham Eternity,soham eternity,Reputed Developer / Co-op Consortium,Pune,Aundh & Sindh Society,IN,"Soham Eternity, Ashiyana Park Lane 2, Aundh & Sindh Society, Pune 411007, Maharashtra, India",411007,Gated Residential Society,0,20,P52100030066,18.557376,73.800267,Grade A Luxury,osm_cadastral_enriched,0.88
ed2e2cdb-3c95-4c12-82db-99a1de66cc46,Mihir Terraces,mihir terraces,Reputed Developer / Co-op Consortium,Pune,Aundh & Sindh Society,IN,"Mihir Terraces, Aundh & Sindh Society, Pune 411007, Maharashtra, India",411007,Gated Residential Society,0,20,P52100034503,18.556493,73.804334,Grade A Luxury,osm_cadastral_enriched,0.88
4d3ab730-1de8-4092-80ab-05ea2584ce4b,Kalamkar Bishnoi Complex,kalamkar bishnoi complex,Reputed Developer / Co-op Consortium,Pune,Baner & Pan Card Club Rd,IN,"Kalamkar Bishnoi Complex, Baner & Pan Card Club Rd, Pune 411045, Maharashtra, India",411045,Gated Residential Society,0,20,P52100029332,18.561095,73.786641,Grade A Luxury,osm_cadastral_enriched,0.88
31a4e0e6-9554-48cc-be42-790b08b2eed7,Willows C Building,willows c building,Reputed Developer / Co-op Consortium,Pune,Baner & Pan Card Club Rd,IN,"Willows C Building, Baner & Pan Card Club Rd, Pune 411045, Maharashtra, India",411045,Gated Residential Society,0,20,P52100074926,18.570836,73.78364,Grade A Luxury,osm_cadastral_enriched,0.88
b1ea58d4-46f3-4a82-a3e0-ffe82601ae37,Willows D Building,willows d building,Reputed Developer / Co-op Consortium,Pune,Baner & Pan Card Club Rd,IN,"Willows D Building, Baner & Pan Card Club Rd, Pune 411045, Maharashtra, India",411045,Gated Residential Society,0,20,P52100063976,18.570785,73.784095,Grade A Luxury,osm_cadastral_enriched,0.88
f32f361f-2dc6-46f5-8e81-514bba3770e4,Willows E Building,willows e building,Reputed Developer / Co-op Consortium,Pune,Baner & Pan Card Club Rd,IN,"Willows E Building, Baner & Pan Card Club Rd, Pune 411045, Maharashtra, India",411045,Gated Residential Society,0,20,P52100060335,18.571382,73.782519,Grade A Luxury,osm_cadastral_enriched,0.88
062a6961-0fde-44d6-8129-fd8bd08f91c9,Willows F Building,willows f building,Reputed Developer / Co-op Consortium,Pune,Baner & Pan Card Club Rd,IN,"Willows F Building, Baner & Pan Card Club Rd, Pune 411045, Maharashtra, India",411045,Gated Residential Society,0,20,P52100027573,18.571334,73.783005,Grade A Luxury,osm_cadastral_enriched,0.88
a1020b51-3eb4-48ac-85bf-160baecc880e,Willows B Building,willows b building,Reputed Developer / Co-op Consortium,Pune,Baner & Pan Card Club Rd,IN,"Willows B Building, Baner & Pan Card Club Rd, Pune 411045, Maharashtra, India",411045,Gated Residential Society,0,20,P52100072216,18.570898,73.783133,Grade A Luxury,osm_cadastral_enriched,0.88
ac92a17f-1f6c-434c-997f-cb3e6447ffda,Willows A Building,willows a building,Reputed Developer / Co-op Consortium,Pune,Baner & Pan Card Club Rd,IN,"Willows A Building, Baner & Pan Card Club Rd, Pune 411045, Maharashtra, India",411045,Gated Residential Society,0,20,P52100010854,18.570966,73.782623,Grade A Luxury,osm_cadastral_enriched,0.88
aec33f28-7755-41cf-93f8-46310fb7b56f,Prakrtii CHS A Block,prakrtii chs a block,Reputed Developer / Co-op Consortium,Pune,Baner & Pan Card Club Rd,IN,"Prakrtii CHS A Block, Baner & Pan Card Club Rd, Pune 411045, Maharashtra, India",411045,Gated Residential Society,0,20,P52100035011,18.569614,73.782609,Grade A Luxury,osm_cadastral_enriched,0.88
dc11c309-842b-4b79-bd5d-077452d395c8,Bravuria,bravuria,Reputed Developer / Co-op Consortium,Pune,Baner & Pan Card Club Rd,IN,"Bravuria, Baner & Pan Card Club Rd, Pune 411045, Maharashtra, India",411045,Gated Residential Society,0,20,P52100098817,18.569222,73.783041,Grade A Luxury,osm_cadastral_enriched,0.88
7708eead-f73e-46f9-80b0-3a761396ad8c,Prakrtii CHS B Block,prakrtii chs b block,Reputed Developer / Co-op Consortium,Pune,Baner & Pan Card Club Rd,IN,"Prakrtii CHS B Block, Baner & Pan Card Club Rd, Pune 411045, Maharashtra, India",411045,Gated Residential Society,0,20,P52100059548,18.569555,73.782927,Grade A Luxury,osm_cadastral_enriched,0.88
2548014a-14d9-4db4-abf8-f29871eedf94,Radha Kunj,radha kunj,Reputed Developer / Co-op Consortium,Pune,Baner & Pan Card Club Rd,IN,"Radha Kunj, Baner & Pan Card Club Rd, Pune 411045, Maharashtra, India",411045,Gated Residential Society,0,20,P52100057194,18.57153,73.781141,Grade A Luxury,osm_cadastral_enriched,0.88
ffc1b1ef-8e01-4514-a351-469af9da2cfd,Sant Krupa,sant krupa,Reputed Developer / Co-op Consortium,Pune,Baner & Pan Card Club Rd,IN,"Sant Krupa, Baner & Pan Card Club Rd, Pune 411045, Maharashtra, India",411045,Gated Residential Society,0,20,P52100040349,18.560977,73.78736,Grade A Luxury,osm_cadastral_enriched,0.88
12d20fe0-2006-409d-9aca-2e12c6029463,Sai Ratan,sai ratan,Reputed Developer / Co-op Consortium,Pune,Aundh & Sindh Society,IN,"Sai Ratan, Aundh & Sindh Society, Pune 411007, Maharashtra, India",411007,Gated Residential Society,0,20,P52100032170,18.559957,73.801288,Grade A Luxury,osm_cadastral_enriched,0.88
4a84d11e-db8f-40bf-ae89-76958eb7d139,Soham,soham,Reputed Developer / Co-op Consortium,Pune,Aundh & Sindh Society,IN,"Soham, Aundh & Sindh Society, Pune 411007, Maharashtra, India",411007,Gated Residential Society,0,20,P52100019925,18.559889,73.801591,Grade A Luxury,osm_cadastral_enriched,0.88
3dba1584-63e1-40cd-ad74-59e9f4b5faf7,Suyog,suyog,Reputed Developer / Co-op Consortium,Pune,Aundh & Sindh Society,IN,"Suyog, Aundh & Sindh Society, Pune 411007, Maharashtra, India",411007,Gated Residential Society,0,20,P52100057543,18.559935,73.801963,Grade A Luxury,osm_cadastral_enriched,0.88
9e88d92b-eae3-49ec-8932-12c70a672c44,Sarth,sarth,Reputed Developer / Co-op Consortium,Pune,Aundh & Sindh Society,IN,"Sarth, Aundh & Sindh Society, Pune 411007, Maharashtra, India",411007,Gated Residential Society,0,20,P52100055155,18.559871,73.801508,Grade A Luxury,osm_cadastral_enriched,0.88
cfc2879f-2e48-4e6f-89f8-7712131fe5ff,Usha Smruti,usha smruti,Reputed Developer / Co-op Consortium,Pune,Aundh & Sindh Society,IN,"Usha Smruti, Aundh & Sindh Society, Pune 411007, Maharashtra, India",411007,Gated Residential Society,0,20,P52100033855,18.559933,73.801827,Grade A Luxury,osm_cadastral_enriched,0.88
c33f1424-9546-460f-ba7c-af0066b319b2,Pinewood Apartment,pinewood apartment,Reputed Developer / Co-op Consortium,Pune,Aundh & Sindh Society,IN,"Pinewood Apartment, Aundh & Sindh Society, Pune 411045, Maharashtra, India",411045,Gated Residential Society,0,20,P52100049154,18.563935,73.800111,Grade A Luxury,osm_cadastral_enriched,0.88
f852da37-fe2d-4d7d-9209-fb289d4903de,Vrundavan Mafatlal,vrundavan mafatlal,Reputed Developer / Co-op Consortium,Pune,Baner & Pan Card Club Rd,IN,"Vrundavan Mafatlal, Baner & Pan Card Club Rd, Pune 411045, Maharashtra, India",411045,Gated Residential Society,0,20,P52100040973,18.567237,73.771373,Grade A Luxury,osm_cadastral_enriched,0.88
c4e79baa-f4d3-4373-997d-08e536f27bf6,Radha Krushna,radha krushna,Reputed Developer / Co-op Consortium,Pune,Balewadi & High Street,IN,"Radha Krushna, Balewadi Village Road, Balewadi & High Street, Pune 411045, Maharashtra, India",411045,Gated Residential Society,0,20,P52100079750,18.577082,73.776908,Grade A Luxury,osm_cadastral_enriched,0.88
a4551e85-c5e8-4d7d-bdb1-340ee22cd458,Archit,archit,Reputed Developer / Co-op Consortium,Pune,Baner & Pan Card Club Rd,IN,"Archit, Baner & Pan Card Club Rd, Pune 411045, Maharashtra, India",411045,Gated Residential Society,0,20,P52100094189,18.567203,73.77103,Grade A Luxury,osm_cadastral_enriched,0.88
3415f7d4-4147-4791-b9b6-da50bbc433bf,Sanjot,sanjot,Reputed Developer / Co-op Consortium,Pune,Baner & Pan Card Club Rd,IN,"Sanjot, Baner & Pan Card Club Rd, Pune 411045, Maharashtra, India",411045,Gated Residential Society,0,20,P52100047469,18.567034,73.77052,Grade A Luxury,osm_cadastral_enriched,0.88
444023f9-e6f0-443f-a813-648307f51822,Peony Housing Society,peony housing society,Reputed Developer / Co-op Consortium,Pune,Baner & Pan Card Club Rd,IN,"Peony Housing Society, Yogi Park / Girme Park road, Baner & Pan Card Club Rd, Pune 411045, Maharashtra, India",411045,Gated Residential Society,0,20,P52100083444,18.551309,73.774261,Grade A Luxury,osm_cadastral_enriched,0.88
1adc68ac-2df7-4a80-864b-aaa68fedc75d,Dew Drops,dew drops,Reputed Developer / Co-op Consortium,Pune,Baner & Pan Card Club Rd,IN,"Dew Drops, Baner & Pan Card Club Rd, Pune 411045, Maharashtra, India",411045,Gated Residential Society,0,20,P52100034253,18.550184,73.770011,Grade A Luxury,osm_cadastral_enriched,0.88
f2a2f037-0a93-48e2-83c2-739ccaa7e8e8,"Sai Aashirwad, A Block",sai aashirwad a block,Reputed Developer / Co-op Consortium,Pune,Baner & Pan Card Club Rd,IN,"Sai Aashirwad, A Block, Sus Road, Baner & Pan Card Club Rd, Pune 411045, Maharashtra, India",411045,Gated Residential Society,0,20,P52100070711,18.550865,73.769813,Grade A Luxury,osm_cadastral_enriched,0.88
dd7f3be0-959f-458f-92ea-eee6009a505d,C Niketan CHS,c niketan chs,Reputed Developer / Co-op Consortium,Pune,Aundh & Sindh Society,IN,"C Niketan CHS, Aundh & Sindh Society, Pune 411007, Maharashtra, India",411007,Gated Residential Society,0,20,P52100093077,18.567097,73.829996,Grade A Luxury,osm_cadastral_enriched,0.88
db6d24a3-b0a9-48e9-94b0-907e8ae414c8,"E Building, Shanta Niketan Society",e building shanta niketan society,Reputed Developer / Co-op Consortium,Pune,Aundh & Sindh Society,IN,"E Building, Shanta Niketan Society, Aundh & Sindh Society, Pune 411007, Maharashtra, India",411007,Gated Residential Society,0,20,P52100056103,18.567079,73.829792,Grade A Luxury,osm_cadastral_enriched,0.88
ef3a1b1d-2f3a-4a23-87e4-ea2ac11346a8,Shreenivas Classic,shreenivas classic,Reputed Developer / Co-op Consortium,Pune,Aundh & Sindh Society,IN,"Shreenivas Classic, Aundh & Sindh Society, Pune 411007, Maharashtra, India",411007,Gated Residential Society,0,20,P52100065520,18.554056,73.802358,Grade A Luxury,osm_cadastral_enriched,0.88
8dcf5efa-ef0b-4e92-9cfc-003704a15115,Vijayashree,vijayashree,Reputed Developer / Co-op Consortium,Pune,Aundh & Sindh Society,IN,"Vijayashree, Aundh & Sindh Society, Pune 411007, Maharashtra, India",411007,Gated Residential Society,0,20,P52100051279,18.554365,73.801028,Grade A Luxury,osm_cadastral_enriched,0.88
39d877c3-b713-48df-8301-75d713fc4f44,I,i,Reputed Developer / Co-op Consortium,Pune,Aundh & Sindh Society,IN,"I, Aundh & Sindh Society, Pune 411007, Maharashtra, India",411007,Gated Residential Society,0,20,P52100058850,18.553576,73.804808,Grade A Luxury,osm_cadastral_enriched,0.88
13efb732-ade2-4da8-bfd6-027b5e30136d,Srushti,srushti,Reputed Developer / Co-op Consortium,Pune,Aundh & Sindh Society,IN,"Srushti, Aundh & Sindh Society, Pune 411007, Maharashtra, India",411007,Gated Residential Society,0,20,P52100059916,18.554014,73.80153,Grade A Luxury,osm_cadastral_enriched,0.88
83b9c2e7-9f9e-4fe6-b50c-314f575bdc0f,Sungrace Apartments,sungrace apartments,Reputed Developer / Co-op Consortium,Pune,Aundh & Sindh Society,IN,"Sungrace Apartments, Aundh & Sindh Society, Pune 411007, Maharashtra, India",411007,Gated Residential Society,0,20,P52100022484,18.555294,73.804955,Grade A Luxury,osm_cadastral_enriched,0.88
aa651360-d17c-4d61-81af-197e311aae5a,Shanti Niwas,shanti niwas,Reputed Developer / Co-op Consortium,Pune,Aundh & Sindh Society,IN,"Shanti Niwas, Aundh & Sindh Society, Pune 411007, Maharashtra, India",411007,Gated Residential Society,0,20,P52100095326,18.554414,73.800861,Grade A Luxury,osm_cadastral_enriched,0.88
9936b053-5366-4549-ae8d-93f609cecbb6,Anand-O-Ville,anand o ville,Reputed Developer / Co-op Consortium,Pune,Aundh & Sindh Society,IN,"Anand-O-Ville, Aundh & Sindh Society, Pune 411007, Maharashtra, India",411007,Gated Residential Society,0,20,P52100027572,18.555988,73.804461,Grade A Luxury,osm_cadastral_enriched,0.88
d1b15065-89f4-4b6c-a7bf-63521c8ca13c,Dream Residency,dream residency,Reputed Developer / Co-op Consortium,Pune,Aundh & Sindh Society,IN,"Dream Residency, Aundh & Sindh Society, Pune 411007, Maharashtra, India",411007,Gated Residential Society,0,20,P52100096754,18.555654,73.804554,Grade A Luxury,osm_cadastral_enriched,0.88
ee6763b3-0985-4dea-a746-07faf3b7e9be,Animish Villa,animish villa,Reputed Developer / Co-op Consortium,Pune,Baner & Pan Card Club Rd,IN,"Animish Villa, Baner & Pan Card Club Rd, Pune 411045, Maharashtra, India",411045,Luxury Villa Community,0,20,P52100092467,18.569122,73.777155,Grade A Luxury,osm_cadastral_enriched,0.88
032f09b2-7658-4e48-95da-258c5fb914ca,Manodnya,manodnya,Reputed Developer / Co-op Consortium,Pune,Baner & Pan Card Club Rd,IN,"Manodnya, Baner & Pan Card Club Rd, Pune 411045, Maharashtra, India",411045,Gated Residential Society,0,20,P52100036021,18.568955,73.776981,Grade A Luxury,osm_cadastral_enriched,0.88
ce421253-7155-4166-89f1-7f0a612db92f,Manouni,manouni,Reputed Developer / Co-op Consortium,Pune,Baner & Pan Card Club Rd,IN,"Manouni, Baner & Pan Card Club Rd, Pune 411045, Maharashtra, India",411045,Gated Residential Society,0,20,P52100036007,18.568972,73.777261,Grade A Luxury,osm_cadastral_enriched,0.88
9eae1f89-9e0e-4ea6-aea6-6697894ddfbd,Shubhankar,shubhankar,Reputed Developer / Co-op Consortium,Pune,Baner & Pan Card Club Rd,IN,"Shubhankar, Baner & Pan Card Club Rd, Pune 411045, Maharashtra, India",411045,Gated Residential Society,0,20,P52100065098,18.56896,73.777108,Grade A Luxury,osm_cadastral_enriched,0.88
bb603eb2-a412-44ba-a58a-7b535a639f78,Parvati Niwas,parvati niwas,Reputed Developer / Co-op Consortium,Pune,Balewadi & High Street,IN,"Parvati Niwas, Balewadi Village Road, Balewadi & High Street, Pune 411045, Maharashtra, India",411045,Gated Residential Society,0,20,P52100051179,18.576942,73.779163,Grade A Luxury,osm_cadastral_enriched,0.88
9806f0bf-075e-463d-bb42-b87e3bef4af2,Savli,savli,Reputed Developer / Co-op Consortium,Pune,Balewadi & High Street,IN,"Savli, Balewadi Village Road, Balewadi & High Street, Pune 411045, Maharashtra, India",411045,Gated Residential Society,0,20,P52100098272,18.576906,73.778576,Grade A Luxury,osm_cadastral_enriched,0.88
097813d7-0a27-4d65-be97-90b6b1f0eb6f,"Sai Aashirwad, B Block",sai aashirwad b block,Reputed Developer / Co-op Consortium,Pune,Baner & Pan Card Club Rd,IN,"Sai Aashirwad, B Block, Sus Road, Baner & Pan Card Club Rd, Pune 411045, Maharashtra, India",411045,Gated Residential Society,0,20,P52100029003,18.550805,73.770068,Grade A Luxury,osm_cadastral_enriched,0.88
ecb5c73a-2159-4191-a2c1-0fb28a353648,Venezia Homes,venezia homes,Reputed Developer / Co-op Consortium,Pune,Baner & Pan Card Club Rd,IN,"Venezia Homes, Baner & Pan Card Club Rd, Pune 411045, Maharashtra, India",411045,Gated Residential Society,0,20,P52100055925,18.549352,73.774247,Grade A Luxury,osm_cadastral_enriched,0.88
61a3dee7-17d5-40d2-a6cb-4d410240b79a,Ardhanginee Apartments,ardhanginee apartments,Reputed Developer / Co-op Consortium,Pune,Baner & Pan Card Club Rd,IN,"Ardhanginee Apartments, Baner & Pan Card Club Rd, Pune 411045, Maharashtra, India",411045,Gated Residential Society,0,20,P52100078221,18.552991,73.770664,Grade A Luxury,osm_cadastral_enriched,0.88
9377cd90-12cf-4800-8f77-9df3161ea1bc,Lila,lila,Reputed Developer / Co-op Consortium,Pune,Aundh & Sindh Society,IN,"Lila, Aundh & Sindh Society, Pune 411007, Maharashtra, India",411007,Gated Residential Society,0,20,P52100034675,18.558484,73.795609,Grade A Luxury,osm_cadastral_enriched,0.88
6d1e7ad6-59ca-45e0-9ae1-3e4c7d9b95c3,Green Hills,green hills,Reputed Developer / Co-op Consortium,Pune,Baner & Pan Card Club Rd,IN,"Green Hills, Baner & Pan Card Club Rd, Pune 411045, Maharashtra, India",411045,Gated Residential Society,0,20,P52100030818,18.557957,73.793373,Grade A Luxury,osm_cadastral_enriched,0.88
95a3d225-cd11-4362-a0df-b6fe943536e4,Prachi Residency,prachi residency,Reputed Developer / Co-op Consortium,Pune,Baner & Pan Card Club Rd,IN,"Prachi Residency, Baner & Pan Card Club Rd, Pune 411045, Maharashtra, India",411045,Gated Residential Society,0,20,P52100074910,18.558673,73.79125,Grade A Luxury,osm_cadastral_enriched,0.88
f6cbc376-ccfd-419e-a81a-28395130602b,Ramrajya,ramrajya,Reputed Developer / Co-op Consortium,Pune,Baner & Pan Card Club Rd,IN,"Ramrajya, Baner & Pan Card Club Rd, Pune 411045, Maharashtra, India",411045,Gated Residential Society,0,20,P52100024051,18.55981,73.78873,Grade A Luxury,osm_cadastral_enriched,0.88
d25e8025-0551-4f87-bd9c-57cb606a98c5,Hari Sadan,hari sadan,Reputed Developer / Co-op Consortium,Pune,Baner & Pan Card Club Rd,IN,"Hari Sadan, Baner & Pan Card Club Rd, Pune 411045, Maharashtra, India",411045,Gated Residential Society,0,20,P52100048433,18.559374,73.7912,Grade A Luxury,osm_cadastral_enriched,0.88
3e04043c-0e3b-4d98-80c2-8ef895b5ccf4,Aditya Tower,aditya tower,Reputed Developer / Co-op Consortium,Pune,Baner & Pan Card Club Rd,IN,"Aditya Tower, Baner & Pan Card Club Rd, Pune 411045, Maharashtra, India",411045,Luxury High-Rise Tower,0,20,P52100059359,18.558025,73.792414,Grade A Luxury,osm_cadastral_enriched,0.88
ca0adb12-41f6-47b8-a8f8-03847104edd6,Karan Park,karan park,Reputed Developer / Co-op Consortium,Pune,Baner & Pan Card Club Rd,IN,"Karan Park, Baner & Pan Card Club Rd, Pune 411045, Maharashtra, India",411045,Gated Residential Society,0,20,P52100013366,18.559497,73.790811,Grade A Luxury,osm_cadastral_enriched,0.88
bd37c9f2-4289-4307-bea1-d2fb5c041491,Malati,malati,Reputed Developer / Co-op Consortium,Pune,Aundh & Sindh Society,IN,"Malati, Aundh & Sindh Society, Pune 411007, Maharashtra, India",411007,Gated Residential Society,0,20,P52100082155,18.558513,73.795768,Grade A Luxury,osm_cadastral_enriched,0.88
7094ca8a-7b9b-4cf5-ae53-ccb498b2702a,Kulshree,kulshree,Reputed Developer / Co-op Consortium,Pune,Aundh & Sindh Society,IN,"Kulshree, Aundh & Sindh Society, Pune 411007, Maharashtra, India",411007,Gated Residential Society,0,20,P52100024627,18.559374,73.795018,Grade A Luxury,osm_cadastral_enriched,0.88
3b55be79-2d9b-4904-a40d-c3cdbdb942d3,Pandurang Krupa,pandurang krupa,Reputed Developer / Co-op Consortium,Pune,Hinjewadi (Phases 1-3),IN,"Pandurang Krupa, Hinjewadi (Phases 1-3), Pune 411057, Maharashtra, India",411057,Gated Residential Society,0,20,P52100059816,18.585905,73.741046,Grade A Luxury,osm_cadastral_enriched,0.88
20215241-badf-42cf-9fcd-624946b07dc3,Visawaa Enclave,visawaa enclave,Reputed Developer / Co-op Consortium,Pune,Hinjewadi (Phases 1-3),IN,"Visawaa Enclave, Hinjewadi (Phases 1-3), Pune 411057, Maharashtra, India",411057,Luxury Villa Community,0,20,P52100028488,18.585969,73.740582,Grade A Luxury,osm_cadastral_enriched,0.88
6633bca9-5bab-4ef1-b5f7-cb6b0eba5c4f,Octave,octave,Reputed Developer / Co-op Consortium,Pune,Aundh & Sindh Society,IN,"Octave, Aundh & Sindh Society, Pune 411007, Maharashtra, India",411007,Gated Residential Society,0,20,P52100032820,18.555932,73.798076,Grade A Luxury,osm_cadastral_enriched,0.88
f2467688-ef52-40dc-a9c3-2fd8fc0f4316,Pratham Bliss,pratham bliss,Reputed Developer / Co-op Consortium,Pune,Aundh & Sindh Society,IN,"Pratham Bliss, Aundh & Sindh Society, Pune 411007, Maharashtra, India",411007,Gated Residential Society,0,20,P52100080389,18.557533,73.795288,Grade A Luxury,osm_cadastral_enriched,0.88
7b38de84-5888-4a23-b8ba-f63b2b4cc7cd,Suvarna Smruti Co Op Housing Society,suvarna smruti co op housing society,Reputed Developer / Co-op Consortium,Pune,Baner & Pan Card Club Rd,IN,"Suvarna Smruti Co Op Housing Society, Baner & Pan Card Club Rd, Pune 411045, Maharashtra, India",411045,Gated Residential Society,0,20,P52100018982,18.557497,73.793236,Grade A Luxury,osm_cadastral_enriched,0.88
cf20106b-26a4-4b86-a151-fa978d2604ab,Shrishraddha,shrishraddha,Reputed Developer / Co-op Consortium,Pune,Aundh & Sindh Society,IN,"Shrishraddha, Aundh & Sindh Society, Pune 411007, Maharashtra, India",411007,Gated Residential Society,0,20,P52100091437,18.553977,73.798381,Grade A Luxury,osm_cadastral_enriched,0.88
60b98ddf-07fd-4ca7-98eb-ca7787912eb9,Beaver Granduer,beaver granduer,Reputed Developer / Co-op Consortium,Pune,Baner & Pan Card Club Rd,IN,"Beaver Granduer, Baner & Pan Card Club Rd, Pune 411045, Maharashtra, India",411045,Gated Residential Society,0,20,P52100043855,18.557174,73.793418,Grade A Luxury,osm_cadastral_enriched,0.88
0e43a96c-33e5-4ec4-98b0-18337ea84c15,Tulip,tulip,Reputed Developer / Co-op Consortium,Pune,Aundh & Sindh Society,IN,"Tulip, Aundh & Sindh Society, Pune 411045, Maharashtra, India",411045,Gated Residential Society,0,20,P52100096357,18.554448,73.798999,Grade A Luxury,osm_cadastral_enriched,0.88
6f6eaeb2-533f-42e4-a54c-b85a56a27fce,Peninsula,peninsula,Reputed Developer / Co-op Consortium,Pune,Aundh & Sindh Society,IN,"Peninsula, Aundh & Sindh Society, Pune 411007, Maharashtra, India",411007,Gated Residential Society,0,20,P52100092213,18.556688,73.795353,Grade A Luxury,osm_cadastral_enriched,0.88
4fcb8216-258f-4176-9048-b335fada5dbc,Shivshakti Complex,shivshakti complex,Reputed Developer / Co-op Consortium,Pune,Baner & Pan Card Club Rd,IN,"Shivshakti Complex, Baner & Pan Card Club Rd, Pune 411045, Maharashtra, India",411045,Gated Residential Society,0,20,P52100021593,18.557792,73.793641,Grade A Luxury,osm_cadastral_enriched,0.88
0519bd15-db1b-45ae-8a51-5c5a89ded6e7,Raj Residency,raj residency,Reputed Developer / Co-op Consortium,Pune,Aundh & Sindh Society,IN,"Raj Residency, Jagdishnagar Road, Aundh & Sindh Society, Pune 411007, Maharashtra, India",411007,Gated Residential Society,0,20,P52100068312,18.555742,73.816545,Grade A Luxury,osm_cadastral_enriched,0.88
8e42b897-c4be-4566-9be5-1074eecf7f67,Sharmila Apartments,sharmila apartments,Reputed Developer / Co-op Consortium,Pune,Aundh & Sindh Society,IN,"Sharmila Apartments, Aundh & Sindh Society, Pune 411007, Maharashtra, India",411007,Gated Residential Society,0,20,P52100066289,18.555913,73.816987,Grade A Luxury,osm_cadastral_enriched,0.88
3dd4140b-89fc-40ef-9754-24c1a177e9d6,Rachana Garden,rachana garden,Reputed Developer / Co-op Consortium,Pune,Aundh & Sindh Society,IN,"Rachana Garden, Aundh & Sindh Society, Pune 411007, Maharashtra, India",411007,Gated Residential Society,0,20,P52100069960,18.55462,73.816341,Grade A Luxury,osm_cadastral_enriched,0.88
0511aa70-96ca-4b72-9061-2bd76c4b329b,Aakanksha,aakanksha,Reputed Developer / Co-op Consortium,Pune,Aundh & Sindh Society,IN,"Aakanksha, Aundh & Sindh Society, Pune 411007, Maharashtra, India",411007,Gated Residential Society,0,20,P52100026714,18.558778,73.79864,Grade A Luxury,osm_cadastral_enriched,0.88
f87c4ffd-bd04-430c-9cfe-64ccc43ed250,Exclusive 14,exclusive 14,Reputed Developer / Co-op Consortium,Pune,Aundh & Sindh Society,IN,"Exclusive 14, Aundh & Sindh Society, Pune 411007, Maharashtra, India",411007,Gated Residential Society,0,20,P52100027918,18.557893,73.796331,Grade A Luxury,osm_cadastral_enriched,0.88
4e947331-2fae-493d-ac27-b8501966f134,A,a,Reputed Developer / Co-op Consortium,Pune,Aundh & Sindh Society,IN,"A, Aundh & Sindh Society, Pune 411007, Maharashtra, India",411007,Gated Residential Society,0,20,P52100015576,18.561917,73.79604,Grade A Luxury,osm_cadastral_enriched,0.88
f289ad8d-a302-4714-8a19-8528348e0d8d,D,d,Reputed Developer / Co-op Consortium,Pune,Aundh & Sindh Society,IN,"D, Aundh & Sindh Society, Pune 411007, Maharashtra, India",411007,Gated Residential Society,0,20,P52100025819,18.562359,73.796684,Grade A Luxury,osm_cadastral_enriched,0.88
82f733cd-acbb-4319-aafd-1ab0a8a9e62c,B,b,Reputed Developer / Co-op Consortium,Pune,Aundh & Sindh Society,IN,"B, Aundh & Sindh Society, Pune 411007, Maharashtra, India",411007,Gated Residential Society,0,20,P52100051321,18.562307,73.795964,Grade A Luxury,osm_cadastral_enriched,0.88
4cd0daf7-728d-4647-8797-76952f139e70,F,f,Reputed Developer / Co-op Consortium,Pune,Aundh & Sindh Society,IN,"F, Aundh & Sindh Society, Pune 411007, Maharashtra, India",411007,Gated Residential Society,0,20,P52100086041,18.561823,73.796448,Grade A Luxury,osm_cadastral_enriched,0.88
c1f6fd44-2139-41ee-a1cc-bc044c1deae5,C,c,Reputed Developer / Co-op Consortium,Pune,Aundh & Sindh Society,IN,"C, Aundh & Sindh Society, Pune 411007, Maharashtra, India",411007,Gated Residential Society,0,20,P52100054785,18.562494,73.79631,Grade A Luxury,osm_cadastral_enriched,0.88
ac42afbc-6caf-4363-b52d-d39ab5adb973,E,e,Reputed Developer / Co-op Consortium,Pune,Aundh & Sindh Society,IN,"E, Aundh & Sindh Society, Pune 411007, Maharashtra, India",411007,Gated Residential Society,0,20,P52100028780,18.56204,73.796759,Grade A Luxury,osm_cadastral_enriched,0.88
77c2d166-e8cc-4695-b24b-0b731e1f6a60,Suraj,suraj,Reputed Developer / Co-op Consortium,Pune,Aundh & Sindh Society,IN,"Suraj, Aundh & Sindh Society, Pune 411007, Maharashtra, India",411007,Gated Residential Society,0,20,P52100090300,18.559015,73.798379,Grade A Luxury,osm_cadastral_enriched,0.88
88bdc2f3-0a66-496c-a514-84a70b067c8c,Symbiosis Daffodil Hostel,symbiosis daffodil hostel,Reputed Developer / Co-op Consortium,Pune,Viman Nagar,IN,"Symbiosis Daffodil Hostel, Sakore Nagar Road, Viman Nagar, Pune 411014, Maharashtra, India",411014,Gated Residential Society,0,20,P52100058507,18.563634,73.908812,Grade A Luxury,osm_cadastral_enriched,0.88
385b8683-bd5a-4307-ad46-1ac2c547e6c3,Karan Goldcoast,karan goldcoast,Reputed Developer / Co-op Consortium,Pune,Bavdhan & Chandani Chowk,IN,"Karan Goldcoast, Westerly Diversion, Bavdhan & Chandani Chowk, Pune 411021, Maharashtra, India",411021,Gated Residential Society,0,20,P52100030473,18.522157,73.770652,Grade A Luxury,osm_cadastral_enriched,0.88
746d548a-b67e-4308-a856-a261bc9b0805,Malkash,malkash,Reputed Developer / Co-op Consortium,Pune,Baner & Pan Card Club Rd,IN,"Malkash, Baner & Pan Card Club Rd, Pune 411045, Maharashtra, India",411045,Gated Residential Society,0,20,P52100084442,18.567493,73.777502,Grade A Luxury,osm_cadastral_enriched,0.88
19e744f4-2e55-4632-bc64-7b98c05a5fd6,Sai Luxaria,sai luxaria,Reputed Developer / Co-op Consortium,Pune,Baner & Pan Card Club Rd,IN,"Sai Luxaria, Baner & Pan Card Club Rd, Pune 411045, Maharashtra, India",411045,Gated Residential Society,0,20,P52100071760,18.568075,73.778487,Grade A Luxury,osm_cadastral_enriched,0.88
32e56a03-b084-4cac-9b61-a0e9fd623944,Sai Nakshatra,sai nakshatra,Reputed Developer / Co-op Consortium,Pune,Hinjewadi (Phases 1-3),IN,"Sai Nakshatra, Hinjewadi (Phases 1-3), Pune 411057, Maharashtra, India",411057,Gated Residential Society,0,20,P52100082849,18.587398,73.741015,Grade A Luxury,osm_cadastral_enriched,0.88
1e03a855-f7e1-4086-9d2a-c533cc45d856,Narayan Complex,narayan complex,Reputed Developer / Co-op Consortium,Pune,Hinjewadi (Phases 1-3),IN,"Narayan Complex, Hinjewadi (Phases 1-3), Pune 411057, Maharashtra, India",411057,Gated Residential Society,0,20,P52100091192,18.591136,73.741948,Grade A Luxury,osm_cadastral_enriched,0.88
b354611c-df0e-436b-85f0-b137e444c982,Sneh Vihar,sneh vihar,Reputed Developer / Co-op Consortium,Pune,Aundh & Sindh Society,IN,"Sneh Vihar, Sneh Vihar Road, Aundh & Sindh Society, Pune 411007, Maharashtra, India",411007,Gated Residential Society,0,20,P52100091542,18.559203,73.803762,Grade A Luxury,osm_cadastral_enriched,0.88
cb4927ae-2ad4-45a7-a75c-e81f3d915592,Rahul,rahul,Reputed Developer / Co-op Consortium,Pune,Kothrud & Paud Road,IN,"Rahul, Bhusari Colony, Paud Road, Kothrud & Paud Road, Pune 411038, Maharashtra, India",411038,Gated Residential Society,0,20,P52100088360,18.511086,73.797812,Grade A Luxury,osm_cadastral_enriched,0.88
52f07dfb-d2fd-498f-b66f-8dea8e33ad0e,Indrarath Apartment,indrarath apartment,Reputed Developer / Co-op Consortium,Pune,Aundh & Sindh Society,IN,"Indrarath Apartment, Aundh & Sindh Society, Pune 411007, Maharashtra, India",411007,Gated Residential Society,0,20,P52100021396,18.574522,73.817397,Grade A Luxury,osm_cadastral_enriched,0.88
82cfdaad-a3b9-4e5d-b6aa-0ee66631e40e,Sonhira,sonhira,Reputed Developer / Co-op Consortium,Pune,Bavdhan & Chandani Chowk,IN,"Sonhira, Lane 2, Bavdhan & Chandani Chowk, Pune 411038, Maharashtra, India",411038,Gated Residential Society,0,20,P52100028146,18.510008,73.794584,Grade A Luxury,osm_cadastral_enriched,0.88
9845d045-c3a4-4e47-82b0-71f38145a4ab,Komal Residency,komal residency,Reputed Developer / Co-op Consortium,Pune,Bavdhan & Chandani Chowk,IN,"Komal Residency, Lane 2, Bavdhan & Chandani Chowk, Pune 411038, Maharashtra, India",411038,Gated Residential Society,0,20,P52100065432,18.509968,73.79308,Grade A Luxury,osm_cadastral_enriched,0.88
07dfc302-d386-4f50-b213-fa2aa0c53142,Anupam,anupam,Reputed Developer / Co-op Consortium,Pune,Bavdhan & Chandani Chowk,IN,"Anupam, Lane 2, Bavdhan & Chandani Chowk, Pune 411038, Maharashtra, India",411038,Gated Residential Society,0,20,P52100083724,18.510031,73.79439,Grade A Luxury,osm_cadastral_enriched,0.88
366ec10e-2b50-4e67-8a90-22b0515c82dc,Vrindavan Apartment,vrindavan apartment,Reputed Developer / Co-op Consortium,Pune,Bavdhan & Chandani Chowk,IN,"Vrindavan Apartment, Lane 2, Bavdhan & Chandani Chowk, Pune 411038, Maharashtra, India",411038,Gated Residential Society,0,20,P52100056726,18.509969,73.792933,Grade A Luxury,osm_cadastral_enriched,0.88
6c1b2477-8a57-4076-ae81-91b96d3c78fc,Cozy Nest,cozy nest,Reputed Developer / Co-op Consortium,Pune,Bavdhan & Chandani Chowk,IN,"Cozy Nest, Lane 3, Bavdhan & Chandani Chowk, Pune 411038, Maharashtra, India",411038,Gated Residential Society,0,20,P52100089193,18.51023,73.792923,Grade A Luxury,osm_cadastral_enriched,0.88
f6135637-601e-4f96-b3f1-60092431d692,Animesh,animesh,Reputed Developer / Co-op Consortium,Pune,Kothrud & Paud Road,IN,"Animesh, Kothrud & Paud Road, Pune 411038, Maharashtra, India",411038,Gated Residential Society,0,20,P52100016937,18.50993,73.795125,Grade A Luxury,osm_cadastral_enriched,0.88
2bb37f04-ac04-4933-90ec-0550acf22190,Niranjan Classic,niranjan classic,Reputed Developer / Co-op Consortium,Pune,Bavdhan & Chandani Chowk,IN,"Niranjan Classic, Lane 2, Bavdhan & Chandani Chowk, Pune 411038, Maharashtra, India",411038,Gated Residential Society,0,20,P52100053684,18.509686,73.793588,Grade A Luxury,osm_cadastral_enriched,0.88
21ae8ebb-36e4-4cc8-a637-e5647632585e,Sarvesh,sarvesh,Reputed Developer / Co-op Consortium,Pune,Bavdhan & Chandani Chowk,IN,"Sarvesh, Lane 4, Bavdhan & Chandani Chowk, Pune 411038, Maharashtra, India",411038,Gated Residential Society,0,20,P52100024857,18.511296,73.794419,Grade A Luxury,osm_cadastral_enriched,0.88
bb97e745-ab38-4094-a1ed-765bf7568bad,Sarvoday,sarvoday,Reputed Developer / Co-op Consortium,Pune,Bavdhan & Chandani Chowk,IN,"Sarvoday, Lane 1, Bavdhan & Chandani Chowk, Pune 411038, Maharashtra, India",411038,Gated Residential Society,0,20,P52100029883,18.510595,73.793093,Grade A Luxury,osm_cadastral_enriched,0.88
6c388f77-0d39-4f07-91f1-b1059d0ad4e0,Medplus,medplus,Reputed Developer / Co-op Consortium,Pune,Aundh & Sindh Society,IN,"Medplus, Aundh & Sindh Society, Pune 411027, Maharashtra, India",411027,Gated Residential Society,0,20,P52100017445,18.574369,73.8174,Grade A Luxury,osm_cadastral_enriched,0.88
ad1d7760-59d3-4b57-ae32-43bc6c6c62a3,Dhanashree,dhanashree,Reputed Developer / Co-op Consortium,Pune,Bavdhan & Chandani Chowk,IN,"Dhanashree, Bavdhan & Chandani Chowk, Pune 411038, Maharashtra, India",411038,Gated Residential Society,0,20,P52100051143,18.510613,73.794898,Grade A Luxury,osm_cadastral_enriched,0.88
7e64c8e4-fc7e-4c2b-94f5-9d90627dcb4d,Shubham,shubham,Reputed Developer / Co-op Consortium,Pune,Bavdhan & Chandani Chowk,IN,"Shubham, Lane 3, Bavdhan & Chandani Chowk, Pune 411038, Maharashtra, India",411038,Gated Residential Society,0,20,P52100046451,18.510266,73.793662,Grade A Luxury,osm_cadastral_enriched,0.88
4c2df350-565f-4e70-9f9c-fea798c1ceb6,Aditi,aditi,Reputed Developer / Co-op Consortium,Pune,Bavdhan & Chandani Chowk,IN,"Aditi, Lane 1, Bavdhan & Chandani Chowk, Pune 411038, Maharashtra, India",411038,Gated Residential Society,0,20,P52100063558,18.509336,73.793096,Grade A Luxury,osm_cadastral_enriched,0.88
4e0f412f-a618-4c62-b98d-61342330a443,Nectar,nectar,Reputed Developer / Co-op Consortium,Pune,Kothrud & Paud Road,IN,"Nectar, Kothrud & Paud Road, Pune 411038, Maharashtra, India",411038,Gated Residential Society,0,20,P52100086496,18.510741,73.795272,Grade A Luxury,osm_cadastral_enriched,0.88
2719124a-581e-49da-ab68-888b4006e1bb,Sujit Residency,sujit residency,Reputed Developer / Co-op Consortium,Pune,Bavdhan & Chandani Chowk,IN,"Sujit Residency, Lane 3, Bavdhan & Chandani Chowk, Pune 411038, Maharashtra, India",411038,Gated Residential Society,0,20,P52100036347,18.51026,73.793529,Grade A Luxury,osm_cadastral_enriched,0.88
19a1fcd0-0e97-4dc1-b11b-c21cb80b91d8,Motiram Vihar,motiram vihar,Reputed Developer / Co-op Consortium,Pune,Kothrud & Paud Road,IN,"Motiram Vihar, Kothrud & Paud Road, Pune 411038, Maharashtra, India",411038,Gated Residential Society,0,20,P52100099904,18.510523,73.795259,Grade A Luxury,osm_cadastral_enriched,0.88
64bb57a1-7ade-4ed6-93c5-72451abc27d8,Ira Apartment,ira apartment,Reputed Developer / Co-op Consortium,Pune,Bavdhan & Chandani Chowk,IN,"Ira Apartment, Lane 2, Bavdhan & Chandani Chowk, Pune 411038, Maharashtra, India",411038,Gated Residential Society,0,20,P52100067228,18.509649,73.793012,Grade A Luxury,osm_cadastral_enriched,0.88
92c86e37-c67c-4d87-b0ef-285b7a1545a5,Surya Darshan,surya darshan,Reputed Developer / Co-op Consortium,Pune,Bavdhan & Chandani Chowk,IN,"Surya Darshan, Lane 1, Bavdhan & Chandani Chowk, Pune 411038, Maharashtra, India",411038,Gated Residential Society,0,20,P52100033756,18.510869,73.793003,Grade A Luxury,osm_cadastral_enriched,0.88
18de23b7-c36b-44cb-ace7-85e05755eab0,Shreeram,shreeram,Reputed Developer / Co-op Consortium,Pune,Bavdhan & Chandani Chowk,IN,"Shreeram, Bavdhan & Chandani Chowk, Pune 411021, Maharashtra, India",411021,Gated Residential Society,0,20,P52100056186,18.510913,73.794696,Grade A Luxury,osm_cadastral_enriched,0.88
d419fd3e-a512-49e8-9fcb-e737d24cbda9,Avadhut,avadhut,Reputed Developer / Co-op Consortium,Pune,Bavdhan & Chandani Chowk,IN,"Avadhut, Bavdhan & Chandani Chowk, Pune 411021, Maharashtra, India",411021,Gated Residential Society,0,20,P52100013842,18.509697,73.794673,Grade A Luxury,osm_cadastral_enriched,0.88
5b40ad04-d650-46d3-8b7f-9f3d06da2b6c,Veronica,veronica,Reputed Developer / Co-op Consortium,Pune,Kothrud & Paud Road,IN,"Veronica, Kothrud & Paud Road, Pune 411038, Maharashtra, India",411038,Gated Residential Society,0,20,P52100077622,18.509509,73.795056,Grade A Luxury,osm_cadastral_enriched,0.88
bbcff88c-4b5c-4241-95d1-0f147f10f62d,Pushkaraj,pushkaraj,Reputed Developer / Co-op Consortium,Pune,Bavdhan & Chandani Chowk,IN,"Pushkaraj, Lane 3, Bavdhan & Chandani Chowk, Pune 411038, Maharashtra, India",411038,Gated Residential Society,0,20,P52100028203,18.510277,73.793808,Grade A Luxury,osm_cadastral_enriched,0.88
2e38159b-e99d-4d57-80c8-8483b452fe09,Sanjana,sanjana,Reputed Developer / Co-op Consortium,Pune,Bavdhan & Chandani Chowk,IN,"Sanjana, Lane 2, Bavdhan & Chandani Chowk, Pune 411038, Maharashtra, India",411038,Gated Residential Society,0,20,P52100097245,18.509691,73.794444,Grade A Luxury,osm_cadastral_enriched,0.88
3c411954-05ba-4592-a2cd-10d333943b89,Samarth Park,samarth park,Reputed Developer / Co-op Consortium,Pune,Kothrud & Paud Road,IN,"Samarth Park, Kothrud & Paud Road, Pune 411038, Maharashtra, India",411038,Gated Residential Society,0,20,P52100070947,18.510072,73.795164,Grade A Luxury,osm_cadastral_enriched,0.88
bc0f8411-41e2-4981-9a83-c5549e6a2555,Patel Classic,patel classic,Reputed Developer / Co-op Consortium,Pune,Bavdhan & Chandani Chowk,IN,"Patel Classic, Lane 2, Bavdhan & Chandani Chowk, Pune 411038, Maharashtra, India",411038,Gated Residential Society,0,20,P52100091032,18.509682,73.793813,Grade A Luxury,osm_cadastral_enriched,0.88
ac17fc55-fad6-4a4e-bcb5-8071cf59c167,Nityanand,nityanand,Reputed Developer / Co-op Consortium,Pune,Bavdhan & Chandani Chowk,IN,"Nityanand, Lane 4, Bavdhan & Chandani Chowk, Pune 411038, Maharashtra, India",411038,Gated Residential Society,0,20,P52100094563,18.511285,73.794261,Grade A Luxury,osm_cadastral_enriched,0.88
462ce988-e85b-48af-8752-e376e502d22c,Radhika,radhika,Reputed Developer / Co-op Consortium,Pune,Kothrud & Paud Road,IN,"Radhika, Kothrud & Paud Road, Pune 411038, Maharashtra, India",411038,Gated Residential Society,0,20,P52100061778,18.51024,73.795227,Grade A Luxury,osm_cadastral_enriched,0.88
07b184b9-ecc7-4d3c-a4c4-34c896a4ade9,Akansha,akansha,Reputed Developer / Co-op Consortium,Pune,Bavdhan & Chandani Chowk,IN,"Akansha, Bavdhan & Chandani Chowk, Pune 411021, Maharashtra, India",411021,Gated Residential Society,0,20,P52100073132,18.510958,73.794843,Grade A Luxury,osm_cadastral_enriched,0.88
bafa6303-d86d-4813-87c1-4cbc1edeff59,Raviraj Green Clouds,raviraj green clouds,Reputed Developer / Co-op Consortium,Pune,Bavdhan & Chandani Chowk,IN,"Raviraj Green Clouds, Lane 3, Bavdhan & Chandani Chowk, Pune 411038, Maharashtra, India",411038,Gated Residential Society,0,20,P52100037467,18.510289,73.794779,Grade A Luxury,osm_cadastral_enriched,0.88
9210d8c0-4a9b-483d-bc9e-d3473525fbda,Shree Yash,shree yash,Reputed Developer / Co-op Consortium,Pune,Kothrud & Paud Road,IN,"Shree Yash, Kothrud & Paud Road, Pune 411038, Maharashtra, India",411038,Gated Residential Society,0,20,P52100094713,18.510388,73.795247,Grade A Luxury,osm_cadastral_enriched,0.88
9ff2938b-5b7e-4486-a27f-c9a121f58906,Daulat Park Society,daulat park society,Reputed Developer / Co-op Consortium,Pune,Aundh & Sindh Society,IN,"Daulat Park Society, Shankarao Gaikwad path, Aundh & Sindh Society, Pune 411007, Maharashtra, India",411007,Gated Residential Society,0,20,P52100023086,18.553145,73.808616,Grade A Luxury,osm_cadastral_enriched,0.88
0b7c31d9-8c3a-4eff-9039-5c3f7bd788a1,Sylvan Heights D,sylvan heights d,Reputed Developer / Co-op Consortium,Pune,Aundh & Sindh Society,IN,"Sylvan Heights D, Aundh & Sindh Society, Pune 411007, Maharashtra, India",411007,Luxury High-Rise Tower,0,20,P52100032340,18.554548,73.806101,Grade A Luxury,osm_cadastral_enriched,0.88
42cca318-c2d8-4e76-a65d-d7b2d8e2ce11,Shree Siddheshwar Heights,shree siddheshwar heights,Reputed Developer / Co-op Consortium,Pune,Aundh & Sindh Society,IN,"Shree Siddheshwar Heights, ITI Road, Aundh & Sindh Society, Pune 411007, Maharashtra, India",411007,Luxury High-Rise Tower,0,20,P52100074497,18.554664,73.809173,Grade A Luxury,osm_cadastral_enriched,0.88
f7dcc265-f13a-4cc1-934c-ef812e0195d3,Sayali Terraces,sayali terraces,Reputed Developer / Co-op Consortium,Pune,Aundh & Sindh Society,IN,"Sayali Terraces, Aundh & Sindh Society, Pune 411007, Maharashtra, India",411007,Gated Residential Society,0,20,P52100026319,18.555582,73.808958,Grade A Luxury,osm_cadastral_enriched,0.88
af84f1a6-3e4c-4fff-8106-826531576f80,Vidya,vidya,Reputed Developer / Co-op Consortium,Pune,Aundh & Sindh Society,IN,"Vidya, Shankarao Gaikwad path, Aundh & Sindh Society, Pune 411007, Maharashtra, India",411007,Gated Residential Society,0,20,P52100077139,18.553102,73.808881,Grade A Luxury,osm_cadastral_enriched,0.88
522e24b9-af6d-41f9-b5f3-aa33817d4438,Sylvan Heights B,sylvan heights b,Reputed Developer / Co-op Consortium,Pune,Aundh & Sindh Society,IN,"Sylvan Heights B, Aundh & Sindh Society, Pune 411007, Maharashtra, India",411007,Luxury High-Rise Tower,0,20,P52100069137,18.554981,73.805492,Grade A Luxury,osm_cadastral_enriched,0.88
b2aa650e-ac04-4f71-9fe7-272fda95d5ed,F,f,Reputed Developer / Co-op Consortium,Pune,Aundh & Sindh Society,IN,"F, Aundh & Sindh Society, Pune 411007, Maharashtra, India",411007,Gated Residential Society,0,20,P52100086041,18.553418,73.805918,Grade A Luxury,osm_cadastral_enriched,0.88
4f2e31e3-1d24-4811-a8ea-23187d74b6d1,Krushnai,krushnai,Reputed Developer / Co-op Consortium,Pune,Aundh & Sindh Society,IN,"Krushnai, Aundh & Sindh Society, Pune 411007, Maharashtra, India",411007,Gated Residential Society,0,20,P52100051891,18.55307,73.809274,Grade A Luxury,osm_cadastral_enriched,0.88
8b4d8cb0-ade2-43f5-a523-dc9f4915b63b,B,b,Reputed Developer / Co-op Consortium,Pune,Aundh & Sindh Society,IN,"B, Aundh & Sindh Society, Pune 411007, Maharashtra, India",411007,Gated Residential Society,0,20,P52100051321,18.553191,73.807789,Grade A Luxury,osm_cadastral_enriched,0.88
42daa5da-b210-4c0a-8dbd-63a0228fd499,C,c,Reputed Developer / Co-op Consortium,Pune,Aundh & Sindh Society,IN,"C, Aundh & Sindh Society, Pune 411007, Maharashtra, India",411007,Gated Residential Society,0,20,P52100054785,18.553225,73.807456,Grade A Luxury,osm_cadastral_enriched,0.88
5f258f91-8724-48b2-9891-aeb97b81a0ae,D,d,Reputed Developer / Co-op Consortium,Pune,Aundh & Sindh Society,IN,"D, Aundh & Sindh Society, Pune 411007, Maharashtra, India",411007,Gated Residential Society,0,20,P52100025819,18.553261,73.807119,Grade A Luxury,osm_cadastral_enriched,0.88
370aa079-433f-4173-a2ca-9dcd54f97b8d,A,a,Reputed Developer / Co-op Consortium,Pune,Aundh & Sindh Society,IN,"A, Aundh & Sindh Society, Pune 411007, Maharashtra, India",411007,Gated Residential Society,0,20,P52100015576,18.55315,73.808177,Grade A Luxury,osm_cadastral_enriched,0.88
ffd853ae-d45e-4cf8-bfe7-7af32fb61833,H,h,Reputed Developer / Co-op Consortium,Pune,Aundh & Sindh Society,IN,"H, Aundh & Sindh Society, Pune 411007, Maharashtra, India",411007,Gated Residential Society,0,20,P52100097687,18.553569,73.805178,Grade A Luxury,osm_cadastral_enriched,0.88
d9b63df4-91ef-4228-bbc1-04428437040e,Urban Nirvana,urban nirvana,Reputed Developer / Co-op Consortium,Pune,Kharadi & EON IT Corridor,IN,"Urban Nirvana, Kharadi & EON IT Corridor, Pune 411014, Maharashtra, India",411014,Gated Residential Society,0,20,P52100081271,18.56319,73.950763,Grade A Luxury,osm_cadastral_enriched,0.88
b8b0c3d9-57c8-4d73-8f13-afd522f3713b,Indus,indus,Reputed Developer / Co-op Consortium,Pune,Baner & Pan Card Club Rd,IN,"Indus, Baner & Pan Card Club Rd, Pune 411045, Maharashtra, India",411045,Gated Residential Society,0,20,P52100094157,18.555379,73.794544,Grade A Luxury,osm_cadastral_enriched,0.88
59e56f5c-7d15-4aaa-995c-31bc12c7d718,Krushnai,krushnai,Reputed Developer / Co-op Consortium,Pune,Aundh & Sindh Society,IN,"Krushnai, Aundh & Sindh Society, Pune 411007, Maharashtra, India",411007,Gated Residential Society,0,20,P52100051891,18.56024,73.799819,Grade A Luxury,osm_cadastral_enriched,0.88
225ba905-aeae-482e-8192-fc2b885090cd,Jagannath Krupa Sadan,jagannath krupa sadan,Reputed Developer / Co-op Consortium,Pune,Baner & Pan Card Club Rd,IN,"Jagannath Krupa Sadan, Baner & Pan Card Club Rd, Pune 411045, Maharashtra, India",411045,Gated Residential Society,0,20,P52100034486,18.563914,73.777483,Grade A Luxury,osm_cadastral_enriched,0.88
dea89c72-5baa-44ef-b9e1-44b129d5fcc3,Yash,yash,Reputed Developer / Co-op Consortium,Pune,Aundh & Sindh Society,IN,"Yash, Aundh & Sindh Society, Pune 411007, Maharashtra, India",411007,Gated Residential Society,0,20,P52100073211,18.560682,73.803762,Grade A Luxury,osm_cadastral_enriched,0.88
d4153c98-2968-48eb-bfe7-3b700eaadc0b,B1,b1,Reputed Developer / Co-op Consortium,Pune,Aundh & Sindh Society,IN,"B1, Aundh & Sindh Society, Pune 411007, Maharashtra, India",411007,Gated Residential Society,0,20,P52100039999,18.562658,73.803877,Grade A Luxury,osm_cadastral_enriched,0.88
68735725-2919-43a4-bd98-9f944bf0c0fb,Abhilash Apartment,abhilash apartment,Reputed Developer / Co-op Consortium,Pune,Aundh & Sindh Society,IN,"Abhilash Apartment, Aundh & Sindh Society, Pune 411007, Maharashtra, India",411007,Gated Residential Society,0,20,P52100038645,18.561262,73.804864,Grade A Luxury,osm_cadastral_enriched,0.88
20e41de4-560d-4beb-ae5b-53ae45635fdf,Shalaka,shalaka,Reputed Developer / Co-op Consortium,Pune,Aundh & Sindh Society,IN,"Shalaka, Park Avenue Lane, Aundh & Sindh Society, Pune 411007, Maharashtra, India",411007,Gated Residential Society,0,20,P52100067382,18.561043,73.804466,Grade A Luxury,osm_cadastral_enriched,0.88
4b7986c0-c8c3-4b22-9ee4-5e79ebcb53ad,Banali,banali,Reputed Developer / Co-op Consortium,Pune,Aundh & Sindh Society,IN,"Banali, Aundh & Sindh Society, Pune 411007, Maharashtra, India",411007,Gated Residential Society,0,20,P52100042187,18.561616,73.804862,Grade A Luxury,osm_cadastral_enriched,0.88
3e1a6848-781c-4a08-8ed4-37bace82212f,Yashodhan,yashodhan,Reputed Developer / Co-op Consortium,Pune,Aundh & Sindh Society,IN,"Yashodhan, Park Avenue Lane, Aundh & Sindh Society, Pune 411007, Maharashtra, India",411007,Gated Residential Society,0,20,P52100062466,18.561786,73.804809,Grade A Luxury,osm_cadastral_enriched,0.88
06327975-4dfa-4a2f-8484-02e28fe11f29,Gauri Darshan,gauri darshan,Reputed Developer / Co-op Consortium,Pune,Aundh & Sindh Society,IN,"Gauri Darshan, Park Avenue Lane, Aundh & Sindh Society, Pune 411007, Maharashtra, India",411007,Gated Residential Society,0,20,P52100053588,18.561079,73.804869,Grade A Luxury,osm_cadastral_enriched,0.88
cd1e6163-bd5e-438f-964f-12326773949d,Anant,anant,Reputed Developer / Co-op Consortium,Pune,Aundh & Sindh Society,IN,"Anant, New DP Road, Aundh & Sindh Society, Pune 411007, Maharashtra, India",411007,Gated Residential Society,0,20,P52100037380,18.562505,73.802642,Grade A Luxury,osm_cadastral_enriched,0.88
d36320c1-ea00-474b-b2e5-5bbd6ad200c2,Ashiyana,ashiyana,Reputed Developer / Co-op Consortium,Pune,Aundh & Sindh Society,IN,"Ashiyana, Park Avenue Lane, Aundh & Sindh Society, Pune 411007, Maharashtra, India",411007,Gated Residential Society,0,20,P52100066592,18.560599,73.804918,Grade A Luxury,osm_cadastral_enriched,0.88
6878c0c6-cafb-4dbd-b9df-df7fb5fd7219,Suryoday,suryoday,Reputed Developer / Co-op Consortium,Pune,Aundh & Sindh Society,IN,"Suryoday, Aundh & Sindh Society, Pune 411007, Maharashtra, India",411007,Gated Residential Society,0,20,P52100040991,18.562306,73.804096,Grade A Luxury,osm_cadastral_enriched,0.88
b15da2b2-ab70-40c1-9c82-5ccd3fce6fcc,Sonali,sonali,Reputed Developer / Co-op Consortium,Pune,Aundh & Sindh Society,IN,"Sonali, Park Avenue Lane, Aundh & Sindh Society, Pune 411007, Maharashtra, India",411007,Gated Residential Society,0,20,P52100099627,18.560907,73.804879,Grade A Luxury,osm_cadastral_enriched,0.88
c9fbea92-de89-4936-b4ba-2def1777d716,Hirakunj,hirakunj,Reputed Developer / Co-op Consortium,Pune,Aundh & Sindh Society,IN,"Hirakunj, Aundh & Sindh Society, Pune 411007, Maharashtra, India",411007,Gated Residential Society,0,20,P52100013247,18.562599,73.804076,Grade A Luxury,osm_cadastral_enriched,0.88
7ffa8e48-49b2-4924-81e3-2976382bf743,Lotus Siddhi,lotus siddhi,Reputed Developer / Co-op Consortium,Pune,Aundh & Sindh Society,IN,"Lotus Siddhi, Aundh & Sindh Society, Pune 411007, Maharashtra, India",411007,Gated Residential Society,0,20,P52100060373,18.561526,73.804177,Grade A Luxury,osm_cadastral_enriched,0.88
188eecdb-07e1-4d3f-8234-9b917ae0eb68,Vanashree Garden,vanashree garden,Reputed Developer / Co-op Consortium,Pune,Aundh & Sindh Society,IN,"Vanashree Garden, Ramchandra Gayakwad Path, Aundh & Sindh Society, Pune 411007, Maharashtra, India",411007,Gated Residential Society,0,20,P52100049532,18.560695,73.804251,Grade A Luxury,osm_cadastral_enriched,0.88
5d21e9ce-8677-4542-bef5-7667088822dd,Saileela Residency,saileela residency,Reputed Developer / Co-op Consortium,Pune,Aundh & Sindh Society,IN,"Saileela Residency, Aundh & Sindh Society, Pune 411007, Maharashtra, India",411007,Gated Residential Society,0,20,P52100021454,18.56371,73.801431,Grade A Luxury,osm_cadastral_enriched,0.88
5748cd96-574e-423d-b124-42413278ad3e,Anant,anant,Reputed Developer / Co-op Consortium,Pune,Aundh & Sindh Society,IN,"Anant, Aundh & Sindh Society, Pune 411007, Maharashtra, India",411007,Gated Residential Society,0,20,P52100037380,18.553594,73.808527,Grade A Luxury,osm_cadastral_enriched,0.88
06e8a173-73db-4595-bd02-bca5b190b254,Sheetal,sheetal,Reputed Developer / Co-op Consortium,Pune,Aundh & Sindh Society,IN,"Sheetal, Aundh & Sindh Society, Pune 411007, Maharashtra, India",411007,Gated Residential Society,0,20,P52100055265,18.55357,73.808841,Grade A Luxury,osm_cadastral_enriched,0.88
9a414381-aa51-48f3-8562-62dbac628fb1,Ajit,ajit,Reputed Developer / Co-op Consortium,Pune,Aundh & Sindh Society,IN,"Ajit, Aundh & Sindh Society, Pune 411007, Maharashtra, India",411007,Gated Residential Society,0,20,P52100036182,18.55356,73.808682,Grade A Luxury,osm_cadastral_enriched,0.88
8562db0f-025d-440b-be2e-8269577c8d59,Chandraprabha,chandraprabha,Reputed Developer / Co-op Consortium,Pune,Aundh & Sindh Society,IN,"Chandraprabha, ITI Road, Aundh & Sindh Society, Pune 411007, Maharashtra, India",411007,Gated Residential Society,0,20,P52100093310,18.55349,73.809318,Grade A Luxury,osm_cadastral_enriched,0.88
746bde99-a2c8-411b-97af-6b3640aeea86,Meadows Habitat,meadows habitat,Reputed Developer / Co-op Consortium,Pune,Baner & Pan Card Club Rd,IN,"Meadows Habitat, Baner & Pan Card Club Rd, Pune 411045, Maharashtra, India",411045,Gated Residential Society,0,20,P52100065528,18.550476,73.789281,Grade A Luxury,osm_cadastral_enriched,0.88
aee49ae0-670c-45c0-af19-0f0742a52c6e,Aditya Residency,aditya residency,Reputed Developer / Co-op Consortium,Pune,Baner & Pan Card Club Rd,IN,"Aditya Residency, Baner & Pan Card Club Rd, Pune 411045, Maharashtra, India",411045,Gated Residential Society,0,20,P52100099051,18.573406,73.793176,Grade A Luxury,osm_cadastral_enriched,0.88
b911ef60-83ca-4093-890f-1c2855444150,Morya Giri,morya giri,Reputed Developer / Co-op Consortium,Pune,Baner & Pan Card Club Rd,IN,"Morya Giri, Sharada Colony, Baner & Pan Card Club Rd, Pune 411027, Maharashtra, India",411027,Gated Residential Society,0,20,P52100060850,18.572993,73.79313,Grade A Luxury,osm_cadastral_enriched,0.88
bd7137e6-514a-4ebd-a552-0465e080aa44,Nakshatram,nakshatram,Reputed Developer / Co-op Consortium,Pune,Baner & Pan Card Club Rd,IN,"Nakshatram, Baner & Pan Card Club Rd, Pune 411045, Maharashtra, India",411045,Gated Residential Society,0,20,P52100019505,18.573446,73.793463,Grade A Luxury,osm_cadastral_enriched,0.88
177cad1e-2546-4c1b-9c12-5225fc066c2e,Vighnaharta,vighnaharta,Reputed Developer / Co-op Consortium,Pune,Baner & Pan Card Club Rd,IN,"Vighnaharta, Baner & Pan Card Club Rd, Pune 411045, Maharashtra, India",411045,Gated Residential Society,0,20,P52100021877,18.573601,73.793209,Grade A Luxury,osm_cadastral_enriched,0.88
4eb5c37e-cb8b-4fb3-8f59-4d7eb5305c09,Subodh,subodh,Reputed Developer / Co-op Consortium,Pune,Baner & Pan Card Club Rd,IN,"Subodh, Baner & Pan Card Club Rd, Pune 411045, Maharashtra, India",411045,Gated Residential Society,0,20,P52100041888,18.573091,73.793453,Grade A Luxury,osm_cadastral_enriched,0.88
d4d7ed25-273f-4393-80c4-57f42a6cf5aa,Swapnashilp,swapnashilp,Reputed Developer / Co-op Consortium,Pune,Baner & Pan Card Club Rd,IN,"Swapnashilp, Baner & Pan Card Club Rd, Pune 411045, Maharashtra, India",411045,Gated Residential Society,0,20,P52100066905,18.572348,73.793193,Grade A Luxury,osm_cadastral_enriched,0.88
6c293885-e70d-42b2-b698-c3a0e364ef62,Anuprabha,anuprabha,Reputed Developer / Co-op Consortium,Pune,Baner & Pan Card Club Rd,IN,"Anuprabha, Baner & Pan Card Club Rd, Pune 411045, Maharashtra, India",411045,Gated Residential Society,0,20,P52100099677,18.573401,73.793692,Grade A Luxury,osm_cadastral_enriched,0.88
4f6a5e25-f9b9-4c52-951d-86d4ba89a0e3,Durga,durga,Reputed Developer / Co-op Consortium,Pune,Baner & Pan Card Club Rd,IN,"Durga, Baner & Pan Card Club Rd, Pune 411045, Maharashtra, India",411045,Gated Residential Society,0,20,P52100039617,18.573369,73.794173,Grade A Luxury,osm_cadastral_enriched,0.88
2b35d6d2-05e7-44e7-87d4-f40560752880,Raveera,raveera,Reputed Developer / Co-op Consortium,Pune,Baner & Pan Card Club Rd,IN,"Raveera, Baner & Pan Card Club Rd, Pune 411045, Maharashtra, India",411045,Gated Residential Society,0,20,P52100052539,18.571143,73.790806,Grade A Luxury,osm_cadastral_enriched,0.88
41a46589-198a-4f5e-80e7-83d629f1e421,Krushna Prasad,krushna prasad,Reputed Developer / Co-op Consortium,Pune,Kothrud & Paud Road,IN,"Krushna Prasad, Kothrud & Paud Road, Pune 411038, Maharashtra, India",411038,Gated Residential Society,0,20,P52100012119,18.511029,73.817422,Grade A Luxury,osm_cadastral_enriched,0.88
c3c2ce1f-709e-47fd-ab8f-5d7357a38eed,Shilpa - B Bldg,shilpa b bldg,Reputed Developer / Co-op Consortium,Pune,Kothrud & Paud Road,IN,"Shilpa - B Bldg, MIT Back Gate Road, Kothrud & Paud Road, Pune 411038, Maharashtra, India",411038,Gated Residential Society,0,20,P52100054341,18.519327,73.817104,Grade A Luxury,osm_cadastral_enriched,0.88
b6a67979-f5b2-440e-b36d-c69dbcdbe9af,Bedekar Ganapati Mandir,bedekar ganapati mandir,Reputed Developer / Co-op Consortium,Pune,Kothrud & Paud Road,IN,"Bedekar Ganapati Mandir, Kothrud & Paud Road, Pune 411038, Maharashtra, India",411038,Gated Residential Society,0,20,P52100077297,18.511504,73.817402,Grade A Luxury,osm_cadastral_enriched,0.88
2448cccb-7e3b-4a9f-935c-c1004a8e2edf,Chandra Nagari Co-op Housing Society,chandra nagari co op housing society,Reputed Developer / Co-op Consortium,Pune,Salisbury Park & Gultekdi,IN,"Chandra Nagari Co-op Housing Society, Salisbury Park & Gultekdi, Pune 411037, Maharashtra, India",411037,Gated Residential Society,0,20,P52100034828,18.494414,73.872899,Grade A Luxury,osm_cadastral_enriched,0.88
409ff905-462a-4a7b-9fd7-25b6c4b30319,Om Krupa,om krupa,Reputed Developer / Co-op Consortium,Pune,Aundh & Sindh Society,IN,"Om Krupa, Aundh & Sindh Society, Pune 411007, Maharashtra, India",411007,Gated Residential Society,0,20,P52100029496,18.574313,73.821905,Grade A Luxury,osm_cadastral_enriched,0.88
27ba8838-778a-4716-a3e2-c386b1bdfe6c,Rajshree Apartments,rajshree apartments,Reputed Developer / Co-op Consortium,Pune,Baner & Pan Card Club Rd,IN,"Rajshree Apartments, Baner & Pan Card Club Rd, Pune 411045, Maharashtra, India",411045,Gated Residential Society,0,20,P52100058991,18.567806,73.775156,Grade A Luxury,osm_cadastral_enriched,0.88
af443771-e3f8-4741-8bb0-236b019fe147,La Ratan,la ratan,Reputed Developer / Co-op Consortium,Pune,Baner & Pan Card Club Rd,IN,"La Ratan, Baner & Pan Card Club Rd, Pune 411045, Maharashtra, India",411045,Gated Residential Society,0,20,P52100083027,18.566568,73.77467,Grade A Luxury,osm_cadastral_enriched,0.88
9c8e0652-fbf5-4ec8-954d-94fa3dbebe13,Sunshine Villa,sunshine villa,Reputed Developer / Co-op Consortium,Pune,Baner & Pan Card Club Rd,IN,"Sunshine Villa, Baner & Pan Card Club Rd, Pune 411045, Maharashtra, India",411045,Luxury Villa Community,0,20,P52100059092,18.569412,73.779393,Grade A Luxury,osm_cadastral_enriched,0.88
f9acfa86-8a38-439f-83c6-71e59fe230e1,Lakshmi Niwas,lakshmi niwas,Reputed Developer / Co-op Consortium,Pune,Baner & Pan Card Club Rd,IN,"Lakshmi Niwas, Baner & Pan Card Club Rd, Pune 411045, Maharashtra, India",411045,Gated Residential Society,0,20,P52100010802,18.57336,73.779862,Grade A Luxury,osm_cadastral_enriched,0.88
54a97f6a-977f-480c-8eb2-efc5ce0f4142,Royal Residency,royal residency,Reputed Developer / Co-op Consortium,Pune,Baner & Pan Card Club Rd,IN,"Royal Residency, Baner & Pan Card Club Rd, Pune 411045, Maharashtra, India",411045,Gated Residential Society,0,20,P52100017588,18.568999,73.778147,Grade A Luxury,osm_cadastral_enriched,0.88
92a21a0a-a6a1-486b-b5aa-097882465294,R. K. Majestic,r k majestic,Reputed Developer / Co-op Consortium,Pune,Bavdhan & Chandani Chowk,IN,"R. K. Majestic, Uttamnagar road, Bavdhan & Chandani Chowk, Pune 411021, Maharashtra, India",411021,Gated Residential Society,0,20,P52100087136,18.521641,73.764442,Grade A Luxury,osm_cadastral_enriched,0.88
ca6079b3-fbe1-433a-a0c2-2ea5e6080661,Blue Bells,blue bells,Reputed Developer / Co-op Consortium,Pune,Baner & Pan Card Club Rd,IN,"Blue Bells, Baner & Pan Card Club Rd, Pune 411045, Maharashtra, India",411045,Gated Residential Society,0,20,P52100019496,18.542047,73.782064,Grade A Luxury,osm_cadastral_enriched,0.88
3270f88f-544f-4cf5-8b0d-6bbb54d3bb5d,Vyankateshwara Heights,vyankateshwara heights,Reputed Developer / Co-op Consortium,Pune,Baner & Pan Card Club Rd,IN,"Vyankateshwara Heights, Baner & Pan Card Club Rd, Pune 411045, Maharashtra, India",411045,Luxury High-Rise Tower,0,20,P52100076716,18.56827,73.779802,Grade A Luxury,osm_cadastral_enriched,0.88
d6dd576f-19b3-446e-bfd6-bfa5ce438d83,Suyog Nikunj,suyog nikunj,Reputed Developer / Co-op Consortium,Pune,Baner & Pan Card Club Rd,IN,"Suyog Nikunj, Baner & Pan Card Club Rd, Pune 411045, Maharashtra, India",411045,Gated Residential Society,0,20,P52100052379,18.566127,73.774812,Grade A Luxury,osm_cadastral_enriched,0.88
14995061-242f-4566-907b-32c8a97c2328,Shrinivas,shrinivas,Reputed Developer / Co-op Consortium,Pune,Baner & Pan Card Club Rd,IN,"Shrinivas, Baner & Pan Card Club Rd, Pune 411045, Maharashtra, India",411045,Gated Residential Society,0,20,P52100086870,18.566683,73.770886,Grade A Luxury,osm_cadastral_enriched,0.88
e5b90f78-a759-4c80-8882-a1de0e8a1b47,Echinus Court,echinus court,Reputed Developer / Co-op Consortium,Pune,Balewadi & High Street,IN,"Echinus Court, Balewadi & High Street, Pune 411045, Maharashtra, India",411045,Gated Residential Society,0,20,P52100028234,18.576962,73.764618,Grade A Luxury,osm_cadastral_enriched,0.88
9f5c0b50-b271-4732-8490-d578bb72148d,Shivsai Complex,shivsai complex,Reputed Developer / Co-op Consortium,Pune,Baner & Pan Card Club Rd,IN,"Shivsai Complex, Baner & Pan Card Club Rd, Pune 411045, Maharashtra, India",411045,Gated Residential Society,0,20,P52100099479,18.57386,73.773877,Grade A Luxury,osm_cadastral_enriched,0.88
21362262-d91d-4232-ae5f-8310705ba69c,20 Classic,20 classic,Reputed Developer / Co-op Consortium,Pune,Baner & Pan Card Club Rd,IN,"20 Classic, Baner & Pan Card Club Rd, Pune 411045, Maharashtra, India",411045,Gated Residential Society,0,20,P52100047270,18.568158,73.775732,Grade A Luxury,osm_cadastral_enriched,0.88
4fc6c4f2-22bd-4398-8061-7cf4fc16edc8,Orange County,orange county,Reputed Developer / Co-op Consortium,Pune,Baner & Pan Card Club Rd,IN,"Orange County, Baner & Pan Card Club Rd, Pune 411045, Maharashtra, India",411045,Gated Residential Society,0,20,P52100049282,18.545666,73.79019,Grade A Luxury,osm_cadastral_enriched,0.88
d1b1b59d-486a-40f1-9203-f284cc62766b,Gulmohar Society,gulmohar society,Reputed Developer / Co-op Consortium,Pune,Baner & Pan Card Club Rd,IN,"Gulmohar Society, Baner & Pan Card Club Rd, Pune 411045, Maharashtra, India",411045,Gated Residential Society,0,20,P52100085833,18.544529,73.790533,Grade A Luxury,osm_cadastral_enriched,0.88
6039f039-b1fc-4b17-93e8-6bb35d20b367,Shantiganga,shantiganga,Reputed Developer / Co-op Consortium,Pune,Kothrud & Paud Road,IN,"Shantiganga, Kothrud & Paud Road, Pune 411052, Maharashtra, India",411052,Gated Residential Society,0,20,P52100049132,18.490534,73.823219,Grade A Luxury,osm_cadastral_enriched,0.88
44686d07-4a7d-41aa-ae15-34c152626c57,Marygold Apartments,marygold apartments,Reputed Developer / Co-op Consortium,Pune,Kothrud & Paud Road,IN,"Marygold Apartments, Kothrud & Paud Road, Pune 411052, Maharashtra, India",411052,Gated Residential Society,0,20,P52100045119,18.490648,73.822842,Grade A Luxury,osm_cadastral_enriched,0.88
d9c7f956-e079-4dac-a787-722dd895159b,Sterling's Habitat Society,sterling s habitat society,Reputed Developer / Co-op Consortium,Pune,Bavdhan & Chandani Chowk,IN,"Sterling's Habitat Society, Lane 2, Bavdhan & Chandani Chowk, Pune 411021, Maharashtra, India",411021,Gated Residential Society,0,20,P52100056096,18.511342,73.777822,Grade A Luxury,osm_cadastral_enriched,0.88
8efc43dc-5733-43ba-ac81-2105a9e06837,La Regalia chs,la regalia chs,Reputed Developer / Co-op Consortium,Pune,Nigdi & Pradhikaran,IN,"La Regalia chs, Nigdi & Pradhikaran, Pune 411044, Maharashtra, India",411044,Gated Residential Society,0,20,P52100081280,18.648609,73.765771,Grade A Luxury,osm_cadastral_enriched,0.88
63b15a40-255d-4427-a456-d5adacbd98b0,4D,4d,Reputed Developer / Co-op Consortium,Pune,Bibwewadi & Market Yard,IN,"4D, Bibwewadi & Market Yard, Pune 411037, Maharashtra, India",411037,Gated Residential Society,0,20,P52100025410,18.473862,73.854465,Grade A Luxury,osm_cadastral_enriched,0.88
7e3657d9-e9a3-433c-8f06-212f5609c13d,4E,4e,Reputed Developer / Co-op Consortium,Pune,Bibwewadi & Market Yard,IN,"4E, Bibwewadi & Market Yard, Pune 411037, Maharashtra, India",411037,Gated Residential Society,0,20,P52100022351,18.473832,73.854688,Grade A Luxury,osm_cadastral_enriched,0.88
ee540c58-1d11-43f4-abea-03f36a728cd7,4B,4b,Reputed Developer / Co-op Consortium,Pune,Bibwewadi & Market Yard,IN,"4B, Bibwewadi & Market Yard, Pune 411037, Maharashtra, India",411037,Gated Residential Society,0,20,P52100052820,18.47386,73.854055,Grade A Luxury,osm_cadastral_enriched,0.88
2aa23a14-ccc7-4fd5-b1d6-3a86b98a168c,4C,4c,Reputed Developer / Co-op Consortium,Pune,Bibwewadi & Market Yard,IN,"4C, Bibwewadi & Market Yard, Pune 411037, Maharashtra, India",411037,Gated Residential Society,0,20,P52100015723,18.473835,73.854241,Grade A Luxury,osm_cadastral_enriched,0.88
d42f57a6-4382-48c0-a82e-e0c91a4f3911,4A,4a,Reputed Developer / Co-op Consortium,Pune,Bibwewadi & Market Yard,IN,"4A, Bibwewadi & Market Yard, Pune 411037, Maharashtra, India",411037,Gated Residential Society,0,20,P52100081223,18.47384,73.853864,Grade A Luxury,osm_cadastral_enriched,0.88
a95b679d-876b-48d6-b264-795f71133401,Rajlaxmi Apartments,rajlaxmi apartments,Reputed Developer / Co-op Consortium,Pune,Kothrud & Paud Road,IN,"Rajlaxmi Apartments, Kothrud & Paud Road, Pune 411052, Maharashtra, India",411052,Gated Residential Society,0,20,P52100083749,18.491134,73.825086,Grade A Luxury,osm_cadastral_enriched,0.88
69fcd181-ff38-4a6c-b7d1-843551c96005,Chinthamani,chinthamani,Reputed Developer / Co-op Consortium,Pune,Kothrud & Paud Road,IN,"Chinthamani, Kothrud & Paud Road, Pune 411052, Maharashtra, India",411052,Gated Residential Society,0,20,P52100077192,18.492684,73.825468,Grade A Luxury,osm_cadastral_enriched,0.88
18fb2e06-9a9e-42a0-b78a-a457f445ba4a,Sukhada Society No. 1,sukhada society no 1,Reputed Developer / Co-op Consortium,Pune,Bibwewadi & Market Yard,IN,"Sukhada Society No. 1, Bibwewadi & Market Yard, Pune 411037, Maharashtra, India",411037,Gated Residential Society,0,20,P52100089700,18.488374,73.858869,Grade A Luxury,osm_cadastral_enriched,0.88
4a8dcf78-0f9f-4936-929d-c0d50f1c3883,Sukhada Society No. 2,sukhada society no 2,Reputed Developer / Co-op Consortium,Pune,Bibwewadi & Market Yard,IN,"Sukhada Society No. 2, Bibwewadi & Market Yard, Pune 411037, Maharashtra, India",411037,Gated Residential Society,0,20,P52100024982,18.488591,73.858871,Grade A Luxury,osm_cadastral_enriched,0.88
4e319e46-f313-46f0-b65c-7819923ba15b,Revati Enclave Apartments,revati enclave apartments,Reputed Developer / Co-op Consortium,Pune,Kothrud & Paud Road,IN,"Revati Enclave Apartments, Kothrud & Paud Road, Pune 411038, Maharashtra, India",411038,Luxury Villa Community,0,20,P52100076526,18.497359,73.82137,Grade A Luxury,osm_cadastral_enriched,0.88
6f03eb5a-34fb-4ca4-9ef6-20a75701357a,"Green Valley, Gulmohar",green valley gulmohar,Reputed Developer / Co-op Consortium,Pune,Wanowrie & Fatima Nagar,IN,"Green Valley, Gulmohar, Late Vitthalrao Namdeo Shivarkar Road, Wanowrie & Fatima Nagar, Pune 411040, Maharashtra, India",411040,Gated Residential Society,0,20,P52100019875,18.488684,73.898712,Grade A Luxury,osm_cadastral_enriched,0.88
7acc369f-7269-4dad-a2fe-70b1b6b05e38,West End Apartment,west end apartment,Reputed Developer / Co-op Consortium,Pune,Kothrud & Paud Road,IN,"West End Apartment, Kothrud & Paud Road, Pune 411038, Maharashtra, India",411038,Gated Residential Society,0,20,P52100015298,18.51228,73.816864,Grade A Luxury,osm_cadastral_enriched,0.88
179e8946-9a14-4efd-b762-aa97f070485c,Naren Hills - Phase A,naren hills phase a,Reputed Developer / Co-op Consortium,Pune,NIBM Road & Undri,IN,"Naren Hills - Phase A, Kedari Nagar Road, NIBM Road & Undri, Pune 411040, Maharashtra, India",411040,Gated Residential Society,0,20,P52100055535,18.483918,73.906414,Grade A Luxury,osm_cadastral_enriched,0.88
d31b9442-cab2-4738-9b91-fe6741132dcd,Naren Hills - Phase C,naren hills phase c,Reputed Developer / Co-op Consortium,Pune,NIBM Road & Undri,IN,"Naren Hills - Phase C, Kedari Nagar Road, NIBM Road & Undri, Pune 411040, Maharashtra, India",411040,Gated Residential Society,0,20,P52100039444,18.483821,73.906971,Grade A Luxury,osm_cadastral_enriched,0.88
4f5721bc-0f16-483e-a3dc-3724963fd2d4,Naren Hills - Phase E,naren hills phase e,Reputed Developer / Co-op Consortium,Pune,NIBM Road & Undri,IN,"Naren Hills - Phase E, Kedari Nagar Road, NIBM Road & Undri, Pune 411040, Maharashtra, India",411040,Gated Residential Society,0,20,P52100089401,18.483723,73.907654,Grade A Luxury,osm_cadastral_enriched,0.88
8642f45f-08c6-46ea-b0d5-0691311ae82c,Naren Hills - Phase D,naren hills phase d,Reputed Developer / Co-op Consortium,Pune,NIBM Road & Undri,IN,"Naren Hills - Phase D, Kedari Nagar Road, NIBM Road & Undri, Pune 411040, Maharashtra, India",411040,Gated Residential Society,0,20,P52100079761,18.483777,73.907255,Grade A Luxury,osm_cadastral_enriched,0.88
2eba7d64-839e-428b-9be2-897b9241d78f,Naren Hills - Phase B,naren hills phase b,Reputed Developer / Co-op Consortium,Pune,NIBM Road & Undri,IN,"Naren Hills - Phase B, Kedari Nagar Road, NIBM Road & Undri, Pune 411040, Maharashtra, India",411040,Gated Residential Society,0,20,P52100035858,18.483865,73.906688,Grade A Luxury,osm_cadastral_enriched,0.88
6bba7ab9-67aa-4460-b71a-d6ad8c030d63,Aranyeshwar Park Society,aranyeshwar park society,Reputed Developer / Co-op Consortium,Pune,Bibwewadi & Market Yard,IN,"Aranyeshwar Park Society, Aranyeshwar Road, Bibwewadi & Market Yard, Pune 411009, Maharashtra, India",411009,Gated Residential Society,0,20,P52100023076,18.485074,73.85129,Grade A Luxury,osm_cadastral_enriched,0.88
7bfd5f68-7d03-4b8f-ab32-8c125f4d1c07,Mahalakshmi Nagar,mahalakshmi nagar,Reputed Developer / Co-op Consortium,Pune,Kothrud & Paud Road,IN,"Mahalakshmi Nagar, Bypass, Kothrud & Paud Road, Pune 411058, Maharashtra, India",411058,Gated Residential Society,0,20,P52100035972,18.49062,73.791893,Grade A Luxury,osm_cadastral_enriched,0.88
d017647f-a7f8-4559-a88b-945d213a7a4d,Vishvashanti,vishvashanti,Reputed Developer / Co-op Consortium,Pune,Kothrud & Paud Road,IN,"Vishvashanti, Kothrud & Paud Road, Pune 411052, Maharashtra, India",411052,Gated Residential Society,0,20,P52100061167,18.492309,73.823645,Grade A Luxury,osm_cadastral_enriched,0.88
24396aad-6c08-4ba0-acb2-1480d97745c9,Happy Colony Sabhagraha,happy colony sabhagraha,Reputed Developer / Co-op Consortium,Pune,Kothrud & Paud Road,IN,"Happy Colony Sabhagraha, Kothrud & Paud Road, Pune 411038, Maharashtra, India",411038,Gated Residential Society,0,20,P52100089920,18.497017,73.815038,Grade A Luxury,osm_cadastral_enriched,0.88
5fea6b66-92e5-4168-ae30-3484fbae0f1b,Hill Mist Garden,hill mist garden,Reputed Developer / Co-op Consortium,Pune,NIBM Road & Undri,IN,"Hill Mist Garden, NIBM Road & Undri, Pune 411048, Maharashtra, India",411048,Gated Residential Society,0,20,P52100015218,18.474962,73.892006,Grade A Luxury,osm_cadastral_enriched,0.88
fa369d32-c6c2-4256-aca2-d45dd856fd59,Spring Meadows,spring meadows,Reputed Developer / Co-op Consortium,Pune,Balewadi & High Street,IN,"Spring Meadows, Balewadi & High Street, Pune 411045, Maharashtra, India",411045,Gated Residential Society,0,20,P52100090188,18.588715,73.784035,Grade A Luxury,osm_cadastral_enriched,0.88
69754cea-7f49-4a69-9d6a-6b6c87be4b27,superhouse,superhouse,Reputed Developer / Co-op Consortium,Pune,NIBM Road & Undri,IN,"superhouse, NIBM Road & Undri, Pune 411048, Maharashtra, India",411048,Gated Residential Society,0,20,P52100090132,18.471106,73.910717,Grade A Luxury,osm_cadastral_enriched,0.88
3637008f-eb5f-4da2-9fdc-13a2e1423cd6,Reserve Bank of India Staff QUarters,reserve bank of india staff quarters,Reputed Developer / Co-op Consortium,Pune,Kothrud & Paud Road,IN,"Reserve Bank of India Staff QUarters, Kothrud & Paud Road, Pune 411038, Maharashtra, India",411038,Gated Residential Society,0,20,P52100095057,18.499571,73.81001,Grade A Luxury,osm_cadastral_enriched,0.88
c2183f90-7111-4115-b4a5-c22eb56178e3,Achal Leela Khushbu,achal leela khushbu,Reputed Developer / Co-op Consortium,Pune,Balewadi & High Street,IN,"Achal Leela Khushbu, Balewadi & High Street, Pune 411045, Maharashtra, India",411045,Gated Residential Society,0,20,P52100051538,18.585227,73.780943,Grade A Luxury,osm_cadastral_enriched,0.88
c370fb99-e3e9-469d-b9d8-d1182bb41db0,Parge Heights,parge heights,Reputed Developer / Co-op Consortium,Pune,NIBM Road & Undri,IN,"Parge Heights, NIBM Road & Undri, Pune 411048, Maharashtra, India",411048,Luxury High-Rise Tower,0,20,P52100032155,18.46651,73.892777,Grade A Luxury,osm_cadastral_enriched,0.88
371263c8-070c-4d68-8ecf-71a1f6c6ee05,Amod Ankur-Wing J,amod ankur wing j,Reputed Developer / Co-op Consortium,Pune,Kothrud & Paud Road,IN,"Amod Ankur-Wing J, Kothrud & Paud Road, Pune 411038, Maharashtra, India",411038,Gated Residential Society,0,20,P52100019464,18.499422,73.809441,Grade A Luxury,osm_cadastral_enriched,0.88
c35167ad-31ac-4392-9a17-8de3ac38b97d,Kanchan Junnga,kanchan junnga,Reputed Developer / Co-op Consortium,Pune,Kothrud & Paud Road,IN,"Kanchan Junnga, Kothrud & Paud Road, Pune 411038, Maharashtra, India",411038,Gated Residential Society,0,20,P52100044579,18.499743,73.808929,Grade A Luxury,osm_cadastral_enriched,0.88
6a38283a-b6a0-4f60-816d-5bca85ad218f,Amod Ankur-Wing I,amod ankur wing i,Reputed Developer / Co-op Consortium,Pune,Kothrud & Paud Road,IN,"Amod Ankur-Wing I, Kothrud & Paud Road, Pune 411038, Maharashtra, India",411038,Gated Residential Society,0,20,P52100078394,18.499187,73.80927,Grade A Luxury,osm_cadastral_enriched,0.88
a5a12d55-16fa-44c7-af3b-887a85cfdbec,Indrayani Co-op Housing Society,indrayani co op housing society,Reputed Developer / Co-op Consortium,Pune,Kothrud & Paud Road,IN,"Indrayani Co-op Housing Society, Kothrud & Paud Road, Pune 411038, Maharashtra, India",411038,Gated Residential Society,0,20,P52100085298,18.50367,73.796815,Grade A Luxury,osm_cadastral_enriched,0.88
744c1c1f-be6b-40d9-82d3-0ec916abecad,AJ Serene,aj serene,Reputed Developer / Co-op Consortium,Pune,Baner & Pan Card Club Rd,IN,"AJ Serene, Baner & Pan Card Club Rd, Pune 411045, Maharashtra, India",411045,Gated Residential Society,0,20,P52100072238,18.56769,73.779944,Grade A Luxury,osm_cadastral_enriched,0.88
710583c8-eb79-41d8-87ab-75c0b255cb0e,Azalea Apartments,azalea apartments,Reputed Developer / Co-op Consortium,Pune,Aundh & Sindh Society,IN,"Azalea Apartments, Aundh & Sindh Society, Pune 411007, Maharashtra, India",411007,Gated Residential Society,0,20,P52100033929,18.557256,73.795589,Grade A Luxury,osm_cadastral_enriched,0.88
ea964221-6436-4840-b1bd-a47c33868c7a,Nancy Brahma Residency,nancy brahma residency,Reputed Developer / Co-op Consortium,Pune,Bavdhan & Chandani Chowk,IN,"Nancy Brahma Residency, NDA Pashan road, Ramnagar, Bavdhan, Bavdhan & Chandani Chowk, Pune 411021, Maharashtra, India",411021,Gated Residential Society,0,20,P52100020944,18.522345,73.780618,Grade A Luxury,osm_cadastral_enriched,0.88
2dae2ef8-22c8-4edf-b5fd-f8b297550fbb,Navjeevan Park Society,navjeevan park society,Reputed Developer / Co-op Consortium,Pune,NIBM Road & Undri,IN,"Navjeevan Park Society, NIBM Road & Undri, Pune 411048, Maharashtra, India",411048,Gated Residential Society,0,20,P52100039967,18.493773,73.931101,Grade A Luxury,osm_cadastral_enriched,0.88
5cb2e1fc-95e3-46d1-b35e-0de08bde9ca8,Rolling Hills Society,rolling hills society,Reputed Developer / Co-op Consortium,Pune,Baner & Pan Card Club Rd,IN,"Rolling Hills Society, Baner-Pashan Link Road, Baner & Pan Card Club Rd, Pune 411045, Maharashtra, India",411045,Gated Residential Society,0,20,P52100055143,18.552669,73.794264,Grade A Luxury,osm_cadastral_enriched,0.88
58161c28-cdd4-4048-9f88-e13a315556dc,Athashree,athashree,Reputed Developer / Co-op Consortium,Pune,Bavdhan & Chandani Chowk,IN,"Athashree, Bavdhan & Chandani Chowk, Pune 411021, Maharashtra, India",411021,Gated Residential Society,0,20,P52100039123,18.507929,73.775002,Grade A Luxury,osm_cadastral_enriched,0.88
e60d7d41-556d-44b6-8c17-9a9931ae4539,Shilpa-C Bldg,shilpa c bldg,Reputed Developer / Co-op Consortium,Pune,Kothrud & Paud Road,IN,"Shilpa-C Bldg, MIT Back Gate Road, Kothrud & Paud Road, Pune 411038, Maharashtra, India",411038,Gated Residential Society,0,20,P52100042620,18.518852,73.817677,Grade A Luxury,osm_cadastral_enriched,0.88
e9c733e9-f61e-4989-8cff-d7413a64982d,Shilpa-D Bldg,shilpa d bldg,Reputed Developer / Co-op Consortium,Pune,Kothrud & Paud Road,IN,"Shilpa-D Bldg, MIT Back Gate Road, Kothrud & Paud Road, Pune 411038, Maharashtra, India",411038,Gated Residential Society,0,20,P52100091967,18.519054,73.817391,Grade A Luxury,osm_cadastral_enriched,0.88
a24ce7c7-a766-4b80-9a79-a2114ec4c8bb,AbhiShilpa,abhishilpa,Reputed Developer / Co-op Consortium,Pune,Kothrud & Paud Road,IN,"AbhiShilpa, MIT BAck Gate Road, Kothrud & Paud Road, Pune 411038, Maharashtra, India",411038,Gated Residential Society,0,20,P52100018297,18.519292,73.817611,Grade A Luxury,osm_cadastral_enriched,0.88
c829bcaf-eb7b-4dc3-8a3f-bbd1b8b5523d,Geet Govind Society,geet govind society,Reputed Developer / Co-op Consortium,Pune,Salisbury Park & Gultekdi,IN,"Geet Govind Society, Maharshi Nagar, Salisbury Park & Gultekdi, Pune 411037, Maharashtra, India",411037,Gated Residential Society,0,20,P52100098098,18.490923,73.866707,Grade A Luxury,osm_cadastral_enriched,0.88
93728170-49ec-46bd-aa93-2a419ca532b9,Pentium Classic,pentium classic,Reputed Developer / Co-op Consortium,Pune,Bavdhan & Chandani Chowk,IN,"Pentium Classic, Bavdhan & Chandani Chowk, Pune 411021, Maharashtra, India",411021,Gated Residential Society,0,20,P52100080424,18.516397,73.781026,Grade A Luxury,osm_cadastral_enriched,0.88
bd837294-061e-4a10-9143-198476ffecf1,Samarpan,samarpan,Reputed Developer / Co-op Consortium,Pune,Bavdhan & Chandani Chowk,IN,"Samarpan, Bavdhan & Chandani Chowk, Pune 411021, Maharashtra, India",411021,Gated Residential Society,0,20,P52100016202,18.516206,73.779855,Grade A Luxury,osm_cadastral_enriched,0.88
cb99ac8d-a81a-4a3e-8518-985f1e2f9c51,The Hillside,the hillside,Reputed Developer / Co-op Consortium,Pune,Bavdhan & Chandani Chowk,IN,"The Hillside, Bavdhan & Chandani Chowk, Pune 411021, Maharashtra, India",411021,Gated Residential Society,0,20,P52100082171,18.510579,73.779142,Grade A Luxury,osm_cadastral_enriched,0.88
f5f62c10-0d16-4acd-a5f6-7a0400f40de0,Treasure Park,treasure park,Reputed Developer / Co-op Consortium,Pune,Bibwewadi & Market Yard,IN,"Treasure Park, Bibwewadi & Market Yard, Pune 411037, Maharashtra, India",411037,Gated Residential Society,0,20,P52100019747,18.480421,73.854284,Grade A Luxury,osm_cadastral_enriched,0.88
4d270ba0-e70b-448c-b4c8-52742daf61a2,Willows Cooperative Housing Society,willows cooperative housing society,Reputed Developer / Co-op Consortium,Pune,Baner & Pan Card Club Rd,IN,"Willows Cooperative Housing Society, Baner Balewadi Road, Baner & Pan Card Club Rd, Pune 411045, Maharashtra, India",411045,Gated Residential Society,0,20,P52100029886,18.571115,73.783269,Grade A Luxury,osm_cadastral_enriched,0.88
9c836a76-764c-4290-b308-42b372b2f007,Motvert Biarritz 1,motvert biarritz 1,Reputed Developer / Co-op Consortium,Pune,Baner & Pan Card Club Rd,IN,"Motvert Biarritz 1, Park Ridge Road, Baner Pashan link road, Baner & Pan Card Club Rd, Pune 411045, Maharashtra, India",411045,Gated Residential Society,0,20,P52100059638,18.547557,73.794517,Grade A Luxury,osm_cadastral_enriched,0.88
26571db2-c91d-469c-8b17-8909269e5359,Montvert Belrose,montvert belrose,Reputed Developer / Co-op Consortium,Pune,Baner & Pan Card Club Rd,IN,"Montvert Belrose, Park Ridge Road, Baner & Pan Card Club Rd, Pune 411045, Maharashtra, India",411045,Gated Residential Society,0,20,P52100065633,18.547339,73.795917,Grade A Luxury,osm_cadastral_enriched,0.88
3fbff258-e503-4731-afd0-a1810132bd41,Magnolia Society,magnolia society,Reputed Developer / Co-op Consortium,Pune,Baner & Pan Card Club Rd,IN,"Magnolia Society, Baner & Pan Card Club Rd, Pune 411045, Maharashtra, India",411045,Gated Residential Society,0,20,P52100075231,18.548358,73.794885,Grade A Luxury,osm_cadastral_enriched,0.88
cf698263-0ebb-4341-b330-ac97e735ed59,Camellia Apartment,camellia apartment,Reputed Developer / Co-op Consortium,Pune,Baner & Pan Card Club Rd,IN,"Camellia Apartment, Baner-Pashan Link Road, Baner & Pan Card Club Rd, Pune 411021, Maharashtra, India",411021,Gated Residential Society,0,20,P52100010924,18.551438,73.790486,Grade A Luxury,osm_cadastral_enriched,0.88
8df4b243-5967-460e-8bb9-d9b3920c6be9,Kubera Bahaar Co-Operative Housing Society,kubera bahaar co operative housing society,Reputed Developer / Co-op Consortium,Pune,Baner & Pan Card Club Rd,IN,"Kubera Bahaar Co-Operative Housing Society, Baner-Pashan Link Road, Baner & Pan Card Club Rd, Pune 411021, Maharashtra, India",411021,Gated Residential Society,0,20,P52100018753,18.547573,73.791432,Grade A Luxury,osm_cadastral_enriched,0.88
d5cec7ac-e067-479b-949d-211d7ff96ac9,State Bank Nagar,state bank nagar,Reputed Developer / Co-op Consortium,Pune,Baner & Pan Card Club Rd,IN,"State Bank Nagar, Pashan-Sus Road, Baner & Pan Card Club Rd, Pune 411 021, Maharashtra, India",411 021,Gated Residential Society,0,20,P52100024192,18.542211,73.793105,Grade A Luxury,osm_cadastral_enriched,0.88
c992ab06-3ea2-428e-be78-832333f681fc,Nikash Lawns,nikash lawns,Reputed Developer / Co-op Consortium,Pune,Baner & Pan Card Club Rd,IN,"Nikash Lawns, Pashan-Sus Road, Baner & Pan Card Club Rd, Pune 411 021, Maharashtra, India",411 021,Gated Residential Society,0,20,P52100091502,18.542975,73.793294,Grade A Luxury,osm_cadastral_enriched,0.88
ff2ef870-167d-47ab-94ab-2296265f2561,Amar Serenity,amar serenity,Reputed Developer / Co-op Consortium,Pune,Baner & Pan Card Club Rd,IN,"Amar Serenity, Baner Pashan Link Road, Baner & Pan Card Club Rd, Pune 411 021, Maharashtra, India",411 021,Gated Residential Society,0,20,P52100098716,18.544549,73.793472,Grade A Luxury,osm_cadastral_enriched,0.88
13a37e3c-5285-4e5d-82d0-b62eff3e912b,Langston,langston,Reputed Developer / Co-op Consortium,Pune,Kharadi & EON IT Corridor,IN,"Langston, Kharadi & EON IT Corridor, Pune 411014, Maharashtra, India",411014,Gated Residential Society,0,20,P52100033499,18.561197,73.943369,Grade A Luxury,osm_cadastral_enriched,0.88
3661715b-2347-4595-81d4-e42445afe8cf,Paradise Society,paradise society,Reputed Developer / Co-op Consortium,Pune,Baner & Pan Card Club Rd,IN,"Paradise Society, Baner Road, Baner & Pan Card Club Rd, Pune 411045, Maharashtra, India",411045,Gated Residential Society,0,20,P52100072079,18.553838,73.794329,Grade A Luxury,osm_cadastral_enriched,0.88
e6a816d8-4b89-4e8f-b180-86b0c589dc80,Neelkamal Society,neelkamal society,Reputed Developer / Co-op Consortium,Pune,Kothrud & Paud Road,IN,"Neelkamal Society, Kothrud & Paud Road, Pune 411038, Maharashtra, India",411038,Gated Residential Society,0,20,P52100043983,18.491234,73.827389,Grade A Luxury,osm_cadastral_enriched,0.88
cdd5866f-2770-4bdd-9900-44386b8e0cd2,Parag,parag,Reputed Developer / Co-op Consortium,Pune,Kothrud & Paud Road,IN,"Parag, Kothrud & Paud Road, Pune 411038, Maharashtra, India",411038,Gated Residential Society,0,20,P52100063341,18.496786,73.812697,Grade A Luxury,osm_cadastral_enriched,0.88
59e28f77-7064-4108-89d5-44eda9e89fdc,Krutika Co-operative Housing Society,krutika co operative housing society,Reputed Developer / Co-op Consortium,Pune,Kothrud & Paud Road,IN,"Krutika Co-operative Housing Society, Kothrud & Paud Road, Pune 411038, Maharashtra, India",411038,Gated Residential Society,0,20,P52100043119,18.498953,73.810222,Grade A Luxury,osm_cadastral_enriched,0.88
40b52c0b-a5b1-4b39-b69c-c9223d833dc5,Whispering Winds,whispering winds,Reputed Developer / Co-op Consortium,Pune,Baner & Pan Card Club Rd,IN,"Whispering Winds, Baner Pashan Link Road, Baner & Pan Card Club Rd, Pune 411021, Maharashtra, India",411021,Gated Residential Society,10,20,P52100052034,18.549138,73.79457,Grade A Luxury,osm_cadastral_enriched,0.88
cd749459-a666-46eb-8bd4-70225ccb92c1,"Sai Aashirwad, C Block",sai aashirwad c block,Reputed Developer / Co-op Consortium,Pune,Baner & Pan Card Club Rd,IN,"Sai Aashirwad, C Block, Baner & Pan Card Club Rd, Pune 411045, Maharashtra, India",411045,Gated Residential Society,0,20,P52100032768,18.550604,73.76978,Grade A Luxury,osm_cadastral_enriched,0.88
82f0d76f-ed1d-4e49-98da-7ac95ef084c6,Sai Aashirwad,sai aashirwad,Reputed Developer / Co-op Consortium,Pune,Baner & Pan Card Club Rd,IN,"Sai Aashirwad, Baner & Pan Card Club Rd, Pune 411045, Maharashtra, India",411045,Gated Residential Society,0,20,P52100030656,18.550725,73.769887,Grade A Luxury,osm_cadastral_enriched,0.88
7ce223ce-80f4-4ede-88f1-4ef2be48031d,My World,my world,Reputed Developer / Co-op Consortium,Pune,Baner & Pan Card Club Rd,IN,"My World, Balewadi High Street, Baner & Pan Card Club Rd, Pune 411015, Maharashtra, India",411015,Gated Residential Society,0,20,P52100087639,18.567566,73.776367,Grade A Luxury,osm_cadastral_enriched,0.88
9f912933-3183-49b4-84c7-71adeeb01d96,Aurus,aurus,Reputed Developer / Co-op Consortium,Pune,Baner & Pan Card Club Rd,IN,"Aurus, Baner & Pan Card Club Rd, Pune 411045, Maharashtra, India",411045,Gated Residential Society,0,20,P52100092683,18.560893,73.769312,Grade A Luxury,osm_cadastral_enriched,0.88
cd7b21b5-ca37-4eb5-a0c7-1ea84a5bf3c7,Sneh Co-Op Housing Society,sneh co op housing society,Reputed Developer / Co-op Consortium,Pune,Kothrud & Paud Road,IN,"Sneh Co-Op Housing Society, Kothrud & Paud Road, Pune 411038, Maharashtra, India",411038,Gated Residential Society,0,20,P52100087844,18.492154,73.822026,Grade A Luxury,osm_cadastral_enriched,0.88
0bbeb5da-5a8c-438b-b255-b2da40529885,Lakshmi Nagar,lakshmi nagar,Reputed Developer / Co-op Consortium,Pune,Mukund Nagar & Swargate,IN,"Lakshmi Nagar, Mukund Nagar & Swargate, Pune 411037, Maharashtra, India",411037,Gated Residential Society,0,20,P52100025078,18.491826,73.848597,Grade A Luxury,osm_cadastral_enriched,0.88
7974e8a2-2cd1-4955-afac-c1e482c073db,Gulmohar Apartments,gulmohar apartments,Reputed Developer / Co-op Consortium,Pune,Mukund Nagar & Swargate,IN,"Gulmohar Apartments, 1792 Sadashivpeth, Mukund Nagar & Swargate, Pune 411030, Maharashtra, India",411030,Gated Residential Society,0,20,P52100024713,18.509632,73.851783,Grade A Luxury,osm_cadastral_enriched,0.88
e4cf77bf-3a90-4328-8cf1-db9751ef2633,Savoir Faire,savoir faire,Reputed Developer / Co-op Consortium,Pune,Baner & Pan Card Club Rd,IN,"Savoir Faire, Baner & Pan Card Club Rd, Pune 411045, Maharashtra, India",411045,Gated Residential Society,0,20,P52100015120,18.572549,73.768709,Grade A Luxury,osm_cadastral_enriched,0.88
b72ecaf9-119f-46df-9dd5-58635552de36,Rutuparna Society,rutuparna society,Reputed Developer / Co-op Consortium,Pune,Baner & Pan Card Club Rd,IN,"Rutuparna Society, Baner, Baner & Pan Card Club Rd, Pune 411045, Maharashtra, India",411045,Gated Residential Society,0,20,P52100035633,18.563866,73.786704,Grade A Luxury,osm_cadastral_enriched,0.88
d69e3038-03d2-46c4-afca-be507a6c0e54,Kalpanamati Housing Society,kalpanamati housing society,Reputed Developer / Co-op Consortium,Pune,Aundh & Sindh Society,IN,"Kalpanamati Housing Society, Aundh, Aundh & Sindh Society, Pune 411007, Maharashtra, India",411007,Gated Residential Society,0,20,P52100010339,18.563503,73.811839,Grade A Luxury,osm_cadastral_enriched,0.88
6c9e64d7-3bf9-4471-b77a-34c63c8bcdbd,Dhan Laxmi Park,dhan laxmi park,Reputed Developer / Co-op Consortium,Pune,Bavdhan & Chandani Chowk,IN,"Dhan Laxmi Park, Paud Road, Bavdhan & Chandani Chowk, Pune 411038, Maharashtra, India",411038,Gated Residential Society,0,20,P52100096137,18.50847,73.793848,Grade A Luxury,osm_cadastral_enriched,0.88
c0f255a6-b8ac-4973-9df9-3c9c89d5d3fe,Regency Classic,regency classic,Reputed Developer / Co-op Consortium,Pune,Baner & Pan Card Club Rd,IN,"Regency Classic, Baner & Pan Card Club Rd, Pune 411045, Maharashtra, India",411045,Gated Residential Society,0,20,P52100042015,18.554804,73.769224,Grade A Luxury,osm_cadastral_enriched,0.88
141eace1-eaaa-42eb-b401-5e7c7f708a5a,Tower 5,tower 5,Reputed Developer / Co-op Consortium,Pune,Kharadi & EON IT Corridor,IN,"Tower 5, Keshav Nagar, Mundhwa, Kharadi & EON IT Corridor, Pune 411036, Maharashtra, India",411036,Luxury High-Rise Tower,0,20,P52100069253,18.541286,73.946771,Grade A Luxury,osm_cadastral_enriched,0.88
56fcf100-ee98-44fb-b307-0849fc5fbc5e,Sanjay Park,sanjay park,Reputed Developer / Co-op Consortium,Pune,Viman Nagar,IN,"Sanjay Park, Viman Nagar, Pune 411014, Maharashtra, India",411014,Gated Residential Society,0,20,P52100058483,18.570103,73.903856,Grade A Luxury,osm_cadastral_enriched,0.88
5cf630f4-b2e1-4c3c-adf3-546443c05b4c,Puru Society,puru society,Reputed Developer / Co-op Consortium,Pune,Viman Nagar,IN,"Puru Society, Viman Nagar, Pune 411014, Maharashtra, India",411014,Gated Residential Society,0,20,P52100029885,18.572831,73.902716,Grade A Luxury,osm_cadastral_enriched,0.88
6b26f863-7ba9-4fdd-b4ee-831ca79b3421,Ivory Estate,ivory estate,Reputed Developer / Co-op Consortium,Pune,Aundh & Sindh Society,IN,"Ivory Estate, Aundh & Sindh Society, Pune 411007, Maharashtra, India",411007,Gated Residential Society,0,20,P52100031372,18.551879,73.803431,Grade A Luxury,osm_cadastral_enriched,0.88
a8821923-44d0-440b-95ac-52b6de5e18cc,Avinash Bhosale Palace,avinash bhosale palace,Reputed Developer / Co-op Consortium,Pune,Aundh & Sindh Society,IN,"Avinash Bhosale Palace, Aundh & Sindh Society, Pune 411007, Maharashtra, India",411007,Gated Residential Society,0,20,P52100011963,18.550776,73.799094,Grade A Luxury,osm_cadastral_enriched,0.88
269ad94d-03a9-4282-be02-7ea59022d4e0,Jhala Complex,jhala complex,Reputed Developer / Co-op Consortium,Pune,Bibwewadi & Market Yard,IN,"Jhala Complex, Bibwewadi & Market Yard, Pune 411037, Maharashtra, India",411037,Gated Residential Society,0,20,P52100038464,18.480076,73.868558,Grade A Luxury,osm_cadastral_enriched,0.88
49fea57d-ce91-4ff3-9f8c-bc2f95f05413,Atlanta,atlanta,Reputed Developer / Co-op Consortium,Pune,Hinjewadi (Phases 1-3),IN,"Atlanta, Hinjewadi (Phases 1-3), Pune 411057, Maharashtra, India",411057,Gated Residential Society,0,20,P52100054272,18.592913,73.748384,Grade A Luxury,osm_cadastral_enriched,0.88
d38ddcb8-8afd-43c0-9ca9-0b78a42b16e4,Livia by Rathi Group,livia by rathi group,Reputed Developer / Co-op Consortium,Pune,Hinjewadi (Phases 1-3),IN,"Livia by Rathi Group, Hinjewadi (Phases 1-3), Pune 411057, Maharashtra, India",411057,Gated Residential Society,0,20,P52100063844,18.600863,73.745425,Grade A Luxury,osm_cadastral_enriched,0.88
12ecd0fe-d611-4b23-895b-250d38a9ec57,Gita Co-operative Housing Society,gita co operative housing society,Reputed Developer / Co-op Consortium,Pune,Camp & Pune Cantonment,IN,"Gita Co-operative Housing Society, Camp & Pune Cantonment, Pune 411001, Maharashtra, India",411001,Gated Residential Society,0,20,P52100039021,18.518362,73.873659,Grade A Luxury,osm_cadastral_enriched,0.88
d2c6193b-0ea8-4431-a86e-ad735f70d5fb,Ganga Village,ganga village,Reputed Developer / Co-op Consortium,Pune,NIBM Road & Undri,IN,"Ganga Village, Handewadi Road, NIBM Road & Undri, Pune 411028, Maharashtra, India",411028,Luxury Villa Community,0,20,P52100055069,18.483131,73.933089,Grade A Luxury,osm_cadastral_enriched,0.88
222e8de3-eec4-489f-a0e5-a3003c93ae7c,Shri ram Nagar society,shri ram nagar society,Reputed Developer / Co-op Consortium,Pune,Aundh & Sindh Society,IN,"Shri ram Nagar society, Aundh & Sindh Society, Pune 411007, Maharashtra, India",411007,Gated Residential Society,0,20,P52100042127,18.558767,73.805695,Grade A Luxury,osm_cadastral_enriched,0.88
7825ff74-6cad-42cb-ae4a-91980d4ac115,Anies,anies,Reputed Developer / Co-op Consortium,Pune,NIBM Road & Undri,IN,"Anies, NIBM Road & Undri, Pune 411048, Maharashtra, India",411048,Gated Residential Society,0,20,P52100052274,18.48205,73.90529,Grade A Luxury,osm_cadastral_enriched,0.88
6ade8fb9-feb6-4e25-92ff-63ebe8b2db3b,Prabhat Co-op housing society,prabhat co op housing society,Reputed Developer / Co-op Consortium,Pune,Bavdhan & Chandani Chowk,IN,"Prabhat Co-op housing society, Bavdhan & Chandani Chowk, Pune 411021, Maharashtra, India",411021,Gated Residential Society,0,20,P52100035214,18.515762,73.779394,Grade A Luxury,osm_cadastral_enriched,0.88
df183d73-8df7-4891-bd8c-34225d0963f1,Akshay Nagar,akshay nagar,Reputed Developer / Co-op Consortium,Pune,Balewadi & High Street,IN,"Akshay Nagar, Balewadi & High Street, Pune 411045, Maharashtra, India",411045,Gated Residential Society,0,20,P52100072885,18.584279,73.781334,Grade A Luxury,osm_cadastral_enriched,0.88
32782118-cb29-48d9-ace1-3a05bce2662d,Avon Vista,avon vista,Reputed Developer / Co-op Consortium,Pune,Balewadi & High Street,IN,"Avon Vista, Balewadi & High Street, Pune 411045, Maharashtra, India",411045,Gated Residential Society,0,20,P52100060253,18.58613,73.760435,Grade A Luxury,osm_cadastral_enriched,0.88
2261373f-ced1-47d6-a8b8-2a6c9a2730ba,Mantri Rivera,mantri rivera,Reputed Developer / Co-op Consortium,Pune,Aundh & Sindh Society,IN,"Mantri Rivera, Aundh & Sindh Society, Pune 411007, Maharashtra, India",411007,Gated Residential Society,0,20,P52100079494,18.567334,73.828829,Grade A Luxury,osm_cadastral_enriched,0.88
3442e015-9e8b-41c8-9f69-993246f633d7,Aaradhya,aaradhya,Reputed Developer / Co-op Consortium,Pune,Kothrud & Paud Road,IN,"Aaradhya, Kothrud & Paud Road, Pune 411038, Maharashtra, India",411038,Gated Residential Society,0,20,P52100081344,18.509771,73.795114,Grade A Luxury,osm_cadastral_enriched,0.88
4643f71d-4407-4daa-9bfe-4ce954eebdf3,Pebbles 2,pebbles 2,Reputed Developer / Co-op Consortium,Pune,Bavdhan & Chandani Chowk,IN,"Pebbles 2, Bavdhan & Chandani Chowk, Pune 411021, Maharashtra, India",411021,Gated Residential Society,0,20,P52100085449,18.523149,73.767308,Grade A Luxury,osm_cadastral_enriched,0.88
aa34e3b2-8d67-499a-8b28-8b64b9728187,Girls' Hostel Pune University,girls hostel pune university,Reputed Developer / Co-op Consortium,Pune,Aundh & Sindh Society,IN,"Girls' Hostel Pune University, Ganeshkhind, Aundh & Sindh Society, Pune 411007, Maharashtra, India",411007,Gated Residential Society,0,20,P52100038663,18.550892,73.828551,Grade A Luxury,osm_cadastral_enriched,0.88
b2c3d69c-3e87-4986-9a1b-c64bd110fdde,Dreams Belle Vue D-wing,dreams belle vue d wing,Reputed Developer / Co-op Consortium,Pune,Bavdhan & Chandani Chowk,IN,"Dreams Belle Vue D-wing, Bavdhan Budruk, Bavdhan & Chandani Chowk, Pune 411021, Maharashtra, India",411021,Gated Residential Society,0,20,P52100025743,18.521972,73.764672,Grade A Luxury,osm_cadastral_enriched,0.88
df346384-9fbe-4e0a-a5a1-afe5cb6189ae,Puranik Abitante,puranik abitante,Reputed Developer / Co-op Consortium,Pune,Bavdhan & Chandani Chowk,IN,"Puranik Abitante, Uttamnagar, Bavdhan Budruk, Bavdhan & Chandani Chowk, Pune 411021, Maharashtra, India",411021,Gated Residential Society,0,20,P52100044413,18.52326,73.760377,Grade A Luxury,osm_cadastral_enriched,0.88
4b318068-fe65-453b-b53d-85e170039ebc,Regalia Avenue,regalia avenue,Reputed Developer / Co-op Consortium,Pune,Bavdhan & Chandani Chowk,IN,"Regalia Avenue, Uttamnagar, Bavdhan & Chandani Chowk, Pune 411021, Maharashtra, India",411021,Gated Residential Society,0,20,P52100086480,18.522684,73.765431,Grade A Luxury,osm_cadastral_enriched,0.88
c718fdc2-361a-4912-b43b-b63464bb8d25,Galaxy Apartment,galaxy apartment,Reputed Developer / Co-op Consortium,Pune,Bavdhan & Chandani Chowk,IN,"Galaxy Apartment, Uttamnagar, Bavdhan Budruk, Bavdhan & Chandani Chowk, Pune 411021, Maharashtra, India",411021,Gated Residential Society,0,20,P52100099582,18.523089,73.763462,Grade A Luxury,osm_cadastral_enriched,0.88
ced59868-4ae7-4cab-a43c-6528713b3549,Ganga Legends County,ganga legends county,Reputed Developer / Co-op Consortium,Pune,Bavdhan & Chandani Chowk,IN,"Ganga Legends County, Bavdhan, Bavdhan & Chandani Chowk, Pune 411021, Maharashtra, India",411021,Gated Residential Society,0,20,P52100088553,18.522921,73.775112,Grade A Luxury,osm_cadastral_enriched,0.88
1679b910-9b0b-44e9-8724-954f0738afd5,Orchard Park,orchard park,Reputed Developer / Co-op Consortium,Pune,Bavdhan & Chandani Chowk,IN,"Orchard Park, Bavdhan Budruk, Bavdhan & Chandani Chowk, Pune 411021, Maharashtra, India",411021,Gated Residential Society,0,20,P52100028167,18.520478,73.767681,Grade A Luxury,osm_cadastral_enriched,0.88
cc85082a-3540-431a-852a-a0cc0b03698e,Irene-Operative Housing Society,irene operative housing society,Reputed Developer / Co-op Consortium,Pune,Aundh & Sindh Society,IN,"Irene-Operative Housing Society, Aundh-Baner Link Road, Aundh & Sindh Society, Pune 411007, Maharashtra, India",411007,Gated Residential Society,0,20,P52100063712,18.562222,73.796086,Grade A Luxury,osm_cadastral_enriched,0.88
fbe4b918-6124-4acd-9210-f91f867c2f80,Solitaire Kothrud,solitaire kothrud,Reputed Developer / Co-op Consortium,Pune,Kothrud & Paud Road,IN,"Solitaire Kothrud, Paud Road, Kothrud & Paud Road, Pune 411038, Maharashtra, India",411038,Gated Residential Society,0,20,P52100012790,18.50824,73.802046,Grade A Luxury,osm_cadastral_enriched,0.88
e5ec2f27-0ce3-48d7-9331-ef056f6e4182,Samrat Garden,samrat garden,Reputed Developer / Co-op Consortium,Pune,Magarpatta City & Hadapsar,IN,"Samrat Garden, Solapur Road, Magarpatta City & Hadapsar, Pune 411028, Maharashtra, India",411028,Gated Residential Society,0,20,P52100036097,18.501164,73.929091,Grade A Luxury,osm_cadastral_enriched,0.88
f4ee3bbb-8190-40ba-aae0-beccfe5f0b5f,Pebbles Urbania,pebbles urbania,Reputed Developer / Co-op Consortium,Pune,Bavdhan & Chandani Chowk,IN,"Pebbles Urbania, Siddarth nagar, Bavdhan, Bavdhan & Chandani Chowk, Pune 411021, Maharashtra, India",411021,Gated Residential Society,0,20,P52100075730,18.513847,73.773643,Grade A Luxury,osm_cadastral_enriched,0.88
43e8ed09-e9af-4c4d-9587-f630037a765b,Anshul Eva Society,anshul eva society,Reputed Developer / Co-op Consortium,Pune,Bavdhan & Chandani Chowk,IN,"Anshul Eva Society, Bavdhan & Chandani Chowk, Pune 411021, Maharashtra, India",411021,Gated Residential Society,0,20,P52100088214,18.512992,73.772068,Grade A Luxury,osm_cadastral_enriched,0.88
00bc862a-87f0-4f8e-bd99-78d429395e33,Vaidehi Enclave Society,vaidehi enclave society,Reputed Developer / Co-op Consortium,Pune,Bavdhan & Chandani Chowk,IN,"Vaidehi Enclave Society, Bavdhan & Chandani Chowk, Pune 411021, Maharashtra, India",411021,Luxury Villa Community,0,20,P52100013487,18.516226,73.777078,Grade A Luxury,osm_cadastral_enriched,0.88
fef27490-0a19-449c-a59f-e9895f362e22,Galaxy Vineet,galaxy vineet,Reputed Developer / Co-op Consortium,Pune,Bavdhan & Chandani Chowk,IN,"Galaxy Vineet, Bavdhan & Chandani Chowk, Pune 411021, Maharashtra, India",411021,Gated Residential Society,0,20,P52100079578,18.516991,73.776395,Grade A Luxury,osm_cadastral_enriched,0.88
eddd7c65-ef9b-4829-af6c-91bb75b8bee6,Pebbles 1,pebbles 1,Reputed Developer / Co-op Consortium,Pune,Bavdhan & Chandani Chowk,IN,"Pebbles 1, Bavdhan & Chandani Chowk, Pune 411021, Maharashtra, India",411021,Gated Residential Society,0,20,P52100086058,18.520404,73.775075,Grade A Luxury,osm_cadastral_enriched,0.88
9ca7210d-25e7-4062-82a2-9ee62a8703a2,Utsav Homes 3,utsav homes 3,Reputed Developer / Co-op Consortium,Pune,Bavdhan & Chandani Chowk,IN,"Utsav Homes 3, Bavdhan & Chandani Chowk, Pune 411021, Maharashtra, India",411021,Gated Residential Society,0,20,P52100040079,18.521533,73.771824,Grade A Luxury,osm_cadastral_enriched,0.88
e05dde19-8158-4f4b-80ee-31d527e0dd60,Viva Hallmark,viva hallmark,Reputed Developer / Co-op Consortium,Pune,Bavdhan & Chandani Chowk,IN,"Viva Hallmark, Bavdhan & Chandani Chowk, Pune 411021, Maharashtra, India",411021,Gated Residential Society,0,20,P52100018054,18.522304,73.773027,Grade A Luxury,osm_cadastral_enriched,0.88
ec3b0dfa-d400-430d-ab95-05832f58f946,Utsav Homes 1,utsav homes 1,Reputed Developer / Co-op Consortium,Pune,Bavdhan & Chandani Chowk,IN,"Utsav Homes 1, Bavdhan & Chandani Chowk, Pune 411021, Maharashtra, India",411021,Gated Residential Society,0,20,P52100096793,18.519952,73.770375,Grade A Luxury,osm_cadastral_enriched,0.88
edd50fbf-e025-4ab7-a456-0c62f8d2caf5,Anantshilp Housing Society,anantshilp housing society,Reputed Developer / Co-op Consortium,Pune,Bavdhan & Chandani Chowk,IN,"Anantshilp Housing Society, DSK Ranwara road, Bavdhan & Chandani Chowk, Pune 411021, Maharashtra, India",411021,Gated Residential Society,0,20,P52100022745,18.519352,73.773668,Grade A Luxury,osm_cadastral_enriched,0.88
7bc9a434-6c6c-4ed5-96e4-196535404b49,Odela,odela,Reputed Developer / Co-op Consortium,Pune,Bavdhan & Chandani Chowk,IN,"Odela, Bavdhan & Chandani Chowk, Pune 411021, Maharashtra, India",411021,Gated Residential Society,0,20,P52100010874,18.51222,73.773808,Grade A Luxury,osm_cadastral_enriched,0.88
21daea20-d457-4dad-b155-cb6782079067,Akashparv,akashparv,Reputed Developer / Co-op Consortium,Pune,Bavdhan & Chandani Chowk,IN,"Akashparv, Bavdhan & Chandani Chowk, Pune 411021, Maharashtra, India",411021,Gated Residential Society,0,20,P52100049340,18.510162,73.783339,Grade A Luxury,osm_cadastral_enriched,0.88
ba4f4c79-b74f-4ef1-ac91-3a542677866e,Archana Kohinoor Glory,archana kohinoor glory,Reputed Developer / Co-op Consortium,Pune,NIBM Road & Undri,IN,"Archana Kohinoor Glory, NIBM Road & Undri, Pune 411048, Maharashtra, India",411048,Gated Residential Society,0,20,P52100047224,18.472528,73.911154,Grade A Luxury,osm_cadastral_enriched,0.88
9ca00a95-7274-4efa-a796-75168e6f8f11,Shree Bhagwati nagar,shree bhagwati nagar,Reputed Developer / Co-op Consortium,Pune,Pashan & Sus Road,IN,"Shree Bhagwati nagar, Pashan & Sus Road, Pune 411021, Maharashtra, India",411021,Gated Residential Society,0,20,P52100067119,18.537188,73.79026,Grade A Luxury,osm_cadastral_enriched,0.88
81ec0259-6b89-4901-adf4-47f6e2874cba,Utsav Homes 2,utsav homes 2,Reputed Developer / Co-op Consortium,Pune,Bavdhan & Chandani Chowk,IN,"Utsav Homes 2, DSK Ranwara road, Bavdhan & Chandani Chowk, Pune 411021, Maharashtra, India",411021,Gated Residential Society,0,20,P52100043388,18.521496,73.774087,Grade A Luxury,osm_cadastral_enriched,0.88
e2da502b-3616-49d4-bef9-040a0eaa08d1,Atharva Bliss,atharva bliss,Reputed Developer / Co-op Consortium,Pune,Bavdhan & Chandani Chowk,IN,"Atharva Bliss, Bavdhan & Chandani Chowk, Pune 411021, Maharashtra, India",411021,Gated Residential Society,0,20,P52100090021,18.516497,73.77199,Grade A Luxury,osm_cadastral_enriched,0.88
dc2df06e-e7b1-480f-9ff8-674448e4e38a,Camelot Society,camelot society,Reputed Developer / Co-op Consortium,Pune,Viman Nagar,IN,"Camelot Society, Viman Nagar, Pune 411014, Maharashtra, India",411014,Gated Residential Society,0,20,P52100049272,18.573943,73.913212,Grade A Luxury,osm_cadastral_enriched,0.88
0f82e7e6-685f-4289-96e0-b20643afb338,Basant Bahaar Apartments,basant bahaar apartments,Reputed Developer / Co-op Consortium,Pune,Baner & Pan Card Club Rd,IN,"Basant Bahaar Apartments, Baner & Pan Card Club Rd, Pune 411045, Maharashtra, India",411045,Gated Residential Society,0,20,P52100071668,18.55114,73.79019,Grade A Luxury,osm_cadastral_enriched,0.88
6c333b13-f254-4c14-866f-352eaa8a3e35,Ujala Serene,ujala serene,Reputed Developer / Co-op Consortium,Pune,Aundh & Sindh Society,IN,"Ujala Serene, Aundh & Sindh Society, Pune 411007, Maharashtra, India",411007,Gated Residential Society,0,20,P52100096961,18.554683,73.80188,Grade A Luxury,osm_cadastral_enriched,0.88
a680e85f-6eec-40ab-a6b1-80d416313f47,Prithvi Icon Apartment,prithvi icon apartment,Reputed Developer / Co-op Consortium,Pune,Baner & Pan Card Club Rd,IN,"Prithvi Icon Apartment, Baner & Pan Card Club Rd, Pune 411045, Maharashtra, India",411045,Gated Residential Society,0,20,P52100096621,18.56784,73.765321,Grade A Luxury,osm_cadastral_enriched,0.88
81a84dae-69e9-4144-883c-b4fd20dba191,Shubh Vishva,shubh vishva,Reputed Developer / Co-op Consortium,Pune,Baner & Pan Card Club Rd,IN,"Shubh Vishva, Baner & Pan Card Club Rd, Pune 411045, Maharashtra, India",411045,Gated Residential Society,0,20,P52100049676,18.557378,73.766517,Grade A Luxury,osm_cadastral_enriched,0.88
481d47a9-47d4-4c2f-821b-2781f32a2c47,Panorama,panorama,Reputed Developer / Co-op Consortium,Pune,Baner & Pan Card Club Rd,IN,"Panorama, Baner & Pan Card Club Rd, Pune 411045, Maharashtra, India",411045,Gated Residential Society,0,20,P52100024507,18.558339,73.766844,Grade A Luxury,osm_cadastral_enriched,0.88
3a48c12c-c85d-4a9c-bf87-68b5b8f6b024,Swarn Vilas,swarn vilas,Reputed Developer / Co-op Consortium,Pune,Baner & Pan Card Club Rd,IN,"Swarn Vilas, Baner & Pan Card Club Rd, Pune 411045, Maharashtra, India",411045,Gated Residential Society,0,20,P52100011423,18.550855,73.78967,Grade A Luxury,osm_cadastral_enriched,0.88
e5ff89fe-bb9e-48dd-9ef4-6eb9aeadda7c,Solitaire Nine,solitaire nine,Reputed Developer / Co-op Consortium,Pune,Baner & Pan Card Club Rd,IN,"Solitaire Nine, Baner & Pan Card Club Rd, Pune 411045, Maharashtra, India",411045,Gated Residential Society,0,20,P52100011178,18.552313,73.791535,Grade A Luxury,osm_cadastral_enriched,0.88
c36b505a-19b0-4718-861f-8fabd8b89e19,Blossom N Springs,blossom n springs,Reputed Developer / Co-op Consortium,Pune,Baner & Pan Card Club Rd,IN,"Blossom N Springs, Baner & Pan Card Club Rd, Pune 411045, Maharashtra, India",411045,Gated Residential Society,0,20,P52100065233,18.551067,73.792613,Grade A Luxury,osm_cadastral_enriched,0.88
abae2fc7-5813-43b7-90c4-ac4b386fc341,Ravi Kingston Avenue,ravi kingston avenue,Reputed Developer / Co-op Consortium,Pune,Aundh & Sindh Society,IN,"Ravi Kingston Avenue, Aundh & Sindh Society, Pune 411007, Maharashtra, India",411007,Gated Residential Society,0,20,P52100039097,18.557741,73.795729,Grade A Luxury,osm_cadastral_enriched,0.88
841dcd61-eab3-4bce-b4ef-30abc0f4275d,Combine's Elan,combine s elan,Reputed Developer / Co-op Consortium,Pune,Baner & Pan Card Club Rd,IN,"Combine's Elan, Baner & Pan Card Club Rd, Pune 411045, Maharashtra, India",411045,Gated Residential Society,0,20,P52100044030,18.546614,73.776717,Grade A Luxury,osm_cadastral_enriched,0.88
516a44a4-4f2d-4884-abf9-a8df51c9bd43,Silver Crest,silver crest,Reputed Developer / Co-op Consortium,Pune,Kothrud & Paud Road,IN,"Silver Crest, Kothrud & Paud Road, Pune 411038, Maharashtra, India",411038,Gated Residential Society,0,20,P52100085807,18.515905,73.807608,Grade A Luxury,osm_cadastral_enriched,0.88
35ebbe81-6641-4d2b-a0b5-64967cfba6c7,Madhav Baug,madhav baug,Reputed Developer / Co-op Consortium,Pune,Kothrud & Paud Road,IN,"Madhav Baug, Kothrud & Paud Road, Pune 411038, Maharashtra, India",411038,Gated Residential Society,0,20,P52100094078,18.509757,73.807894,Grade A Luxury,osm_cadastral_enriched,0.88
0939acb8-cf8f-45a0-93cc-1063efb88a70,Brahma Vantage,brahma vantage,Reputed Developer / Co-op Consortium,Pune,Bavdhan & Chandani Chowk,IN,"Brahma Vantage, Ramnagar, NDA Pashan Road, Bavdhan, Bavdhan & Chandani Chowk, Pune 411021, Maharashtra, India",411021,Gated Residential Society,0,20,P52100017174,18.521701,73.78002,Grade A Luxury,osm_cadastral_enriched,0.88
695eb82f-c283-4cd6-b86e-766774b12bb2,Prathemesh Elite,prathemesh elite,Reputed Developer / Co-op Consortium,Pune,Bavdhan & Chandani Chowk,IN,"Prathemesh Elite, Paud Road, Bavdhan & Chandani Chowk, Pune 411038, Maharashtra, India",411038,Gated Residential Society,0,20,P52100017941,18.508106,73.787591,Grade A Luxury,osm_cadastral_enriched,0.88
32392114-88b8-43f5-9330-5bcc691d60e4,Silver Hills,silver hills,Reputed Developer / Co-op Consortium,Pune,Bavdhan & Chandani Chowk,IN,"Silver Hills, Lane 2, Bavdhan & Chandani Chowk, Pune 411038, Maharashtra, India",411038,Gated Residential Society,0,20,P52100051095,18.509597,73.792121,Grade A Luxury,osm_cadastral_enriched,0.88
24156d46-57d9-4d6a-a9aa-9490c89fb70e,Stargaze A,stargaze a,Reputed Developer / Co-op Consortium,Pune,Bavdhan & Chandani Chowk,IN,"Stargaze A, Bavdhan & Chandani Chowk, Pune 411021, Maharashtra, India",411021,Gated Residential Society,0,20,P52100079841,18.509929,73.762512,Grade A Luxury,osm_cadastral_enriched,0.88
13340c0d-9c8a-43ac-8564-015c072dc9e9,Stargaze B,stargaze b,Reputed Developer / Co-op Consortium,Pune,Bavdhan & Chandani Chowk,IN,"Stargaze B, Bavdhan & Chandani Chowk, Pune 411021, Maharashtra, India",411021,Gated Residential Society,0,20,P52100067272,18.509397,73.762427,Grade A Luxury,osm_cadastral_enriched,0.88
01792dcd-59fd-407a-93a9-2c7ea709311b,Stargaze,stargaze,Reputed Developer / Co-op Consortium,Pune,Bavdhan & Chandani Chowk,IN,"Stargaze, Bavdhan & Chandani Chowk, Pune 411021, Maharashtra, India",411021,Gated Residential Society,0,20,P52100046776,18.508526,73.762349,Grade A Luxury,osm_cadastral_enriched,0.88
6b1cfc06-6e72-4ed3-b14c-ec2664f8f5d8,Satin Hills,satin hills,Reputed Developer / Co-op Consortium,Pune,Bavdhan & Chandani Chowk,IN,"Satin Hills, Bavdhan & Chandani Chowk, Pune 411021, Maharashtra, India",411021,Gated Residential Society,0,20,P52100097496,18.502523,73.77194,Grade A Luxury,osm_cadastral_enriched,0.88
ddaacb0a-4af3-4812-9bf3-a1596322e445,Ojas Bungalow Society,ojas bungalow society,Reputed Developer / Co-op Consortium,Pune,Baner & Pan Card Club Rd,IN,"Ojas Bungalow Society, Baner & Pan Card Club Rd, Pune 411045, Maharashtra, India",411045,Luxury Villa Community,0,20,P52100097030,18.548588,73.791677,Grade A Luxury,osm_cadastral_enriched,0.88
612dc2ab-6c96-4bc7-a266-a523e55fa604,Lohia Jain Vallonia,lohia jain vallonia,Reputed Developer / Co-op Consortium,Pune,Bavdhan & Chandani Chowk,IN,"Lohia Jain Vallonia, Bavdhan & Chandani Chowk, Pune 411021, Maharashtra, India",411021,Gated Residential Society,0,20,P52100066968,18.511063,73.773612,Grade A Luxury,osm_cadastral_enriched,0.88
84e71207-9cff-40f3-9a4b-a016cf63b250,Eves Garden,eves garden,Reputed Developer / Co-op Consortium,Pune,Aundh & Sindh Society,IN,"Eves Garden, Aundh & Sindh Society, Pune 411007, Maharashtra, India",411007,Gated Residential Society,0,20,P52100059361,18.553616,73.795646,Grade A Luxury,osm_cadastral_enriched,0.88
a68c4bb3-7681-4e2e-bb94-17a3a50337de,Padmavati Hills,padmavati hills,Reputed Developer / Co-op Consortium,Pune,Bavdhan & Chandani Chowk,IN,"Padmavati Hills, Bavdhan & Chandani Chowk, Pune 411021, Maharashtra, India",411021,Gated Residential Society,0,20,P52100027722,18.511066,73.762667,Grade A Luxury,osm_cadastral_enriched,0.88
860d3129-7671-4fbd-8fa7-df15c93e97a2,SKY I Iris,sky i iris,Reputed Developer / Co-op Consortium,Pune,Bavdhan & Chandani Chowk,IN,"SKY I Iris, Bavdhan & Chandani Chowk, Pune 411021, Maharashtra, India",411021,Gated Residential Society,0,20,P52100066676,18.512298,73.761945,Grade A Luxury,osm_cadastral_enriched,0.88
5d682b6f-eae0-4831-bd12-612f814652f0,Lakshmi-Sparsh chs,lakshmi sparsh chs,Reputed Developer / Co-op Consortium,Pune,Kothrud & Paud Road,IN,"Lakshmi-Sparsh chs, Kothrud & Paud Road, Pune 411038, Maharashtra, India",411038,Gated Residential Society,0,20,P52100028913,18.504591,73.81073,Grade A Luxury,osm_cadastral_enriched,0.88
ccdcf1a0-3ee9-4e97-bfc9-d27af4407673,Gosavi Vasti,gosavi vasti,Reputed Developer / Co-op Consortium,Pune,Kothrud & Paud Road,IN,"Gosavi Vasti, Kothrud & Paud Road, Pune 411038, Maharashtra, India",411038,Gated Residential Society,0,20,P52100065316,18.494916,73.816296,Grade A Luxury,osm_cadastral_enriched,0.88
b7005939-e592-4305-b28c-218355c882dd,Happy Colony,happy colony,Reputed Developer / Co-op Consortium,Pune,Kothrud & Paud Road,IN,"Happy Colony, Kothrud & Paud Road, Pune 411038, Maharashtra, India",411038,Gated Residential Society,0,20,P52100017482,18.495367,73.814627,Grade A Luxury,osm_cadastral_enriched,0.88
eb23a631-2084-48c7-906b-dc3e6d1e98e0,Ameya,ameya,Reputed Developer / Co-op Consortium,Pune,Kothrud & Paud Road,IN,"Ameya, Kothrud & Paud Road, Pune 411038, Maharashtra, India",411038,Gated Residential Society,0,20,P52100019531,18.511263,73.816695,Grade A Luxury,osm_cadastral_enriched,0.88
922332be-255b-4b18-aca5-53121f898dbd,Rahul Park,rahul park,Reputed Developer / Co-op Consortium,Pune,Kothrud & Paud Road,IN,"Rahul Park, Kothrud & Paud Road, Pune 411038, Maharashtra, India",411038,Gated Residential Society,0,20,P52100033255,18.511944,73.816522,Grade A Luxury,osm_cadastral_enriched,0.88
132bb7c9-5c84-421f-9e86-243dee9fb4fe,Westend Riverview,westend riverview,Reputed Developer / Co-op Consortium,Pune,Aundh & Sindh Society,IN,"Westend Riverview, Nagras Road, Aundh & Sindh Society, Pune 411007, Maharashtra, India",411007,Gated Residential Society,0,20,P52100061310,18.566003,73.807059,Grade A Luxury,osm_cadastral_enriched,0.88
4e118056-ea69-4f37-b1f4-d6a88930ec28,SIlver Crest A Wing,silver crest a wing,Reputed Developer / Co-op Consortium,Pune,Kothrud & Paud Road,IN,"SIlver Crest A Wing, Kothrud & Paud Road, Pune 411038, Maharashtra, India",411038,Gated Residential Society,0,20,P52100030592,18.515693,73.807499,Grade A Luxury,osm_cadastral_enriched,0.88
5ec3c375-d5f9-4a4c-8f17-e449d36ce887,Silver Crest B Wing,silver crest b wing,Reputed Developer / Co-op Consortium,Pune,Kothrud & Paud Road,IN,"Silver Crest B Wing, Kothrud & Paud Road, Pune 411038, Maharashtra, India",411038,Gated Residential Society,0,20,P52100022092,18.515872,73.807501,Grade A Luxury,osm_cadastral_enriched,0.88
fc58fdde-18b8-44e3-a18f-1e8408a4eb2b,Silver Crest D Wing,silver crest d wing,Reputed Developer / Co-op Consortium,Pune,Kothrud & Paud Road,IN,"Silver Crest D Wing, Kothrud & Paud Road, Pune 411038, Maharashtra, India",411038,Gated Residential Society,0,20,P52100053893,18.51616,73.807692,Grade A Luxury,osm_cadastral_enriched,0.88
840a3012-c5e5-436a-9e2f-6c88b90b4634,Silver Crest E Wing,silver crest e wing,Reputed Developer / Co-op Consortium,Pune,Kothrud & Paud Road,IN,"Silver Crest E Wing, Kothrud & Paud Road, Pune 411038, Maharashtra, India",411038,Gated Residential Society,0,20,P52100081771,18.515906,73.807768,Grade A Luxury,osm_cadastral_enriched,0.88
2e55c848-f7cd-4cba-86fc-0a0108d72404,Silver Crest C Wing,silver crest c wing,Reputed Developer / Co-op Consortium,Pune,Kothrud & Paud Road,IN,"Silver Crest C Wing, Kothrud & Paud Road, Pune 411038, Maharashtra, India",411038,Gated Residential Society,0,20,P52100099001,18.516044,73.807509,Grade A Luxury,osm_cadastral_enriched,0.88
7109149a-4235-4a1f-ae51-a4a321cc4695,Charushila,charushila,Reputed Developer / Co-op Consortium,Pune,Kothrud & Paud Road,IN,"Charushila, Kothrud & Paud Road, Pune 411038, Maharashtra, India",411038,Gated Residential Society,0,20,P52100038612,18.513222,73.817238,Grade A Luxury,osm_cadastral_enriched,0.88
816bc937-3c4f-4379-a7a7-297de901ec7f,C3,c3,Reputed Developer / Co-op Consortium,Pune,Baner & Pan Card Club Rd,IN,"C3, Baner & Pan Card Club Rd, Pune 411045, Maharashtra, India",411045,Gated Residential Society,0,20,P52100054483,18.57115,73.775423,Grade A Luxury,osm_cadastral_enriched,0.88
7fd82028-bc13-48c0-aaa3-969ba015873b,C2,c2,Reputed Developer / Co-op Consortium,Pune,Baner & Pan Card Club Rd,IN,"C2, Baner & Pan Card Club Rd, Pune 411045, Maharashtra, India",411045,Gated Residential Society,0,20,P52100086632,18.571683,73.775407,Grade A Luxury,osm_cadastral_enriched,0.88
d8275300-eb23-436d-a67d-893f8f6ba781,C1,c1,Reputed Developer / Co-op Consortium,Pune,Baner & Pan Card Club Rd,IN,"C1, Baner & Pan Card Club Rd, Pune 411045, Maharashtra, India",411045,Gated Residential Society,0,20,P52100031467,18.572178,73.775417,Grade A Luxury,osm_cadastral_enriched,0.88
0f982e4d-df40-4d56-a995-ce34047aa729,Park Grandeur,park grandeur,Reputed Developer / Co-op Consortium,Pune,Baner & Pan Card Club Rd,IN,"Park Grandeur, Baner & Pan Card Club Rd, Pune 411045, Maharashtra, India",411045,Gated Residential Society,0,20,P52100086321,18.57171,73.775326,Grade A Luxury,osm_cadastral_enriched,0.88
a7182ff2-6d2c-4e30-a0cb-b815b6aae002,Park Xpress,park xpress,Reputed Developer / Co-op Consortium,Pune,Baner & Pan Card Club Rd,IN,"Park Xpress, Baner & Pan Card Club Rd, Pune 411045, Maharashtra, India",411045,Gated Residential Society,0,20,P52100035380,18.571757,73.776616,Grade A Luxury,osm_cadastral_enriched,0.88
57c059a7-7699-4f88-9c8a-8489c616dbe8,basketball court,basketball court,Reputed Developer / Co-op Consortium,Pune,Magarpatta City & Hadapsar,IN,"basketball court, Magarpatta City & Hadapsar, Pune 411028, Maharashtra, India",411028,Gated Residential Society,0,20,P52100022357,18.512846,73.940685,Grade A Luxury,osm_cadastral_enriched,0.88
2a4376ec-9a16-4085-b110-e9c76360357f,water treatment plant,water treatment plant,Reputed Developer / Co-op Consortium,Pune,Magarpatta City & Hadapsar,IN,"water treatment plant, Magarpatta City & Hadapsar, Pune 411028, Maharashtra, India",411028,Gated Residential Society,0,20,P52100043294,18.514995,73.941619,Grade A Luxury,osm_cadastral_enriched,0.88
c4c55763-1b45-49bd-bad6-f877ce479fb9,nature bliss apartments,nature bliss apartments,Reputed Developer / Co-op Consortium,Pune,Magarpatta City & Hadapsar,IN,"nature bliss apartments, Magarpatta City & Hadapsar, Pune 411028, Maharashtra, India",411028,Gated Residential Society,0,20,P52100050233,18.522613,73.933437,Grade A Luxury,osm_cadastral_enriched,0.88
670e1547-e569-4936-bd1f-56404e660d62,Space Elena,space elena,Reputed Developer / Co-op Consortium,Pune,Bavdhan & Chandani Chowk,IN,"Space Elena, Bavdhan & Chandani Chowk, Pune 411021, Maharashtra, India",411021,Gated Residential Society,0,20,P52100015552,18.51896,73.774155,Grade A Luxury,osm_cadastral_enriched,0.88
04f34d22-1bac-4de2-b72d-6d49452f15aa,Focus,focus,Reputed Developer / Co-op Consortium,Pune,Baner & Pan Card Club Rd,IN,"Focus, Baner & Pan Card Club Rd, Pune 411045, Maharashtra, India",411045,Gated Residential Society,0,20,P52100093134,18.551622,73.793005,Grade A Luxury,osm_cadastral_enriched,0.88
673b106e-8b4b-455d-a4ca-c9bb35b9f950,Comfort Zone Nest,comfort zone nest,Reputed Developer / Co-op Consortium,Pune,Baner & Pan Card Club Rd,IN,"Comfort Zone Nest, Baner & Pan Card Club Rd, Pune 411045, Maharashtra, India",411045,Gated Residential Society,0,20,P52100049339,18.570973,73.779554,Grade A Luxury,osm_cadastral_enriched,0.88
13e31e86-25a8-4a3d-a66c-241a3ea7acdd,Suvarna Park,suvarna park,Reputed Developer / Co-op Consortium,Pune,Bavdhan & Chandani Chowk,IN,"Suvarna Park, Bavdhan & Chandani Chowk, Pune 411021, Maharashtra, India",411021,Gated Residential Society,0,20,P52100092735,18.511468,73.77972,Grade A Luxury,osm_cadastral_enriched,0.88
2676b12b-2c39-4153-8bf1-16453fcb336e,Sai Velocity 2 B,sai velocity 2 b,Reputed Developer / Co-op Consortium,Pune,Bavdhan & Chandani Chowk,IN,"Sai Velocity 2 B, Bavdhan & Chandani Chowk, Pune 411021, Maharashtra, India",411021,Gated Residential Society,0,20,P52100090657,18.509961,73.764899,Grade A Luxury,osm_cadastral_enriched,0.88
37b1c4eb-b97f-4fa8-b88d-bab131608079,Sai Velocity 2 C,sai velocity 2 c,Reputed Developer / Co-op Consortium,Pune,Bavdhan & Chandani Chowk,IN,"Sai Velocity 2 C, Bavdhan & Chandani Chowk, Pune 411021, Maharashtra, India",411021,Gated Residential Society,0,20,P52100014409,18.50946,73.76479,Grade A Luxury,osm_cadastral_enriched,0.88
d1bc5716-fe72-46a7-904c-cc8f48e87398,Sai Velocity 2 A,sai velocity 2 a,Reputed Developer / Co-op Consortium,Pune,Bavdhan & Chandani Chowk,IN,"Sai Velocity 2 A, Bavdhan & Chandani Chowk, Pune 411021, Maharashtra, India",411021,Gated Residential Society,0,20,P52100071197,18.510402,73.765075,Grade A Luxury,osm_cadastral_enriched,0.88
6e16e383-2e90-4c0c-b876-fede5e88e057,Sai Velocity 2,sai velocity 2,Reputed Developer / Co-op Consortium,Pune,Bavdhan & Chandani Chowk,IN,"Sai Velocity 2, Bavdhan & Chandani Chowk, Pune 411021, Maharashtra, India",411021,Gated Residential Society,0,20,P52100046504,18.509909,73.764905,Grade A Luxury,osm_cadastral_enriched,0.88
58e965a5-55b5-48a9-a6b7-b48e770c5b3d,Kunal Belleza,kunal belleza,Reputed Developer / Co-op Consortium,Pune,Bavdhan & Chandani Chowk,IN,"Kunal Belleza, Bavdhan & Chandani Chowk, Pune 411021, Maharashtra, India",411021,Gated Residential Society,0,20,P52100092334,18.509264,73.778058,Grade A Luxury,osm_cadastral_enriched,0.88
54e5e243-3655-4d41-87f3-c1bb007a20a7,Shubh Nirvana,shubh nirvana,Reputed Developer / Co-op Consortium,Pune,Viman Nagar,IN,"Shubh Nirvana, Viman Nagar, Pune 411014, Maharashtra, India",411014,Gated Residential Society,0,20,P52100069466,18.574099,73.908838,Grade A Luxury,osm_cadastral_enriched,0.88
8b01875a-db79-4ff7-a3a9-4a80d1d4667b,Laxmi Datta,laxmi datta,Reputed Developer / Co-op Consortium,Pune,Bavdhan & Chandani Chowk,IN,"Laxmi Datta, Bavdhan & Chandani Chowk, Pune 411021, Maharashtra, India",411021,Gated Residential Society,0,20,P52100030631,18.510961,73.774522,Grade A Luxury,osm_cadastral_enriched,0.88
622f78bd-2be4-41bd-9355-7c20afd77953,Saffron Avenue,saffron avenue,Reputed Developer / Co-op Consortium,Pune,Bavdhan & Chandani Chowk,IN,"Saffron Avenue, Bavdhan & Chandani Chowk, Pune 411021, Maharashtra, India",411021,Gated Residential Society,0,20,P52100099466,18.5103,73.774122,Grade A Luxury,osm_cadastral_enriched,0.88
1c79f20e-7842-4954-91e6-a93347d6fe5a,Sant Eknath Nagar,sant eknath nagar,Reputed Developer / Co-op Consortium,Pune,Bibwewadi & Market Yard,IN,"Sant Eknath Nagar, Bibwewadi & Market Yard, Pune 411037, Maharashtra, India",411037,Gated Residential Society,0,20,P52100093867,18.481222,73.860049,Grade A Luxury,osm_cadastral_enriched,0.88
c41f52d6-f895-4972-9491-8f14f11bc1c5,Unicorn Nisarg Belrose,unicorn nisarg belrose,Reputed Developer / Co-op Consortium,Pune,Hinjewadi (Phases 1-3),IN,"Unicorn Nisarg Belrose, Hinjewadi (Phases 1-3), Pune 411057, Maharashtra, India",411057,Gated Residential Society,0,20,P52100070114,18.60226,73.747065,Grade A Luxury,osm_cadastral_enriched,0.88
601399d8-2c53-4d9d-8cf4-a0e2c4bc65d2,Siddhi Nisarg Housing Society Ltd,siddhi nisarg housing society ltd,Reputed Developer / Co-op Consortium,Pune,Hinjewadi (Phases 1-3),IN,"Siddhi Nisarg Housing Society Ltd, Hinjewadi (Phases 1-3), Pune 411057, Maharashtra, India",411057,Gated Residential Society,0,20,P52100091256,18.60233,73.745615,Grade A Luxury,osm_cadastral_enriched,0.88
6ecc0ae0-c19f-4cab-a561-f1689bf89d99,New Shree 9 PG,new shree 9 pg,Reputed Developer / Co-op Consortium,Pune,Hinjewadi (Phases 1-3),IN,"New Shree 9 PG, Sakhare Vasti Road, Hinjewadi (Phases 1-3), Pune 411057, Maharashtra, India",411057,Gated Residential Society,0,20,P52100041327,18.585566,73.740805,Grade A Luxury,osm_cadastral_enriched,0.88
be09211d-cfe9-4590-93af-9293782f76b5,Trendy,trendy,Reputed Developer / Co-op Consortium,Pune,Magarpatta City & Hadapsar,IN,"Trendy, Crescent Road, Magarpatta City & Hadapsar, Pune 411028, Maharashtra, India",411028,Gated Residential Society,0,20,P52100068125,18.518681,73.947722,Grade A Luxury,osm_cadastral_enriched,0.88
5040c917-e829-4108-807b-7c6401176fd3,Ganga Serio,ganga serio,Reputed Developer / Co-op Consortium,Pune,Keshav Nagar & Mundhwa,IN,"Ganga Serio, Kharadi, Thite Nagar, Santipur, Keshav Nagar & Mundhwa, Pune 411014, Maharashtra, India",411014,Gated Residential Society,0,20,P52100079784,18.539659,73.936824,Grade A Luxury,osm_cadastral_enriched,0.88
8cf95ffc-4f1d-4d97-a079-8c4968ef089d,Suvarnapushp Apartments,suvarnapushp apartments,Reputed Developer / Co-op Consortium,Pune,Bibwewadi & Market Yard,IN,"Suvarnapushp Apartments, Golwalkar Guruji Path, Bibwewadi & Market Yard, Pune 411009, Maharashtra, India",411009,Gated Residential Society,0,20,P52100020671,18.479084,73.854509,Grade A Luxury,osm_cadastral_enriched,0.88
d0316f50-c713-42b1-b82c-c6dfdbae3201,37 Baner by CV,37 baner by cv,Reputed Developer / Co-op Consortium,Pune,Baner & Pan Card Club Rd,IN,"37 Baner by CV, Baner & Pan Card Club Rd, Pune 411045, Maharashtra, India",411045,Gated Residential Society,0,20,P52100098516,18.554347,73.773397,Grade A Luxury,osm_cadastral_enriched,0.88
91c0aa80-f9e5-4cc8-a372-6542ca3b949f,Nandanvan,nandanvan,Reputed Developer / Co-op Consortium,Pune,Balewadi & High Street,IN,"Nandanvan, Balewadi & High Street, Pune 411045, Maharashtra, India",411045,Gated Residential Society,0,20,P52100078940,18.582134,73.784915,Grade A Luxury,osm_cadastral_enriched,0.88
0fa0f38d-e9db-40cf-92fa-202bc23ad732,Sukhwani Vihar,sukhwani vihar,Reputed Developer / Co-op Consortium,Pune,Nigdi & Pradhikaran,IN,"Sukhwani Vihar, Old Pune–Mumbai Highway, Nigdi & Pradhikaran, Pune 411035, Maharashtra, India",411035,Gated Residential Society,0,20,P52100080209,18.653446,73.780572,Grade A Luxury,osm_cadastral_enriched,0.88
5a74cf8f-4e00-4690-959e-566873a67b76,The Turf,the turf,Reputed Developer / Co-op Consortium,Pune,Sopan Baug & BT Kawade,IN,"The Turf, Bhagwan Tatyasaheb Kawade Marg, Sopan Baug & BT Kawade, Pune 411036, Maharashtra, India",411036,Gated Residential Society,0,20,P52100071558,18.521942,73.908241,Grade A Luxury,osm_cadastral_enriched,0.88
99adf4d6-924b-49e5-a778-98d059d88666,Annapurna Ashirvad Society,annapurna ashirvad society,Reputed Developer / Co-op Consortium,Pune,Aundh & Sindh Society,IN,"Annapurna Ashirvad Society, Ramchandra Gayakwad Path, Aundh & Sindh Society, Pune 411007, Maharashtra, India",411007,Gated Residential Society,0,20,P52100017245,18.561646,73.803932,Grade A Luxury,osm_cadastral_enriched,0.88
55f87c93-5217-47f4-b686-3d9525dca4f7,Aviraj Co-operative Housing Society,aviraj co operative housing society,Reputed Developer / Co-op Consortium,Pune,Aundh & Sindh Society,IN,"Aviraj Co-operative Housing Society, Park Avenue Lane, Aundh & Sindh Society, Pune 411007, Maharashtra, India",411007,Gated Residential Society,0,20,P52100047012,18.560879,73.804481,Grade A Luxury,osm_cadastral_enriched,0.88
6a15cc9a-9fed-479b-b8ac-a657f08b2772,Suramani,suramani,Reputed Developer / Co-op Consortium,Pune,Aundh & Sindh Society,IN,"Suramani, Ramchandra Gayakwad Path, Aundh & Sindh Society, Pune 411007, Maharashtra, India",411007,Gated Residential Society,0,20,P52100071519,18.560606,73.804505,Grade A Luxury,osm_cadastral_enriched,0.88
8166ad2d-dcec-4828-9c7e-dbf43a26741f,Mahavir Park,mahavir park,Reputed Developer / Co-op Consortium,Pune,Aundh & Sindh Society,IN,"Mahavir Park, Shankarao Gaikwad path, Aundh & Sindh Society, Pune 411007, Maharashtra, India",411007,Gated Residential Society,0,20,P52100097909,18.553537,73.808686,Grade A Luxury,osm_cadastral_enriched,0.88
0d48b9be-44be-4a2d-8899-fdcdba6a843f,Chaitraban Residency,chaitraban residency,Reputed Developer / Co-op Consortium,Pune,Aundh & Sindh Society,IN,"Chaitraban Residency, Shankarao Gaikwad path, Aundh & Sindh Society, Pune 411007, Maharashtra, India",411007,Gated Residential Society,0,20,P52100050247,18.553373,73.806517,Grade A Luxury,osm_cadastral_enriched,0.88
ddf5c825-69d6-4cb2-a1f2-67e639003b6a,Whistling Meadows,whistling meadows,Reputed Developer / Co-op Consortium,Pune,Bavdhan & Chandani Chowk,IN,"Whistling Meadows, Bavdhan & Chandani Chowk, Pune 411021, Maharashtra, India",411021,Gated Residential Society,0,20,P52100016638,18.506134,73.760366,Grade A Luxury,osm_cadastral_enriched,0.88
3638560b-2f6e-4f74-9474-3e24309e5007,Mohan Nagar Co-operative Society,mohan nagar co operative society,Reputed Developer / Co-op Consortium,Pune,Baner & Pan Card Club Rd,IN,"Mohan Nagar Co-operative Society, Baner & Pan Card Club Rd, Pune 411045, Maharashtra, India",411045,Gated Residential Society,0,20,P52100084248,18.557785,73.766032,Grade A Luxury,osm_cadastral_enriched,0.88
8e608964-30a8-461d-9d36-9dbf0c9e77b1,Atharva,atharva,Reputed Developer / Co-op Consortium,Pune,Baner & Pan Card Club Rd,IN,"Atharva, Baner & Pan Card Club Rd, Pune 411045, Maharashtra, India",411045,Gated Residential Society,0,20,P52100084295,18.557952,73.76699,Grade A Luxury,osm_cadastral_enriched,0.88
03ec5d73-8d8e-4014-afdd-58f78f5a4e35,Kalyani Heritage,kalyani heritage,Reputed Developer / Co-op Consortium,Pune,Baner & Pan Card Club Rd,IN,"Kalyani Heritage, Baner & Pan Card Club Rd, Pune 411045, Maharashtra, India",411045,Gated Residential Society,0,20,P52100063865,18.556602,73.767166,Grade A Luxury,osm_cadastral_enriched,0.88
5dbf58e4-8842-4b1b-b174-b1af1a4497fd,Hill View Residency,hill view residency,Reputed Developer / Co-op Consortium,Pune,Baner & Pan Card Club Rd,IN,"Hill View Residency, Baner & Pan Card Club Rd, Pune 411045, Maharashtra, India",411045,Gated Residential Society,0,20,P52100066172,18.558458,73.792835,Grade A Luxury,osm_cadastral_enriched,0.88
62ba1060-323d-409f-b1fe-108b987c3749,Welworth Celina,welworth celina,Reputed Developer / Co-op Consortium,Pune,Aundh & Sindh Society,IN,"Welworth Celina, Aundh & Sindh Society, Pune 411007, Maharashtra, India",411007,Gated Residential Society,0,20,P52100074026,18.553277,73.798435,Grade A Luxury,osm_cadastral_enriched,0.88
de0bba16-5420-4397-9efd-f6bb66a1fdaf,La Chapelle,la chapelle,Reputed Developer / Co-op Consortium,Pune,Aundh & Sindh Society,IN,"La Chapelle, Aundh & Sindh Society, Pune 411007, Maharashtra, India",411007,Gated Residential Society,0,20,P52100053825,18.553752,73.798147,Grade A Luxury,osm_cadastral_enriched,0.88
6fb47378-b802-4da6-b2a7-2b1c653f59d3,Trimurti,trimurti,Reputed Developer / Co-op Consortium,Pune,Aundh & Sindh Society,IN,"Trimurti, Aundh & Sindh Society, Pune 411007, Maharashtra, India",411007,Gated Residential Society,0,20,P52100035886,18.554498,73.800572,Grade A Luxury,osm_cadastral_enriched,0.88
60914b69-db93-4b7c-ac31-756878e15d2e,Pinak Apartments,pinak apartments,Reputed Developer / Co-op Consortium,Pune,Baner & Pan Card Club Rd,IN,"Pinak Apartments, Baner & Pan Card Club Rd, Pune 411045, Maharashtra, India",411045,Gated Residential Society,0,20,P52100086639,18.567969,73.777126,Grade A Luxury,osm_cadastral_enriched,0.88
a2de4d4c-ce4a-486f-8f55-5960442460d1,Lakshmi Heights,lakshmi heights,Reputed Developer / Co-op Consortium,Pune,Hinjewadi (Phases 1-3),IN,"Lakshmi Heights, Hinjewadi (Phases 1-3), Pune 411057, Maharashtra, India",411057,Luxury High-Rise Tower,0,20,P52100013198,18.588914,73.744416,Grade A Luxury,osm_cadastral_enriched,0.88
a90495a6-7ecd-4a7b-8f99-6df56e3351bf,SBM Aviva,sbm aviva,Reputed Developer / Co-op Consortium,Pune,Hinjewadi (Phases 1-3),IN,"SBM Aviva, Hinjewadi (Phases 1-3), Pune 411057, Maharashtra, India",411057,Gated Residential Society,0,20,P52100078546,18.588527,73.742496,Grade A Luxury,osm_cadastral_enriched,0.88
a7a0aa7f-0414-42c9-b930-a03e08bf9eff,Viva,viva,Reputed Developer / Co-op Consortium,Pune,Hinjewadi (Phases 1-3),IN,"Viva, Hinjewadi (Phases 1-3), Pune 411057, Maharashtra, India",411057,Gated Residential Society,0,20,P52100047993,18.590921,73.743121,Grade A Luxury,osm_cadastral_enriched,0.88
a8093c72-1580-48da-8e48-bd7d4f23bc8c,Ashok Park,ashok park,Reputed Developer / Co-op Consortium,Pune,Aundh & Sindh Society,IN,"Ashok Park, Park Avenue Lane, Aundh & Sindh Society, Pune 411007, Maharashtra, India",411007,Gated Residential Society,0,20,P52100040962,18.562074,73.804413,Grade A Luxury,osm_cadastral_enriched,0.88
2e8fd916-3c07-42df-b455-67b78afa0f49,Arihanta Aastha,arihanta aastha,Reputed Developer / Co-op Consortium,Pune,Hinjewadi (Phases 1-3),IN,"Arihanta Aastha, Hinjewadi (Phases 1-3), Pune 411057, Maharashtra, India",411057,Gated Residential Society,0,20,P52100064143,18.586261,73.741297,Grade A Luxury,osm_cadastral_enriched,0.88
2da9e1a8-39be-4dc5-9e5e-2c20000b3d94,Shobha Sadan,shobha sadan,Reputed Developer / Co-op Consortium,Pune,Hinjewadi (Phases 1-3),IN,"Shobha Sadan, Hinjewadi (Phases 1-3), Pune 411057, Maharashtra, India",411057,Gated Residential Society,0,20,P52100026215,18.58643,73.740734,Grade A Luxury,osm_cadastral_enriched,0.88
20a303b5-c45e-46a2-9f0a-d0a318640456,Santoshi Heights,santoshi heights,Reputed Developer / Co-op Consortium,Pune,Hinjewadi (Phases 1-3),IN,"Santoshi Heights, Hinjewadi (Phases 1-3), Pune 411057, Maharashtra, India",411057,Luxury High-Rise Tower,0,20,P52100056254,18.586311,73.740744,Grade A Luxury,osm_cadastral_enriched,0.88
6d98dc04-b6d6-47a7-9a53-1cf90ceb1b77,Narayan Apartment,narayan apartment,Reputed Developer / Co-op Consortium,Pune,Hinjewadi (Phases 1-3),IN,"Narayan Apartment, Hinjewadi (Phases 1-3), Pune 411057, Maharashtra, India",411057,Gated Residential Society,0,20,P52100024816,18.586216,73.740744,Grade A Luxury,osm_cadastral_enriched,0.88
9a201955-1ab7-4ee2-a688-16168470afff,Pushpa Mohan,pushpa mohan,Reputed Developer / Co-op Consortium,Pune,Hinjewadi (Phases 1-3),IN,"Pushpa Mohan, Hinjewadi (Phases 1-3), Pune 411057, Maharashtra, India",411057,Gated Residential Society,0,20,P52100067849,18.586082,73.740763,Grade A Luxury,osm_cadastral_enriched,0.88
6c53379e-858e-4e15-9d76-ec9ccd961da9,Surbhi Residency,surbhi residency,Reputed Developer / Co-op Consortium,Pune,Hinjewadi (Phases 1-3),IN,"Surbhi Residency, Hinjewadi (Phases 1-3), Pune 411057, Maharashtra, India",411057,Gated Residential Society,0,20,P52100073700,18.587576,73.740938,Grade A Luxury,osm_cadastral_enriched,0.88
29c2a678-1024-4bad-921c-ed27c45c9379,Sun Residency,sun residency,Reputed Developer / Co-op Consortium,Pune,Hinjewadi (Phases 1-3),IN,"Sun Residency, Hinjewadi (Phases 1-3), Pune 411057, Maharashtra, India",411057,Gated Residential Society,0,20,P52100051613,18.588303,73.740996,Grade A Luxury,osm_cadastral_enriched,0.88
422ce5bd-9846-495b-9a3b-465841da6261,Varad Vastu,varad vastu,Reputed Developer / Co-op Consortium,Pune,Hinjewadi (Phases 1-3),IN,"Varad Vastu, Hinjewadi (Phases 1-3), Pune 411057, Maharashtra, India",411057,Gated Residential Society,0,20,P52100026294,18.588038,73.740657,Grade A Luxury,osm_cadastral_enriched,0.88
3958e6b8-8c40-4d1a-841f-4320c05d8ee6,Zolo Ample,zolo ample,Reputed Developer / Co-op Consortium,Pune,Hinjewadi (Phases 1-3),IN,"Zolo Ample, Hinjewadi (Phases 1-3), Pune 411057, Maharashtra, India",411057,Gated Residential Society,0,20,P52100089880,18.588097,73.741278,Grade A Luxury,osm_cadastral_enriched,0.88
a77eead0-6e89-4d12-9cdc-af19153a6196,Zolo Sparkle,zolo sparkle,Reputed Developer / Co-op Consortium,Pune,Hinjewadi (Phases 1-3),IN,"Zolo Sparkle, Hinjewadi (Phases 1-3), Pune 411057, Maharashtra, India",411057,Gated Residential Society,0,20,P52100096106,18.587956,73.741281,Grade A Luxury,osm_cadastral_enriched,0.88
9c13a1c6-272d-40e2-9cad-3ece34a61f12,Westwind Park,westwind park,Reputed Developer / Co-op Consortium,Pune,Hinjewadi (Phases 1-3),IN,"Westwind Park, Hinjewadi (Phases 1-3), Pune 411057, Maharashtra, India",411057,Gated Residential Society,0,20,P52100056862,18.588697,73.741841,Grade A Luxury,osm_cadastral_enriched,0.88
5d1c8012-52c5-4711-aad8-07512b18a0ab,Manik,manik,Reputed Developer / Co-op Consortium,Pune,Hinjewadi (Phases 1-3),IN,"Manik, Hinjewadi (Phases 1-3), Pune 411057, Maharashtra, India",411057,Gated Residential Society,0,20,P52100080473,18.58713,73.740507,Grade A Luxury,osm_cadastral_enriched,0.88
5f05d73f-fa9d-4574-96e5-2ac9931156fb,Sri Sai Cool Homes,sri sai cool homes,Reputed Developer / Co-op Consortium,Pune,Hinjewadi (Phases 1-3),IN,"Sri Sai Cool Homes, Hinjewadi (Phases 1-3), Pune 411057, Maharashtra, India",411057,Gated Residential Society,0,20,P52100087638,18.587315,73.740402,Grade A Luxury,osm_cadastral_enriched,0.88
d7fb146d-ec6c-4db1-83b7-5d85b1cc784e,Silicon Elite,silicon elite,Reputed Developer / Co-op Consortium,Pune,Hinjewadi (Phases 1-3),IN,"Silicon Elite, Hinjewadi (Phases 1-3), Pune 411057, Maharashtra, India",411057,Gated Residential Society,0,20,P52100049641,18.587294,73.740209,Grade A Luxury,osm_cadastral_enriched,0.88
69f42c0b-6298-430b-8ebc-b52aa575923d,Shanti Niwas,shanti niwas,Reputed Developer / Co-op Consortium,Pune,Hinjewadi (Phases 1-3),IN,"Shanti Niwas, Hinjewadi (Phases 1-3), Pune 411057, Maharashtra, India",411057,Gated Residential Society,0,20,P52100019251,18.587463,73.740383,Grade A Luxury,osm_cadastral_enriched,0.88
8a05608b-da5b-4fa8-acac-55bdb49f4747,West Inn Residency,west inn residency,Reputed Developer / Co-op Consortium,Pune,Hinjewadi (Phases 1-3),IN,"West Inn Residency, Hinjewadi (Phases 1-3), Pune 411057, Maharashtra, India",411057,Gated Residential Society,0,20,P52100036986,18.587594,73.74038,Grade A Luxury,osm_cadastral_enriched,0.88
58151f39-0671-4ad4-a36f-b5bd17d8f469,Morya Residency,morya residency,Reputed Developer / Co-op Consortium,Pune,Hinjewadi (Phases 1-3),IN,"Morya Residency, Hinjewadi (Phases 1-3), Pune 411057, Maharashtra, India",411057,Gated Residential Society,0,20,P52100058378,18.587769,73.740366,Grade A Luxury,osm_cadastral_enriched,0.88
4a18e7e5-e9be-4234-bf77-a4b1827f3d38,Shree Balaji Niwas,shree balaji niwas,Reputed Developer / Co-op Consortium,Pune,Hinjewadi (Phases 1-3),IN,"Shree Balaji Niwas, Hinjewadi (Phases 1-3), Pune 411057, Maharashtra, India",411057,Gated Residential Society,0,20,P52100089617,18.587789,73.740582,Grade A Luxury,osm_cadastral_enriched,0.88
8b372a8f-b92b-442d-90ec-27b9739fc962,Kaveri Apartment,kaveri apartment,Reputed Developer / Co-op Consortium,Pune,Hinjewadi (Phases 1-3),IN,"Kaveri Apartment, Hinjewadi (Phases 1-3), Pune 411057, Maharashtra, India",411057,Gated Residential Society,0,20,P52100048018,18.587891,73.740572,Grade A Luxury,osm_cadastral_enriched,0.88
30e09c7e-8ac6-4623-80fa-4a98013fbae4,JSK House,jsk house,Reputed Developer / Co-op Consortium,Pune,Hinjewadi (Phases 1-3),IN,"JSK House, Hinjewadi (Phases 1-3), Pune 411057, Maharashtra, India",411057,Gated Residential Society,0,20,P52100073685,18.587184,73.739946,Grade A Luxury,osm_cadastral_enriched,0.88
dab97294-7431-40f0-8c9b-a6898aac333f,Green Olive,green olive,Reputed Developer / Co-op Consortium,Pune,Hinjewadi (Phases 1-3),IN,"Green Olive, Hinjewadi (Phases 1-3), Pune 411057, Maharashtra, India",411057,Gated Residential Society,0,20,P52100074689,18.586314,73.739468,Grade A Luxury,osm_cadastral_enriched,0.88
8c3e15b5-348d-41e5-a741-a2359a4611d4,Planet 9,planet 9,Reputed Developer / Co-op Consortium,Pune,Hinjewadi (Phases 1-3),IN,"Planet 9, Hinjewadi (Phases 1-3), Pune 411057, Maharashtra, India",411057,Gated Residential Society,0,20,P52100083396,18.587181,73.739529,Grade A Luxury,osm_cadastral_enriched,0.88
c6e66c7b-4bf5-4aab-8705-37bab6cbf0a7,Shree Balaji Nilayam,shree balaji nilayam,Reputed Developer / Co-op Consortium,Pune,Hinjewadi (Phases 1-3),IN,"Shree Balaji Nilayam, Hinjewadi (Phases 1-3), Pune 411057, Maharashtra, India",411057,Gated Residential Society,0,20,P52100020779,18.587521,73.739442,Grade A Luxury,osm_cadastral_enriched,0.88
ac168642-6f20-4a87-89cc-8541900c04bc,Balaji Heights,balaji heights,Reputed Developer / Co-op Consortium,Pune,Hinjewadi (Phases 1-3),IN,"Balaji Heights, Hinjewadi (Phases 1-3), Pune 411057, Maharashtra, India",411057,Luxury High-Rise Tower,0,20,P52100077785,18.587479,73.73929,Grade A Luxury,osm_cadastral_enriched,0.88
80fa01bd-6d23-462c-a8f1-817b859fe428,Vaishnudevi Heights,vaishnudevi heights,Reputed Developer / Co-op Consortium,Pune,Hinjewadi (Phases 1-3),IN,"Vaishnudevi Heights, Hinjewadi (Phases 1-3), Pune 411057, Maharashtra, India",411057,Luxury High-Rise Tower,0,20,P52100029992,18.587821,73.738818,Grade A Luxury,osm_cadastral_enriched,0.88
cc73a249-dbbf-4191-a89a-6d501145f7f7,Bappa Residency,bappa residency,Reputed Developer / Co-op Consortium,Pune,Hinjewadi (Phases 1-3),IN,"Bappa Residency, Hinjewadi (Phases 1-3), Pune 411057, Maharashtra, India",411057,Gated Residential Society,0,20,P52100051467,18.587605,73.741962,Grade A Luxury,osm_cadastral_enriched,0.88
625fb654-989f-4712-a91e-aa4766abd6ff,Cleo House,cleo house,Reputed Developer / Co-op Consortium,Pune,Hinjewadi (Phases 1-3),IN,"Cleo House, Hinjewadi (Phases 1-3), Pune 411057, Maharashtra, India",411057,Gated Residential Society,0,20,P52100032197,18.585916,73.740359,Grade A Luxury,osm_cadastral_enriched,0.88
75e3dd79-dba4-4769-a5d1-a0635ddbe099,Rajgruh,rajgruh,Reputed Developer / Co-op Consortium,Pune,Hinjewadi (Phases 1-3),IN,"Rajgruh, Hinjewadi (Phases 1-3), Pune 411057, Maharashtra, India",411057,Gated Residential Society,0,20,P52100071717,18.585078,73.741073,Grade A Luxury,osm_cadastral_enriched,0.88
f662477f-3b26-44e5-8c46-d82e911c39a7,Jay Ganesh,jay ganesh,Reputed Developer / Co-op Consortium,Pune,Hinjewadi (Phases 1-3),IN,"Jay Ganesh, Hinjewadi (Phases 1-3), Pune 411057, Maharashtra, India",411057,Gated Residential Society,0,20,P52100097282,18.584917,73.740847,Grade A Luxury,osm_cadastral_enriched,0.88
e62fb967-4f69-41a5-a03b-944cbf9e53a9,Shree Sai Enclave,shree sai enclave,Reputed Developer / Co-op Consortium,Pune,Hinjewadi (Phases 1-3),IN,"Shree Sai Enclave, Hinjewadi (Phases 1-3), Pune 411057, Maharashtra, India",411057,Luxury Villa Community,0,20,P52100080839,18.585729,73.741038,Grade A Luxury,osm_cadastral_enriched,0.88
0ad6136c-4abe-4724-929a-8bbaaa7c264c,White House,white house,Reputed Developer / Co-op Consortium,Pune,Hinjewadi (Phases 1-3),IN,"White House, Hinjewadi (Phases 1-3), Pune 411057, Maharashtra, India",411057,Gated Residential Society,0,20,P52100067193,18.585682,73.740796,Grade A Luxury,osm_cadastral_enriched,0.88
bb75bf63-df47-4f65-b291-81ee0df2077a,Shri Sadguru Krupa,shri sadguru krupa,Reputed Developer / Co-op Consortium,Pune,Hinjewadi (Phases 1-3),IN,"Shri Sadguru Krupa, Hinjewadi (Phases 1-3), Pune 411057, Maharashtra, India",411057,Gated Residential Society,0,20,P52100014473,18.585545,73.741044,Grade A Luxury,osm_cadastral_enriched,0.88
959c5b2b-671b-4f5f-96c6-8ffa2cea52ef,Atharva Residency,atharva residency,Reputed Developer / Co-op Consortium,Pune,Baner & Pan Card Club Rd,IN,"Atharva Residency, Baner & Pan Card Club Rd, Pune 411045, Maharashtra, India",411045,Gated Residential Society,0,20,P52100072449,18.555903,73.794241,Grade A Luxury,osm_cadastral_enriched,0.88
0755629f-2c4f-4d26-97f5-098087196df7,Riviresa,riviresa,Reputed Developer / Co-op Consortium,Pune,Baner & Pan Card Club Rd,IN,"Riviresa, Baner & Pan Card Club Rd, Pune 411045, Maharashtra, India",411045,Gated Residential Society,0,20,P52100073291,18.557406,73.79473,Grade A Luxury,osm_cadastral_enriched,0.88
6f553a9d-946f-45ee-af79-e46ca490dc0b,Kubera Gulshan,kubera gulshan,Reputed Developer / Co-op Consortium,Pune,Aundh & Sindh Society,IN,"Kubera Gulshan, Wireless Colony Lane, Aundh & Sindh Society, Pune 411007, Maharashtra, India",411007,Gated Residential Society,0,20,P52100028748,18.561916,73.805083,Grade A Luxury,osm_cadastral_enriched,0.88
fda8db8d-915e-44b4-86e8-04ad57e41c9f,Megha Terraces,megha terraces,Reputed Developer / Co-op Consortium,Pune,Aundh & Sindh Society,IN,"Megha Terraces, Wireless Colony Lane, Aundh & Sindh Society, Pune 411007, Maharashtra, India",411007,Gated Residential Society,0,20,P52100079649,18.562564,73.805514,Grade A Luxury,osm_cadastral_enriched,0.88
860af4fb-ffa1-4437-afef-f3b5b1cf053d,Elite Garden,elite garden,Reputed Developer / Co-op Consortium,Pune,Aundh & Sindh Society,IN,"Elite Garden, Elite Garden Road, Aundh & Sindh Society, Pune 411007, Maharashtra, India",411007,Gated Residential Society,0,20,P52100019623,18.564154,73.805984,Grade A Luxury,osm_cadastral_enriched,0.88
835d0071-d32f-4293-a2d9-afad24dfe68f,Twin,twin,Reputed Developer / Co-op Consortium,Pune,Aundh & Sindh Society,IN,"Twin, Aundh & Sindh Society, Pune 411007, Maharashtra, India",411007,Gated Residential Society,0,20,P52100048004,18.56324,73.805504,Grade A Luxury,osm_cadastral_enriched,0.88
a1323eb4-89a1-47d9-8703-e5c96e4632ff,Nandan Festiva,nandan festiva,Reputed Developer / Co-op Consortium,Pune,Aundh & Sindh Society,IN,"Nandan Festiva, Nagras Road, Aundh & Sindh Society, Pune 411007, Maharashtra, India",411007,Gated Residential Society,0,20,P52100025587,18.565083,73.805294,Grade A Luxury,osm_cadastral_enriched,0.88
cf7cac8f-17f2-431d-a6a4-a5cff9c99b11,Sayali Garden,sayali garden,Reputed Developer / Co-op Consortium,Pune,Aundh & Sindh Society,IN,"Sayali Garden, Nagras Road, Aundh & Sindh Society, Pune 411007, Maharashtra, India",411007,Gated Residential Society,0,20,P52100023224,18.564966,73.805639,Grade A Luxury,osm_cadastral_enriched,0.88
903fe352-f68a-4076-9af4-d441ffdd1477,Shreeji Paradise,shreeji paradise,Reputed Developer / Co-op Consortium,Pune,Aundh & Sindh Society,IN,"Shreeji Paradise, Nagras Road, Aundh & Sindh Society, Pune 411007, Maharashtra, India",411007,Gated Residential Society,0,20,P52100012329,18.564354,73.803897,Grade A Luxury,osm_cadastral_enriched,0.88
f3a40830-22ad-404c-ba96-fa7d1ace6351,Bandal Heights,bandal heights,Reputed Developer / Co-op Consortium,Pune,Balewadi & High Street,IN,"Bandal Heights, Patil Nagar, Balewadi, Balewadi & High Street, Pune 411045, Maharashtra, India",411045,Luxury High-Rise Tower,0,20,P52100093205,18.58146,73.762261,Grade A Luxury,osm_cadastral_enriched,0.88
516764a6-7854-4fab-88df-233dbd87dec9,Suvarnayug Loksangam Vihar,suvarnayug loksangam vihar,Reputed Developer / Co-op Consortium,Pune,Aundh & Sindh Society,IN,"Suvarnayug Loksangam Vihar, Nagras Road, Aundh & Sindh Society, Pune 411007, Maharashtra, India",411007,Gated Residential Society,0,20,P52100030771,18.566992,73.802704,Grade A Luxury,osm_cadastral_enriched,0.88
b8f6f2fa-f49f-462d-ad9e-36205d906f96,Surobhi Park,surobhi park,Reputed Developer / Co-op Consortium,Pune,Aundh & Sindh Society,IN,"Surobhi Park, Nagras Road, Aundh & Sindh Society, Pune 411007, Maharashtra, India",411007,Gated Residential Society,0,20,P52100013276,18.567398,73.803499,Grade A Luxury,osm_cadastral_enriched,0.88
15389901-06df-451f-a449-dece53628c22,DSK Akashganga,dsk akashganga,Reputed Developer / Co-op Consortium,Pune,Aundh & Sindh Society,IN,"DSK Akashganga, Nagras Road, Aundh & Sindh Society, Pune 411007, Maharashtra, India",411007,Gated Residential Society,0,20,P52100079619,18.567344,73.803952,Grade A Luxury,osm_cadastral_enriched,0.88
63de4740-6382-47f6-b5a1-c28356ef15c6,Supriya,supriya,Reputed Developer / Co-op Consortium,Pune,Aundh & Sindh Society,IN,"Supriya, Suraksha Enclave Road, Aundh & Sindh Society, Pune 411007, Maharashtra, India",411007,Gated Residential Society,0,20,P52100028890,18.565267,73.803501,Grade A Luxury,osm_cadastral_enriched,0.88
ef3007d1-42c4-45f4-b891-260a12ed7bf7,Supriya Gardens,supriya gardens,Reputed Developer / Co-op Consortium,Pune,Aundh & Sindh Society,IN,"Supriya Gardens, Suraksha Enclave Road, Aundh & Sindh Society, Pune 411007, Maharashtra, India",411007,Gated Residential Society,0,20,P52100071239,18.563793,73.803511,Grade A Luxury,osm_cadastral_enriched,0.88
5867dcf0-cd9e-4387-98a9-b200749411f6,Suraksha Enclave,suraksha enclave,Reputed Developer / Co-op Consortium,Pune,Aundh & Sindh Society,IN,"Suraksha Enclave, Suraksha Enclave Road, Aundh & Sindh Society, Pune 411007, Maharashtra, India",411007,Luxury Villa Community,0,20,P52100023236,18.564505,73.803491,Grade A Luxury,osm_cadastral_enriched,0.88
6222d8ff-eb12-4612-a18c-7bf84f981070,Royal Orchard,royal orchard,Reputed Developer / Co-op Consortium,Pune,Aundh & Sindh Society,IN,"Royal Orchard, Aundh & Sindh Society, Pune 411007, Maharashtra, India",411007,Gated Residential Society,0,20,P52100022324,18.564016,73.805588,Grade A Luxury,osm_cadastral_enriched,0.88
1087e793-ba4a-4434-897e-51957b319286,Anurao Heights,anurao heights,Reputed Developer / Co-op Consortium,Pune,Baner & Pan Card Club Rd,IN,"Anurao Heights, Baner & Pan Card Club Rd, Pune 411045, Maharashtra, India",411045,Luxury High-Rise Tower,0,20,P52100064353,18.568087,73.781246,Grade A Luxury,osm_cadastral_enriched,0.88
fd7e11a2-113a-4bdf-a564-0ebb1501e90f,Shrushti Elements,shrushti elements,Reputed Developer / Co-op Consortium,Pune,Baner & Pan Card Club Rd,IN,"Shrushti Elements, Baner & Pan Card Club Rd, Pune 411045, Maharashtra, India",411045,Gated Residential Society,0,20,P52100063076,18.568531,73.780639,Grade A Luxury,osm_cadastral_enriched,0.88
548d713b-58bd-4d67-bd26-8941bb2c32b6,Giridhar,giridhar,Reputed Developer / Co-op Consortium,Pune,Baner & Pan Card Club Rd,IN,"Giridhar, Baner & Pan Card Club Rd, Pune 411045, Maharashtra, India",411045,Gated Residential Society,0,20,P52100055589,18.568548,73.779955,Grade A Luxury,osm_cadastral_enriched,0.88
e3e36d89-47d8-4d2a-b346-ce08c9333890,Venkateshwara Heights B,venkateshwara heights b,Reputed Developer / Co-op Consortium,Pune,Baner & Pan Card Club Rd,IN,"Venkateshwara Heights B, Baner & Pan Card Club Rd, Pune 411045, Maharashtra, India",411045,Luxury High-Rise Tower,0,20,P52100071387,18.567715,73.779756,Grade A Luxury,osm_cadastral_enriched,0.88
e2aa3dba-0e65-4fa0-93e1-de71b93f2cc3,Elysian,elysian,Reputed Developer / Co-op Consortium,Pune,Baner & Pan Card Club Rd,IN,"Elysian, Baner & Pan Card Club Rd, Pune 411045, Maharashtra, India",411045,Gated Residential Society,0,20,P52100013479,18.567799,73.780165,Grade A Luxury,osm_cadastral_enriched,0.88
280c1ebf-6fe7-421b-9e92-43fe880630d7,Gini Viviana,gini viviana,Reputed Developer / Co-op Consortium,Pune,Balewadi & High Street,IN,"Gini Viviana, Madhuban Society Road, Balewadi & High Street, Pune 411045, Maharashtra, India",411045,Gated Residential Society,0,20,P52100061245,18.580548,73.768174,Grade A Luxury,osm_cadastral_enriched,0.88
a85a6fbe-3286-4b31-a10c-a510c7082751,Yashvant,yashvant,Reputed Developer / Co-op Consortium,Pune,Baner & Pan Card Club Rd,IN,"Yashvant, Baner & Pan Card Club Rd, Pune 411045, Maharashtra, India",411045,Gated Residential Society,0,20,P52100026959,18.560264,73.77928,Grade A Luxury,osm_cadastral_enriched,0.88
87483f76-64b5-4e33-b435-2544df0c63e7,Nav Pinnac Kanchunganga,nav pinnac kanchunganga,Reputed Developer / Co-op Consortium,Pune,Aundh & Sindh Society,IN,"Nav Pinnac Kanchunganga, Chondhe Park Road, Aundh & Sindh Society, Pune 411007, Maharashtra, India",411007,Gated Residential Society,0,20,P52100085396,18.564386,73.80846,Grade A Luxury,osm_cadastral_enriched,0.88
080b1e71-581f-4528-800e-11d35a0896b7,Vastusundar,vastusundar,Reputed Developer / Co-op Consortium,Pune,Aundh & Sindh Society,IN,"Vastusundar, Chondhe Park Road, Aundh & Sindh Society, Pune 411007, Maharashtra, India",411007,Gated Residential Society,0,20,P52100079905,18.562931,73.808589,Grade A Luxury,osm_cadastral_enriched,0.88
9aea3d77-4d22-44ac-adef-bd18f4199541,Janki Rainbow,janki rainbow,Reputed Developer / Co-op Consortium,Pune,Baner & Pan Card Club Rd,IN,"Janki Rainbow, Baner & Pan Card Club Rd, Pune 411045, Maharashtra, India",411045,Gated Residential Society,0,20,P52100044560,18.562349,73.786324,Grade A Luxury,osm_cadastral_enriched,0.88
0f836bd6-f9f2-4672-8233-b1861f1b7018,Sadanand Nagar,sadanand nagar,Reputed Developer / Co-op Consortium,Pune,Camp & Pune Cantonment,IN,"Sadanand Nagar, Camp & Pune Cantonment, Pune 411011, Maharashtra, India",411011,Gated Residential Society,0,20,P52100061396,18.522907,73.865081,Grade A Luxury,osm_cadastral_enriched,0.88
b7dc6c14-57fe-431a-b238-3527e8a0501d,Overa,overa,Reputed Developer / Co-op Consortium,Pune,Camp & Pune Cantonment,IN,"Overa, Camp & Pune Cantonment, Pune 411001, Maharashtra, India",411001,Gated Residential Society,0,20,P52100077136,18.507898,73.874593,Grade A Luxury,osm_cadastral_enriched,0.88
0268ebbc-6122-4fc9-a463-f51700fa9ea5,Nagras Estate,nagras estate,Reputed Developer / Co-op Consortium,Pune,Aundh & Sindh Society,IN,"Nagras Estate, Nagras Road, Aundh & Sindh Society, Pune 411007, Maharashtra, India",411007,Gated Residential Society,0,20,P52100053611,18.565117,73.804203,Grade A Luxury,osm_cadastral_enriched,0.88
6aac1c99-807b-4bfa-b594-67e8f68e498c,El-Homes,el homes,Reputed Developer / Co-op Consortium,Pune,Baner & Pan Card Club Rd,IN,"El-Homes, Baner & Pan Card Club Rd, Pune 411045, Maharashtra, India",411045,Gated Residential Society,0,20,P52100054332,18.556564,73.786915,Grade A Luxury,osm_cadastral_enriched,0.88
3ed74a27-bfbf-411a-baff-0c3511a308c5,Visava Gharkul,visava gharkul,Reputed Developer / Co-op Consortium,Pune,Aundh & Sindh Society,IN,"Visava Gharkul, Aundh & Sindh Society, Pune 411007, Maharashtra, India",411007,Gated Residential Society,0,20,P52100097420,18.562084,73.805422,Grade A Luxury,osm_cadastral_enriched,0.88
c0718694-5a68-49d2-8ecd-24fc7fb90467,Visava Heights,visava heights,Reputed Developer / Co-op Consortium,Pune,Aundh & Sindh Society,IN,"Visava Heights, Aundh & Sindh Society, Pune 411007, Maharashtra, India",411007,Luxury High-Rise Tower,0,20,P52100037571,18.56145,73.805473,Grade A Luxury,osm_cadastral_enriched,0.88
1332c04b-b3db-4101-bb16-addf544fc6be,Visava Enclave,visava enclave,Reputed Developer / Co-op Consortium,Pune,Aundh & Sindh Society,IN,"Visava Enclave, Ramchandra Gayakwad Path, Aundh & Sindh Society, Pune 411007, Maharashtra, India",411007,Luxury Villa Community,0,20,P52100038398,18.560823,73.80547,Grade A Luxury,osm_cadastral_enriched,0.88
70f8e676-2a1e-4c66-a065-9ea3760d8d49,Hari Om Puram,hari om puram,Reputed Developer / Co-op Consortium,Pune,Aundh & Sindh Society,IN,"Hari Om Puram, Nagras Road, Aundh & Sindh Society, Pune 411007, Maharashtra, India",411007,Gated Residential Society,0,20,P52100023411,18.563842,73.804151,Grade A Luxury,osm_cadastral_enriched,0.88
2dfe7555-8431-4889-afba-8102e1551241,Sitai Park,sitai park,Reputed Developer / Co-op Consortium,Pune,Aundh & Sindh Society,IN,"Sitai Park, Ramchandra Gayakwad Path, Aundh & Sindh Society, Pune 411007, Maharashtra, India",411007,Gated Residential Society,0,20,P52100071867,18.561631,73.805861,Grade A Luxury,osm_cadastral_enriched,0.88
8f9d91b2-8749-41f8-b70a-694f2a3c7e0d,Medhi Park,medhi park,Reputed Developer / Co-op Consortium,Pune,Aundh & Sindh Society,IN,"Medhi Park, Ramchandra Gayakwad Path, Aundh & Sindh Society, Pune 411007, Maharashtra, India",411007,Gated Residential Society,0,20,P52100049400,18.561487,73.806019,Grade A Luxury,osm_cadastral_enriched,0.88
e69c1acc-0100-47a6-b258-22545e7eb959,Queens Tower,queens tower,Reputed Developer / Co-op Consortium,Pune,Aundh & Sindh Society,IN,"Queens Tower, New DP Road, Aundh & Sindh Society, Pune 411007, Maharashtra, India",411007,Luxury High-Rise Tower,0,20,P52100084308,18.564002,73.802809,Grade A Luxury,osm_cadastral_enriched,0.88
b6a07f5b-1ce0-416d-9aae-2934385f6ff3,Sai Heritage,sai heritage,Reputed Developer / Co-op Consortium,Pune,Aundh & Sindh Society,IN,"Sai Heritage, New DP Road, Aundh & Sindh Society, Pune 411007, Maharashtra, India",411007,Gated Residential Society,0,20,P52100050637,18.565228,73.80135,Grade A Luxury,osm_cadastral_enriched,0.88
33a359b1-e24f-465d-a573-6736e355c0ba,The Spires,the spires,Reputed Developer / Co-op Consortium,Pune,Aundh & Sindh Society,IN,"The Spires, Aundh-Baner Link Road, Aundh & Sindh Society, Pune 411007, Maharashtra, India",411007,Gated Residential Society,0,20,P52100049264,18.5629,73.795905,Grade A Luxury,osm_cadastral_enriched,0.88
8761f488-8222-40d2-b69f-58fa923558b0,Shambhu Vihar Housing Society,shambhu vihar housing society,Reputed Developer / Co-op Consortium,Pune,Aundh & Sindh Society,IN,"Shambhu Vihar Housing Society, Shantivan Society Road, Aundh & Sindh Society, Pune 411007, Maharashtra, India",411007,Gated Residential Society,0,20,P52100065368,18.561277,73.801352,Grade A Luxury,osm_cadastral_enriched,0.88
f285fee8-c356-4c8d-9517-d679abc629fa,Niyoshi Park,niyoshi park,Reputed Developer / Co-op Consortium,Pune,Aundh & Sindh Society,IN,"Niyoshi Park, Sanghvi Kesari Road, Aundh & Sindh Society, Pune 411007, Maharashtra, India",411007,Gated Residential Society,0,20,P52100085861,18.561023,73.813256,Grade A Luxury,osm_cadastral_enriched,0.88
838756a7-ed54-4bc8-a339-e0f1db64a2ef,Sargam,sargam,Reputed Developer / Co-op Consortium,Pune,Kothrud & Paud Road,IN,"Sargam, Kothrud & Paud Road, Pune 411038, Maharashtra, India",411038,Gated Residential Society,0,20,P52100098718,18.511331,73.808157,Grade A Luxury,osm_cadastral_enriched,0.88
edc263a0-bb7b-4e8c-98b6-f88d5012e8fb,pebbles,pebbles,Reputed Developer / Co-op Consortium,Pune,Bavdhan & Chandani Chowk,IN,"pebbles, DSK Ranwara road, Bavdhan & Chandani Chowk, Pune 411021, Maharashtra, India",411021,Gated Residential Society,0,20,P52100041240,18.520052,73.775137,Grade A Luxury,osm_cadastral_enriched,0.88
47c1f5d9-71d0-4fde-bf10-7f189257ae3b,Keshavkunj,keshavkunj,Reputed Developer / Co-op Consortium,Pune,Keshav Nagar & Mundhwa,IN,"Keshavkunj, Keshav Nagar & Mundhwa, Pune 411036, Maharashtra, India",411036,Gated Residential Society,0,20,P52100017547,18.531209,73.949478,Grade A Luxury,osm_cadastral_enriched,0.88
b38f88d3-5b86-48b4-aa89-77ab538aae0b,Uttam Enclave,uttam enclave,Reputed Developer / Co-op Consortium,Pune,Aundh & Sindh Society,IN,"Uttam Enclave, Aundh & Sindh Society, Pune 411007, Maharashtra, India",411007,Luxury Villa Community,0,20,P52100096232,18.564668,73.808111,Grade A Luxury,osm_cadastral_enriched,0.88
55b14097-2ec2-47c7-8fae-1e0c7d341962,ashtami plaza,ashtami plaza,Reputed Developer / Co-op Consortium,Pune,Magarpatta City & Hadapsar,IN,"ashtami plaza, Magarpatta City & Hadapsar, Pune 411028, Maharashtra, India",411028,Gated Residential Society,0,20,P52100071787,18.524459,73.959561,Grade A Luxury,osm_cadastral_enriched,0.88
a2394ed6-7be8-423b-b5ab-8c605ab82937,Unique Legacy Grand,unique legacy grand,Reputed Developer / Co-op Consortium,Pune,Keshav Nagar & Mundhwa,IN,"Unique Legacy Grand, Keshav Nagar & Mundhwa, Pune 411036, Maharashtra, India",411036,Gated Residential Society,0,20,P52100026202,18.532618,73.945859,Grade A Luxury,osm_cadastral_enriched,0.88
354effa1-3a31-4363-b15c-28038ffdceb6,Bloom Residency,bloom residency,Reputed Developer / Co-op Consortium,Pune,Baner & Pan Card Club Rd,IN,"Bloom Residency, Baner & Pan Card Club Rd, Pune 411045, Maharashtra, India",411045,Gated Residential Society,0,20,P52100064708,18.560843,73.794973,Grade A Luxury,osm_cadastral_enriched,0.88
b261b22a-fb15-4708-a489-245ec2ff8aef,Vaid Villa,vaid villa,Reputed Developer / Co-op Consortium,Pune,Baner & Pan Card Club Rd,IN,"Vaid Villa, Baner & Pan Card Club Rd, Pune 411045, Maharashtra, India",411045,Luxury Villa Community,0,20,P52100044064,18.560089,73.794967,Grade A Luxury,osm_cadastral_enriched,0.88
094de414-335b-4855-8064-025bb6c24d9c,The Pearl,the pearl,Reputed Developer / Co-op Consortium,Pune,Balewadi & High Street,IN,"The Pearl, Bajirao Shripati Marg, Balewadi & High Street, Pune 411045, Maharashtra, India",411045,Gated Residential Society,0,20,P52100065161,18.576072,73.776574,Grade A Luxury,osm_cadastral_enriched,0.88
df9d1b06-19ee-4c56-bcbf-d8c436c42cf8,Kunal Aspiree,kunal aspiree,Reputed Developer / Co-op Consortium,Pune,Balewadi & High Street,IN,"Kunal Aspiree, Balewadi & High Street, Pune 411045, Maharashtra, India",411045,Gated Residential Society,0,20,P52100068461,18.579628,73.776394,Grade A Luxury,osm_cadastral_enriched,0.88
103f16f8-7ade-406e-ba9f-5543afdc729d,Sai Eshanya,sai eshanya,Reputed Developer / Co-op Consortium,Pune,Balewadi & High Street,IN,"Sai Eshanya, Balewadi & High Street, Pune 411045, Maharashtra, India",411045,Gated Residential Society,0,20,P52100017724,18.578672,73.776971,Grade A Luxury,osm_cadastral_enriched,0.88
1facc85b-3793-4330-9c0a-aebf25578697,Purva Silversands,purva silversands,Reputed Developer / Co-op Consortium,Pune,Kharadi & EON IT Corridor,IN,"Purva Silversands, Kharadi & EON IT Corridor, Pune 411014, Maharashtra, India",411014,Gated Residential Society,0,20,P52100054104,18.543375,73.948261,Grade A Luxury,osm_cadastral_enriched,0.88
47524a6a-646a-4e8e-bce4-de6985994dbe,Ekbote Colony,ekbote colony,Reputed Developer / Co-op Consortium,Pune,Camp & Pune Cantonment,IN,"Ekbote Colony, Camp & Pune Cantonment, Pune 411042, Maharashtra, India",411042,Gated Residential Society,0,20,P52100088975,18.503143,73.867078,Grade A Luxury,osm_cadastral_enriched,0.88
a8ff0eed-a3a4-46f6-a897-1b1f2170fda5,Miranand Parisar,miranand parisar,Reputed Developer / Co-op Consortium,Pune,Salisbury Park & Gultekdi,IN,"Miranand Parisar, Salisbury Park & Gultekdi, Pune 411037, Maharashtra, India",411037,Gated Residential Society,0,20,P52100019493,18.499431,73.872584,Grade A Luxury,osm_cadastral_enriched,0.88
cd231e30-7ffc-4651-aba7-5f59ebe01228,Shree Residency,shree residency,Reputed Developer / Co-op Consortium,Pune,Baner & Pan Card Club Rd,IN,"Shree Residency, Baner & Pan Card Club Rd, Pune 411045, Maharashtra, India",411045,Gated Residential Society,0,20,P52100066088,18.573061,73.780269,Grade A Luxury,osm_cadastral_enriched,0.88
351e633a-89bd-475b-b616-782e2e9486b6,Mantra Monarch,mantra monarch,Reputed Developer / Co-op Consortium,Pune,Balewadi & High Street,IN,"Mantra Monarch, Balewadi & High Street, Pune 411045, Maharashtra, India",411045,Gated Residential Society,0,20,P52100010855,18.585049,73.764818,Grade A Luxury,osm_cadastral_enriched,0.88
7de0083e-40da-4b6b-887d-949f8b3be1f2,Janki Niwas,janki niwas,Reputed Developer / Co-op Consortium,Pune,Baner & Pan Card Club Rd,IN,"Janki Niwas, Baner & Pan Card Club Rd, Pune 411045, Maharashtra, India",411045,Gated Residential Society,0,20,P52100096623,18.564264,73.781492,Grade A Luxury,osm_cadastral_enriched,0.88
bb88c98f-02b1-4abb-9ac3-bef39e1007a4,Athashri Synergy,athashri synergy,Reputed Developer / Co-op Consortium,Pune,Balewadi & High Street,IN,"Athashri Synergy, Balewadi & High Street, Pune 411045, Maharashtra, India",411045,Gated Residential Society,0,20,P52100082165,18.584724,73.760794,Grade A Luxury,osm_cadastral_enriched,0.88
a7415be2-509e-4471-894d-f31e6975b87f,Sai Chetna Residency,sai chetna residency,Reputed Developer / Co-op Consortium,Pune,Kharadi & EON IT Corridor,IN,"Sai Chetna Residency, Kharadi & EON IT Corridor, Pune 411014, Maharashtra, India",411014,Gated Residential Society,0,20,P52100033566,18.546543,73.942159,Grade A Luxury,osm_cadastral_enriched,0.88
bf5e715a-1eaa-4a55-858d-3d4f3c4e453d,Harileela Apartments,harileela apartments,Reputed Developer / Co-op Consortium,Pune,Baner & Pan Card Club Rd,IN,"Harileela Apartments, Baner & Pan Card Club Rd, Pune 411045, Maharashtra, India",411045,Gated Residential Society,0,20,P52100030696,18.564979,73.783388,Grade A Luxury,osm_cadastral_enriched,0.88
d3505e31-6c1d-4467-a762-a446dde3518a,Thorve Vishva,thorve vishva,Reputed Developer / Co-op Consortium,Pune,Baner & Pan Card Club Rd,IN,"Thorve Vishva, Baner & Pan Card Club Rd, Pune 411045, Maharashtra, India",411045,Gated Residential Society,0,20,P52100042257,18.570269,73.782174,Grade A Luxury,osm_cadastral_enriched,0.88
1f5936dd-e2e6-43aa-a82d-d3a442fa3ffa,Comfort Zone Plus,comfort zone plus,Reputed Developer / Co-op Consortium,Pune,Baner & Pan Card Club Rd,IN,"Comfort Zone Plus, Baner & Pan Card Club Rd, Pune 411045, Maharashtra, India",411045,Gated Residential Society,0,20,P52100022431,18.570055,73.782395,Grade A Luxury,osm_cadastral_enriched,0.88
bb10d9b7-496a-4d65-966a-19270d87aff4,Ujwal Estate,ujwal estate,Reputed Developer / Co-op Consortium,Pune,Aundh & Sindh Society,IN,"Ujwal Estate, Aundh & Sindh Society, Pune 411007, Maharashtra, India",411007,Gated Residential Society,0,20,P52100024729,18.555786,73.798697,Grade A Luxury,osm_cadastral_enriched,0.88
cd24a6f5-2d84-4281-a3f8-140c752c4f6f,Antariksh,antariksh,Reputed Developer / Co-op Consortium,Pune,Aundh & Sindh Society,IN,"Antariksh, Aundh & Sindh Society, Pune 411007, Maharashtra, India",411007,Gated Residential Society,0,20,P52100028656,18.558817,73.795767,Grade A Luxury,osm_cadastral_enriched,0.88
4750cbed-aa03-4c0e-b629-b4daeec43a0e,Tejas Elysian,tejas elysian,Reputed Developer / Co-op Consortium,Pune,Aundh & Sindh Society,IN,"Tejas Elysian, Aundh & Sindh Society, Pune 411007, Maharashtra, India",411007,Gated Residential Society,0,20,P52100069713,18.559629,73.795965,Grade A Luxury,osm_cadastral_enriched,0.88
9e592361-e448-4c16-ae08-951a2b29b15d,Meghasrushti,meghasrushti,Reputed Developer / Co-op Consortium,Pune,Kothrud & Paud Road,IN,"Meghasrushti, Kothrud & Paud Road, Pune 411038, Maharashtra, India",411038,Gated Residential Society,0,20,P52100089491,18.494349,73.803414,Grade A Luxury,osm_cadastral_enriched,0.88
b0d6a86f-ee14-4a2f-95e8-3704dad72f52,Park Connect,park connect,Reputed Developer / Co-op Consortium,Pune,Hinjewadi (Phases 1-3),IN,"Park Connect, Hinjewadi (Phases 1-3), Pune 411057, Maharashtra, India",411057,Gated Residential Society,0,20,P52100018799,18.60137,73.723909,Grade A Luxury,osm_cadastral_enriched,0.88
0812b6a9-1df4-4f49-8ddd-26c26167f612,Kapil Residency,kapil residency,Reputed Developer / Co-op Consortium,Pune,Baner & Pan Card Club Rd,IN,"Kapil Residency, Baner & Pan Card Club Rd, Pune 411045, Maharashtra, India",411045,Gated Residential Society,0,20,P52100073948,18.569901,73.782406,Grade A Luxury,osm_cadastral_enriched,0.88
f30146c6-872c-45da-ae42-441b20a6e1df,Shalini Smruti,shalini smruti,Reputed Developer / Co-op Consortium,Pune,Baner & Pan Card Club Rd,IN,"Shalini Smruti, Baner & Pan Card Club Rd, Pune 411045, Maharashtra, India",411045,Gated Residential Society,0,20,P52100029672,18.569143,73.780597,Grade A Luxury,osm_cadastral_enriched,0.88
fbf558f7-b538-4606-82ac-1bc4489b204d,Sushil Kunj,sushil kunj,Reputed Developer / Co-op Consortium,Pune,Baner & Pan Card Club Rd,IN,"Sushil Kunj, Baner & Pan Card Club Rd, Pune 411045, Maharashtra, India",411045,Gated Residential Society,0,20,P52100054546,18.569144,73.780403,Grade A Luxury,osm_cadastral_enriched,0.88
8d5a2f0c-6ad0-475a-b279-6b854c0b2a65,Sudarshan Dham,sudarshan dham,Reputed Developer / Co-op Consortium,Pune,Baner & Pan Card Club Rd,IN,"Sudarshan Dham, Baner & Pan Card Club Rd, Pune 411045, Maharashtra, India",411045,Gated Residential Society,0,20,P52100076373,18.569179,73.781082,Grade A Luxury,osm_cadastral_enriched,0.88
ffda6ea6-96b1-4122-9b79-177b8f39a138,Aaiji Vivanta,aaiji vivanta,Reputed Developer / Co-op Consortium,Pune,Baner & Pan Card Club Rd,IN,"Aaiji Vivanta, Baner & Pan Card Club Rd, Pune 411045, Maharashtra, India",411045,Gated Residential Society,0,20,P52100082798,18.569069,73.779571,Grade A Luxury,osm_cadastral_enriched,0.88
1c0ed127-d33e-4acf-bd39-e142e30e325a,Sharmin Villa,sharmin villa,Reputed Developer / Co-op Consortium,Pune,Baner & Pan Card Club Rd,IN,"Sharmin Villa, Baner & Pan Card Club Rd, Pune 411045, Maharashtra, India",411045,Luxury Villa Community,0,20,P52100078401,18.569167,73.778076,Grade A Luxury,osm_cadastral_enriched,0.88
e841ff79-23b6-4398-9c82-4cffed63f537,Radha,radha,Reputed Developer / Co-op Consortium,Pune,Baner & Pan Card Club Rd,IN,"Radha, Baner & Pan Card Club Rd, Pune 411045, Maharashtra, India",411045,Gated Residential Society,0,20,P52100017607,18.569114,73.776931,Grade A Luxury,osm_cadastral_enriched,0.88
bd96850e-4f95-423c-88e4-2bcbc9fbaf95,Maitra,maitra,Reputed Developer / Co-op Consortium,Pune,Baner & Pan Card Club Rd,IN,"Maitra, Baner & Pan Card Club Rd, Pune 411045, Maharashtra, India",411045,Gated Residential Society,0,20,P52100019028,18.569077,73.776355,Grade A Luxury,osm_cadastral_enriched,0.88
4629e612-5539-41a5-9166-e925f940e2f3,Mantavya,mantavya,Reputed Developer / Co-op Consortium,Pune,Baner & Pan Card Club Rd,IN,"Mantavya, Baner & Pan Card Club Rd, Pune 411045, Maharashtra, India",411045,Gated Residential Society,0,20,P52100069073,18.569064,73.776075,Grade A Luxury,osm_cadastral_enriched,0.88
41e01d87-816e-4a6d-a5e9-2cb01807203a,Malhar,malhar,Reputed Developer / Co-op Consortium,Pune,Baner & Pan Card Club Rd,IN,"Malhar, Baner & Pan Card Club Rd, Pune 411045, Maharashtra, India",411045,Gated Residential Society,0,20,P52100097920,18.569062,73.775938,Grade A Luxury,osm_cadastral_enriched,0.88
7344fe72-20d5-49f3-9548-b31d5060f501,Jagtap Heights,jagtap heights,Reputed Developer / Co-op Consortium,Pune,Baner & Pan Card Club Rd,IN,"Jagtap Heights, Baner & Pan Card Club Rd, Pune 411045, Maharashtra, India",411045,Luxury High-Rise Tower,0,20,P52100082701,18.569038,73.775374,Grade A Luxury,osm_cadastral_enriched,0.88
54f7efd1-8af8-4178-a5f9-e3daed71aebf,Manohar Paradise,manohar paradise,Reputed Developer / Co-op Consortium,Pune,Baner & Pan Card Club Rd,IN,"Manohar Paradise, Baner & Pan Card Club Rd, Pune 411045, Maharashtra, India",411045,Gated Residential Society,0,20,P52100014630,18.56749,73.777723,Grade A Luxury,osm_cadastral_enriched,0.88
e8ad0e49-4216-46dd-9589-4099e831ba6a,Tejas,tejas,Reputed Developer / Co-op Consortium,Pune,Baner & Pan Card Club Rd,IN,"Tejas, Baner & Pan Card Club Rd, Pune 411045, Maharashtra, India",411045,Gated Residential Society,0,20,P52100086418,18.566499,73.773898,Grade A Luxury,osm_cadastral_enriched,0.88
61d431ff-7f02-4ad0-bbde-6f2927b6d5be,Serenade Royal,serenade royal,Reputed Developer / Co-op Consortium,Pune,Baner & Pan Card Club Rd,IN,"Serenade Royal, Baner & Pan Card Club Rd, Pune 411045, Maharashtra, India",411045,Gated Residential Society,0,20,P52100064170,18.566576,73.772556,Grade A Luxury,osm_cadastral_enriched,0.88
4774263b-8345-441d-aff4-e405e496cf19,Square One,square one,Reputed Developer / Co-op Consortium,Pune,Baner & Pan Card Club Rd,IN,"Square One, Baner & Pan Card Club Rd, Pune 411045, Maharashtra, India",411045,Gated Residential Society,0,20,P52100037173,18.567227,73.770668,Grade A Luxury,osm_cadastral_enriched,0.88
a988cb55-6022-4a1e-a853-830d35890f88,Vaishnavi Apartments,vaishnavi apartments,Reputed Developer / Co-op Consortium,Pune,Baner & Pan Card Club Rd,IN,"Vaishnavi Apartments, Baner & Pan Card Club Rd, Pune 411045, Maharashtra, India",411045,Gated Residential Society,0,20,P52100032159,18.567216,73.770846,Grade A Luxury,osm_cadastral_enriched,0.88
8b1faf94-9f81-4d8e-8a4e-9d0d7290af19,Nandan Prospera Gold,nandan prospera gold,Reputed Developer / Co-op Consortium,Pune,Baner & Pan Card Club Rd,IN,"Nandan Prospera Gold, Baner & Pan Card Club Rd, Pune 411045, Maharashtra, India",411045,Gated Residential Society,0,20,P52100039090,18.570304,73.770519,Grade A Luxury,osm_cadastral_enriched,0.88
637a03a6-dfb9-4f30-9602-653b146a47dd,Shri Gagangiri,shri gagangiri,Reputed Developer / Co-op Consortium,Pune,Baner & Pan Card Club Rd,IN,"Shri Gagangiri, Baner & Pan Card Club Rd, Pune 411045, Maharashtra, India",411045,Gated Residential Society,0,20,P52100079462,18.569069,73.779102,Grade A Luxury,osm_cadastral_enriched,0.88
77d941e0-07a2-4d74-952b-b3d6e5313d8c,Royal Enclave,royal enclave,Reputed Developer / Co-op Consortium,Pune,Baner & Pan Card Club Rd,IN,"Royal Enclave, Baner & Pan Card Club Rd, Pune 411045, Maharashtra, India",411045,Luxury Villa Community,0,20,P52100043029,18.569086,73.77926,Grade A Luxury,osm_cadastral_enriched,0.88
a7b45078-d228-4b04-a6f6-4cb238e7ae47,Bhagat,bhagat,Reputed Developer / Co-op Consortium,Pune,Baner & Pan Card Club Rd,IN,"Bhagat, Baner & Pan Card Club Rd, Pune 411045, Maharashtra, India",411045,Gated Residential Society,0,20,P52100090705,18.566288,73.77227,Grade A Luxury,osm_cadastral_enriched,0.88
afaeb0a4-b678-4f60-aca9-ba879593e37d,Pinnac Gangotri Society,pinnac gangotri society,Reputed Developer / Co-op Consortium,Pune,Aundh & Sindh Society,IN,"Pinnac Gangotri Society, Aundh & Sindh Society, Pune 411007, Maharashtra, India",411007,Gated Residential Society,0,20,P52100065683,18.567424,73.805932,Grade A Luxury,osm_cadastral_enriched,0.88
359b759c-738c-4f3e-8509-c6a1fd2fac6d,Accord by Sagar Developer,accord by sagar developer,Reputed Developer / Co-op Consortium,Pune,Hinjewadi (Phases 1-3),IN,"Accord by Sagar Developer, Hinjewadi (Phases 1-3), Pune 411057, Maharashtra, India",411057,Gated Residential Society,0,20,P52100091930,18.589275,73.740797,Grade A Luxury,osm_cadastral_enriched,0.88
c9c835ba-8418-454c-9f8c-8e4cb7f30728,Suraj Apartments,suraj apartments,Reputed Developer / Co-op Consortium,Pune,NIBM Road & Undri,IN,"Suraj Apartments, NIBM Road & Undri, Pune 411048, Maharashtra, India",411048,Gated Residential Society,0,20,P52100014450,18.477661,73.901529,Grade A Luxury,osm_cadastral_enriched,0.88
055ff825-8d5b-4cf6-8051-a969a4dc0b10,Achal Leela Khushboo,achal leela khushboo,Reputed Developer / Co-op Consortium,Pune,Balewadi & High Street,IN,"Achal Leela Khushboo, Balewadi & High Street, Pune 411045, Maharashtra, India",411045,Gated Residential Society,0,20,P52100042020,18.585142,73.780855,Grade A Luxury,osm_cadastral_enriched,0.88
e86c0982-aeee-4a5c-9cca-10c71ddd3a82,Agarwal Gardens,agarwal gardens,Reputed Developer / Co-op Consortium,Pune,Magarpatta City & Hadapsar,IN,"Agarwal Gardens, Magarpatta City & Hadapsar, Pune 411028, Maharashtra, India",411028,Gated Residential Society,0,20,P52100051245,18.500356,73.929176,Grade A Luxury,osm_cadastral_enriched,0.88
4c43da96-9aef-4be1-94f9-43276aaff6e2,Amar Landmark,amar landmark,Reputed Developer / Co-op Consortium,Pune,Baner & Pan Card Club Rd,IN,"Amar Landmark, Baner & Pan Card Club Rd, Pune 411045, Maharashtra, India",411045,Gated Residential Society,0,20,P52100010970,18.544561,73.804903,Grade A Luxury,osm_cadastral_enriched,0.88
6bcddc02-e47e-4559-8e4e-64d09868fb93,Sun Horizon Society,sun horizon society,Reputed Developer / Co-op Consortium,Pune,Baner & Pan Card Club Rd,IN,"Sun Horizon Society, Baner & Pan Card Club Rd, Pune 411045, Maharashtra, India",411045,Gated Residential Society,0,20,P52100060646,18.57187,73.769327,Grade A Luxury,osm_cadastral_enriched,0.88
94f6b097-10b6-4791-b2d3-b64a1001c8be,Sundaram Residency,sundaram residency,Reputed Developer / Co-op Consortium,Pune,Hinjewadi (Phases 1-3),IN,"Sundaram Residency, Hinjewadi (Phases 1-3), Pune 411057, Maharashtra, India",411057,Gated Residential Society,0,20,P52100013118,18.61308,73.744405,Grade A Luxury,osm_cadastral_enriched,0.88
5948fbbe-7dd1-4e65-9379-4642ecc4b9f4,Zinnia Apartment,zinnia apartment,Reputed Developer / Co-op Consortium,Pune,Magarpatta City & Hadapsar,IN,"Zinnia Apartment, Magarpatta City & Hadapsar, Pune 411028, Maharashtra, India",411028,Gated Residential Society,0,20,P52100042860,18.519296,73.923186,Grade A Luxury,osm_cadastral_enriched,0.88
62653560-7628-4beb-8161-001bbab06f19,Manisha Apartments,manisha apartments,Reputed Developer / Co-op Consortium,Pune,Magarpatta City & Hadapsar,IN,"Manisha Apartments, Magarpatta City & Hadapsar, Pune 411028, Maharashtra, India",411028,Gated Residential Society,0,20,P52100016471,18.503086,73.922504,Grade A Luxury,osm_cadastral_enriched,0.88
6fce2721-3cbf-47a5-b6db-9a20119f1300,Arc Glory,arc glory,Reputed Developer / Co-op Consortium,Pune,Magarpatta City & Hadapsar,IN,"Arc Glory, Magarpatta City & Hadapsar, Pune 411028, Maharashtra, India",411028,Gated Residential Society,0,20,P52100046508,18.508761,73.955528,Grade A Luxury,osm_cadastral_enriched,0.88
f75cc4ec-9c6c-4e6f-a103-bc20fa9952af,Arc Pukhraj,arc pukhraj,Reputed Developer / Co-op Consortium,Pune,Keshav Nagar & Mundhwa,IN,"Arc Pukhraj, Keshav Nagar & Mundhwa, Pune 411036, Maharashtra, India",411036,Gated Residential Society,0,20,P52100042317,18.534717,73.946265,Grade A Luxury,osm_cadastral_enriched,0.88
b02570bf-561e-48f9-a279-1456d9f1e037,Yashwin Supernova,yashwin supernova,Reputed Developer / Co-op Consortium,Pune,Hinjewadi (Phases 1-3),IN,"Yashwin Supernova, Hinjewadi (Phases 1-3), Pune 411057, Maharashtra, India",411057,Gated Residential Society,0,20,P52100044098,18.607832,73.746989,Grade A Luxury,osm_cadastral_enriched,0.88
f3dacbda-ae47-4128-b4b9-cd0691deb95e,Aristolia,aristolia,Reputed Developer / Co-op Consortium,Pune,Magarpatta City & Hadapsar,IN,"Aristolia, Magarpatta City & Hadapsar, Pune 411028, Maharashtra, India",411028,Gated Residential Society,0,20,P52100028107,18.51207,73.940274,Grade A Luxury,osm_cadastral_enriched,0.88
ee4b8d92-0c5a-49ab-be6e-939236515cd2,Yashada Splendid Radiance CO-OP Housing Society,yashada splendid radiance co op housing society,Reputed Developer / Co-op Consortium,Pune,Hinjewadi (Phases 1-3),IN,"Yashada Splendid Radiance CO-OP Housing Society, Hinjewadi (Phases 1-3), Pune 411057, Maharashtra, India",411057,Gated Residential Society,0,20,P52100061482,18.599393,73.743468,Grade A Luxury,osm_cadastral_enriched,0.88
993d1ba3-9deb-4a94-acb5-f273da040db2,Shreeram Residency,shreeram residency,Reputed Developer / Co-op Consortium,Pune,Balewadi & High Street,IN,"Shreeram Residency, Balewadi & High Street, Pune 411045, Maharashtra, India",411045,Gated Residential Society,0,20,P52100081478,18.587024,73.77989,Grade A Luxury,osm_cadastral_enriched,0.88
e94955b9-d1d8-427c-a6b9-ea5d78dcd2ea,Yash Orchid,yash orchid,Reputed Developer / Co-op Consortium,Pune,Baner & Pan Card Club Rd,IN,"Yash Orchid, Baner & Pan Card Club Rd, Pune 411045, Maharashtra, India",411045,Gated Residential Society,0,20,P52100040506,18.552373,73.769431,Grade A Luxury,osm_cadastral_enriched,0.88
95a95693-5ecd-4d23-a949-888c00aab3a5,Aster Trinity,aster trinity,Reputed Developer / Co-op Consortium,Pune,NIBM Road & Undri,IN,"Aster Trinity, NIBM Road & Undri, Pune 411048, Maharashtra, India",411048,Gated Residential Society,0,20,P52100090578,18.468897,73.882787,Grade A Luxury,osm_cadastral_enriched,0.88
dc03042e-6945-44c8-a833-01550defd20f,Atharvaved,atharvaved,Reputed Developer / Co-op Consortium,Pune,Kothrud & Paud Road,IN,"Atharvaved, Kothrud & Paud Road, Pune 411038, Maharashtra, India",411038,Gated Residential Society,0,20,P52100097948,18.498591,73.809361,Grade A Luxury,osm_cadastral_enriched,0.88
8e47b292-fb31-42f4-8878-916126095f9d,Wonder Futura,wonder futura,Reputed Developer / Co-op Consortium,Pune,Bavdhan & Chandani Chowk,IN,"Wonder Futura, Bavdhan & Chandani Chowk, Pune 411021, Maharashtra, India",411021,Gated Residential Society,0,20,P52100018541,18.498496,73.790046,Grade A Luxury,osm_cadastral_enriched,0.88
2095c2eb-97e3-4eb5-8a72-f5a58725f401,Wisteria Cooperative Housing Society,wisteria cooperative housing society,Reputed Developer / Co-op Consortium,Pune,Keshav Nagar & Mundhwa,IN,"Wisteria Cooperative Housing Society, Keshav Nagar & Mundhwa, Pune 411036, Maharashtra, India",411036,Gated Residential Society,0,20,P52100031177,18.528761,73.944434,Grade A Luxury,osm_cadastral_enriched,0.88
7298147b-f7fc-417f-8e93-4011cc588588,Tucker AWHO Enclave,tucker awho enclave,Reputed Developer / Co-op Consortium,Pune,Magarpatta City & Hadapsar,IN,"Tucker AWHO Enclave, Magarpatta City & Hadapsar, Pune 411028, Maharashtra, India",411028,Luxury Villa Community,0,20,P52100097130,18.495045,73.952754,Grade A Luxury,osm_cadastral_enriched,0.88
f8a6d2bd-6b9c-401c-873e-dd07c130ebcb,Westernhills,westernhills,Reputed Developer / Co-op Consortium,Pune,Pashan & Sus Road,IN,"Westernhills, Pashan & Sus Road, Pune 411021, Maharashtra, India",411021,Gated Residential Society,0,20,P52100049960,18.553974,73.762279,Grade A Luxury,osm_cadastral_enriched,0.88
3e2b2144-070e-4de4-b13d-fbd96a1bab34,Balwant Janki Apartment,balwant janki apartment,Reputed Developer / Co-op Consortium,Pune,Kothrud & Paud Road,IN,"Balwant Janki Apartment, Kothrud & Paud Road, Pune 411038, Maharashtra, India",411038,Gated Residential Society,0,20,P52100098775,18.512333,73.811472,Grade A Luxury,osm_cadastral_enriched,0.88
0a60fbeb-b2fe-4035-9eec-016a6ab3a866,Welworth Samruddhi,welworth samruddhi,Reputed Developer / Co-op Consortium,Pune,Kothrud & Paud Road,IN,"Welworth Samruddhi, Kothrud & Paud Road, Pune 411038, Maharashtra, India",411038,Gated Residential Society,0,20,P52100044233,18.505096,73.809777,Grade A Luxury,osm_cadastral_enriched,0.88
4f9f7247-5b63-4d3f-a6ed-43bef6b0117c,Wellwisher Group Kiarah Terrazo,wellwisher group kiarah terrazo,Reputed Developer / Co-op Consortium,Pune,Sopan Baug & BT Kawade,IN,"Wellwisher Group Kiarah Terrazo, Sopan Baug & BT Kawade, Pune 411001, Maharashtra, India",411001,Gated Residential Society,0,20,P52100052996,18.517847,73.914624,Grade A Luxury,osm_cadastral_enriched,0.88
e5d40dbc-43ec-4ff2-849b-2817aa9c2104,Motideep Apartments,motideep apartments,Reputed Developer / Co-op Consortium,Pune,Baner & Pan Card Club Rd,IN,"Motideep Apartments, Baner & Pan Card Club Rd, Pune 411045, Maharashtra, India",411045,Gated Residential Society,0,20,P52100098618,18.566968,73.782221,Grade A Luxury,osm_cadastral_enriched,0.88
bdaf8e7d-7777-4ae3-a162-3b8ebbe14237,Vishwaprakash Apartments,vishwaprakash apartments,Reputed Developer / Co-op Consortium,Pune,Balewadi & High Street,IN,"Vishwaprakash Apartments, Balewadi & High Street, Pune 411045, Maharashtra, India",411045,Gated Residential Society,0,20,P52100076649,18.577751,73.771068,Grade A Luxury,osm_cadastral_enriched,0.88
4acc0766-233c-48a0-83eb-41945227ed3b,Vishaldeep Residency,vishaldeep residency,Reputed Developer / Co-op Consortium,Pune,Kharadi & EON IT Corridor,IN,"Vishaldeep Residency, Kharadi & EON IT Corridor, Pune 411014, Maharashtra, India",411014,Gated Residential Society,0,20,P52100036656,18.560993,73.934762,Grade A Luxury,osm_cadastral_enriched,0.88
c1eb3a84-0ce6-4046-a70e-85e2738cb11c,Vinod Residency,vinod residency,Reputed Developer / Co-op Consortium,Pune,Pashan & Sus Road,IN,"Vinod Residency, Pashan & Sus Road, Pune 411021, Maharashtra, India",411021,Gated Residential Society,0,20,P52100070807,18.53835,73.787454,Grade A Luxury,osm_cadastral_enriched,0.88
a99c5e4e-a17e-4127-852b-7dfbf4bf3c8e,Viman Paradise,viman paradise,Reputed Developer / Co-op Consortium,Pune,Viman Nagar,IN,"Viman Paradise, Viman Nagar, Pune 411014, Maharashtra, India",411014,Gated Residential Society,0,20,P52100084321,18.56478,73.911425,Grade A Luxury,osm_cadastral_enriched,0.88
9bc2083a-e155-42a0-b3a4-191206138ac3,Namo Vihar,namo vihar,Reputed Developer / Co-op Consortium,Pune,NIBM Road & Undri,IN,"Namo Vihar, NIBM Road & Undri, Pune 411048, Maharashtra, India",411048,Gated Residential Society,0,20,P52100012690,18.478546,73.932285,Grade A Luxury,osm_cadastral_enriched,0.88
2c556f1e-43b3-4365-8f6c-19f7cbfe503d,Narayan Baug Society,narayan baug society,Reputed Developer / Co-op Consortium,Pune,Magarpatta City & Hadapsar,IN,"Narayan Baug Society, Magarpatta City & Hadapsar, Pune 411028, Maharashtra, India",411028,Gated Residential Society,0,20,P52100040482,18.504871,73.928264,Grade A Luxury,osm_cadastral_enriched,0.88
d8e2ad98-286b-40d8-a358-d1009c472176,Nav Pinnac Kanchanganga,nav pinnac kanchanganga,Reputed Developer / Co-op Consortium,Pune,Aundh & Sindh Society,IN,"Nav Pinnac Kanchanganga, Aundh & Sindh Society, Pune 411007, Maharashtra, India",411007,Gated Residential Society,0,20,P52100039394,18.564074,73.807725,Grade A Luxury,osm_cadastral_enriched,0.88
24fa2857-845d-43af-bddc-05b91bd95618,Neco Hillscape Society,neco hillscape society,Reputed Developer / Co-op Consortium,Pune,NIBM Road & Undri,IN,"Neco Hillscape Society, NIBM Road & Undri, Pune 411048, Maharashtra, India",411048,Gated Residential Society,0,20,P52100039018,18.469582,73.887208,Grade A Luxury,osm_cadastral_enriched,0.88
be250c27-dc16-43f1-87a8-59b3a4ac1b89,Neco Skypark,neco skypark,Reputed Developer / Co-op Consortium,Pune,Balewadi & High Street,IN,"Neco Skypark, Balewadi & High Street, Pune 411045, Maharashtra, India",411045,Gated Residential Society,0,20,P52100070413,18.583101,73.78434,Grade A Luxury,osm_cadastral_enriched,0.88
2a444a49-08f4-4ccb-a58c-9b19f1c2a35c,Neelkanth Apartment,neelkanth apartment,Reputed Developer / Co-op Consortium,Pune,Baner & Pan Card Club Rd,IN,"Neelkanth Apartment, Baner & Pan Card Club Rd, Pune 411045, Maharashtra, India",411045,Gated Residential Society,0,20,P52100089656,18.549083,73.803557,Grade A Luxury,osm_cadastral_enriched,0.88
5c96b9b0-d9c2-40ef-92ac-8ae390a07fb2,AIMS Hospital and Research Institute,aims hospital and research institute,Reputed Developer / Co-op Consortium,Pune,Aundh & Sindh Society,IN,"AIMS Hospital and Research Institute, Aundh & Sindh Society, Pune 411007, Maharashtra, India",411007,Gated Residential Society,0,20,P52100050481,18.562923,73.810374,Grade A Luxury,osm_cadastral_enriched,0.88
b6311215-d9f5-4048-b9df-197ae0518bb7,Air Castle Society,air castle society,Reputed Developer / Co-op Consortium,Pune,Hinjewadi (Phases 1-3),IN,"Air Castle Society, Hinjewadi (Phases 1-3), Pune 411057, Maharashtra, India",411057,Gated Residential Society,0,20,P52100072128,18.609251,73.718034,Grade A Luxury,osm_cadastral_enriched,0.88
dfb51b22-0ae0-49bf-a9be-381e33dbdcec,Pravin Residency,pravin residency,Reputed Developer / Co-op Consortium,Pune,Bavdhan & Chandani Chowk,IN,"Pravin Residency, Bavdhan & Chandani Chowk, Pune 411021, Maharashtra, India",411021,Gated Residential Society,0,20,P52100064005,18.518743,73.771623,Grade A Luxury,osm_cadastral_enriched,0.88
333abd7e-0b9a-4976-a5f4-d128b057d7f7,Prestige Gold,prestige gold,Reputed Developer / Co-op Consortium,Pune,Keshav Nagar & Mundhwa,IN,"Prestige Gold, Keshav Nagar & Mundhwa, Pune 411036, Maharashtra, India",411036,Gated Residential Society,0,20,P52100086898,18.532551,73.9445,Grade A Luxury,osm_cadastral_enriched,0.88
83f15fd9-b86f-4e28-b62b-1a8a54b9085c,Akshay Flora,akshay flora,Reputed Developer / Co-op Consortium,Pune,Kharadi & EON IT Corridor,IN,"Akshay Flora, Kharadi & EON IT Corridor, Pune 411014, Maharashtra, India",411014,Gated Residential Society,0,20,P52100087407,18.54661,73.939019,Grade A Luxury,osm_cadastral_enriched,0.88
fcee11dc-7b57-4668-9a18-b014ec457ed8,Alaknanda Cooperative Housing Society,alaknanda cooperative housing society,Reputed Developer / Co-op Consortium,Pune,Kothrud & Paud Road,IN,"Alaknanda Cooperative Housing Society, Kothrud & Paud Road, Pune 411038, Maharashtra, India",411038,Gated Residential Society,0,20,P52100044208,18.500384,73.810032,Grade A Luxury,osm_cadastral_enriched,0.88
0cfc6d1b-d08f-4921-a6df-6fd8542d3b29,Krish Ambience,krish ambience,Reputed Developer / Co-op Consortium,Pune,Kharadi & EON IT Corridor,IN,"Krish Ambience, Kharadi & EON IT Corridor, Pune 411014, Maharashtra, India",411014,Gated Residential Society,0,20,P52100067910,18.558944,73.930123,Grade A Luxury,osm_cadastral_enriched,0.88
a6f7bb9d-1678-44e0-994b-881ac0ee5edc,Priyanka Residency,priyanka residency,Reputed Developer / Co-op Consortium,Pune,Magarpatta City & Hadapsar,IN,"Priyanka Residency, Magarpatta City & Hadapsar, Pune 411028, Maharashtra, India",411028,Gated Residential Society,0,20,P52100022292,18.50073,73.931296,Grade A Luxury,osm_cadastral_enriched,0.88
364efe3a-8ec8-45e3-89cb-430bd2053517,Punyanagari CO-OP Housing Society,punyanagari co op housing society,Reputed Developer / Co-op Consortium,Pune,Wadgaon Sheri & Kalyani Ext,IN,"Punyanagari CO-OP Housing Society, Wadgaon Sheri & Kalyani Ext, Pune 411014, Maharashtra, India",411014,Gated Residential Society,0,20,P52100095923,18.547888,73.923676,Grade A Luxury,osm_cadastral_enriched,0.88
3009299e-57ed-4d67-994c-c65280a80dae,Puraniks Abitante,puraniks abitante,Reputed Developer / Co-op Consortium,Pune,Bavdhan & Chandani Chowk,IN,"Puraniks Abitante, Bavdhan & Chandani Chowk, Pune 411021, Maharashtra, India",411021,Gated Residential Society,0,20,P52100021278,18.522801,73.760307,Grade A Luxury,osm_cadastral_enriched,0.88
3b4c04e5-6fb8-491d-a0d7-a66c6514037e,Aura County,aura county,Reputed Developer / Co-op Consortium,Pune,Kharadi & EON IT Corridor,IN,"Aura County, Kharadi & EON IT Corridor, Pune 411014, Maharashtra, India",411014,Gated Residential Society,0,20,P52100042039,18.56904,73.958674,Grade A Luxury,osm_cadastral_enriched,0.88
a047f173-ef09-40e2-8462-b29715646db5,Avanti Apartment,avanti apartment,Reputed Developer / Co-op Consortium,Pune,Bavdhan & Chandani Chowk,IN,"Avanti Apartment, Bavdhan & Chandani Chowk, Pune 411021, Maharashtra, India",411021,Gated Residential Society,0,20,P52100048622,18.504755,73.794211,Grade A Luxury,osm_cadastral_enriched,0.88
888ba85c-8ddf-432d-82c2-840f7918b408,Ayodhya Nagari Shinde Gardens,ayodhya nagari shinde gardens,Reputed Developer / Co-op Consortium,Pune,Aundh & Sindh Society,IN,"Ayodhya Nagari Shinde Gardens, Aundh & Sindh Society, Pune 411007, Maharashtra, India",411007,Gated Residential Society,0,20,P52100095718,18.56601,73.829087,Grade A Luxury,osm_cadastral_enriched,0.88
b90193b9-f861-4061-9b51-d9c8e0ef4b32,Rail Vihar CO-OP HSG Society Ltd,rail vihar co op hsg society ltd,Reputed Developer / Co-op Consortium,Pune,Nigdi & Pradhikaran,IN,"Rail Vihar CO-OP HSG Society Ltd, Nigdi & Pradhikaran, Pune 411044, Maharashtra, India",411044,Gated Residential Society,0,20,P52100075535,18.642392,73.769378,Grade A Luxury,osm_cadastral_enriched,0.88
16228ce6-3e25-409f-9a50-dd5424b99e3a,Belleza Blue,belleza blue,Reputed Developer / Co-op Consortium,Pune,Keshav Nagar & Mundhwa,IN,"Belleza Blue, Keshav Nagar & Mundhwa, Pune 411036, Maharashtra, India",411036,Gated Residential Society,0,20,P52100090707,18.528682,73.94477,Grade A Luxury,osm_cadastral_enriched,0.88
a186c609-1b0d-454f-8219-bba723156d0f,Belscot Residency,belscot residency,Reputed Developer / Co-op Consortium,Pune,Baner & Pan Card Club Rd,IN,"Belscot Residency, Baner & Pan Card Club Rd, Pune 411045, Maharashtra, India",411045,Gated Residential Society,0,20,P52100029198,18.548975,73.804306,Grade A Luxury,osm_cadastral_enriched,0.88
46a2d5a1-f41d-49f2-9980-9b3e3d40f2bd,Rajgad CO-OP HSG Society,rajgad co op hsg society,Reputed Developer / Co-op Consortium,Pune,Kothrud & Paud Road,IN,"Rajgad CO-OP HSG Society, Kothrud & Paud Road, Pune 411038, Maharashtra, India",411038,Gated Residential Society,0,20,P52100025458,18.512107,73.806717,Grade A Luxury,osm_cadastral_enriched,0.88
c76cb256-db29-419f-bca2-53275f34bb62,Bhagwati Aashiyana,bhagwati aashiyana,Reputed Developer / Co-op Consortium,Pune,Pashan & Sus Road,IN,"Bhagwati Aashiyana, Pashan & Sus Road, Pune 411021, Maharashtra, India",411021,Gated Residential Society,0,20,P52100096851,18.538231,73.790647,Grade A Luxury,osm_cadastral_enriched,0.88
4c927476-628a-42ed-9086-e8e421e8e01c,Bhatnagar Avenue,bhatnagar avenue,Reputed Developer / Co-op Consortium,Pune,Viman Nagar,IN,"Bhatnagar Avenue, Viman Nagar, Pune 411014, Maharashtra, India",411014,Gated Residential Society,0,20,P52100094704,18.568522,73.920466,Grade A Luxury,osm_cadastral_enriched,0.88
48cf5120-75ee-42aa-ab25-906ac5cba765,Bhosale Park,bhosale park,Reputed Developer / Co-op Consortium,Pune,Magarpatta City & Hadapsar,IN,"Bhosale Park, Magarpatta City & Hadapsar, Pune 411028, Maharashtra, India",411028,Gated Residential Society,0,20,P52100070868,18.502352,73.930843,Grade A Luxury,osm_cadastral_enriched,0.88
cd485d85-b080-4b36-bf89-1b5f3c6ae7ef,Bhupali Society,bhupali society,Reputed Developer / Co-op Consortium,Pune,Kothrud & Paud Road,IN,"Bhupali Society, Kothrud & Paud Road, Pune 411038, Maharashtra, India",411038,Gated Residential Society,0,20,P52100094178,18.505779,73.810819,Grade A Luxury,osm_cadastral_enriched,0.88
584fd831-645f-4148-83f2-abec2a61ad92,Celestia Apartments,celestia apartments,Reputed Developer / Co-op Consortium,Pune,Baner & Pan Card Club Rd,IN,"Celestia Apartments, Baner & Pan Card Club Rd, Pune 411045, Maharashtra, India",411045,Gated Residential Society,0,20,P52100071250,18.566124,73.781941,Grade A Luxury,osm_cadastral_enriched,0.88
26f2418e-9184-4155-a485-3cca4d6e5b0b,Chandrakamal Apartment,chandrakamal apartment,Reputed Developer / Co-op Consortium,Pune,Kothrud & Paud Road,IN,"Chandrakamal Apartment, Kothrud & Paud Road, Pune 411038, Maharashtra, India",411038,Gated Residential Society,0,20,P52100015473,18.511884,73.809938,Grade A Luxury,osm_cadastral_enriched,0.88
0def645e-b87c-43d7-8a42-9da0ae9f1d38,Athashri Apartments,athashri apartments,Reputed Developer / Co-op Consortium,Pune,Magarpatta City & Hadapsar,IN,"Athashri Apartments, Magarpatta City & Hadapsar, Pune 411028, Maharashtra, India",411028,Gated Residential Society,0,20,P52100085041,18.522216,73.932827,Grade A Luxury,osm_cadastral_enriched,0.88
c246b37e-1554-48f9-a69c-15bd5d1f6304,Blue Bells Aura,blue bells aura,Reputed Developer / Co-op Consortium,Pune,Baner & Pan Card Club Rd,IN,"Blue Bells Aura, Baner & Pan Card Club Rd, Pune 411045, Maharashtra, India",411045,Gated Residential Society,0,20,P52100096480,18.541888,73.782865,Grade A Luxury,osm_cadastral_enriched,0.88
ecb584bb-9e03-404f-b8b6-bd00ce1c3fa4,Chaurang Sanskruti,chaurang sanskruti,Reputed Developer / Co-op Consortium,Pune,Magarpatta City & Hadapsar,IN,"Chaurang Sanskruti, Magarpatta City & Hadapsar, Pune 411028, Maharashtra, India",411028,Gated Residential Society,0,20,P52100070154,18.505476,73.932335,Grade A Luxury,osm_cadastral_enriched,0.88
10725f70-da65-45c5-8c66-737c808eea9a,Chourang Smitshilp,chourang smitshilp,Reputed Developer / Co-op Consortium,Pune,Magarpatta City & Hadapsar,IN,"Chourang Smitshilp, Magarpatta City & Hadapsar, Pune 411028, Maharashtra, India",411028,Gated Residential Society,0,20,P52100035690,18.504805,73.954745,Grade A Luxury,osm_cadastral_enriched,0.88
e932f398-2743-460b-a99e-746f0c7e5cfe,Laxmi Heights,laxmi heights,Reputed Developer / Co-op Consortium,Pune,Hinjewadi (Phases 1-3),IN,"Laxmi Heights, Hinjewadi (Phases 1-3), Pune 411057, Maharashtra, India",411057,Luxury High-Rise Tower,0,20,P52100028965,18.588925,73.744429,Grade A Luxury,osm_cadastral_enriched,0.88
07cb0470-8958-4d7d-b693-457fadbb58bd,Lillian,lillian,Reputed Developer / Co-op Consortium,Pune,Balewadi & High Street,IN,"Lillian, Balewadi & High Street, Pune 411045, Maharashtra, India",411045,Gated Residential Society,0,20,P52100062786,18.588868,73.760884,Grade A Luxury,osm_cadastral_enriched,0.88
8bd4ecc0-0482-4f28-aca0-a5ff409cf56d,Sadguru Krupa Heights,sadguru krupa heights,Reputed Developer / Co-op Consortium,Pune,Bavdhan & Chandani Chowk,IN,"Sadguru Krupa Heights, Bavdhan & Chandani Chowk, Pune 411021, Maharashtra, India",411021,Luxury High-Rise Tower,0,20,P52100016827,18.521722,73.767674,Grade A Luxury,osm_cadastral_enriched,0.88
01670ebb-4bce-40e8-b7c2-339c0fcc40e7,Sahadeo Avenue,sahadeo avenue,Reputed Developer / Co-op Consortium,Pune,Baner & Pan Card Club Rd,IN,"Sahadeo Avenue, Baner & Pan Card Club Rd, Pune 411045, Maharashtra, India",411045,Gated Residential Society,0,20,P52100093951,18.543561,73.80172,Grade A Luxury,osm_cadastral_enriched,0.88
b5870cff-0524-4b71-a601-031e569e270c,Sai Dham Co-Operative Housing Society,sai dham co operative housing society,Reputed Developer / Co-op Consortium,Pune,Nigdi & Pradhikaran,IN,"Sai Dham Co-Operative Housing Society, Nigdi & Pradhikaran, Pune 411044, Maharashtra, India",411044,Gated Residential Society,0,20,P52100038527,18.648739,73.777794,Grade A Luxury,osm_cadastral_enriched,0.88
7de25bdb-9795-491a-ab6e-e490f46fec0c,Sai Homes,sai homes,Reputed Developer / Co-op Consortium,Pune,Nigdi & Pradhikaran,IN,"Sai Homes, Nigdi & Pradhikaran, Pune 411044, Maharashtra, India",411044,Gated Residential Society,0,20,P52100066335,18.645818,73.781248,Grade A Luxury,osm_cadastral_enriched,0.88
e7eaa793-28c2-4c02-b08d-e73600a3c334,Sai Integrate,sai integrate,Reputed Developer / Co-op Consortium,Pune,Bavdhan & Chandani Chowk,IN,"Sai Integrate, Bavdhan & Chandani Chowk, Pune 411021, Maharashtra, India",411021,Gated Residential Society,0,20,P52100025081,18.506391,73.762868,Grade A Luxury,osm_cadastral_enriched,0.88
97a42d90-df89-4ab4-9943-6dae34496a8a,Lotus and Lily,lotus and lily,Reputed Developer / Co-op Consortium,Pune,Baner & Pan Card Club Rd,IN,"Lotus and Lily, Baner & Pan Card Club Rd, Pune 411045, Maharashtra, India",411045,Gated Residential Society,0,20,P52100030879,18.574346,73.793556,Grade A Luxury,osm_cadastral_enriched,0.88
0e1efd20-69a0-475d-b902-455b20a5b296,Lushlife Ovo,lushlife ovo,Reputed Developer / Co-op Consortium,Pune,NIBM Road & Undri,IN,"Lushlife Ovo, NIBM Road & Undri, Pune 411048, Maharashtra, India",411048,Gated Residential Society,0,20,P52100038617,18.461234,73.91616,Grade A Luxury,osm_cadastral_enriched,0.88
8c886a76-2f3a-4b39-8e3c-a24fdeaaf8c8,Sai Sundaram,sai sundaram,Reputed Developer / Co-op Consortium,Pune,Kharadi & EON IT Corridor,IN,"Sai Sundaram, Kharadi & EON IT Corridor, Pune 411014, Maharashtra, India",411014,Gated Residential Society,0,20,P52100075602,18.551605,73.933943,Grade A Luxury,osm_cadastral_enriched,0.88
56d6c40d-3b25-4bae-b28e-07d7b27e489d,Sai Velocity,sai velocity,Reputed Developer / Co-op Consortium,Pune,Bavdhan & Chandani Chowk,IN,"Sai Velocity, Bavdhan & Chandani Chowk, Pune 411021, Maharashtra, India",411021,Gated Residential Society,0,20,P52100097547,18.50851,73.765085,Grade A Luxury,osm_cadastral_enriched,0.88
757111a6-0619-489a-ab5a-c03ea318a31a,Eisha Basilla,eisha basilla,Reputed Developer / Co-op Consortium,Pune,NIBM Road & Undri,IN,"Eisha Basilla, NIBM Road & Undri, Pune 411048, Maharashtra, India",411048,Gated Residential Society,0,20,P52100074098,18.46073,73.889007,Grade A Luxury,osm_cadastral_enriched,0.88
dcfd651a-610f-449d-b36c-38030eea5b90,BJ Medical College Girls Hostel,bj medical college girls hostel,Reputed Developer / Co-op Consortium,Pune,Camp & Pune Cantonment,IN,"BJ Medical College Girls Hostel, Camp & Pune Cantonment, Pune 411001, Maharashtra, India",411001,Gated Residential Society,0,20,P52100055835,18.522075,73.873528,Grade A Luxury,osm_cadastral_enriched,0.88
530027ac-8f2a-4803-bf53-bfd734c27330,Samarth Sankul,samarth sankul,Reputed Developer / Co-op Consortium,Pune,Magarpatta City & Hadapsar,IN,"Samarth Sankul, Magarpatta City & Hadapsar, Pune 411028, Maharashtra, India",411028,Gated Residential Society,0,20,P52100037023,18.502413,73.952673,Grade A Luxury,osm_cadastral_enriched,0.88
019401be-147f-41f6-bb1b-95c88b98f3ad,Samarth Shrushti CO.OP.Housing Society Ltd,samarth shrushti co op housing society ltd,Reputed Developer / Co-op Consortium,Pune,Magarpatta City & Hadapsar,IN,"Samarth Shrushti CO.OP.Housing Society Ltd, Magarpatta City & Hadapsar, Pune 411028, Maharashtra, India",411028,Gated Residential Society,0,20,P52100057539,18.505759,73.930091,Grade A Luxury,osm_cadastral_enriched,0.88
46dddee3-4568-4ded-abae-81013daf5dc9,Maitreya Baug Society,maitreya baug society,Reputed Developer / Co-op Consortium,Pune,Kothrud & Paud Road,IN,"Maitreya Baug Society, Kothrud & Paud Road, Pune 411038, Maharashtra, India",411038,Gated Residential Society,0,20,P52100034189,18.50396,73.797352,Grade A Luxury,osm_cadastral_enriched,0.88
7b9fdc4a-8c79-47ba-bd64-44f4412bd24a,Manasa Heritage,manasa heritage,Reputed Developer / Co-op Consortium,Pune,Balewadi & High Street,IN,"Manasa Heritage, Balewadi & High Street, Pune 411045, Maharashtra, India",411045,Gated Residential Society,0,20,P52100066044,18.578339,73.768832,Grade A Luxury,osm_cadastral_enriched,0.88
00c03d5b-ea32-4b18-b48a-8c5a84975fd9,Atreya Society,atreya society,Reputed Developer / Co-op Consortium,Pune,Kothrud & Paud Road,IN,"Atreya Society, Kothrud & Paud Road, Pune 411038, Maharashtra, India",411038,Gated Residential Society,0,20,P52100059215,18.504054,73.80926,Grade A Luxury,osm_cadastral_enriched,0.88
2d22f607-f238-43fa-9805-c613dcd18b8b,Sanjay Residency,sanjay residency,Reputed Developer / Co-op Consortium,Pune,Aundh & Sindh Society,IN,"Sanjay Residency, Aundh & Sindh Society, Pune 411007, Maharashtra, India",411007,Gated Residential Society,0,20,P52100014755,18.550164,73.804215,Grade A Luxury,osm_cadastral_enriched,0.88
e435a650-c768-409b-bec6-d71eaaeee0b4,Avon Apartments,avon apartments,Reputed Developer / Co-op Consortium,Pune,Baner & Pan Card Club Rd,IN,"Avon Apartments, Baner & Pan Card Club Rd, Pune 411045, Maharashtra, India",411045,Gated Residential Society,0,20,P52100089244,18.558294,73.778873,Grade A Luxury,osm_cadastral_enriched,0.88
4f813e18-bda2-45f6-ac28-d66c54f13d2d,Sanket Residency,sanket residency,Reputed Developer / Co-op Consortium,Pune,Bavdhan & Chandani Chowk,IN,"Sanket Residency, Bavdhan & Chandani Chowk, Pune 411021, Maharashtra, India",411021,Gated Residential Society,0,20,P52100045681,18.517179,73.773269,Grade A Luxury,osm_cadastral_enriched,0.88
134b5b93-96e3-43e3-822c-d12293ae9ac4,Binawat Township,binawat township,Reputed Developer / Co-op Consortium,Pune,NIBM Road & Undri,IN,"Binawat Township, NIBM Road & Undri, Pune 411048, Maharashtra, India",411048,Gated Residential Society,0,20,P52100086023,18.49135,73.933796,Grade A Luxury,osm_cadastral_enriched,0.88
dc08e51e-ad38-486b-b511-6e9b5518e8d4,Bloomville Society,bloomville society,Reputed Developer / Co-op Consortium,Pune,Hinjewadi (Phases 1-3),IN,"Bloomville Society, Hinjewadi (Phases 1-3), Pune 411057, Maharashtra, India",411057,Gated Residential Society,0,20,P52100069970,18.595769,73.736318,Grade A Luxury,osm_cadastral_enriched,0.88
18b9c40b-6489-4350-9f50-a54d7e60e835,Maniratna Angan Society,maniratna angan society,Reputed Developer / Co-op Consortium,Pune,Magarpatta City & Hadapsar,IN,"Maniratna Angan Society, Magarpatta City & Hadapsar, Pune 411028, Maharashtra, India",411028,Gated Residential Society,0,20,P52100022012,18.501443,73.952101,Grade A Luxury,osm_cadastral_enriched,0.88
af06e310-f8d7-4f7f-bce0-4b766456634d,Manish Park,manish park,Reputed Developer / Co-op Consortium,Pune,NIBM Road & Undri,IN,"Manish Park, NIBM Road & Undri, Pune 411048, Maharashtra, India",411048,Gated Residential Society,0,20,P52100088563,18.475728,73.892248,Grade A Luxury,osm_cadastral_enriched,0.88
3b2030f9-14e7-4015-8c03-8bb2ac4478de,Guru Prasad Sant Meera Apartment,guru prasad sant meera apartment,Reputed Developer / Co-op Consortium,Pune,Bavdhan & Chandani Chowk,IN,"Guru Prasad Sant Meera Apartment, Bavdhan & Chandani Chowk, Pune 411021, Maharashtra, India",411021,Gated Residential Society,0,20,P52100059505,18.521163,73.773051,Grade A Luxury,osm_cadastral_enriched,0.88
19d7f9eb-e249-4c7e-905a-a9e08932423b,Mantri Niwas,mantri niwas,Reputed Developer / Co-op Consortium,Pune,Magarpatta City & Hadapsar,IN,"Mantri Niwas, Magarpatta City & Hadapsar, Pune 411028, Maharashtra, India",411028,Gated Residential Society,0,20,P52100094895,18.498459,73.923351,Grade A Luxury,osm_cadastral_enriched,0.88
a56d7443-f8e0-42f8-8ccd-ac8d42efaa83,Saraswathi Garden,saraswathi garden,Reputed Developer / Co-op Consortium,Pune,Magarpatta City & Hadapsar,IN,"Saraswathi Garden, Magarpatta City & Hadapsar, Pune 411028, Maharashtra, India",411028,Gated Residential Society,0,20,P52100076955,18.505458,73.938876,Grade A Luxury,osm_cadastral_enriched,0.88
b3442f12-1f96-4df9-a86f-f0c991c78904,Sarvodaya Housing Complex,sarvodaya housing complex,Reputed Developer / Co-op Consortium,Pune,NIBM Road & Undri,IN,"Sarvodaya Housing Complex, NIBM Road & Undri, Pune 411048, Maharashtra, India",411048,Gated Residential Society,0,20,P52100056540,18.477135,73.893626,Grade A Luxury,osm_cadastral_enriched,0.88
08c2e71a-f74b-4bbc-aa55-58e31398bc83,Mantri park,mantri park,Reputed Developer / Co-op Consortium,Pune,Kothrud & Paud Road,IN,"Mantri park, Kothrud & Paud Road, Pune 411038, Maharashtra, India",411038,Gated Residential Society,0,20,P52100045110,18.499758,73.81044,Grade A Luxury,osm_cadastral_enriched,0.88
b61aa201-a036-41bd-adcb-f75f4e82a1df,Mantri Riviera Society,mantri riviera society,Reputed Developer / Co-op Consortium,Pune,Aundh & Sindh Society,IN,"Mantri Riviera Society, Aundh & Sindh Society, Pune 411007, Maharashtra, India",411007,Gated Residential Society,0,20,P52100087448,18.567365,73.828821,Grade A Luxury,osm_cadastral_enriched,0.88
d5c4e45f-84b6-4d05-a87f-1c9d8fc0256d,Marble Arch,marble arch,Reputed Developer / Co-op Consortium,Pune,Aundh & Sindh Society,IN,"Marble Arch, Aundh & Sindh Society, Pune 411007, Maharashtra, India",411007,Gated Residential Society,0,20,P52100062273,18.557465,73.816372,Grade A Luxury,osm_cadastral_enriched,0.88
39af69c0-3f0a-4626-a9bf-93d5c787b07c,Chintamani Nagar,chintamani nagar,Reputed Developer / Co-op Consortium,Pune,Kothrud & Paud Road,IN,"Chintamani Nagar, Kothrud & Paud Road, Pune 411038, Maharashtra, India",411038,Gated Residential Society,0,20,P52100042700,18.50359,73.796342,Grade A Luxury,osm_cadastral_enriched,0.88
83c1e6cd-c27c-4b87-88c3-82d2ca0d5ccc,Savali Saffron,savali saffron,Reputed Developer / Co-op Consortium,Pune,Keshav Nagar & Mundhwa,IN,"Savali Saffron, Keshav Nagar & Mundhwa, Pune 411036, Maharashtra, India",411036,Gated Residential Society,0,20,P52100080783,18.532964,73.950102,Grade A Luxury,osm_cadastral_enriched,0.88
7214eaf6-24fc-4ffb-8264-90c285562e14,Matoshree Housing Society,matoshree housing society,Reputed Developer / Co-op Consortium,Pune,Kharadi & EON IT Corridor,IN,"Matoshree Housing Society, Kharadi & EON IT Corridor, Pune 411014, Maharashtra, India",411014,Gated Residential Society,0,20,P52100043663,18.558002,73.933514,Grade A Luxury,osm_cadastral_enriched,0.88
25902d6c-1074-487c-9eb6-eed8f793bd36,Comfort Zone Society,comfort zone society,Reputed Developer / Co-op Consortium,Pune,Baner & Pan Card Club Rd,IN,"Comfort Zone Society, Baner & Pan Card Club Rd, Pune 411045, Maharashtra, India",411045,Gated Residential Society,0,20,P52100082340,18.570469,73.783351,Grade A Luxury,osm_cadastral_enriched,0.88
4d03de2c-bd90-4891-a898-f3622b5c9f17,Mayfair Eleganza II,mayfair eleganza ii,Reputed Developer / Co-op Consortium,Pune,NIBM Road & Undri,IN,"Mayfair Eleganza II, NIBM Road & Undri, Pune 411048, Maharashtra, India",411048,Gated Residential Society,0,20,P52100095719,18.478922,73.892584,Grade A Luxury,osm_cadastral_enriched,0.88
16296da7-2a6d-4a51-9671-a6f42921e5cc,Crosswinds Society,crosswinds society,Reputed Developer / Co-op Consortium,Pune,Baner & Pan Card Club Rd,IN,"Crosswinds Society, Baner & Pan Card Club Rd, Pune 411045, Maharashtra, India",411045,Gated Residential Society,0,20,P52100075102,18.567882,73.772282,Grade A Luxury,osm_cadastral_enriched,0.88
a946baf0-3796-47cf-a90a-87ee5dbb0bd7,Daffodil Avenue,daffodil avenue,Reputed Developer / Co-op Consortium,Pune,Bavdhan & Chandani Chowk,IN,"Daffodil Avenue, Bavdhan & Chandani Chowk, Pune 411021, Maharashtra, India",411021,Gated Residential Society,0,20,P52100027422,18.512587,73.779519,Grade A Luxury,osm_cadastral_enriched,0.88
f0e01df6-b547-4163-8e92-74b96f4e7818,Damodar Residency,damodar residency,Reputed Developer / Co-op Consortium,Pune,Kothrud & Paud Road,IN,"Damodar Residency, Kothrud & Paud Road, Pune 411038, Maharashtra, India",411038,Gated Residential Society,0,20,P52100093169,18.498374,73.818039,Grade A Luxury,osm_cadastral_enriched,0.88
d4c7b9ee-9fe2-4754-a1d0-28ecb126e327,Seetai Corner,seetai corner,Reputed Developer / Co-op Consortium,Pune,Bavdhan & Chandani Chowk,IN,"Seetai Corner, Bavdhan & Chandani Chowk, Pune 411021, Maharashtra, India",411021,Gated Residential Society,0,20,P52100022156,18.522401,73.771054,Grade A Luxury,osm_cadastral_enriched,0.88
0a990683-1f27-45a1-816d-461641053a17,Mayur Samruddhi,mayur samruddhi,Reputed Developer / Co-op Consortium,Pune,Nigdi & Pradhikaran,IN,"Mayur Samruddhi, Nigdi & Pradhikaran, Pune 411044, Maharashtra, India",411044,Gated Residential Society,0,20,P52100018198,18.650321,73.780293,Grade A Luxury,osm_cadastral_enriched,0.88
bec697e6-e88f-4e5f-80bd-77b9ef5bcbf3,Deccan Gold Society,deccan gold society,Reputed Developer / Co-op Consortium,Pune,Kharadi & EON IT Corridor,IN,"Deccan Gold Society, Kharadi & EON IT Corridor, Pune 411014, Maharashtra, India",411014,Gated Residential Society,0,20,P52100093928,18.562807,73.95,Grade A Luxury,osm_cadastral_enriched,0.88
7891d74f-31a2-49f2-91c2-eb5bf8665d0f,Sri Hira,sri hira,Reputed Developer / Co-op Consortium,Pune,Keshav Nagar & Mundhwa,IN,"Sri Hira, Keshav Nagar & Mundhwa, Pune 411036, Maharashtra, India",411036,Gated Residential Society,0,20,P52100046797,18.535097,73.925373,Grade A Luxury,osm_cadastral_enriched,0.88
7ecf4b2a-bba1-483c-9589-c9cf3af76469,Deokar Residency,deokar residency,Reputed Developer / Co-op Consortium,Pune,Wadgaon Sheri & Kalyani Ext,IN,"Deokar Residency, Wadgaon Sheri & Kalyani Ext, Pune 411014, Maharashtra, India",411014,Gated Residential Society,0,20,P52100074863,18.546705,73.922182,Grade A Luxury,osm_cadastral_enriched,0.88
7d13ea80-112a-41ea-9c6c-35954a65fc33,Devideep Housing Society,devideep housing society,Reputed Developer / Co-op Consortium,Pune,Bavdhan & Chandani Chowk,IN,"Devideep Housing Society, Bavdhan & Chandani Chowk, Pune 411021, Maharashtra, India",411021,Gated Residential Society,0,20,P52100015513,18.523014,73.777413,Grade A Luxury,osm_cadastral_enriched,0.88
5ac5be23-6fa6-4f1f-b119-c5ef4cf7892d,Dhanlaxmi Residency,dhanlaxmi residency,Reputed Developer / Co-op Consortium,Pune,Kothrud & Paud Road,IN,"Dhanlaxmi Residency, Kothrud & Paud Road, Pune 411038, Maharashtra, India",411038,Gated Residential Society,0,20,P52100046195,18.508981,73.801766,Grade A Luxury,osm_cadastral_enriched,0.88
195b45ac-42ab-4080-b55e-7ff5428e8b89,Shanti Residency,shanti residency,Reputed Developer / Co-op Consortium,Pune,Magarpatta City & Hadapsar,IN,"Shanti Residency, Magarpatta City & Hadapsar, Pune 411028, Maharashtra, India",411028,Gated Residential Society,0,20,P52100053325,18.497526,73.937104,Grade A Luxury,osm_cadastral_enriched,0.88
371b5aca-1096-4c16-99d3-03818b3e9bf3,Dimension Ikon,dimension ikon,Reputed Developer / Co-op Consortium,Pune,NIBM Road & Undri,IN,"Dimension Ikon, NIBM Road & Undri, Pune 411048, Maharashtra, India",411048,Gated Residential Society,0,20,P52100072126,18.467362,73.883469,Grade A Luxury,osm_cadastral_enriched,0.88
57014a30-f58d-42b0-9614-8185e886385e,Disha Skyline,disha skyline,Reputed Developer / Co-op Consortium,Pune,Viman Nagar,IN,"Disha Skyline, Viman Nagar, Pune 411014, Maharashtra, India",411014,Gated Residential Society,0,20,P52100097335,18.565795,73.918803,Grade A Luxury,osm_cadastral_enriched,0.88
e4d703fc-972e-405a-9781-2614d157b4f3,Shivneri-B PMAY Co.Home.Institution limited,shivneri b pmay co home institution limited,Reputed Developer / Co-op Consortium,Pune,Kharadi & EON IT Corridor,IN,"Shivneri-B PMAY Co.Home.Institution limited, Kharadi & EON IT Corridor, Pune 411014, Maharashtra, India",411014,Gated Residential Society,0,20,P52100071270,18.563347,73.952063,Grade A Luxury,osm_cadastral_enriched,0.88
c2750d36-522a-4143-9f43-c489f97e4444,Dream Classic Apartment,dream classic apartment,Reputed Developer / Co-op Consortium,Pune,Kothrud & Paud Road,IN,"Dream Classic Apartment, Kothrud & Paud Road, Pune 411038, Maharashtra, India",411038,Gated Residential Society,0,20,P52100089077,18.499831,73.805895,Grade A Luxury,osm_cadastral_enriched,0.88
b66ea98a-c515-4500-a778-f8e658b43a09,Dreams Camellia,dreams camellia,Reputed Developer / Co-op Consortium,Pune,Bavdhan & Chandani Chowk,IN,"Dreams Camellia, Bavdhan & Chandani Chowk, Pune 411021, Maharashtra, India",411021,Gated Residential Society,0,20,P52100020688,18.520198,73.76652,Grade A Luxury,osm_cadastral_enriched,0.88
8f6650c3-e6ca-4528-a44a-4f4962c5342e,Durrani Complex,durrani complex,Reputed Developer / Co-op Consortium,Pune,NIBM Road & Undri,IN,"Durrani Complex, NIBM Road & Undri, Pune 411048, Maharashtra, India",411048,Gated Residential Society,0,20,P52100089098,18.470188,73.885448,Grade A Luxury,osm_cadastral_enriched,0.88
f1aa41b6-b3f3-4206-8174-56b6e6b6cb79,Shivneri-A PMAY Co-Operative Housing Society,shivneri a pmay co operative housing society,Reputed Developer / Co-op Consortium,Pune,Kharadi & EON IT Corridor,IN,"Shivneri-A PMAY Co-Operative Housing Society, Blue Berry Road, Kharadi & EON IT Corridor, Pune 411014, Maharashtra, India",411014,Gated Residential Society,0,20,P52100058404,18.563387,73.951416,Grade A Luxury,osm_cadastral_enriched,0.88
fae7e0d6-b614-403a-856a-d8c0c1cd0319,Shravandhara Co-operative Society,shravandhara co operative society,Reputed Developer / Co-op Consortium,Pune,Kothrud & Paud Road,IN,"Shravandhara Co-operative Society, Kothrud & Paud Road, Pune 411038, Maharashtra, India",411038,Gated Residential Society,0,20,P52100086844,18.500361,73.805991,Grade A Luxury,osm_cadastral_enriched,0.88
a5f41a50-be0f-43b8-a2ca-68b57cba7746,Shree Ganesha P-ll,shree ganesha p ll,Reputed Developer / Co-op Consortium,Pune,Hinjewadi (Phases 1-3),IN,"Shree Ganesha P-ll, Hinjewadi (Phases 1-3), Pune 411057, Maharashtra, India",411057,Gated Residential Society,0,20,P52100016906,18.604498,73.749469,Grade A Luxury,osm_cadastral_enriched,0.88
a2518b24-4059-4b63-98a8-179dcbb62fb6,Eisha Loreals,eisha loreals,Reputed Developer / Co-op Consortium,Pune,NIBM Road & Undri,IN,"Eisha Loreals, NIBM Road & Undri, Pune 411048, Maharashtra, India",411048,Gated Residential Society,0,20,P52100038877,18.47531,73.892734,Grade A Luxury,osm_cadastral_enriched,0.88
0a532456-c94d-4aaa-b183-cba0d283ef80,Eka Society,eka society,Reputed Developer / Co-op Consortium,Pune,Kothrud & Paud Road,IN,"Eka Society, Kothrud & Paud Road, Pune 411038, Maharashtra, India",411038,Gated Residential Society,0,20,P52100080096,18.501048,73.802607,Grade A Luxury,osm_cadastral_enriched,0.88
d435f608-17c7-4133-9005-cc829a9eb148,Shree Vishwas Shree Apartment,shree vishwas shree apartment,Reputed Developer / Co-op Consortium,Pune,Kothrud & Paud Road,IN,"Shree Vishwas Shree Apartment, Kothrud & Paud Road, Pune 411038, Maharashtra, India",411038,Gated Residential Society,0,20,P52100020620,18.505877,73.806111,Grade A Luxury,osm_cadastral_enriched,0.88
2179f036-d351-4c8f-8f98-d2316acdcc54,Emerald Park 2,emerald park 2,Reputed Developer / Co-op Consortium,Pune,Balewadi & High Street,IN,"Emerald Park 2, Balewadi & High Street, Pune 411045, Maharashtra, India",411045,Gated Residential Society,0,20,P52100098864,18.581695,73.76461,Grade A Luxury,osm_cadastral_enriched,0.88
853ac2eb-ad8c-475e-875e-f2043f3a70b7,Rama Erande Groum,rama erande groum,Reputed Developer / Co-op Consortium,Pune,Kharadi & EON IT Corridor,IN,"Rama Erande Groum, Kharadi & EON IT Corridor, Pune 411014, Maharashtra, India",411014,Gated Residential Society,0,20,P52100045524,18.546689,73.926801,Grade A Luxury,osm_cadastral_enriched,0.88
ab67d8a7-c0d2-4ce8-ad03-9e3d8fb77834,Fili Villa,fili villa,Reputed Developer / Co-op Consortium,Pune,Baner & Pan Card Club Rd,IN,"Fili Villa, Baner & Pan Card Club Rd, Pune 411045, Maharashtra, India",411045,Luxury Villa Community,0,20,P52100095089,18.571318,73.768957,Grade A Luxury,osm_cadastral_enriched,0.88
53154d96-fdfe-44bb-8878-de818a105157,Florentine Housing Society,florentine housing society,Reputed Developer / Co-op Consortium,Pune,Sopan Baug & BT Kawade,IN,"Florentine Housing Society, Sopan Baug & BT Kawade, Pune 411001, Maharashtra, India",411001,Gated Residential Society,0,20,P52100058171,18.516314,73.90423,Grade A Luxury,osm_cadastral_enriched,0.88
57b8bad3-830e-4f78-aa64-4b8df275386b,Shubh Gateway,shubh gateway,Reputed Developer / Co-op Consortium,Pune,Viman Nagar,IN,"Shubh Gateway, Sunset Boulevard, Viman Nagar, Pune 411014, Maharashtra, India",411014,Gated Residential Society,0,20,P52100064251,18.575925,73.907174,Grade A Luxury,osm_cadastral_enriched,0.88
23e9da8f-103e-4d57-9d50-1efab85487a3,Florida Minis Society,florida minis society,Reputed Developer / Co-op Consortium,Pune,Keshav Nagar & Mundhwa,IN,"Florida Minis Society, Keshav Nagar & Mundhwa, Pune 411036, Maharashtra, India",411036,Gated Residential Society,0,20,P52100011942,18.528796,73.942045,Grade A Luxury,osm_cadastral_enriched,0.88
0d941b3a-f5f5-42d5-b941-55d73f16844a,Flower Valley Society,flower valley society,Reputed Developer / Co-op Consortium,Pune,Wanowrie & Fatima Nagar,IN,"Flower Valley Society, Wanowrie & Fatima Nagar, Pune 411040, Maharashtra, India",411040,Gated Residential Society,0,20,P52100013907,18.489199,73.898311,Grade A Luxury,osm_cadastral_enriched,0.88
4d3adc2f-3c7f-404b-b742-19c6dac59169,Forest Edge,forest edge,Reputed Developer / Co-op Consortium,Pune,Kharadi & EON IT Corridor,IN,"Forest Edge, Kharadi & EON IT Corridor, Pune 411014, Maharashtra, India",411014,Gated Residential Society,0,20,P52100087638,18.554871,73.944354,Grade A Luxury,osm_cadastral_enriched,0.88
971f2ea2-2b6e-4e82-99ec-bbbe1ba5f870,Fortune Estate,fortune estate,Reputed Developer / Co-op Consortium,Pune,Magarpatta City & Hadapsar,IN,"Fortune Estate, Magarpatta City & Hadapsar, Pune 411028, Maharashtra, India",411028,Gated Residential Society,0,20,P52100093074,18.49989,73.950052,Grade A Luxury,osm_cadastral_enriched,0.88
b0eba93c-a422-4087-8b88-140c6295de4c,Galaxy Apartment,galaxy apartment,Reputed Developer / Co-op Consortium,Pune,NIBM Road & Undri,IN,"Galaxy Apartment, NIBM Road & Undri, Pune 411048, Maharashtra, India",411048,Gated Residential Society,0,20,P52100025203,18.474085,73.89412,Grade A Luxury,osm_cadastral_enriched,0.88
cf64a3b7-b43b-4d32-a4ac-9b5933b7219a,Symbiosis Dahlia Hostel,symbiosis dahlia hostel,Reputed Developer / Co-op Consortium,Pune,Hinjewadi (Phases 1-3),IN,"Symbiosis Dahlia Hostel, Hinjewadi (Phases 1-3), Pune 411057, Maharashtra, India",411057,Gated Residential Society,0,20,P52100083988,18.582968,73.738596,Grade A Luxury,osm_cadastral_enriched,0.88
909f2c1e-fb30-41e1-b2b2-750b2843660e,Ganga Hamlet,ganga hamlet,Reputed Developer / Co-op Consortium,Pune,Viman Nagar,IN,"Ganga Hamlet, Viman Nagar, Pune 411014, Maharashtra, India",411014,Gated Residential Society,0,20,P52100075617,18.564242,73.910012,Grade A Luxury,osm_cadastral_enriched,0.88
ee223430-d0d8-4837-a4c7-47326bfdf600,Ganga Residency,ganga residency,Reputed Developer / Co-op Consortium,Pune,Magarpatta City & Hadapsar,IN,"Ganga Residency, Magarpatta City & Hadapsar, Pune 411028, Maharashtra, India",411028,Gated Residential Society,0,20,P52100081215,18.498656,73.934866,Grade A Luxury,osm_cadastral_enriched,0.88
2bb49ccc-e358-497a-bb59-381555f1defc,Ganraj Aangan Society,ganraj aangan society,Reputed Developer / Co-op Consortium,Pune,Viman Nagar,IN,"Ganraj Aangan Society, Viman Nagar, Pune 411014, Maharashtra, India",411014,Gated Residential Society,0,20,P52100079955,18.55532,73.921313,Grade A Luxury,osm_cadastral_enriched,0.88
779c9094-02ed-4251-b1e1-4b2b90f53074,Gardenia Society,gardenia society,Reputed Developer / Co-op Consortium,Pune,Magarpatta City & Hadapsar,IN,"Gardenia Society, Magarpatta City & Hadapsar, Pune 411028, Maharashtra, India",411028,Gated Residential Society,0,20,P52100042119,18.512753,73.938537,Grade A Luxury,osm_cadastral_enriched,0.88
a482cb10-092b-4382-a7af-6d3ce3f3004b,Unika,unika,Reputed Developer / Co-op Consortium,Pune,Magarpatta City & Hadapsar,IN,"Unika, Magarpatta City & Hadapsar, Pune 411028, Maharashtra, India",411028,Gated Residential Society,0,20,P52100084429,18.503223,73.930543,Grade A Luxury,osm_cadastral_enriched,0.88
a86a9869-5cae-4278-a8cc-35f12fd74d2b,Gayatree Elegance,gayatree elegance,Reputed Developer / Co-op Consortium,Pune,Nigdi & Pradhikaran,IN,"Gayatree Elegance, Nigdi & Pradhikaran, Pune 411044, Maharashtra, India",411044,Gated Residential Society,0,20,P52100023462,18.648328,73.769856,Grade A Luxury,osm_cadastral_enriched,0.88
097c873c-9b13-49ff-8f59-cfcc19d981d9,Regent Park,regent park,Reputed Developer / Co-op Consortium,Pune,Baner & Pan Card Club Rd,IN,"Regent Park, Baner & Pan Card Club Rd, Pune 411045, Maharashtra, India",411045,Gated Residential Society,0,20,P52100064273,18.55464,73.776237,Grade A Luxury,osm_cadastral_enriched,0.88
1647aa8b-4cfe-42a2-bcf7-0c2b4ee8b1e3,Girme Heights,girme heights,Reputed Developer / Co-op Consortium,Pune,NIBM Road & Undri,IN,"Girme Heights, NIBM Road & Undri, Pune 411048, Maharashtra, India",411048,Luxury High-Rise Tower,0,20,P52100051934,18.481466,73.901819,Grade A Luxury,osm_cadastral_enriched,0.88
56fe3f40-32bf-4d64-b2b2-d3f86febc3eb,The Groves,the groves,Reputed Developer / Co-op Consortium,Pune,Hinjewadi (Phases 1-3),IN,"The Groves, Hinjewadi (Phases 1-3), Pune 411057, Maharashtra, India",411057,Gated Residential Society,0,20,P52100083940,18.577308,73.743094,Grade A Luxury,osm_cadastral_enriched,0.88
562ea0f2-e827-4b8b-9a14-45e779e4ed29,The Orchard,the orchard,Reputed Developer / Co-op Consortium,Pune,NIBM Road & Undri,IN,"The Orchard, NIBM Road & Undri, Pune 411048, Maharashtra, India",411048,Gated Residential Society,0,20,P52100057816,18.47282,73.932405,Grade A Luxury,osm_cadastral_enriched,0.88
3d731632-d194-4c04-b42e-9574ec2f72f6,The Pavilion,the pavilion,Reputed Developer / Co-op Consortium,Pune,Kharadi & EON IT Corridor,IN,"The Pavilion, Kharadi & EON IT Corridor, Pune 411014, Maharashtra, India",411014,Gated Residential Society,0,20,P52100074786,18.555552,73.953434,Grade A Luxury,osm_cadastral_enriched,0.88
27561b08-28ae-4672-8d0e-386c4361b20a,The Prestige Avenue,the prestige avenue,Reputed Developer / Co-op Consortium,Pune,Baner & Pan Card Club Rd,IN,"The Prestige Avenue, Baner & Pan Card Club Rd, Pune 411045, Maharashtra, India",411045,Gated Residential Society,0,20,P52100022728,18.547181,73.790538,Grade A Luxury,osm_cadastral_enriched,0.88
f85a495b-6932-45e7-9d9c-524955bfffb8,Tirumala Heights,tirumala heights,Reputed Developer / Co-op Consortium,Pune,Bavdhan & Chandani Chowk,IN,"Tirumala Heights, Bavdhan & Chandani Chowk, Pune 411021, Maharashtra, India",411021,Luxury High-Rise Tower,0,20,P52100088841,18.514246,73.771237,Grade A Luxury,osm_cadastral_enriched,0.88
c507147f-5b72-48fb-a671-5ab26cb8f2b3,Trinity Greens,trinity greens,Reputed Developer / Co-op Consortium,Pune,Hinjewadi (Phases 1-3),IN,"Trinity Greens, Hinjewadi (Phases 1-3), Pune 411057, Maharashtra, India",411057,Gated Residential Society,0,20,P52100081971,18.608659,73.743091,Grade A Luxury,osm_cadastral_enriched,0.88
df374ad0-2d4d-4dea-9069-f7d71b57a017,Goodwill Vrindavan Society,goodwill vrindavan society,Reputed Developer / Co-op Consortium,Pune,Kharadi & EON IT Corridor,IN,"Goodwill Vrindavan Society, Kharadi & EON IT Corridor, Pune 411014, Maharashtra, India",411014,Gated Residential Society,0,20,P52100054970,18.551427,73.926438,Grade A Luxury,osm_cadastral_enriched,0.88
d7a87f8f-6a31-49ae-a640-9576e5b19bb0,Vanaz Pariwar,vanaz pariwar,Reputed Developer / Co-op Consortium,Pune,Kothrud & Paud Road,IN,"Vanaz Pariwar, Kothrud & Paud Road, Pune 411038, Maharashtra, India",411038,Gated Residential Society,0,20,P52100078378,18.504766,73.805268,Grade A Luxury,osm_cadastral_enriched,0.88
82b3fed8-087e-4f86-8272-aa8e0a20c4af,Green Divine,green divine,Reputed Developer / Co-op Consortium,Pune,Magarpatta City & Hadapsar,IN,"Green Divine, Magarpatta City & Hadapsar, Pune 411028, Maharashtra, India",411028,Gated Residential Society,0,20,P52100029617,18.51313,73.937777,Grade A Luxury,osm_cadastral_enriched,0.88
a5dd6d8a-7ec4-41ab-9bd4-fce49545729b,Grishma Apartment,grishma apartment,Reputed Developer / Co-op Consortium,Pune,Hinjewadi (Phases 1-3),IN,"Grishma Apartment, Hinjewadi (Phases 1-3), Pune 411057, Maharashtra, India",411057,Gated Residential Society,0,20,P52100010298,18.594121,73.74132,Grade A Luxury,osm_cadastral_enriched,0.88
26b91869-1c98-4575-85d7-1037faf2ae0d,Vanshaj Garden,vanshaj garden,Reputed Developer / Co-op Consortium,Pune,Baner & Pan Card Club Rd,IN,"Vanshaj Garden, Baner & Pan Card Club Rd, Pune 411045, Maharashtra, India",411045,Gated Residential Society,0,20,P52100066124,18.54135,73.786827,Grade A Luxury,osm_cadastral_enriched,0.88
d5a395f0-b767-4227-93dd-6ab53e0af72f,Gulmarg Co-operative Housing Society,gulmarg co operative housing society,Reputed Developer / Co-op Consortium,Pune,Baner & Pan Card Club Rd,IN,"Gulmarg Co-operative Housing Society, Baner & Pan Card Club Rd, Pune 411045, Maharashtra, India",411045,Gated Residential Society,0,20,P52100017571,18.555303,73.767005,Grade A Luxury,osm_cadastral_enriched,0.88
c7284bba-fed8-4955-9a39-d3917583d6c0,Vastu Samruddhi Society,vastu samruddhi society,Reputed Developer / Co-op Consortium,Pune,Magarpatta City & Hadapsar,IN,"Vastu Samruddhi Society, Magarpatta City & Hadapsar, Pune 411028, Maharashtra, India",411028,Gated Residential Society,0,20,P52100038230,18.504806,73.931274,Grade A Luxury,osm_cadastral_enriched,0.88
0fc66102-128a-4032-a27f-2df9d2fed070,Gurukrupa Corner Society,gurukrupa corner society,Reputed Developer / Co-op Consortium,Pune,Kharadi & EON IT Corridor,IN,"Gurukrupa Corner Society, Kharadi & EON IT Corridor, Pune 411014, Maharashtra, India",411014,Gated Residential Society,0,20,P52100016156,18.540125,73.932146,Grade A Luxury,osm_cadastral_enriched,0.88
365ce2f8-58ed-4ea3-90b7-493bfcf94058,Guruvista Housing Society,guruvista housing society,Reputed Developer / Co-op Consortium,Pune,Kharadi & EON IT Corridor,IN,"Guruvista Housing Society, Kharadi & EON IT Corridor, Pune 411014, Maharashtra, India",411014,Gated Residential Society,0,20,P52100089495,18.562051,73.950495,Grade A Luxury,osm_cadastral_enriched,0.88
430a2b46-2676-42a1-908c-feaafab8d4eb,Vatsalya Vihar society,vatsalya vihar society,Reputed Developer / Co-op Consortium,Pune,Aundh & Sindh Society,IN,"Vatsalya Vihar society, Aundh & Sindh Society, Pune 411007, Maharashtra, India",411007,Gated Residential Society,0,20,P52100099158,18.56688,73.80549,Grade A Luxury,osm_cadastral_enriched,0.88
78d6654c-6692-496f-9ca1-2bb8bb0923cf,Vedant Apartment,vedant apartment,Reputed Developer / Co-op Consortium,Pune,Baner & Pan Card Club Rd,IN,"Vedant Apartment, Baner & Pan Card Club Rd, Pune 411045, Maharashtra, India",411045,Gated Residential Society,0,20,P52100072414,18.566739,73.774909,Grade A Luxury,osm_cadastral_enriched,0.88
501c496c-ccf7-4f0b-b530-5ccf34cff409,Vedant,vedant,Reputed Developer / Co-op Consortium,Pune,NIBM Road & Undri,IN,"Vedant, NIBM Road & Undri, Pune 411048, Maharashtra, India",411048,Gated Residential Society,0,20,P52100043153,18.462772,73.911244,Grade A Luxury,osm_cadastral_enriched,0.88
63cc1510-b13e-41e4-a335-0ec5ea2cbc0e,Harsh Vihar,harsh vihar,Reputed Developer / Co-op Consortium,Pune,Aundh & Sindh Society,IN,"Harsh Vihar, Aundh & Sindh Society, Pune 411007, Maharashtra, India",411007,Gated Residential Society,0,20,P52100056490,18.565993,73.804688,Grade A Luxury,osm_cadastral_enriched,0.88
54610486-9308-4c32-b86f-05c03c0126c4,Heramb Society,heramb society,Reputed Developer / Co-op Consortium,Pune,Pashan & Sus Road,IN,"Heramb Society, Pashan & Sus Road, Pune 411021, Maharashtra, India",411021,Gated Residential Society,0,20,P52100039050,18.539722,73.791729,Grade A Luxury,osm_cadastral_enriched,0.88
b7a61f9b-c271-48ff-bda6-313b1ff49f5a,Hermes Drome,hermes drome,Reputed Developer / Co-op Consortium,Pune,Viman Nagar,IN,"Hermes Drome, Viman Nagar, Pune 411014, Maharashtra, India",411014,Gated Residential Society,0,20,P52100092457,18.568823,73.912427,Grade A Luxury,osm_cadastral_enriched,0.88
35cbed44-a7a3-466e-8b0b-351bb7b5652e,Hill Crest Society,hill crest society,Reputed Developer / Co-op Consortium,Pune,Bavdhan & Chandani Chowk,IN,"Hill Crest Society, Bavdhan & Chandani Chowk, Pune 411021, Maharashtra, India",411021,Gated Residential Society,0,20,P52100027708,18.503769,73.793401,Grade A Luxury,osm_cadastral_enriched,0.88
a277e36a-b3ce-4bd4-ad48-a504895f7155,Flora Villas CO-OP Hsg Society,flora villas co op hsg society,Reputed Developer / Co-op Consortium,Pune,Keshav Nagar & Mundhwa,IN,"Flora Villas CO-OP Hsg Society, Keshav Nagar & Mundhwa, Pune 411036, Maharashtra, India",411036,Luxury Villa Community,0,20,P52100059159,18.528038,73.928857,Grade A Luxury,osm_cadastral_enriched,0.88
d138dd93-c5c4-446a-bdb5-dd64d329f88e,Hill View Residency,hill view residency,Reputed Developer / Co-op Consortium,Pune,Kothrud & Paud Road,IN,"Hill View Residency, Kothrud & Paud Road, Pune 411038, Maharashtra, India",411038,Gated Residential Society,0,20,P52100068841,18.491571,73.79152,Grade A Luxury,osm_cadastral_enriched,0.88
5abd5977-3386-4309-bd32-8588fcce725e,Venkatesh Graffiti Glover,venkatesh graffiti glover,Reputed Developer / Co-op Consortium,Pune,Keshav Nagar & Mundhwa,IN,"Venkatesh Graffiti Glover, Keshav Nagar & Mundhwa, Pune 411036, Maharashtra, India",411036,Gated Residential Society,0,20,P52100087204,18.531546,73.948842,Grade A Luxury,osm_cadastral_enriched,0.88
64806b92-962a-4e6d-ad6d-c1ad52cf4522,Himachal Apartment,himachal apartment,Reputed Developer / Co-op Consortium,Pune,Kothrud & Paud Road,IN,"Himachal Apartment, Kothrud & Paud Road, Pune 411038, Maharashtra, India",411038,Gated Residential Society,0,20,P52100085915,18.49329,73.810859,Grade A Luxury,osm_cadastral_enriched,0.88
f98b54c7-954f-4161-9bc8-0be808a3419f,HM Royal Society,hm royal society,Reputed Developer / Co-op Consortium,Pune,NIBM Road & Undri,IN,"HM Royal Society, NIBM Road & Undri, Pune 411048, Maharashtra, India",411048,Gated Residential Society,0,20,P52100078668,18.46252,73.8918,Grade A Luxury,osm_cadastral_enriched,0.88
ef56bfc0-eca4-4346-97fa-cd8e6878c21c,Rahul Park,rahul park,Reputed Developer / Co-op Consortium,Pune,Kothrud & Paud Road,IN,"Rahul Park, Kothrud & Paud Road, Pune 411038, Maharashtra, India",411038,Gated Residential Society,0,20,P52100033255,18.509773,73.807245,Grade A Luxury,osm_cadastral_enriched,0.88
321b08aa-4eb1-4c03-ae8d-47eec2abf36e,Indrayani Society,indrayani society,Reputed Developer / Co-op Consortium,Pune,Kothrud & Paud Road,IN,"Indrayani Society, Kothrud & Paud Road, Pune 411038, Maharashtra, India",411038,Gated Residential Society,0,20,P52100075154,18.503615,73.796841,Grade A Luxury,osm_cadastral_enriched,0.88
1c649322-0b83-4194-a01e-64a575934eb9,Indus Residency,indus residency,Reputed Developer / Co-op Consortium,Pune,Baner & Pan Card Club Rd,IN,"Indus Residency, Baner & Pan Card Club Rd, Pune 411045, Maharashtra, India",411045,Gated Residential Society,0,20,P52100065485,18.554922,73.794335,Grade A Luxury,osm_cadastral_enriched,0.88
38e70ab2-e8ad-4f5f-b9b6-1c9a7ec703e1,Isadora Apartment,isadora apartment,Reputed Developer / Co-op Consortium,Pune,Aundh & Sindh Society,IN,"Isadora Apartment, Aundh & Sindh Society, Pune 411007, Maharashtra, India",411007,Gated Residential Society,0,20,P52100071951,18.554944,73.810501,Grade A Luxury,osm_cadastral_enriched,0.88
374d41d4-c6e8-44b9-b765-93e68a8c3e4f,Jagannath Dham,jagannath dham,Reputed Developer / Co-op Consortium,Pune,Bavdhan & Chandani Chowk,IN,"Jagannath Dham, Bavdhan & Chandani Chowk, Pune 411021, Maharashtra, India",411021,Gated Residential Society,0,20,P52100045676,18.507313,73.768036,Grade A Luxury,osm_cadastral_enriched,0.88
b8d7429a-90ca-461d-a2fd-9ba7e5a6ef9a,Silver Moon Housing Society,silver moon housing society,Reputed Developer / Co-op Consortium,Pune,Bavdhan & Chandani Chowk,IN,"Silver Moon Housing Society, Bavdhan & Chandani Chowk, Pune 411021, Maharashtra, India",411021,Gated Residential Society,0,20,P52100082034,18.515618,73.778604,Grade A Luxury,osm_cadastral_enriched,0.88
9e2cc628-c570-42bf-aa23-fab39c239fde,Jairaj Residency,jairaj residency,Reputed Developer / Co-op Consortium,Pune,Aundh & Sindh Society,IN,"Jairaj Residency, Aundh & Sindh Society, Pune 411007, Maharashtra, India",411007,Gated Residential Society,0,20,P52100035293,18.573734,73.827413,Grade A Luxury,osm_cadastral_enriched,0.88
9eba284f-14ee-4aa3-b312-12fa980786ef,Jasmine Society,jasmine society,Reputed Developer / Co-op Consortium,Pune,NIBM Road & Undri,IN,"Jasmine Society, NIBM Road & Undri, Pune 411048, Maharashtra, India",411048,Gated Residential Society,0,20,P52100043036,18.468892,73.88734,Grade A Luxury,osm_cadastral_enriched,0.88
05032a83-cf8f-4075-b834-7d085072cfe2,Shubhashree Residency,shubhashree residency,Reputed Developer / Co-op Consortium,Pune,Nigdi & Pradhikaran,IN,"Shubhashree Residency, Nigdi & Pradhikaran, Pune 411044, Maharashtra, India",411044,Gated Residential Society,0,20,P52100092266,18.647019,73.783197,Grade A Luxury,osm_cadastral_enriched,0.88
12d4c983-c055-4a32-a98a-bd3740c7e416,Swatali Cooperative Housing Society,swatali cooperative housing society,Reputed Developer / Co-op Consortium,Pune,Kothrud & Paud Road,IN,"Swatali Cooperative Housing Society, Kothrud & Paud Road, Pune 411038, Maharashtra, India",411038,Gated Residential Society,0,20,P52100067637,18.508473,73.802929,Grade A Luxury,osm_cadastral_enriched,0.88
8d685557-4fb7-43ad-80d3-7eb88e6a23df,Siddharth Heights,siddharth heights,Reputed Developer / Co-op Consortium,Pune,NIBM Road & Undri,IN,"Siddharth Heights, NIBM Road & Undri, Pune 411048, Maharashtra, India",411048,Luxury High-Rise Tower,0,20,P52100026095,18.483353,73.90907,Grade A Luxury,osm_cadastral_enriched,0.88
4e5bbca3-0ef0-4c35-8b2c-c04b64f25a99,Silver Leaf Society,silver leaf society,Reputed Developer / Co-op Consortium,Pune,Baner & Pan Card Club Rd,IN,"Silver Leaf Society, Baner & Pan Card Club Rd, Pune 411045, Maharashtra, India",411045,Gated Residential Society,0,20,P52100098123,18.569003,73.794415,Grade A Luxury,osm_cadastral_enriched,0.88
311d53a1-2a46-4fdc-91aa-bba0148156d9,Silver Spurs,silver spurs,Reputed Developer / Co-op Consortium,Pune,NIBM Road & Undri,IN,"Silver Spurs, NIBM Road & Undri, Pune 411048, Maharashtra, India",411048,Gated Residential Society,0,20,P52100017123,18.477346,73.906288,Grade A Luxury,osm_cadastral_enriched,0.88
fad1a14b-709b-4895-8242-e62d35a2a67c,Silver Star,silver star,Reputed Developer / Co-op Consortium,Pune,NIBM Road & Undri,IN,"Silver Star, NIBM Road & Undri, Pune 411048, Maharashtra, India",411048,Gated Residential Society,0,20,P52100079053,18.480434,73.92944,Grade A Luxury,osm_cadastral_enriched,0.88
3ffbfc37-0230-4b8a-9aa9-03883347d082,Yash Residency,yash residency,Reputed Developer / Co-op Consortium,Pune,Baner & Pan Card Club Rd,IN,"Yash Residency, Baner & Pan Card Club Rd, Pune 411045, Maharashtra, India",411045,Gated Residential Society,0,20,P52100070222,18.545328,73.781719,Grade A Luxury,osm_cadastral_enriched,0.88
c0215941-b97d-4f8e-b0f4-8d649b91f8cd,Yash apartment,yash apartment,Reputed Developer / Co-op Consortium,Pune,Kothrud & Paud Road,IN,"Yash apartment, Kothrud & Paud Road, Pune 411038, Maharashtra, India",411038,Gated Residential Society,0,20,P52100099669,18.507544,73.802403,Grade A Luxury,osm_cadastral_enriched,0.88
1c50c61b-96c0-4c06-a820-56f3d459fb36,Jijai Nagari,jijai nagari,Reputed Developer / Co-op Consortium,Pune,Kothrud & Paud Road,IN,"Jijai Nagari, Kothrud & Paud Road, Pune 411038, Maharashtra, India",411038,Gated Residential Society,0,20,P52100025451,18.499393,73.79601,Grade A Luxury,osm_cadastral_enriched,0.88
d802e013-6512-42df-94bf-266a390eb044,Jitendra Heritage,jitendra heritage,Reputed Developer / Co-op Consortium,Pune,Baner & Pan Card Club Rd,IN,"Jitendra Heritage, Baner & Pan Card Club Rd, Pune 411045, Maharashtra, India",411045,Gated Residential Society,0,20,P52100044291,18.540011,73.783044,Grade A Luxury,osm_cadastral_enriched,0.88
2f9d2a66-1a52-4dd6-b3d5-a95d73183a34,Zenistry Cooperative Housing Society,zenistry cooperative housing society,Reputed Developer / Co-op Consortium,Pune,Baner & Pan Card Club Rd,IN,"Zenistry Cooperative Housing Society, Baner & Pan Card Club Rd, Pune 411045, Maharashtra, India",411045,Gated Residential Society,0,20,P52100079180,18.553096,73.777614,Grade A Luxury,osm_cadastral_enriched,0.88
dfa60289-872b-46bb-8074-ad09b2ab21f4,K Square,k square,Reputed Developer / Co-op Consortium,Pune,Balewadi & High Street,IN,"K Square, Balewadi & High Street, Pune 411045, Maharashtra, India",411045,Gated Residential Society,0,20,P52100058234,18.576051,73.773333,Grade A Luxury,osm_cadastral_enriched,0.88
b0f75592-2c98-4d74-bccb-0e0dc87f4f67,Kailas Housing Society,kailas housing society,Reputed Developer / Co-op Consortium,Pune,Kothrud & Paud Road,IN,"Kailas Housing Society, Kothrud & Paud Road, Pune 411038, Maharashtra, India",411038,Gated Residential Society,0,20,P52100027867,18.503179,73.803873,Grade A Luxury,osm_cadastral_enriched,0.88
92b77ab5-646d-4480-b76a-007d6f410e6c,Waters Edge,waters edge,Reputed Developer / Co-op Consortium,Pune,Balewadi & High Street,IN,"Waters Edge, Balewadi & High Street, Pune 411045, Maharashtra, India",411045,Gated Residential Society,0,20,P52100029278,18.579201,73.783078,Grade A Luxury,osm_cadastral_enriched,0.88
b58e1271-e8cb-4915-ad6c-a73b97fe2d43,Kalagram SocietyS,kalagram societys,Reputed Developer / Co-op Consortium,Pune,Bavdhan & Chandani Chowk,IN,"Kalagram SocietyS, Bavdhan & Chandani Chowk, Pune 411021, Maharashtra, India",411021,Gated Residential Society,0,20,P52100024906,18.507871,73.790974,Grade A Luxury,osm_cadastral_enriched,0.88
80ede3dc-0f83-4492-950d-68295581351b,Vrundavan Complex,vrundavan complex,Reputed Developer / Co-op Consortium,Pune,Kothrud & Paud Road,IN,"Vrundavan Complex, Kothrud & Paud Road, Pune 411038, Maharashtra, India",411038,Gated Residential Society,0,20,P52100039065,18.501812,73.799725,Grade A Luxury,osm_cadastral_enriched,0.88
80e0da92-2331-4a8a-9533-cd67cd7f24c8,Kamal Wing,kamal wing,Reputed Developer / Co-op Consortium,Pune,Bavdhan & Chandani Chowk,IN,"Kamal Wing, Bavdhan & Chandani Chowk, Pune 411021, Maharashtra, India",411021,Gated Residential Society,0,20,P52100039475,18.513341,73.781545,Grade A Luxury,osm_cadastral_enriched,0.88
e0740251-292d-4796-bfb2-5bd4af767508,Kapil Aasmant,kapil aasmant,Reputed Developer / Co-op Consortium,Pune,Baner & Pan Card Club Rd,IN,"Kapil Aasmant, Baner & Pan Card Club Rd, Pune 411045, Maharashtra, India",411045,Gated Residential Society,0,20,P52100048125,18.542408,73.780565,Grade A Luxury,osm_cadastral_enriched,0.88
26125a68-ee89-44db-a6e1-8d025b835c00,Karan Ashiyana,karan ashiyana,Reputed Developer / Co-op Consortium,Pune,Viman Nagar,IN,"Karan Ashiyana, Viman Nagar, Pune 411014, Maharashtra, India",411014,Gated Residential Society,0,20,P52100018951,18.555156,73.920313,Grade A Luxury,osm_cadastral_enriched,0.88
325c20d4-e9e0-4812-b07a-a008c7feb3be,Karan Suncoast,karan suncoast,Reputed Developer / Co-op Consortium,Pune,Bavdhan & Chandani Chowk,IN,"Karan Suncoast, Bavdhan & Chandani Chowk, Pune 411021, Maharashtra, India",411021,Gated Residential Society,0,20,P52100010034,18.511625,73.768942,Grade A Luxury,osm_cadastral_enriched,0.88
e151482f-95a9-48c0-9d8e-1388adc814a7,Sahil Heights,sahil heights,Reputed Developer / Co-op Consortium,Pune,Balewadi & High Street,IN,"Sahil Heights, Balewadi & High Street, Pune 411045, Maharashtra, India",411045,Luxury High-Rise Tower,0,20,P52100024929,18.57649,73.790316,Grade A Luxury,osm_cadastral_enriched,0.88
0b308198-9a01-4820-b318-b5986fb7c368,Sahil Sarvadaa CO-OP Housing Society,sahil sarvadaa co op housing society,Reputed Developer / Co-op Consortium,Pune,NIBM Road & Undri,IN,"Sahil Sarvadaa CO-OP Housing Society, NIBM Road & Undri, Pune 411048, Maharashtra, India",411048,Gated Residential Society,0,20,P52100070179,18.465725,73.890438,Grade A Luxury,osm_cadastral_enriched,0.88
ca164f3e-d0ea-4bee-b22d-6515c4f00e21,Kent Solitude,kent solitude,Reputed Developer / Co-op Consortium,Pune,NIBM Road & Undri,IN,"Kent Solitude, NIBM Road & Undri, Pune 411048, Maharashtra, India",411048,Gated Residential Society,0,20,P52100093867,18.472443,73.901074,Grade A Luxury,osm_cadastral_enriched,0.88
8f04773c-12b3-49aa-88b0-ba6cbdd204c1,Sai Dwarkamai,sai dwarkamai,Reputed Developer / Co-op Consortium,Pune,NIBM Road & Undri,IN,"Sai Dwarkamai, NIBM Road & Undri, Pune 411048, Maharashtra, India",411048,Gated Residential Society,0,20,P52100043616,18.477973,73.900208,Grade A Luxury,osm_cadastral_enriched,0.88
15a04a4c-5d82-458c-8628-2f27ad2f5a6f,Kohinoor Courtyard One,kohinoor courtyard one,Reputed Developer / Co-op Consortium,Pune,Hinjewadi (Phases 1-3),IN,"Kohinoor Courtyard One, Hinjewadi (Phases 1-3), Pune 411057, Maharashtra, India",411057,Gated Residential Society,0,20,P52100040531,18.610341,73.739703,Grade A Luxury,osm_cadastral_enriched,0.88
dd8aed64-db15-40bb-843e-f544e8fbb3a0,Sai Palace,sai palace,Reputed Developer / Co-op Consortium,Pune,Bavdhan & Chandani Chowk,IN,"Sai Palace, Bavdhan & Chandani Chowk, Pune 411021, Maharashtra, India",411021,Gated Residential Society,0,20,P52100060876,18.508325,73.788413,Grade A Luxury,osm_cadastral_enriched,0.88
2bccd29b-dd0e-4d9b-bd1f-f9ce38804ee2,Sai Silicon Valley,sai silicon valley,Reputed Developer / Co-op Consortium,Pune,Baner & Pan Card Club Rd,IN,"Sai Silicon Valley, Baner & Pan Card Club Rd, Pune 411045, Maharashtra, India",411045,Gated Residential Society,0,20,P52100095822,18.574913,73.774233,Grade A Luxury,osm_cadastral_enriched,0.88
dca9c351-c21b-4f99-9ac9-aaf05b439ec4,Saidatta Residency,saidatta residency,Reputed Developer / Co-op Consortium,Pune,Baner & Pan Card Club Rd,IN,"Saidatta Residency, Baner & Pan Card Club Rd, Pune 411045, Maharashtra, India",411045,Gated Residential Society,0,20,P52100093851,18.562559,73.786851,Grade A Luxury,osm_cadastral_enriched,0.88
696127bd-10f9-4b01-b2b7-003161cba282,Samarth Nagar,samarth nagar,Reputed Developer / Co-op Consortium,Pune,Wadgaon Sheri & Kalyani Ext,IN,"Samarth Nagar, Wadgaon Sheri & Kalyani Ext, Pune 411014, Maharashtra, India",411014,Gated Residential Society,0,20,P52100020294,18.549604,73.92203,Grade A Luxury,osm_cadastral_enriched,0.88
dcb8ed50-99a1-419d-a8a8-b88bc487c282,Shubh Labh,shubh labh,Reputed Developer / Co-op Consortium,Pune,Kothrud & Paud Road,IN,"Shubh Labh, Kothrud & Paud Road, Pune 411038, Maharashtra, India",411038,Gated Residential Society,0,20,P52100083723,18.513249,73.809229,Grade A Luxury,osm_cadastral_enriched,0.88
2da4865c-99f3-4fc6-9b42-33cdbf572bc0,Shubh Shagun,shubh shagun,Reputed Developer / Co-op Consortium,Pune,Kharadi & EON IT Corridor,IN,"Shubh Shagun, Kharadi & EON IT Corridor, Pune 411014, Maharashtra, India",411014,Gated Residential Society,0,20,P52100082210,18.546631,73.930904,Grade A Luxury,osm_cadastral_enriched,0.88
7bbd7239-90cf-48aa-99d5-fab58380e147,Shubharambh Society,shubharambh society,Reputed Developer / Co-op Consortium,Pune,Kharadi & EON IT Corridor,IN,"Shubharambh Society, Kharadi & EON IT Corridor, Pune 411014, Maharashtra, India",411014,Gated Residential Society,0,20,P52100012139,18.559242,73.94033,Grade A Luxury,osm_cadastral_enriched,0.88
f2a93555-8d3f-48a4-9ac3-bf378cb4fdfa,Shubhashree,shubhashree,Reputed Developer / Co-op Consortium,Pune,Baner & Pan Card Club Rd,IN,"Shubhashree, Baner & Pan Card Club Rd, Pune 411045, Maharashtra, India",411045,Gated Residential Society,0,20,P52100076614,18.562416,73.783367,Grade A Luxury,osm_cadastral_enriched,0.88
facc4b31-6dec-415c-aff1-b3b5a782b577,Siddhivinayak Vihar,siddhivinayak vihar,Reputed Developer / Co-op Consortium,Pune,NIBM Road & Undri,IN,"Siddhivinayak Vihar, NIBM Road & Undri, Pune 411048, Maharashtra, India",411048,Gated Residential Society,0,20,P52100033935,18.480259,73.932682,Grade A Luxury,osm_cadastral_enriched,0.88
b2f69f8f-edff-406e-91ad-5e0b2502aed2,Sita Residency,sita residency,Reputed Developer / Co-op Consortium,Pune,Nigdi & Pradhikaran,IN,"Sita Residency, Nigdi & Pradhikaran, Pune 411044, Maharashtra, India",411044,Gated Residential Society,0,20,P52100043627,18.651889,73.778077,Grade A Luxury,osm_cadastral_enriched,0.88
3d4e0ee9-6a2d-4d5e-823b-12c2b7136e47,Shivprasad Apartment,shivprasad apartment,Reputed Developer / Co-op Consortium,Pune,Bavdhan & Chandani Chowk,IN,"Shivprasad Apartment, Bavdhan & Chandani Chowk, Pune 411021, Maharashtra, India",411021,Gated Residential Society,0,20,P52100059514,18.50789,73.79286,Grade A Luxury,osm_cadastral_enriched,0.88
419220b0-513d-4f57-aa5a-c686b287261b,"Shivneri, Kamdhenu Estate Cooperative Housing Society",shivneri kamdhenu estate cooperative housing society,Reputed Developer / Co-op Consortium,Pune,Magarpatta City & Hadapsar,IN,"Shivneri, Kamdhenu Estate Cooperative Housing Society, Magarpatta City & Hadapsar, Pune 411028, Maharashtra, India",411028,Gated Residential Society,0,20,P52100014684,18.502273,73.935199,Grade A Luxury,osm_cadastral_enriched,0.88
41f3c83e-5883-470e-a521-0adadf1afe89,Satyam Shivam Apartments,satyam shivam apartments,Reputed Developer / Co-op Consortium,Pune,Keshav Nagar & Mundhwa,IN,"Satyam Shivam Apartments, Keshav Nagar & Mundhwa, Pune 411036, Maharashtra, India",411036,Gated Residential Society,0,20,P52100019449,18.538579,73.933979,Grade A Luxury,osm_cadastral_enriched,0.88
c1c963dd-45b1-48d6-8fc5-3d33f4446b95,Savali Apartment-V6,savali apartment v6,Reputed Developer / Co-op Consortium,Pune,Kothrud & Paud Road,IN,"Savali Apartment-V6, Kothrud & Paud Road, Pune 411038, Maharashtra, India",411038,Gated Residential Society,0,20,P52100097390,18.509355,73.79737,Grade A Luxury,osm_cadastral_enriched,0.88
379ccb51-9040-4208-9dd8-c6481a86f711,Radhika Garden Society,radhika garden society,Reputed Developer / Co-op Consortium,Pune,Magarpatta City & Hadapsar,IN,"Radhika Garden Society, Magarpatta City & Hadapsar, Pune 411028, Maharashtra, India",411028,Gated Residential Society,0,20,P52100037970,18.496159,73.92958,Grade A Luxury,osm_cadastral_enriched,0.88
3b7e0858-0414-40d6-b918-87a9e0a793b2,Preston Woods Co-operative Housing Society,preston woods co operative housing society,Reputed Developer / Co-op Consortium,Pune,Balewadi & High Street,IN,"Preston Woods Co-operative Housing Society, Balewadi & High Street, Pune 411045, Maharashtra, India",411045,Gated Residential Society,0,20,P52100081885,18.587656,73.779171,Grade A Luxury,osm_cadastral_enriched,0.88
cd809ab9-f906-4258-9593-627215788d44,Siddhivinayak Angan,siddhivinayak angan,Reputed Developer / Co-op Consortium,Pune,NIBM Road & Undri,IN,"Siddhivinayak Angan, NIBM Road & Undri, Pune 411048, Maharashtra, India",411048,Gated Residential Society,0,20,P52100049986,18.491923,73.933132,Grade A Luxury,osm_cadastral_enriched,0.88
3796f864-ee03-4ed3-b668-44cf63359d52,Siddhivinayak Park,siddhivinayak park,Reputed Developer / Co-op Consortium,Pune,Magarpatta City & Hadapsar,IN,"Siddhivinayak Park, Magarpatta City & Hadapsar, Pune 411028, Maharashtra, India",411028,Gated Residential Society,0,20,P52100045008,18.502135,73.925282,Grade A Luxury,osm_cadastral_enriched,0.88
f74a202e-4fa2-4106-8aac-f8ac84c64cce,Meghdoot Society,meghdoot society,Reputed Developer / Co-op Consortium,Pune,Kothrud & Paud Road,IN,"Meghdoot Society, Kothrud & Paud Road, Pune 411038, Maharashtra, India",411038,Gated Residential Society,0,20,P52100068595,18.494077,73.814595,Grade A Luxury,osm_cadastral_enriched,0.88
59102854-1665-4548-8d10-0228e2b97fcb,Sneh Co-operative Housing Society,sneh co operative housing society,Reputed Developer / Co-op Consortium,Pune,Kothrud & Paud Road,IN,"Sneh Co-operative Housing Society, Kothrud & Paud Road, Pune 411038, Maharashtra, India",411038,Gated Residential Society,0,20,P52100083051,18.491985,73.822034,Grade A Luxury,osm_cadastral_enriched,0.88
54b88730-6a65-4949-88ee-1b7ed0361830,Ratan Park,ratan park,Reputed Developer / Co-op Consortium,Pune,Baner & Pan Card Club Rd,IN,"Ratan Park, Baner & Pan Card Club Rd, Pune 411045, Maharashtra, India",411045,Gated Residential Society,0,20,P52100024618,18.542913,73.78189,Grade A Luxury,osm_cadastral_enriched,0.88
a94dc490-5690-4c10-98c1-99abe95c6309,Millennium Acropolis 2,millennium acropolis 2,Reputed Developer / Co-op Consortium,Pune,Hinjewadi (Phases 1-3),IN,"Millennium Acropolis 2, Hinjewadi (Phases 1-3), Pune 411057, Maharashtra, India",411057,Gated Residential Society,0,20,P52100043984,18.606169,73.743295,Grade A Luxury,osm_cadastral_enriched,0.88
4c434a38-d2ff-451b-abf2-a11cc76cd1d8,Sneh Paradise,sneh paradise,Reputed Developer / Co-op Consortium,Pune,Kothrud & Paud Road,IN,"Sneh Paradise, Kothrud & Paud Road, Pune 411038, Maharashtra, India",411038,Gated Residential Society,0,20,P52100081206,18.514804,73.815966,Grade A Luxury,osm_cadastral_enriched,0.88
0c54554b-9e86-43cf-926e-901a780a680f,Riddhi Siddhi,riddhi siddhi,Reputed Developer / Co-op Consortium,Pune,Bavdhan & Chandani Chowk,IN,"Riddhi Siddhi, Bavdhan & Chandani Chowk, Pune 411021, Maharashtra, India",411021,Gated Residential Society,0,20,P52100099619,18.511206,73.775485,Grade A Luxury,osm_cadastral_enriched,0.88
5b884717-e20f-478e-afaa-a261ae2454ce,Sneh Vihar Society,sneh vihar society,Reputed Developer / Co-op Consortium,Pune,Aundh & Sindh Society,IN,"Sneh Vihar Society, Aundh & Sindh Society, Pune 411007, Maharashtra, India",411007,Gated Residential Society,0,20,P52100083282,18.559257,73.804502,Grade A Luxury,osm_cadastral_enriched,0.88
aa621684-10c7-4f19-8a66-195c79999bb5,Soba Garden,soba garden,Reputed Developer / Co-op Consortium,Pune,Kothrud & Paud Road,IN,"Soba Garden, Kothrud & Paud Road, Pune 411038, Maharashtra, India",411038,Gated Residential Society,0,20,P52100088856,18.499131,73.796743,Grade A Luxury,osm_cadastral_enriched,0.88
a74815be-1b4b-4c8b-82bf-c8f843b26704,Nilesh Park,nilesh park,Reputed Developer / Co-op Consortium,Pune,Magarpatta City & Hadapsar,IN,"Nilesh Park, Magarpatta City & Hadapsar, Pune 411028, Maharashtra, India",411028,Gated Residential Society,0,20,P52100048232,18.507306,73.940116,Grade A Luxury,osm_cadastral_enriched,0.88
77a800f8-0888-462f-8bb8-5605380b12c0,Solitaire Park,solitaire park,Reputed Developer / Co-op Consortium,Pune,Aundh & Sindh Society,IN,"Solitaire Park, Aundh & Sindh Society, Pune 411007, Maharashtra, India",411007,Gated Residential Society,0,20,P52100096829,18.561817,73.801551,Grade A Luxury,osm_cadastral_enriched,0.88
db657a6d-96f0-4aba-9c82-526fab205d3f,Roshma Residency,roshma residency,Reputed Developer / Co-op Consortium,Pune,Viman Nagar,IN,"Roshma Residency, Viman Nagar, Pune 411014, Maharashtra, India",411014,Gated Residential Society,0,20,P52100039781,18.567677,73.913984,Grade A Luxury,osm_cadastral_enriched,0.88
f9086e1c-2f45-4bfa-a6e3-7794b13a04ae,Nisarg Akash,nisarg akash,Reputed Developer / Co-op Consortium,Pune,Balewadi & High Street,IN,"Nisarg Akash, Balewadi & High Street, Pune 411045, Maharashtra, India",411045,Gated Residential Society,0,20,P52100011874,18.582655,73.782505,Grade A Luxury,osm_cadastral_enriched,0.88
12ff4ab2-0072-4dec-ad1e-1fb57fe3518e,Nivedita Terrace,nivedita terrace,Reputed Developer / Co-op Consortium,Pune,Wanowrie & Fatima Nagar,IN,"Nivedita Terrace, Wanowrie & Fatima Nagar, Pune 411040, Maharashtra, India",411040,Gated Residential Society,0,20,P52100070285,18.485011,73.899204,Grade A Luxury,osm_cadastral_enriched,0.88
76cae32b-b72e-403a-8e56-1d6521e6f6b3,Subhash Park,subhash park,Reputed Developer / Co-op Consortium,Pune,NIBM Road & Undri,IN,"Subhash Park, NIBM Road & Undri, Pune 411048, Maharashtra, India",411048,Gated Residential Society,0,20,P52100090971,18.486462,73.932316,Grade A Luxury,osm_cadastral_enriched,0.88
7fe8baab-7baf-4467-bf93-81009989f777,Sai Nagari Housing Society,sai nagari housing society,Reputed Developer / Co-op Consortium,Pune,Keshav Nagar & Mundhwa,IN,"Sai Nagari Housing Society, Keshav Nagar & Mundhwa, Pune 411036, Maharashtra, India",411036,Gated Residential Society,0,20,P52100012332,18.533918,73.940065,Grade A Luxury,osm_cadastral_enriched,0.88
7a858c4f-8fe8-467c-ae0b-eb4d87af2b43,Saisha Heights,saisha heights,Reputed Developer / Co-op Consortium,Pune,Pashan & Sus Road,IN,"Saisha Heights, Pashan & Sus Road, Pune 411021, Maharashtra, India",411021,Luxury High-Rise Tower,0,20,P52100012011,18.551806,73.762711,Grade A Luxury,osm_cadastral_enriched,0.88
e2f0774c-5eb0-462a-9278-bb5580e2bf20,Sancheti Eves Garden,sancheti eves garden,Reputed Developer / Co-op Consortium,Pune,Keshav Nagar & Mundhwa,IN,"Sancheti Eves Garden, Keshav Nagar & Mundhwa, Pune 411036, Maharashtra, India",411036,Gated Residential Society,0,20,P52100017361,18.531185,73.947092,Grade A Luxury,osm_cadastral_enriched,0.88
6160c451-dd94-4eed-b541-6b02d4f81d39,Sundar Nagari Society,sundar nagari society,Reputed Developer / Co-op Consortium,Pune,Kothrud & Paud Road,IN,"Sundar Nagari Society, Kothrud & Paud Road, Pune 411038, Maharashtra, India",411038,Gated Residential Society,0,20,P52100089108,18.502694,73.808815,Grade A Luxury,osm_cadastral_enriched,0.88
1aaf2e42-a183-417d-af9c-398c8ba37cf3,Sankalp Society,sankalp society,Reputed Developer / Co-op Consortium,Pune,Kharadi & EON IT Corridor,IN,"Sankalp Society, Kharadi & EON IT Corridor, Pune 411014, Maharashtra, India",411014,Gated Residential Society,0,20,P52100080386,18.559425,73.926661,Grade A Luxury,osm_cadastral_enriched,0.88
edf5c345-926b-4477-b1a4-ead180dbfc1b,Ornate Park CHS,ornate park chs,Reputed Developer / Co-op Consortium,Pune,Kothrud & Paud Road,IN,"Ornate Park CHS, Kothrud & Paud Road, Pune 411038, Maharashtra, India",411038,Gated Residential Society,0,20,P52100088791,18.513477,73.806748,Grade A Luxury,osm_cadastral_enriched,0.88
ed3bdca1-4b22-42c0-9af3-4b4a440b1388,Sunrise Co-operative Housing Society,sunrise co operative housing society,Reputed Developer / Co-op Consortium,Pune,NIBM Road & Undri,IN,"Sunrise Co-operative Housing Society, NIBM Road & Undri, Pune 411048, Maharashtra, India",411048,Gated Residential Society,0,20,P52100060011,18.479358,73.93401,Grade A Luxury,osm_cadastral_enriched,0.88
741f88f3-d16b-40b5-b724-e7a0b883860a,Oxford Village Comforts,oxford village comforts,Reputed Developer / Co-op Consortium,Pune,NIBM Road & Undri,IN,"Oxford Village Comforts, NIBM Road & Undri, Pune 411048, Maharashtra, India",411048,Luxury Villa Community,0,20,P52100026231,18.482457,73.900115,Grade A Luxury,osm_cadastral_enriched,0.88
0f08125f-7c0f-42a2-b2f3-50043496c803,Palacino Apartment,palacino apartment,Reputed Developer / Co-op Consortium,Pune,Magarpatta City & Hadapsar,IN,"Palacino Apartment, Magarpatta City & Hadapsar, Pune 411028, Maharashtra, India",411028,Gated Residential Society,0,20,P52100016820,18.500823,73.930599,Grade A Luxury,osm_cadastral_enriched,0.88
a6c5a695-eaec-46ea-9f0f-b29bc0ff08f2,Sunshree Society D,sunshree society d,Reputed Developer / Co-op Consortium,Pune,NIBM Road & Undri,IN,"Sunshree Society D, NIBM Road & Undri, Pune 411048, Maharashtra, India",411048,Gated Residential Society,0,20,P52100095377,18.477808,73.904116,Grade A Luxury,osm_cadastral_enriched,0.88
5d2e44ab-79af-4956-a345-10468782a6e6,Sunshree Society E,sunshree society e,Reputed Developer / Co-op Consortium,Pune,NIBM Road & Undri,IN,"Sunshree Society E, NIBM Road & Undri, Pune 411048, Maharashtra, India",411048,Gated Residential Society,0,20,P52100081664,18.47787,73.904816,Grade A Luxury,osm_cadastral_enriched,0.88
71815836-ac28-4db8-8ac4-1817a1fd1d3a,Sunshree Society C,sunshree society c,Reputed Developer / Co-op Consortium,Pune,NIBM Road & Undri,IN,"Sunshree Society C, NIBM Road & Undri, Pune 411048, Maharashtra, India",411048,Gated Residential Society,0,20,P52100038133,18.477754,73.903476,Grade A Luxury,osm_cadastral_enriched,0.88
3f280d97-14fa-44b5-bd00-900834bb9a0b,Suryalok Nagari,suryalok nagari,Reputed Developer / Co-op Consortium,Pune,Magarpatta City & Hadapsar,IN,"Suryalok Nagari, Magarpatta City & Hadapsar, Pune 411028, Maharashtra, India",411028,Gated Residential Society,0,20,P52100068226,18.50276,73.921273,Grade A Luxury,osm_cadastral_enriched,0.88
96516db0-4158-4d86-909b-a25a3cbcd4a3,Panchratna,panchratna,Reputed Developer / Co-op Consortium,Pune,Baner & Pan Card Club Rd,IN,"Panchratna, Baner & Pan Card Club Rd, Pune 411045, Maharashtra, India",411045,Gated Residential Society,0,20,P52100054209,18.555198,73.794054,Grade A Luxury,osm_cadastral_enriched,0.88
2fb00942-72d3-49fe-9344-52bde2465e92,Swagat Residency,swagat residency,Reputed Developer / Co-op Consortium,Pune,Kothrud & Paud Road,IN,"Swagat Residency, Kothrud & Paud Road, Pune 411038, Maharashtra, India",411038,Gated Residential Society,0,20,P52100097924,18.50124,73.80044,Grade A Luxury,osm_cadastral_enriched,0.88
e9be38ba-7ffb-4e90-b2ef-a4805363c03c,Tanishq Society,tanishq society,Reputed Developer / Co-op Consortium,Pune,Kharadi & EON IT Corridor,IN,"Tanishq Society, Kharadi & EON IT Corridor, Pune 411014, Maharashtra, India",411014,Gated Residential Society,0,20,P52100094120,18.552328,73.94206,Grade A Luxury,osm_cadastral_enriched,0.88
69baea36-c322-4137-9f73-3e05e2ef9496,Tarangan Apartments,tarangan apartments,Reputed Developer / Co-op Consortium,Pune,Baner & Pan Card Club Rd,IN,"Tarangan Apartments, Baner & Pan Card Club Rd, Pune 411045, Maharashtra, India",411045,Gated Residential Society,0,20,P52100081423,18.567581,73.773175,Grade A Luxury,osm_cadastral_enriched,0.88
c6c120b9-f98a-4386-b9f8-1b9a9bdf450f,The Hillside Gangotri,the hillside gangotri,Reputed Developer / Co-op Consortium,Pune,Bavdhan & Chandani Chowk,IN,"The Hillside Gangotri, Bavdhan & Chandani Chowk, Pune 411021, Maharashtra, India",411021,Gated Residential Society,0,20,P52100068439,18.511495,73.778919,Grade A Luxury,osm_cadastral_enriched,0.88
95cee786-1f52-4ad5-8bb3-b6eeac2a62cb,Park Astra,park astra,Reputed Developer / Co-op Consortium,Pune,Hinjewadi (Phases 1-3),IN,"Park Astra, Hinjewadi (Phases 1-3), Pune 411057, Maharashtra, India",411057,Gated Residential Society,0,20,P52100029282,18.601182,73.722828,Grade A Luxury,osm_cadastral_enriched,0.88
7391bfa8-566a-446a-9327-3e9ece25cdfc,The Legend - Hinjawadi,the legend hinjawadi,Reputed Developer / Co-op Consortium,Pune,Hinjewadi (Phases 1-3),IN,"The Legend - Hinjawadi, Hinjewadi (Phases 1-3), Pune 411057, Maharashtra, India",411057,Gated Residential Society,0,20,P52100097374,18.593781,73.740785,Grade A Luxury,osm_cadastral_enriched,0.88
fef4201e-b17e-4856-bd93-3370b7fd3d72,Vardhaman Township,vardhaman township,Reputed Developer / Co-op Consortium,Pune,NIBM Road & Undri,IN,"Vardhaman Township, NIBM Road & Undri, Pune 411048, Maharashtra, India",411048,Gated Residential Society,0,20,P52100043941,18.488235,73.934103,Grade A Luxury,osm_cadastral_enriched,0.88
3cb2a273-59a4-4838-ba49-5e940cf23f04,Vasant Ganesh Vishwa,vasant ganesh vishwa,Reputed Developer / Co-op Consortium,Pune,Bavdhan & Chandani Chowk,IN,"Vasant Ganesh Vishwa, Bavdhan & Chandani Chowk, Pune 411021, Maharashtra, India",411021,Gated Residential Society,0,20,P52100072576,18.520202,73.773912,Grade A Luxury,osm_cadastral_enriched,0.88
87e61fc5-eee6-40e3-b444-a7e85c7be31d,Vatsalyapuram Kumbare Township,vatsalyapuram kumbare township,Reputed Developer / Co-op Consortium,Pune,Kothrud & Paud Road,IN,"Vatsalyapuram Kumbare Township, Kothrud & Paud Road, Pune 411038, Maharashtra, India",411038,Gated Residential Society,0,20,P52100012736,18.501068,73.800891,Grade A Luxury,osm_cadastral_enriched,0.88
cb530ce1-b442-4d2f-bb71-420784494d35,Verve Apartments,verve apartments,Reputed Developer / Co-op Consortium,Pune,Hinjewadi (Phases 1-3),IN,"Verve Apartments, Hinjewadi (Phases 1-3), Pune 411057, Maharashtra, India",411057,Gated Residential Society,0,20,P52100079366,18.604033,73.747774,Grade A Luxury,osm_cadastral_enriched,0.88
dba38c77-a73f-410f-b2f9-f14ad71973f7,Verve Society,verve society,Reputed Developer / Co-op Consortium,Pune,Hinjewadi (Phases 1-3),IN,"Verve Society, Hinjewadi (Phases 1-3), Pune 411057, Maharashtra, India",411057,Gated Residential Society,0,20,P52100097032,18.604252,73.748872,Grade A Luxury,osm_cadastral_enriched,0.88
0caa59c9-5995-4109-a0cb-a1e2b4e8ff1d,Vibhav Co-operative Housing Society,vibhav co operative housing society,Reputed Developer / Co-op Consortium,Pune,Kothrud & Paud Road,IN,"Vibhav Co-operative Housing Society, Kothrud & Paud Road, Pune 411038, Maharashtra, India",411038,Gated Residential Society,0,20,P52100080879,18.499475,73.799904,Grade A Luxury,osm_cadastral_enriched,0.88
a9cfb81d-2a7c-4f7b-bbd5-b9b8356bdce4,Vijayalaxmi Apartment,vijayalaxmi apartment,Reputed Developer / Co-op Consortium,Pune,Kothrud & Paud Road,IN,"Vijayalaxmi Apartment, Kothrud & Paud Road, Pune 411038, Maharashtra, India",411038,Gated Residential Society,0,20,P52100040197,18.511803,73.811288,Grade A Luxury,osm_cadastral_enriched,0.88
bed7c28a-8938-45e6-bb9e-a966728068d3,Vijaygad,vijaygad,Reputed Developer / Co-op Consortium,Pune,Kothrud & Paud Road,IN,"Vijaygad, Kothrud & Paud Road, Pune 411038, Maharashtra, India",411038,Gated Residential Society,0,20,P52100033017,18.511601,73.806677,Grade A Luxury,osm_cadastral_enriched,0.88
d5e4a76b-25c4-4424-a880-593d185b9146,Pinnacle Gulmohar,pinnacle gulmohar,Reputed Developer / Co-op Consortium,Pune,Bavdhan & Chandani Chowk,IN,"Pinnacle Gulmohar, Bavdhan & Chandani Chowk, Pune 411021, Maharashtra, India",411021,Gated Residential Society,0,20,P52100095837,18.519447,73.771285,Grade A Luxury,osm_cadastral_enriched,0.88
837a8763-a048-4c37-b566-cf22b248c6c8,Poorva Nagari,poorva nagari,Reputed Developer / Co-op Consortium,Pune,Magarpatta City & Hadapsar,IN,"Poorva Nagari, Magarpatta City & Hadapsar, Pune 411028, Maharashtra, India",411028,Gated Residential Society,0,20,P52100058563,18.502777,73.921023,Grade A Luxury,osm_cadastral_enriched,0.88
08ee6606-88f7-44eb-a3b6-bb346ea6eb5e,Prasad Nagar,prasad nagar,Reputed Developer / Co-op Consortium,Pune,Wadgaon Sheri & Kalyani Ext,IN,"Prasad Nagar, Wadgaon Sheri & Kalyani Ext, Pune 411014, Maharashtra, India",411014,Gated Residential Society,0,20,P52100030668,18.547241,73.922243,Grade A Luxury,osm_cadastral_enriched,0.88
57b369ac-77ac-4996-bcba-a4e620867b4b,Nilesh Classic Society,nilesh classic society,Reputed Developer / Co-op Consortium,Pune,NIBM Road & Undri,IN,"Nilesh Classic Society, NIBM Road & Undri, Pune 411048, Maharashtra, India",411048,Gated Residential Society,0,20,P52100024431,18.479272,73.93013,Grade A Luxury,osm_cadastral_enriched,0.88
d18fc54f-2f2c-4c18-8a39-e9b764ec1ab5,Oxford Village Premium Condominium,oxford village premium condominium,Reputed Developer / Co-op Consortium,Pune,NIBM Road & Undri,IN,"Oxford Village Premium Condominium, NIBM Road & Undri, Pune 411048, Maharashtra, India",411048,Luxury Villa Community,0,20,P52100049693,18.483236,73.90199,Grade A Luxury,osm_cadastral_enriched,0.88
680da4ec-6694-40f8-9a80-98465536c439,Prathamesh Elite,prathamesh elite,Reputed Developer / Co-op Consortium,Pune,Bavdhan & Chandani Chowk,IN,"Prathamesh Elite, Bavdhan & Chandani Chowk, Pune 411021, Maharashtra, India",411021,Gated Residential Society,0,20,P52100097433,18.508294,73.787458,Grade A Luxury,osm_cadastral_enriched,0.88
bf4e6dcd-d26d-4980-b561-51524f7739d3,Sai Nandanvan,sai nandanvan,Reputed Developer / Co-op Consortium,Pune,Kharadi & EON IT Corridor,IN,"Sai Nandanvan, Kharadi & EON IT Corridor, Pune 411014, Maharashtra, India",411014,Gated Residential Society,0,20,P52100026010,18.558467,73.927697,Grade A Luxury,osm_cadastral_enriched,0.88
69bae1a7-dc61-4a8f-9316-2cabe42beda5,"Shilpa Housing Society - A,B",shilpa housing society a b,Reputed Developer / Co-op Consortium,Pune,Kothrud & Paud Road,IN,"Shilpa Housing Society - A,B, Kothrud & Paud Road, Pune 411038, Maharashtra, India",411038,Gated Residential Society,0,20,P52100031752,18.519085,73.816997,Grade A Luxury,osm_cadastral_enriched,0.88
aa077987-cea5-42a9-89d3-96f33d3d4b68,"Shilpa Housing Society - C,D",shilpa housing society c d,Reputed Developer / Co-op Consortium,Pune,Kothrud & Paud Road,IN,"Shilpa Housing Society - C,D, Kothrud & Paud Road, Pune 411038, Maharashtra, India",411038,Gated Residential Society,0,20,P52100093094,18.518936,73.8176,Grade A Luxury,osm_cadastral_enriched,0.88
9575d58c-f053-42c3-85b3-9738a23cf0c9,Shivraj Housing Society,shivraj housing society,Reputed Developer / Co-op Consortium,Pune,Kothrud & Paud Road,IN,"Shivraj Housing Society, Kothrud & Paud Road, Pune 411038, Maharashtra, India",411038,Gated Residential Society,0,20,P52100015525,18.507989,73.803321,Grade A Luxury,osm_cadastral_enriched,0.88
964d44a1-6989-40a9-bd40-605f5c5e5104,Shravani Garden Society,shravani garden society,Reputed Developer / Co-op Consortium,Pune,Viman Nagar,IN,"Shravani Garden Society, Viman Nagar, Pune 411014, Maharashtra, India",411014,Gated Residential Society,0,20,P52100038125,18.568432,73.921829,Grade A Luxury,osm_cadastral_enriched,0.88
a3aaa7bf-3334-4f13-b594-edc81d0f5e04,Shivtej CO-Operative Housing Society,shivtej co operative housing society,Reputed Developer / Co-op Consortium,Pune,Kothrud & Paud Road,IN,"Shivtej CO-Operative Housing Society, Kothrud & Paud Road, Pune 411038, Maharashtra, India",411038,Gated Residential Society,0,20,P52100070338,18.498427,73.811586,Grade A Luxury,osm_cadastral_enriched,0.88
d3868b2f-2b14-4e63-b575-352340df2fed,52 Greenwoods,52 greenwoods,Reputed Developer / Co-op Consortium,Pune,Baner & Pan Card Club Rd,IN,"52 Greenwoods, Baner & Pan Card Club Rd, Pune 411045, Maharashtra, India",411045,Gated Residential Society,0,20,P52100083780,18.548971,73.768746,Grade A Luxury,osm_cadastral_enriched,0.88
99d49eb0-66c5-448c-b03a-e5b4740e33d9,Midori Tower,midori tower,Reputed Developer / Co-op Consortium,Pune,Balewadi & High Street,IN,"Midori Tower, Balewadi & High Street, Pune 411045, Maharashtra, India",411045,Luxury High-Rise Tower,0,20,P52100032813,18.577546,73.785282,Grade A Luxury,osm_cadastral_enriched,0.88
d017e2a2-7a79-437f-8f9e-03504324cd94,Clarion Park,clarion park,Reputed Developer / Co-op Consortium,Pune,Aundh & Sindh Society,IN,"Clarion Park, Aundh & Sindh Society, Pune 411007, Maharashtra, India",411007,Gated Residential Society,0,20,P52100085243,18.558657,73.804387,Grade A Luxury,osm_cadastral_enriched,0.88
4e88bad5-b990-4d5c-a988-f1fe3c302cd9,Pratik nagar society,pratik nagar society,Reputed Developer / Co-op Consortium,Pune,NIBM Road & Undri,IN,"Pratik nagar society, NIBM Road & Undri, Pune 411048, Maharashtra, India",411048,Gated Residential Society,0,20,P52100040062,18.48984,73.93276,Grade A Luxury,osm_cadastral_enriched,0.88
6042ea18-eb6d-4a93-8069-445dc9439c55,Ganraj Estate,ganraj estate,Reputed Developer / Co-op Consortium,Pune,Magarpatta City & Hadapsar,IN,"Ganraj Estate, Magarpatta City & Hadapsar, Pune 411028, Maharashtra, India",411028,Gated Residential Society,0,20,P52100089027,18.502625,73.920711,Grade A Luxury,osm_cadastral_enriched,0.88
7ed1dcca-b344-4692-b8cb-36f4aa88a354,Nirupam Housing Society,nirupam housing society,Reputed Developer / Co-op Consortium,Pune,Nigdi & Pradhikaran,IN,"Nirupam Housing Society, Nigdi & Pradhikaran, Pune 411044, Maharashtra, India",411044,Gated Residential Society,0,20,P52100050216,18.655469,73.776081,Grade A Luxury,osm_cadastral_enriched,0.88
3fea4ddc-fb77-433e-97ad-4803c07a90fc,Jay Prakash CHS,jay prakash chs,Reputed Developer / Co-op Consortium,Pune,Magarpatta City & Hadapsar,IN,"Jay Prakash CHS, Magarpatta City & Hadapsar, Pune 411028, Maharashtra, India",411028,Gated Residential Society,0,20,P52100023812,18.506663,73.937143,Grade A Luxury,osm_cadastral_enriched,0.88
1b7dbbbc-306b-486f-a6ea-5859dc3ce633,Parsi Colony,parsi colony,Reputed Developer / Co-op Consortium,Pune,NIBM Road & Undri,IN,"Parsi Colony, NIBM Road & Undri, Pune 411048, Maharashtra, India",411048,Gated Residential Society,0,20,P52100078263,18.482322,73.880842,Grade A Luxury,osm_cadastral_enriched,0.88
fbdf51c4-eb40-4ea5-a719-61b537cc5cc4,Pinnacle Brookside,pinnacle brookside,Reputed Developer / Co-op Consortium,Pune,Bavdhan & Chandani Chowk,IN,"Pinnacle Brookside, Bavdhan & Chandani Chowk, Pune 411021, Maharashtra, India",411021,Gated Residential Society,0,20,P52100056319,18.511876,73.772271,Grade A Luxury,osm_cadastral_enriched,0.88
9c981755-8f06-4e05-a69a-9b3f2bbb23b6,Pooja Park Society,pooja park society,Reputed Developer / Co-op Consortium,Pune,Kothrud & Paud Road,IN,"Pooja Park Society, Kothrud & Paud Road, Pune 411038, Maharashtra, India",411038,Gated Residential Society,0,20,P52100082688,18.505291,73.796184,Grade A Luxury,osm_cadastral_enriched,0.88
76c3d2a6-f2fd-4530-a051-de5bb9eba9bf,Krishna Keval Township,krishna keval township,Reputed Developer / Co-op Consortium,Pune,NIBM Road & Undri,IN,"Krishna Keval Township, NIBM Road & Undri, Pune 411048, Maharashtra, India",411048,Gated Residential Society,0,20,P52100098050,18.478874,73.888939,Grade A Luxury,osm_cadastral_enriched,0.88
acd02218-a990-4034-8c03-0077417a3cac,Krishna Shanti Residency,krishna shanti residency,Reputed Developer / Co-op Consortium,Pune,Bavdhan & Chandani Chowk,IN,"Krishna Shanti Residency, Bavdhan & Chandani Chowk, Pune 411021, Maharashtra, India",411021,Gated Residential Society,0,20,P52100012763,18.517331,73.774046,Grade A Luxury,osm_cadastral_enriched,0.88
93fb84b2-2f2e-4fed-a2a3-9dde2c932f3f,Prithvi Park,prithvi park,Reputed Developer / Co-op Consortium,Pune,NIBM Road & Undri,IN,"Prithvi Park, NIBM Road & Undri, Pune 411048, Maharashtra, India",411048,Gated Residential Society,0,20,P52100052430,18.477753,73.898787,Grade A Luxury,osm_cadastral_enriched,0.88
65e09d8c-76c0-4a38-8dd6-387bbacc77cd,Maurya Vihar Society,maurya vihar society,Reputed Developer / Co-op Consortium,Pune,Kothrud & Paud Road,IN,"Maurya Vihar Society, Kothrud & Paud Road, Pune 411038, Maharashtra, India",411038,Gated Residential Society,0,20,P52100053659,18.49976,73.801214,Grade A Luxury,osm_cadastral_enriched,0.88
a0ece13c-c0ac-40ee-aa24-3f861ed3eb60,Priyadarshan Housing Society,priyadarshan housing society,Reputed Developer / Co-op Consortium,Pune,Magarpatta City & Hadapsar,IN,"Priyadarshan Housing Society, Magarpatta City & Hadapsar, Pune 411028, Maharashtra, India",411028,Gated Residential Society,0,20,P52100067526,18.501217,73.943335,Grade A Luxury,osm_cadastral_enriched,0.88
974202e3-a826-4100-a2bf-26beaff6c0c1,Punyadham Society,punyadham society,Reputed Developer / Co-op Consortium,Pune,Wadgaon Sheri & Kalyani Ext,IN,"Punyadham Society, Wadgaon Sheri & Kalyani Ext, Pune 411014, Maharashtra, India",411014,Gated Residential Society,0,20,P52100035602,18.550346,73.92158,Grade A Luxury,osm_cadastral_enriched,0.88
8fed585b-8603-420f-9236-e5626b082930,Puranik's Aldea Annexo,puranik s aldea annexo,Reputed Developer / Co-op Consortium,Pune,Balewadi & High Street,IN,"Puranik's Aldea Annexo, Balewadi & High Street, Pune 411045, Maharashtra, India",411045,Gated Residential Society,0,20,P52100071246,18.567526,73.762148,Grade A Luxury,osm_cadastral_enriched,0.88
0e2bdba0-fe21-4c1c-bc8b-8fef51277c97,Raagdari Society,raagdari society,Reputed Developer / Co-op Consortium,Pune,Aundh & Sindh Society,IN,"Raagdari Society, Aundh & Sindh Society, Pune 411007, Maharashtra, India",411007,Gated Residential Society,0,20,P52100081351,18.559636,73.805223,Grade A Luxury,osm_cadastral_enriched,0.88
0e52a90b-12f6-4c3a-adc9-568058213886,Sparsh Residency,sparsh residency,Reputed Developer / Co-op Consortium,Pune,Kharadi & EON IT Corridor,IN,"Sparsh Residency, Kharadi & EON IT Corridor, Pune 411014, Maharashtra, India",411014,Gated Residential Society,0,20,P52100024481,18.555231,73.933194,Grade A Luxury,osm_cadastral_enriched,0.88
86395b23-3b71-47b6-a08f-9060ea81cb46,Aditi Jeevan,aditi jeevan,Reputed Developer / Co-op Consortium,Pune,Baner & Pan Card Club Rd,IN,"Aditi Jeevan, Baner & Pan Card Club Rd, Pune 411045, Maharashtra, India",411045,Gated Residential Society,0,20,P52100056752,18.557594,73.792514,Grade A Luxury,osm_cadastral_enriched,0.88
e8e0bac9-b7f4-4b42-a5b3-2951f3ccbcb1,Vatsalya Nagari,vatsalya nagari,Reputed Developer / Co-op Consortium,Pune,Kothrud & Paud Road,IN,"Vatsalya Nagari, Kothrud & Paud Road, Pune 411038, Maharashtra, India",411038,Gated Residential Society,0,20,P52100038722,18.503895,73.7998,Grade A Luxury,osm_cadastral_enriched,0.88
31857f05-0fd5-4cce-997e-900fc2631d11,Vrundavan Heights,vrundavan heights,Reputed Developer / Co-op Consortium,Pune,Kothrud & Paud Road,IN,"Vrundavan Heights, Kothrud & Paud Road, Pune 411038, Maharashtra, India",411038,Luxury High-Rise Tower,0,20,P52100081388,18.501213,73.798576,Grade A Luxury,osm_cadastral_enriched,0.88
173b5e39-9d8e-4970-a3da-94b1643563da,Shri Shankar Nagari Society,shri shankar nagari society,Reputed Developer / Co-op Consortium,Pune,Kothrud & Paud Road,IN,"Shri Shankar Nagari Society, Kothrud & Paud Road, Pune 411038, Maharashtra, India",411038,Gated Residential Society,0,20,P52100087189,18.50625,73.803882,Grade A Luxury,osm_cadastral_enriched,0.88
656b9c0a-504a-423a-b551-187009916e7a,Shree Mahaganesh Nagari Society,shree mahaganesh nagari society,Reputed Developer / Co-op Consortium,Pune,Keshav Nagar & Mundhwa,IN,"Shree Mahaganesh Nagari Society, Keshav Nagar & Mundhwa, Pune 411036, Maharashtra, India",411036,Gated Residential Society,0,20,P52100044784,18.529084,73.943843,Grade A Luxury,osm_cadastral_enriched,0.88
fd9fab70-3b35-4b06-8d11-bbe730cc33af,Shree Laxmi Classic Society,shree laxmi classic society,Reputed Developer / Co-op Consortium,Pune,Magarpatta City & Hadapsar,IN,"Shree Laxmi Classic Society, Magarpatta City & Hadapsar, Pune 411028, Maharashtra, India",411028,Gated Residential Society,0,20,P52100086750,18.5059,73.929519,Grade A Luxury,osm_cadastral_enriched,0.88
d0770676-224e-41be-86e9-5eb51305e737,Sandhya Nagari,sandhya nagari,Reputed Developer / Co-op Consortium,Pune,Balewadi & High Street,IN,"Sandhya Nagari, Balewadi & High Street, Pune 411045, Maharashtra, India",411045,Gated Residential Society,0,20,P52100066986,18.585751,73.783822,Grade A Luxury,osm_cadastral_enriched,0.88
33bb85fa-bd45-404b-a18f-73b5dd6ec651,Ranakpur Nagari Society,ranakpur nagari society,Reputed Developer / Co-op Consortium,Pune,Baner & Pan Card Club Rd,IN,"Ranakpur Nagari Society, Baner & Pan Card Club Rd, Pune 411045, Maharashtra, India",411045,Gated Residential Society,0,20,P52100069513,18.569151,73.7943,Grade A Luxury,osm_cadastral_enriched,0.88
2967a855-a411-427a-b247-182e216ac1d3,Aayakar Society,aayakar society,Reputed Developer / Co-op Consortium,Pune,Kothrud & Paud Road,IN,"Aayakar Society, Kothrud & Paud Road, Pune 411038, Maharashtra, India",411038,Gated Residential Society,0,20,P52100061415,18.507192,73.810187,Grade A Luxury,osm_cadastral_enriched,0.88
82615c5d-c4db-4ba3-96a2-c4c798569906,Ashok Meadows,ashok meadows,Reputed Developer / Co-op Consortium,Pune,Hinjewadi (Phases 1-3),IN,"Ashok Meadows, Hinjewadi (Phases 1-3), Pune 411057, Maharashtra, India",411057,Gated Residential Society,0,20,P52100054734,18.583546,73.72614,Grade A Luxury,osm_cadastral_enriched,0.88
ef8a5510-840f-485f-9d53-61bf41c740a1,Nisarg Palms,nisarg palms,Reputed Developer / Co-op Consortium,Pune,Bavdhan & Chandani Chowk,IN,"Nisarg Palms, Bavdhan & Chandani Chowk, Pune 411021, Maharashtra, India",411021,Gated Residential Society,0,20,P52100013205,18.513176,73.766113,Grade A Luxury,osm_cadastral_enriched,0.88
44739e1f-cc0f-4fe9-9a28-3a7aa6a78216,Dreams Elina,dreams elina,Reputed Developer / Co-op Consortium,Pune,NIBM Road & Undri,IN,"Dreams Elina, NIBM Road & Undri, Pune 411048, Maharashtra, India",411048,Gated Residential Society,0,20,P52100074172,18.474435,73.933168,Grade A Luxury,osm_cadastral_enriched,0.88
7285d2f6-f69e-4e65-8a6e-0374e10c9575,Green City Society,green city society,Reputed Developer / Co-op Consortium,Pune,NIBM Road & Undri,IN,"Green City Society, NIBM Road & Undri, Pune 411048, Maharashtra, India",411048,Gated Residential Society,0,20,P52100021018,18.475544,73.933929,Grade A Luxury,osm_cadastral_enriched,0.88
35cd8291-ae8e-4874-8235-6ceb71657af6,Orange Blossom Special,orange blossom special,Reputed Developer / Co-op Consortium,Pune,Sopan Baug & BT Kawade,IN,"Orange Blossom Special, Sopan Baug & BT Kawade, Pune 411001, Maharashtra, India",411001,Gated Residential Society,0,20,P52100043496,18.512623,73.905769,Grade A Luxury,osm_cadastral_enriched,0.88
66017b5e-1b10-4302-986c-9c554fc8ce58,Margosa heights,margosa heights,Reputed Developer / Co-op Consortium,Pune,NIBM Road & Undri,IN,"Margosa heights, NIBM Road & Undri, Pune 411048, Maharashtra, India",411048,Luxury High-Rise Tower,0,20,P52100041322,18.472814,73.922076,Grade A Luxury,osm_cadastral_enriched,0.88
05a97d02-32a8-40b3-8585-175b4b7fd9bf,Laxmi Orchid,laxmi orchid,Reputed Developer / Co-op Consortium,Pune,Keshav Nagar & Mundhwa,IN,"Laxmi Orchid, Keshav Nagar & Mundhwa, Pune 411036, Maharashtra, India",411036,Gated Residential Society,0,20,P52100021971,18.534485,73.944689,Grade A Luxury,osm_cadastral_enriched,0.88
35c81360-847b-4ad3-b6ab-6e99a7b2676f,Sai Vibha Co-Operative Housing Society Ltd,sai vibha co operative housing society ltd,Reputed Developer / Co-op Consortium,Pune,Viman Nagar,IN,"Sai Vibha Co-Operative Housing Society Ltd, Viman Nagar, Pune 411014, Maharashtra, India",411014,Gated Residential Society,0,20,P52100080076,18.569015,73.908717,Grade A Luxury,osm_cadastral_enriched,0.88
65d9815d-653a-4ea9-9b03-f77cb7352527,Gold Coast Ivory Estate,gold coast ivory estate,Reputed Developer / Co-op Consortium,Pune,Aundh & Sindh Society,IN,"Gold Coast Ivory Estate, Aundh & Sindh Society, Pune 411007, Maharashtra, India",411007,Gated Residential Society,0,20,P52100026161,18.551212,73.801045,Grade A Luxury,osm_cadastral_enriched,0.88
0133e864-eeba-48dc-858d-d68762a161bd,Saptasur Apartment,saptasur apartment,Reputed Developer / Co-op Consortium,Pune,Kothrud & Paud Road,IN,"Saptasur Apartment, Kothrud & Paud Road, Pune 411038, Maharashtra, India",411038,Gated Residential Society,0,20,P52100013592,18.50846,73.795419,Grade A Luxury,osm_cadastral_enriched,0.88
c5f7d793-92a5-4ead-a27b-1a34a8f718b4,Unique Legacy Royal,unique legacy royal,Reputed Developer / Co-op Consortium,Pune,Keshav Nagar & Mundhwa,IN,"Unique Legacy Royal, Keshav Nagar & Mundhwa, Pune 411036, Maharashtra, India",411036,Gated Residential Society,0,20,P52100091610,18.532076,73.945779,Grade A Luxury,osm_cadastral_enriched,0.88
62e287db-d8b9-427b-9407-2f5c8b57c8fd,Mystique Moods Society,mystique moods society,Reputed Developer / Co-op Consortium,Pune,Viman Nagar,IN,"Mystique Moods Society, Airport New Road, Viman Nagar, Pune 411014, Maharashtra, India",411014,Gated Residential Society,0,20,P52100059194,18.569251,73.90762,Grade A Luxury,osm_cadastral_enriched,0.88
29cab864-8339-4bfb-ad8d-6259556875d2,The Crown Greens,the crown greens,Reputed Developer / Co-op Consortium,Pune,Hinjewadi (Phases 1-3),IN,"The Crown Greens, Hinjawadi Phase 2 Road, Hinjewadi (Phases 1-3), Pune 411057, Maharashtra, India",411057,Gated Residential Society,0,20,P52100021111,18.592123,73.706819,Grade A Luxury,osm_cadastral_enriched,0.88
56380da4-40a8-47c4-a51d-cc173e68eb68,Kothrud,kothrud,Reputed Developer / Co-op Consortium,Pune,Kothrud & Paud Road,IN,"Kothrud, Kothrud & Paud Road, Pune 411038, Maharashtra, India",411038,Gated Residential Society,0,20,P52100064164,18.50722,73.805814,Grade A Luxury,osm_cadastral_enriched,0.88
6d4dffc5-2fa9-4811-a67a-4d7865c8e766,Royal Villas,royal villas,Reputed Developer / Co-op Consortium,Pune,Aundh & Sindh Society,IN,"Royal Villas, Aundh & Sindh Society, Pune 411007, Maharashtra, India",411007,Luxury Villa Community,0,20,P52100060179,18.558647,73.79842,Grade A Luxury,osm_cadastral_enriched,0.88
fa057ae1-0349-400a-ac5c-2a6ad284c818,Yashoda Residency,yashoda residency,Reputed Developer / Co-op Consortium,Pune,Aundh & Sindh Society,IN,"Yashoda Residency, Aundh & Sindh Society, Pune 411007, Maharashtra, India",411007,Gated Residential Society,0,20,P52100060878,18.57431,73.822018,Grade A Luxury,osm_cadastral_enriched,0.88
a62cf075-8a15-4eda-8d3c-cc00db0e2b1a,Green Life Society,green life society,Reputed Developer / Co-op Consortium,Pune,Hinjewadi (Phases 1-3),IN,"Green Life Society, Hinjewadi (Phases 1-3), Pune 411057, Maharashtra, India",411057,Gated Residential Society,0,20,P52100045012,18.596598,73.736801,Grade A Luxury,osm_cadastral_enriched,0.88
117353c2-e0ac-4ed2-9ab6-fc83a204f4d7,A Wing,a wing,Reputed Developer / Co-op Consortium,Pune,Hinjewadi (Phases 1-3),IN,"A Wing, Hinjewadi (Phases 1-3), Pune 411057, Maharashtra, India",411057,Gated Residential Society,0,20,P52100042133,18.596616,73.736475,Grade A Luxury,osm_cadastral_enriched,0.88
4958c114-ef78-4846-b94c-2314a3ba3108,B Wing,b wing,Reputed Developer / Co-op Consortium,Pune,Hinjewadi (Phases 1-3),IN,"B Wing, Hinjewadi (Phases 1-3), Pune 411057, Maharashtra, India",411057,Gated Residential Society,0,20,P52100058831,18.596556,73.736969,Grade A Luxury,osm_cadastral_enriched,0.88
c026d2ac-56e6-44a6-b9f6-0395f6e9a87b,C Wing,c wing,Reputed Developer / Co-op Consortium,Pune,Hinjewadi (Phases 1-3),IN,"C Wing, Hinjewadi (Phases 1-3), Pune 411057, Maharashtra, India",411057,Gated Residential Society,0,20,P52100093571,18.59694,73.737021,Grade A Luxury,osm_cadastral_enriched,0.88
97fecf2b-011f-48bc-aad5-5bd1d7c60708,Vinkar Society Nirmal Park Co. Op. Society,vinkar society nirmal park co op society,Reputed Developer / Co-op Consortium,Pune,Bibwewadi & Market Yard,IN,"Vinkar Society Nirmal Park Co. Op. Society, Bibwewadi & Market Yard, Pune 411043, Maharashtra, India",411043,Gated Residential Society,0,20,P52100091039,18.474024,73.854369,Grade A Luxury,osm_cadastral_enriched,0.88
d9246c32-adfc-4b75-be11-a4f234d7dd11,Mody Colony,mody colony,Reputed Developer / Co-op Consortium,Pune,Camp & Pune Cantonment,IN,"Mody Colony, Camp & Pune Cantonment, Pune 411001, Maharashtra, India",411001,Gated Residential Society,0,20,P52100081110,18.518941,73.87298,Grade A Luxury,osm_cadastral_enriched,0.88
37a8c5a6-5dd5-4153-a123-4b2b5492f74b,Ruby,ruby,Reputed Developer / Co-op Consortium,Pune,Hinjewadi (Phases 1-3),IN,"Ruby, Hinjewadi (Phases 1-3), Pune 411057, Maharashtra, India",411057,Gated Residential Society,0,20,P52100099652,18.592484,73.706559,Grade A Luxury,osm_cadastral_enriched,0.88
9c328c59-71ed-4e27-9f6e-7776403d96f4,Sapphire,sapphire,Reputed Developer / Co-op Consortium,Pune,Hinjewadi (Phases 1-3),IN,"Sapphire, Hinjewadi (Phases 1-3), Pune 411057, Maharashtra, India",411057,Gated Residential Society,0,20,P52100045412,18.592326,73.706776,Grade A Luxury,osm_cadastral_enriched,0.88
5d12f707-31e5-4dae-9ce0-e02fcc255da7,F Residences,f residences,Reputed Developer / Co-op Consortium,Pune,Balewadi & High Street,IN,"F Residences, Sopan Baug Road, Balewadi & High Street, Pune 411045, Maharashtra, India",411045,Gated Residential Society,0,20,P52100027343,18.577978,73.774166,Grade A Luxury,osm_cadastral_enriched,0.88
2f739712-4f71-4901-8bbc-1cad78021716,Kaizen Society,kaizen society,Reputed Developer / Co-op Consortium,Pune,Balewadi & High Street,IN,"Kaizen Society, Sopan Baug Road, Balewadi & High Street, Pune 411045, Maharashtra, India",411045,Gated Residential Society,0,20,P52100080365,18.577035,73.774384,Grade A Luxury,osm_cadastral_enriched,0.88
9c353854-001f-4252-860b-6e705128896d,The Parkland,the parkland,Reputed Developer / Co-op Consortium,Pune,Balewadi & High Street,IN,"The Parkland, Bajirao Shripati Marg, Balewadi & High Street, Pune 411045, Maharashtra, India",411045,Gated Residential Society,0,20,P52100068090,18.57768,73.775587,Grade A Luxury,osm_cadastral_enriched,0.88
6f1f5c32-c2a2-4520-9b89-f5111b288e48,51 Balewadi Residences,51 balewadi residences,Reputed Developer / Co-op Consortium,Pune,Balewadi & High Street,IN,"51 Balewadi Residences, Bajirao Shripati Marg, Balewadi & High Street, Pune 411045, Maharashtra, India",411045,Gated Residential Society,0,20,P52100041437,18.578271,73.776989,Grade A Luxury,osm_cadastral_enriched,0.88
f3c74293-2a15-44f8-ac41-8f1457d236d0,Aditya Breeze Park,aditya breeze park,Reputed Developer / Co-op Consortium,Pune,Balewadi & High Street,IN,"Aditya Breeze Park, Bajirao Shripati Marg, Balewadi & High Street, Pune 411045, Maharashtra, India",411045,Gated Residential Society,0,20,P52100014912,18.577637,73.777325,Grade A Luxury,osm_cadastral_enriched,0.88
30858629-c504-4957-afc9-fa40cb4add41,Mantri Estate,mantri estate,Reputed Developer / Co-op Consortium,Pune,Salisbury Park & Gultekdi,IN,"Mantri Estate, Salisbury Park & Gultekdi, Pune 411037, Maharashtra, India",411037,Gated Residential Society,0,20,P52100022785,18.494671,73.873584,Grade A Luxury,osm_cadastral_enriched,0.88
9f69afaa-dfad-4c17-b587-ed5526f739bc,Omega Residency,omega residency,Reputed Developer / Co-op Consortium,Pune,Baner & Pan Card Club Rd,IN,"Omega Residency, Baner & Pan Card Club Rd, Pune 411045, Maharashtra, India",411045,Gated Residential Society,0,20,P52100017565,18.567816,73.774717,Grade A Luxury,osm_cadastral_enriched,0.88
227c6aba-921b-409b-bc7a-e0af481c54b2,Orchid,orchid,Reputed Developer / Co-op Consortium,Pune,Baner & Pan Card Club Rd,IN,"Orchid, Baner & Pan Card Club Rd, Pune 411045, Maharashtra, India",411045,Gated Residential Society,0,20,P52100055381,18.566687,73.774392,Grade A Luxury,osm_cadastral_enriched,0.88
bd5032cb-3f55-40c2-90ed-a4ceb377e2ae,Trimurti complex,trimurti complex,Reputed Developer / Co-op Consortium,Pune,Bibwewadi & Market Yard,IN,"Trimurti complex, Bibwewadi & Market Yard, Pune 411037, Maharashtra, India",411037,Gated Residential Society,0,20,P52100091723,18.465247,73.859648,Grade A Luxury,osm_cadastral_enriched,0.88
a237638c-5cb6-4531-bfe3-6de0b1db572f,Ujwal Enclave,ujwal enclave,Reputed Developer / Co-op Consortium,Pune,Aundh & Sindh Society,IN,"Ujwal Enclave, Aundh & Sindh Society, Pune 411007, Maharashtra, India",411007,Luxury Villa Community,0,20,P52100092444,18.554409,73.800668,Grade A Luxury,osm_cadastral_enriched,0.88
b45613e6-a070-45fc-b727-b58871f6066d,Jasminium Gate 2,jasminium gate 2,Reputed Developer / Co-op Consortium,Pune,Magarpatta City & Hadapsar,IN,"Jasminium Gate 2, Jasminium, Magarpatta City, Magarpatta City & Hadapsar, Pune 411013, Maharashtra, India",411013,Gated Residential Society,0,20,P52100018123,18.511874,73.922798,Grade A Luxury,osm_cadastral_enriched,0.88
557a0067-5af9-46cf-bf2b-1562a4ec5578,Jasminium Gate 1,jasminium gate 1,Reputed Developer / Co-op Consortium,Pune,Magarpatta City & Hadapsar,IN,"Jasminium Gate 1, Jasminium, Magarpatta City, Magarpatta City & Hadapsar, Pune 411013, Maharashtra, India",411013,Gated Residential Society,0,20,P52100090674,18.509995,73.923693,Grade A Luxury,osm_cadastral_enriched,0.88
e2896b9d-2440-4268-a656-5d775ac67393,Jasminium Gate 3,jasminium gate 3,Reputed Developer / Co-op Consortium,Pune,Magarpatta City & Hadapsar,IN,"Jasminium Gate 3, Magarpatta City & Hadapsar, Pune 411028, Maharashtra, India",411028,Gated Residential Society,0,20,P52100077499,18.513578,73.922319,Grade A Luxury,osm_cadastral_enriched,0.88
33fd4898-ac53-4ad2-963a-50dbb63a1451,Ashtagandh,ashtagandh,Reputed Developer / Co-op Consortium,Pune,Baner & Pan Card Club Rd,IN,"Ashtagandh, Baner & Pan Card Club Rd, Pune 411045, Maharashtra, India",411045,Gated Residential Society,0,20,P52100046101,18.567049,73.773871,Grade A Luxury,osm_cadastral_enriched,0.88
09cf0255-71df-4b58-b40e-02c7dac18ef9,National Society,national society,Reputed Developer / Co-op Consortium,Pune,Aundh & Sindh Society,IN,"National Society, Aundh & Sindh Society, Pune 411007, Maharashtra, India",411007,Gated Residential Society,0,20,P52100057545,18.552182,73.815984,Grade A Luxury,osm_cadastral_enriched,0.88
f3523149-37f3-4f7e-ad82-e02aa52e39fe,Shiv Sadan,shiv sadan,Reputed Developer / Co-op Consortium,Pune,Baner & Pan Card Club Rd,IN,"Shiv Sadan, Baner & Pan Card Club Rd, Pune 411045, Maharashtra, India",411045,Gated Residential Society,0,20,P52100047774,18.571001,73.790808,Grade A Luxury,osm_cadastral_enriched,0.88
688f217c-650e-44d9-8176-5fe102276c60,Sahavidya Nagar,sahavidya nagar,Reputed Developer / Co-op Consortium,Pune,Baner & Pan Card Club Rd,IN,"Sahavidya Nagar, Baner & Pan Card Club Rd, Pune 411045, Maharashtra, India",411045,Gated Residential Society,0,20,P52100095533,18.558813,73.790191,Grade A Luxury,osm_cadastral_enriched,0.88
a4990fc3-9174-4a37-b7f8-50a60eb5c9a7,Jai,jai,Reputed Developer / Co-op Consortium,Pune,Baner & Pan Card Club Rd,IN,"Jai, Baner & Pan Card Club Rd, Pune 411045, Maharashtra, India",411045,Gated Residential Society,0,20,P52100086231,18.563034,73.781435,Grade A Luxury,osm_cadastral_enriched,0.88
f7ae879d-d49b-477f-b7df-8d07d446ce91,Prakrtii,prakrtii,Reputed Developer / Co-op Consortium,Pune,Baner & Pan Card Club Rd,IN,"Prakrtii, Baner & Pan Card Club Rd, Pune 411045, Maharashtra, India",411045,Gated Residential Society,0,20,P52100021707,18.569557,73.783119,Grade A Luxury,osm_cadastral_enriched,0.88
dd429653-1c1d-4141-9012-d5130bb2152d,Celestial One,celestial one,Reputed Developer / Co-op Consortium,Pune,Balewadi & High Street,IN,"Celestial One, Balewadi & High Street, Pune 411045, Maharashtra, India",411045,Gated Residential Society,0,20,P52100055021,18.579174,73.764585,Grade A Luxury,osm_cadastral_enriched,0.88
edfb7e81-12d9-4f67-b7b6-7a39d0979487,RJ Willows Twin Tower,rj willows twin tower,Reputed Developer / Co-op Consortium,Pune,Hinjewadi (Phases 1-3),IN,"RJ Willows Twin Tower, Hinjewadi (Phases 1-3), Pune 411057, Maharashtra, India",411057,Luxury High-Rise Tower,0,20,P52100071432,18.577028,73.713065,Grade A Luxury,osm_cadastral_enriched,0.88
00a8c3e4-ba5c-449b-879f-7326a86f330f,Shaan Classic,shaan classic,Reputed Developer / Co-op Consortium,Pune,Camp & Pune Cantonment,IN,"Shaan Classic, Camp & Pune Cantonment, Pune 411001, Maharashtra, India",411001,Gated Residential Society,0,20,P52100018689,18.519142,73.868647,Grade A Luxury,osm_cadastral_enriched,0.88
5a544a98-89ca-4c1d-9b0a-58eaf3a8940d,Pratibha Cascade,pratibha cascade,Reputed Developer / Co-op Consortium,Pune,Camp & Pune Cantonment,IN,"Pratibha Cascade, Camp & Pune Cantonment, Pune 411001, Maharashtra, India",411001,Gated Residential Society,0,20,P52100083659,18.519246,73.868643,Grade A Luxury,osm_cadastral_enriched,0.88
0ecddaf5-ce05-4093-a8fc-cbf640d81605,Shri Laxmi Narsing Apartment,shri laxmi narsing apartment,Reputed Developer / Co-op Consortium,Pune,Camp & Pune Cantonment,IN,"Shri Laxmi Narsing Apartment, Camp & Pune Cantonment, Pune 411001, Maharashtra, India",411001,Gated Residential Society,0,20,P52100021197,18.519006,73.868655,Grade A Luxury,osm_cadastral_enriched,0.88
0e1e0a19-2cd1-4ae6-9065-5c6f80e77c40,B2,b2,Reputed Developer / Co-op Consortium,Pune,Kharadi & EON IT Corridor,IN,"B2, Kharadi & EON IT Corridor, Pune 411014, Maharashtra, India",411014,Gated Residential Society,0,20,P52100025003,18.544138,73.947637,Grade A Luxury,osm_cadastral_enriched,0.88
53265a2e-e27f-4093-ac8b-deb775fa7157,B3,b3,Reputed Developer / Co-op Consortium,Pune,Kharadi & EON IT Corridor,IN,"B3, Kharadi & EON IT Corridor, Pune 411014, Maharashtra, India",411014,Gated Residential Society,0,20,P52100033175,18.544163,73.94797,Grade A Luxury,osm_cadastral_enriched,0.88
dac1f0d3-78f9-4873-a588-b41c25292e78,B4,b4,Reputed Developer / Co-op Consortium,Pune,Kharadi & EON IT Corridor,IN,"B4, Kharadi & EON IT Corridor, Pune 411014, Maharashtra, India",411014,Gated Residential Society,0,20,P52100016081,18.544112,73.948429,Grade A Luxury,osm_cadastral_enriched,0.88
17e83ca4-db26-4896-b3d7-e6bc16ed719d,B5,b5,Reputed Developer / Co-op Consortium,Pune,Kharadi & EON IT Corridor,IN,"B5, Kharadi & EON IT Corridor, Pune 411014, Maharashtra, India",411014,Gated Residential Society,0,20,P52100072025,18.544114,73.948752,Grade A Luxury,osm_cadastral_enriched,0.88
77660a8c-ffb8-44c9-97fd-c57c3380a7f9,B1,b1,Reputed Developer / Co-op Consortium,Pune,Kharadi & EON IT Corridor,IN,"B1, Kharadi & EON IT Corridor, Pune 411014, Maharashtra, India",411014,Gated Residential Society,0,20,P52100014333,18.544081,73.947028,Grade A Luxury,osm_cadastral_enriched,0.88
94ff117f-a044-4c79-bbe6-413dab9d9a05,B6,b6,Reputed Developer / Co-op Consortium,Pune,Kharadi & EON IT Corridor,IN,"B6, Kharadi & EON IT Corridor, Pune 411014, Maharashtra, India",411014,Gated Residential Society,0,20,P52100074754,18.544115,73.949161,Grade A Luxury,osm_cadastral_enriched,0.88
aab88b46-9879-4aa3-9c12-744dde6d3168,B7,b7,Reputed Developer / Co-op Consortium,Pune,Kharadi & EON IT Corridor,IN,"B7, Kharadi & EON IT Corridor, Pune 411014, Maharashtra, India",411014,Gated Residential Society,0,20,P52100069957,18.544095,73.949522,Grade A Luxury,osm_cadastral_enriched,0.88
f7cd88ec-1d2d-4f04-a17b-101efa729a6f,B8,b8,Reputed Developer / Co-op Consortium,Pune,Kharadi & EON IT Corridor,IN,"B8, Kharadi & EON IT Corridor, Pune 411014, Maharashtra, India",411014,Gated Residential Society,0,20,P52100014871,18.543291,73.949084,Grade A Luxury,osm_cadastral_enriched,0.88
51c44dd5-1046-4e29-b448-207e466776cf,B9,b9,Reputed Developer / Co-op Consortium,Pune,Kharadi & EON IT Corridor,IN,"B9, Kharadi & EON IT Corridor, Pune 411014, Maharashtra, India",411014,Gated Residential Society,0,20,P52100034294,18.543101,73.948558,Grade A Luxury,osm_cadastral_enriched,0.88
510050c9-d12b-4c37-8d33-d92a894a76c2,B10,b10,Reputed Developer / Co-op Consortium,Pune,Kharadi & EON IT Corridor,IN,"B10, Kharadi & EON IT Corridor, Pune 411014, Maharashtra, India",411014,Gated Residential Society,0,20,P52100094926,18.542883,73.948011,Grade A Luxury,osm_cadastral_enriched,0.88
75150f14-ca95-49c7-8524-399177a83c2c,B11,b11,Reputed Developer / Co-op Consortium,Pune,Kharadi & EON IT Corridor,IN,"B11, Kharadi & EON IT Corridor, Pune 411014, Maharashtra, India",411014,Gated Residential Society,0,20,P52100093552,18.542888,73.947468,Grade A Luxury,osm_cadastral_enriched,0.88
9f3f31e2-aada-466b-b434-a310132f2912,B13,b13,Reputed Developer / Co-op Consortium,Pune,Kharadi & EON IT Corridor,IN,"B13, Kharadi & EON IT Corridor, Pune 411014, Maharashtra, India",411014,Gated Residential Society,0,20,P52100046304,18.54363,73.947148,Grade A Luxury,osm_cadastral_enriched,0.88
dfc3b5e9-e72a-49f4-bac4-928c7d7e1b2c,B12,b12,Reputed Developer / Co-op Consortium,Pune,Kharadi & EON IT Corridor,IN,"B12, Kharadi & EON IT Corridor, Pune 411014, Maharashtra, India",411014,Gated Residential Society,0,20,P52100067794,18.543267,73.947306,Grade A Luxury,osm_cadastral_enriched,0.88
f25956ab-2bc5-4eb4-9d62-2194e4cf6796,Primrose,primrose,Reputed Developer / Co-op Consortium,Pune,Baner & Pan Card Club Rd,IN,"Primrose, Baner & Pan Card Club Rd, Pune 411045, Maharashtra, India",411045,Gated Residential Society,0,20,P52100082347,18.560264,73.785594,Grade A Luxury,osm_cadastral_enriched,0.88
a516ffa4-64f2-4051-b333-d96105b7dcd9,Sunflower,sunflower,Reputed Developer / Co-op Consortium,Pune,Baner & Pan Card Club Rd,IN,"Sunflower, Baner & Pan Card Club Rd, Pune 411045, Maharashtra, India",411045,Gated Residential Society,0,20,P52100022941,18.560251,73.785886,Grade A Luxury,osm_cadastral_enriched,0.88
5855f18f-6c0a-458f-8b1a-1944f75416f7,Sanskruti Prangan,sanskruti prangan,Reputed Developer / Co-op Consortium,Pune,Baner & Pan Card Club Rd,IN,"Sanskruti Prangan, Baner & Pan Card Club Rd, Pune 411045, Maharashtra, India",411045,Gated Residential Society,0,20,P52100099569,18.566393,73.782105,Grade A Luxury,osm_cadastral_enriched,0.88
d3daa5c4-370e-4212-bb37-fa6bc36d1363,Anar-Ansh,anar ansh,Reputed Developer / Co-op Consortium,Pune,Aundh & Sindh Society,IN,"Anar-Ansh, Aundh & Sindh Society, Pune 411007, Maharashtra, India",411007,Gated Residential Society,0,20,P52100035813,18.553406,73.799129,Grade A Luxury,osm_cadastral_enriched,0.88
21ec71d5-6cae-4a7e-b0fe-5b33eceaf248,Manhattan,manhattan,Reputed Developer / Co-op Consortium,Pune,Aundh & Sindh Society,IN,"Manhattan, Aundh & Sindh Society, Pune 411007, Maharashtra, India",411007,Gated Residential Society,0,20,P52100078193,18.553902,73.799288,Grade A Luxury,osm_cadastral_enriched,0.88
a9060091-9c05-455d-91f4-699bf043b75a,Soham,soham,Reputed Developer / Co-op Consortium,Pune,Baner & Pan Card Club Rd,IN,"Soham, Baner & Pan Card Club Rd, Pune 411045, Maharashtra, India",411045,Gated Residential Society,0,20,P52100068005,18.57344,73.792911,Grade A Luxury,osm_cadastral_enriched,0.88
76f3d51b-63f0-4d4b-b592-80a16aecacaa,Dixit Residency,dixit residency,Reputed Developer / Co-op Consortium,Pune,Baner & Pan Card Club Rd,IN,"Dixit Residency, Baner & Pan Card Club Rd, Pune 411045, Maharashtra, India",411045,Gated Residential Society,0,20,P52100046346,18.57255,73.793044,Grade A Luxury,osm_cadastral_enriched,0.88
2002a0a8-54eb-4858-be24-e74060164bad,Green Zone,green zone,Reputed Developer / Co-op Consortium,Pune,Baner & Pan Card Club Rd,IN,"Green Zone, Baner & Pan Card Club Rd, Pune 411045, Maharashtra, India",411045,Gated Residential Society,0,20,P52100088705,18.555298,73.76608,Grade A Luxury,osm_cadastral_enriched,0.88
ca48bfb0-44b5-42f3-8743-1d9d943ef397,Runanubandh,runanubandh,Reputed Developer / Co-op Consortium,Pune,Aundh & Sindh Society,IN,"Runanubandh, Aundh & Sindh Society, Pune 411007, Maharashtra, India",411007,Gated Residential Society,0,20,P52100030742,18.564463,73.804619,Grade A Luxury,osm_cadastral_enriched,0.88
44454a2c-690d-46c9-b312-7f05b2ac2db3,ITrend City Life,itrend city life,Reputed Developer / Co-op Consortium,Pune,Hinjewadi (Phases 1-3),IN,"ITrend City Life, Hinjewadi (Phases 1-3), Pune 411057, Maharashtra, India",411057,Gated Residential Society,0,20,P52100017750,18.593793,73.728318,Grade A Luxury,osm_cadastral_enriched,0.88
0cf09bce-5e97-4ac6-9d63-0e5695be8ad2,Kapil Tranquil Greens,kapil tranquil greens,Reputed Developer / Co-op Consortium,Pune,Baner & Pan Card Club Rd,IN,"Kapil Tranquil Greens, Baner & Pan Card Club Rd, Pune 411045, Maharashtra, India",411045,Gated Residential Society,0,20,P52100023851,18.562038,73.79474,Grade A Luxury,osm_cadastral_enriched,0.88
b54134ec-1101-437b-82f8-6300adf64086,West Winds,west winds,Reputed Developer / Co-op Consortium,Pune,Baner & Pan Card Club Rd,IN,"West Winds, Baner & Pan Card Club Rd, Pune 411045, Maharashtra, India",411045,Gated Residential Society,0,20,P52100096755,18.56127,73.794993,Grade A Luxury,osm_cadastral_enriched,0.88
94a0238a-8fa8-4f06-9073-a938b6a06018,Krishna Kunj Society,krishna kunj society,Reputed Developer / Co-op Consortium,Pune,Kothrud & Paud Road,IN,"Krishna Kunj Society, Rd Number 5, Rambaug Colony, Kothrud, Kothrud & Paud Road, Pune 411038, Maharashtra, India",411038,Gated Residential Society,0,20,P52100021238,18.509937,73.811296,Grade A Luxury,osm_cadastral_enriched,0.88
40dc4fca-1981-4c17-a84f-0149b99ece18,Woodland A,woodland a,Reputed Developer / Co-op Consortium,Pune,Kothrud & Paud Road,IN,"Woodland A, Kothrud & Paud Road, Pune 411038, Maharashtra, India",411038,Gated Residential Society,0,20,P52100063983,18.498819,73.804212,Grade A Luxury,osm_cadastral_enriched,0.88
fe9b2e53-1a1d-4b96-ab17-d3e8e4679200,Woodland B,woodland b,Reputed Developer / Co-op Consortium,Pune,Kothrud & Paud Road,IN,"Woodland B, Kothrud & Paud Road, Pune 411038, Maharashtra, India",411038,Gated Residential Society,0,20,P52100010984,18.498851,73.803889,Grade A Luxury,osm_cadastral_enriched,0.88
d11e960b-24fa-4b09-aa8f-b8f289f2bb43,Woodland E,woodland e,Reputed Developer / Co-op Consortium,Pune,Kothrud & Paud Road,IN,"Woodland E, Kothrud & Paud Road, Pune 411038, Maharashtra, India",411038,Gated Residential Society,0,20,P52100067400,18.49848,73.802924,Grade A Luxury,osm_cadastral_enriched,0.88
8382a004-058c-478e-bde0-548175bd19f6,Woodland C,woodland c,Reputed Developer / Co-op Consortium,Pune,Kothrud & Paud Road,IN,"Woodland C, Kothrud & Paud Road, Pune 411038, Maharashtra, India",411038,Gated Residential Society,0,20,P52100044470,18.498855,73.803555,Grade A Luxury,osm_cadastral_enriched,0.88
27e3a0b8-95eb-4505-a054-656b1a9fb808,Woodland D,woodland d,Reputed Developer / Co-op Consortium,Pune,Kothrud & Paud Road,IN,"Woodland D, Woodland Internal road, Kothrud & Paud Road, Pune 411038, Maharashtra, India",411038,Gated Residential Society,0,20,P52100031684,18.498807,73.803171,Grade A Luxury,osm_cadastral_enriched,0.88
9d2cfce6-dc1c-417a-9337-60bfe2e0d240,Building 6,building 6,Reputed Developer / Co-op Consortium,Pune,Baner & Pan Card Club Rd,IN,"Building 6, Baner & Pan Card Club Rd, Pune 411045, Maharashtra, India",411045,Gated Residential Society,0,20,P52100015178,18.57203,73.777183,Grade A Luxury,osm_cadastral_enriched,0.88
dbc7292b-2955-48e2-b5b1-0a559a5460d1,Building 3,building 3,Reputed Developer / Co-op Consortium,Pune,Baner & Pan Card Club Rd,IN,"Building 3, Baner & Pan Card Club Rd, Pune 411045, Maharashtra, India",411045,Gated Residential Society,0,20,P52100081871,18.571775,73.776088,Grade A Luxury,osm_cadastral_enriched,0.88
c8a297af-68b7-4cb5-9587-410bbc286ea0,BUILDING 7,building 7,Reputed Developer / Co-op Consortium,Pune,Baner & Pan Card Club Rd,IN,"BUILDING 7, Baner & Pan Card Club Rd, Pune 411045, Maharashtra, India",411045,Gated Residential Society,0,20,P52100081684,18.571755,73.776664,Grade A Luxury,osm_cadastral_enriched,0.88
fd7b932d-5db1-47b6-ae59-1a4c28991222,building 1,building 1,Reputed Developer / Co-op Consortium,Pune,Baner & Pan Card Club Rd,IN,"building 1, Baner & Pan Card Club Rd, Pune 411045, Maharashtra, India",411045,Gated Residential Society,0,20,P52100092642,18.572303,73.776111,Grade A Luxury,osm_cadastral_enriched,0.88
4cb41f22-07e0-43a0-8942-990f1848ad9e,Disha,disha,Reputed Developer / Co-op Consortium,Pune,Aundh & Sindh Society,IN,"Disha, Sanghvi Kesari Road, Aundh & Sindh Society, Pune 411007, Maharashtra, India",411007,Gated Residential Society,0,20,P52100039919,18.56092,73.811166,Grade A Luxury,osm_cadastral_enriched,0.88
04ae06dc-1d0a-4b00-8638-bb9629b12b70,SurajBan Housing Society,surajban housing society,Reputed Developer / Co-op Consortium,Pune,Aundh & Sindh Society,IN,"SurajBan Housing Society, Aundh & Sindh Society, Pune 411007, Maharashtra, India",411007,Gated Residential Society,0,20,P52100028421,18.556039,73.817139,Grade A Luxury,osm_cadastral_enriched,0.88
51e2b847-53ac-4838-8dd2-7e416a5f7555,E,e,Reputed Developer / Co-op Consortium,Pune,Aundh & Sindh Society,IN,"E, Aundh & Sindh Society, Pune 411007, Maharashtra, India",411007,Gated Residential Society,0,20,P52100028780,18.553289,73.806743,Grade A Luxury,osm_cadastral_enriched,0.88
3001d1b9-a67c-42aa-8db2-3fc34e2ffdad,The Laburnums,the laburnums,Reputed Developer / Co-op Consortium,Pune,Balewadi & High Street,IN,"The Laburnums, Balewadi & High Street, Pune 411045, Maharashtra, India",411045,Gated Residential Society,0,20,P52100095260,18.576887,73.769854,Grade A Luxury,osm_cadastral_enriched,0.88
76181342-1ff3-4f3b-b809-bac35063df09,Sulochana City,sulochana city,Reputed Developer / Co-op Consortium,Pune,Baner & Pan Card Club Rd,IN,"Sulochana City, Baner & Pan Card Club Rd, Pune 411027, Maharashtra, India",411027,Gated Residential Society,0,20,P52100095822,18.567312,73.79347,Grade A Luxury,osm_cadastral_enriched,0.88
800750a1-37bc-4fd8-a0da-02c0f831475c,Sterling Horizon,sterling horizon,Reputed Developer / Co-op Consortium,Pune,Baner & Pan Card Club Rd,IN,"Sterling Horizon, Baner & Pan Card Club Rd, Pune 411045, Maharashtra, India",411045,Gated Residential Society,0,20,P52100043609,18.544778,73.781167,Grade A Luxury,osm_cadastral_enriched,0.88
611e537f-cef1-4ea2-9213-04759ba03369,Ganga Lahari Society,ganga lahari society,Reputed Developer / Co-op Consortium,Pune,Kothrud & Paud Road,IN,"Ganga Lahari Society, Kothrud & Paud Road, Pune 411052, Maharashtra, India",411052,Gated Residential Society,0,20,P52100055743,18.491538,73.8246,Grade A Luxury,osm_cadastral_enriched,0.88
9e278ed7-59c7-4869-86a0-ea0f12230602,Building 2,building 2,Reputed Developer / Co-op Consortium,Pune,Baner & Pan Card Club Rd,IN,"Building 2, Baner & Pan Card Club Rd, Pune 411045, Maharashtra, India",411045,Gated Residential Society,0,20,P52100024908,18.572299,73.77669,Grade A Luxury,osm_cadastral_enriched,0.88
2502dbad-d6c6-454b-9f23-2a39853a8efb,Asha CHS,asha chs,Reputed Developer / Co-op Consortium,Pune,Mukund Nagar & Swargate,IN,"Asha CHS, Mukund Nagar & Swargate, Pune 411037, Maharashtra, India",411037,Gated Residential Society,0,20,P52100099693,18.508032,73.856379,Grade A Luxury,osm_cadastral_enriched,0.88
38930bbf-4e71-44be-a873-1b97752d5279,Samruddhi Society,samruddhi society,Reputed Developer / Co-op Consortium,Pune,Baner & Pan Card Club Rd,IN,"Samruddhi Society, Baner & Pan Card Club Rd, Pune 411045, Maharashtra, India",411045,Gated Residential Society,0,20,P52100055823,18.563908,73.784306,Grade A Luxury,osm_cadastral_enriched,0.88
8c89d5c2-25d0-4fb5-b93d-475c8f9b3487,Crystal Garden Society,crystal garden society,Reputed Developer / Co-op Consortium,Pune,Aundh & Sindh Society,IN,"Crystal Garden Society, Baner-Pashan Link Road, Aundh & Sindh Society, Pune 411021, Maharashtra, India",411021,Gated Residential Society,0,20,P52100082012,18.550223,73.795443,Grade A Luxury,osm_cadastral_enriched,0.88
352112d1-ca92-45ce-9067-7af0023cf4d5,Ganga Nagri Society,ganga nagri society,Reputed Developer / Co-op Consortium,Pune,Kothrud & Paud Road,IN,"Ganga Nagri Society, Kothrud & Paud Road, Pune 411052, Maharashtra, India",411052,Gated Residential Society,0,20,P52100035553,18.491889,73.824577,Grade A Luxury,osm_cadastral_enriched,0.88
22781fca-1289-4fa2-936b-a53285bf3243,Building 5,building 5,Reputed Developer / Co-op Consortium,Pune,Baner & Pan Card Club Rd,IN,"Building 5, Baner & Pan Card Club Rd, Pune 411045, Maharashtra, India",411045,Gated Residential Society,0,20,P52100035368,18.571282,73.77615,Grade A Luxury,osm_cadastral_enriched,0.88
3aeda465-67a1-4a9e-9b44-50a705ab802d,Building 4,building 4,Reputed Developer / Co-op Consortium,Pune,Baner & Pan Card Club Rd,IN,"Building 4, Baner & Pan Card Club Rd, Pune 411045, Maharashtra, India",411045,Gated Residential Society,0,20,P52100017564,18.571258,73.776775,Grade A Luxury,osm_cadastral_enriched,0.88
91655b52-78e1-44e9-9919-92fe37e82c8e,Aura,aura,Reputed Developer / Co-op Consortium,Pune,Hinjewadi (Phases 1-3),IN,"Aura, Hinjewadi (Phases 1-3), Pune 411057, Maharashtra, India",411057,Gated Residential Society,0,20,P52100040637,18.586805,73.740996,Grade A Luxury,osm_cadastral_enriched,0.88
dfbf59c6-b494-4de6-a00d-9f23565e7e3e,Dreams Belle Vue Housing Society,dreams belle vue housing society,Reputed Developer / Co-op Consortium,Pune,Bavdhan & Chandani Chowk,IN,"Dreams Belle Vue Housing Society, Bavdhan & Chandani Chowk, Pune 411021, Maharashtra, India",411021,Gated Residential Society,0,20,P52100083770,18.521478,73.76371,Grade A Luxury,osm_cadastral_enriched,0.88
17e9ea7d-eb10-4c8b-9196-f75b01ab29fa,Akashganga,akashganga,Reputed Developer / Co-op Consortium,Pune,Aundh & Sindh Society,IN,"Akashganga, Aundh & Sindh Society, Pune 411007, Maharashtra, India",411007,Gated Residential Society,0,20,P52100071233,18.56003,73.824227,Grade A Luxury,osm_cadastral_enriched,0.88
48ef8cdf-e767-4ecc-abb3-0c8fe77ab54a,Gharonda Apartment,gharonda apartment,Reputed Developer / Co-op Consortium,Pune,Pimple Saudagar & Rahatani,IN,"Gharonda Apartment, Pimple Saudagar & Rahatani, Pune 411027, Maharashtra, India",411027,Gated Residential Society,8,32,P52100068941,18.594939,73.791577,Premium Residential,osm_cadastral_enriched,0.92
885c452d-d327-44f2-8268-1ee99e5f61a7,naaz building,naaz building,Reputed Developer / Co-op Consortium,Pune,Wakad,IN,"naaz building, Wakad, Pune 411057, Maharashtra, India",411057,Gated Residential Society,3,12,P52100093215,18.611754,73.763233,Premium Residential,osm_cadastral_enriched,0.92
362bb775-80f9-494a-acc1-a4e21727bd0f,deshmukh house,deshmukh house,Reputed Developer / Co-op Consortium,Pune,Wakad,IN,"deshmukh house, Wakad, Pune 411057, Maharashtra, India",411057,Gated Residential Society,4,16,P52100079255,18.611905,73.763258,Premium Residential,osm_cadastral_enriched,0.92
7f56b4ca-99da-47b4-b9cc-aa3790c4753f,gujjar niwas,gujjar niwas,Reputed Developer / Co-op Consortium,Pune,Wakad,IN,"gujjar niwas, Wakad, Pune 411057, Maharashtra, India",411057,Gated Residential Society,4,16,P52100030431,18.610824,73.763353,Premium Residential,osm_cadastral_enriched,0.92
7084d517-d2f3-4c72-b376-9b3f680a3603,Shradha Orchid,shradha orchid,Reputed Developer / Co-op Consortium,Pune,Ravet & Kiwale,IN,"Shradha Orchid, Shinde Wasti MIDC Road, Ravet & Kiwale, Pune 412101, Maharashtra, India",412101,Gated Residential Society,6,24,P52100027471,18.655287,73.752564,Premium Residential,osm_cadastral_enriched,0.92
a804f749-ec54-4e9e-a759-1fded843ce62,Sanskruti Heights,sanskruti heights,Reputed Developer / Co-op Consortium,Pune,Ravet & Kiwale,IN,"Sanskruti Heights, Shinde Wasti MIDC Road, Ravet & Kiwale, Pune 412101, Maharashtra, India",412101,Luxury High-Rise Tower,6,24,P52100061672,18.655236,73.752331,Premium Residential,osm_cadastral_enriched,0.92
85745cd1-8eb6-4ac8-9e6c-b7ceedb9097c,Madhuri Appartment,madhuri appartment,Reputed Developer / Co-op Consortium,Pune,Wakad,IN,"Madhuri Appartment, Wakad, Pune 411057, Maharashtra, India",411057,Gated Residential Society,4,16,P52100063596,18.610428,73.761505,Premium Residential,osm_cadastral_enriched,0.92
de1c1258-4ac3-4e46-92d2-27127355d9eb,Sai Shree,sai shree,Reputed Developer / Co-op Consortium,Pune,Pimple Saudagar & Rahatani,IN,"Sai Shree, Pimple Saudagar & Rahatani, Pune 411027, Maharashtra, India",411027,Gated Residential Society,7,28,P52100066612,18.600707,73.807093,Premium Residential,osm_cadastral_enriched,0.92
7273802d-bd4c-41b0-bb66-02b4262ae66d,A,a,Reputed Developer / Co-op Consortium,Pune,Wakad,IN,"A, Wakad, Pune 411057, Maharashtra, India",411057,Gated Residential Society,5,20,P52100065324,18.59565,73.771637,Premium Residential,osm_cadastral_enriched,0.92
0383ff23-4086-4114-8dde-cc11edf2fa51,B,b,Reputed Developer / Co-op Consortium,Pune,Wakad,IN,"B, Wakad, Pune 411057, Maharashtra, India",411057,Gated Residential Society,6,24,P52100098083,18.59526,73.771336,Premium Residential,osm_cadastral_enriched,0.92
689a1c85-27c5-4869-a8b9-8d4e40c2ae28,D,d,Reputed Developer / Co-op Consortium,Pune,Wakad,IN,"D, Wakad, Pune 411057, Maharashtra, India",411057,Luxury High-Rise Tower,12,48,P52100040925,18.596182,73.769875,Premium Residential,osm_cadastral_enriched,0.92
3578038e-7a51-4103-bc45-74b4db2961b7,Oriana Crest,oriana crest,Reputed Developer / Co-op Consortium,Pune,Wakad,IN,"Oriana Crest, Datta Mandir Road, Wakad, Pune 411057, Maharashtra, India",411057,Gated Residential Society,10,40,P52100094064,18.600528,73.763467,Premium Residential,osm_cadastral_enriched,0.92
b093314e-823b-4dab-a724-38f889daeca4,Vardhaman Terrace,vardhaman terrace,Reputed Developer / Co-op Consortium,Pune,Bhosari & Indrayani Nagar,IN,"Vardhaman Terrace, Sandwik Colony road, Bhosari & Indrayani Nagar, Pune 411039, Maharashtra, India",411039,Gated Residential Society,5,20,P52100023834,18.618866,73.857951,Premium Residential,osm_cadastral_enriched,0.92
d92e8b04-34a3-4f80-82fa-1db2c6879a97,I,i,Reputed Developer / Co-op Consortium,Pune,Wakad,IN,"I, Wakad, Pune 411057, Maharashtra, India",411057,Luxury High-Rise Tower,13,52,P52100085793,18.594468,73.767213,Premium Residential,osm_cadastral_enriched,0.92
fd81de5f-2385-4dc4-bb09-01ec047d1861,A,a,Reputed Developer / Co-op Consortium,Pune,Wakad,IN,"A, Wakad, Pune 411057, Maharashtra, India",411057,Luxury High-Rise Tower,12,48,P52100065324,18.593726,73.766555,Premium Residential,osm_cadastral_enriched,0.92
a283e90e-f8b1-47fb-af7c-3e110c742e79,C,c,Reputed Developer / Co-op Consortium,Pune,Wakad,IN,"C, Wakad, Pune 411057, Maharashtra, India",411057,Luxury High-Rise Tower,13,52,P52100021295,18.593565,73.767266,Premium Residential,osm_cadastral_enriched,0.92
62b2d8c5-1be0-4380-89e6-9e33303d4095,H,h,Reputed Developer / Co-op Consortium,Pune,Wakad,IN,"H, Wakad, Pune 411057, Maharashtra, India",411057,Luxury High-Rise Tower,13,52,P52100056223,18.594541,73.767557,Premium Residential,osm_cadastral_enriched,0.92
3751f782-7ed4-41db-ad4c-d55adbe5f66e,G,g,Reputed Developer / Co-op Consortium,Pune,Wakad,IN,"G, Wakad, Pune 411057, Maharashtra, India",411057,Luxury High-Rise Tower,13,52,P52100058180,18.59457,73.768101,Premium Residential,osm_cadastral_enriched,0.92
ab03c0ec-9d46-407e-9bdc-739115501c23,B,b,Reputed Developer / Co-op Consortium,Pune,Wakad,IN,"B, Wakad, Pune 411057, Maharashtra, India",411057,Luxury High-Rise Tower,13,52,P52100098083,18.593583,73.767641,Premium Residential,osm_cadastral_enriched,0.92
2b1e9f52-e45c-4e4f-ad31-192627cfab85,D,d,Reputed Developer / Co-op Consortium,Pune,Wakad,IN,"D, Wakad, Pune 411057, Maharashtra, India",411057,Luxury High-Rise Tower,13,52,P52100040925,18.59401,73.768136,Premium Residential,osm_cadastral_enriched,0.92
5a50ae81-d30f-4e2f-b9a9-f8e9a9cfca7f,F,f,Reputed Developer / Co-op Consortium,Pune,Wakad,IN,"F, Wakad, Pune 411057, Maharashtra, India",411057,Luxury High-Rise Tower,13,52,P52100020984,18.593938,73.767222,Premium Residential,osm_cadastral_enriched,0.92
ae78be2f-3e66-4e2d-a6ee-a71fdaa59609,E,e,Reputed Developer / Co-op Consortium,Pune,Wakad,IN,"E, Wakad, Pune 411057, Maharashtra, India",411057,Luxury High-Rise Tower,13,52,P52100040092,18.593969,73.767555,Premium Residential,osm_cadastral_enriched,0.92
a4f8c8df-e62a-4334-aa81-c0fc45195548,Sonigara Aangan C & D,sonigara aangan c d,Reputed Developer / Co-op Consortium,Pune,Ravet & Kiwale,IN,"Sonigara Aangan C & D, Ravet & Kiwale, Pune 412101, Maharashtra, India",412101,Gated Residential Society,7,28,P52100036193,18.655614,73.755891,Premium Residential,osm_cadastral_enriched,0.92
aa9e322a-7925-4a7e-af8a-46e81e4317ae,Sonigara Aangan E & F,sonigara aangan e f,Reputed Developer / Co-op Consortium,Pune,Ravet & Kiwale,IN,"Sonigara Aangan E & F, Ravet & Kiwale, Pune 412101, Maharashtra, India",412101,Gated Residential Society,7,28,P52100074173,18.655943,73.755937,Premium Residential,osm_cadastral_enriched,0.92
3a7dfb79-cf91-4fc1-ab14-e28452349c05,Eternal Solutions System,eternal solutions system,Reputed Developer / Co-op Consortium,Pune,Wakad,IN,"Eternal Solutions System, Wakad, Wakad, Pune 411057, Maharashtra, India",411057,Gated Residential Society,8,32,P52100062940,18.598096,73.752922,Premium Residential,osm_cadastral_enriched,0.92
2dd1d2c5-3c82-4eb8-8ac7-b0c418eade83,Tirupati Campus,tirupati campus,Reputed Developer / Co-op Consortium,Pune,"Dhanori, Lohegaon & Porwal",IN,"Tirupati Campus, Tingre Nagar Lane 2, Dhanori, Lohegaon & Porwal, Pune 411015, Maharashtra, India",411015,Gated Residential Society,6,24,P52100073083,18.577811,73.887123,Premium Residential,osm_cadastral_enriched,0.92
5ec0ed14-3a94-41ca-93d4-d34bdb6f407b,Bhore house,bhore house,Reputed Developer / Co-op Consortium,Pune,"Dhanori, Lohegaon & Porwal",IN,"Bhore house, Dhanori Road, Dhanori, Lohegaon & Porwal, Pune 411015, Maharashtra, India",411015,Gated Residential Society,1,4,P52100082210,18.584727,73.886622,Premium Residential,osm_cadastral_enriched,0.92
da59189b-bee2-4c75-b89a-4b86aae598e0,D,d,Reputed Developer / Co-op Consortium,Pune,Wakad,IN,"D, Wakad, Pune 411057, Maharashtra, India",411057,Luxury High-Rise Tower,12,48,P52100040925,18.594607,73.765692,Premium Residential,osm_cadastral_enriched,0.92
df81f076-0e0d-4105-8fef-e97ac44abfd3,Devyani palace,devyani palace,Reputed Developer / Co-op Consortium,Pune,Wakad,IN,"Devyani palace, Wakad, Pune 411057, Maharashtra, India",411057,Gated Residential Society,4,16,P52100089909,18.597513,73.774797,Premium Residential,osm_cadastral_enriched,0.92
fc4aecad-2973-4689-a999-5ebec04bc001,B,b,Reputed Developer / Co-op Consortium,Pune,Wakad,IN,"B, Pink City Road, Wakad, Pune 411057, Maharashtra, India",411057,Luxury High-Rise Tower,12,48,P52100098083,18.599904,73.770637,Premium Residential,osm_cadastral_enriched,0.92
6fabfe87-f51a-4f89-a9a3-cc35def07331,A,a,Reputed Developer / Co-op Consortium,Pune,Wakad,IN,"A, Pink City Road, Wakad, Pune 411057, Maharashtra, India",411057,Luxury High-Rise Tower,12,48,P52100065324,18.599824,73.771357,Premium Residential,osm_cadastral_enriched,0.92
f9df5d90-5f77-4305-a75c-c7d90ce4b803,Jay Ganesh heights,jay ganesh heights,Reputed Developer / Co-op Consortium,Pune,Wakad,IN,"Jay Ganesh heights, Wakad, Pune 411057, Maharashtra, India",411057,Luxury High-Rise Tower,4,16,P52100028810,18.614081,73.778169,Premium Residential,osm_cadastral_enriched,0.92
5e12d738-9945-45ec-8543-6f18dcbea44a,H1 Block,h1 block,Reputed Developer / Co-op Consortium,Pune,Thergaon & Kalewadi,IN,"H1 Block, Swiss County Thergaon, Thergaon & Kalewadi, Pune 411033, Maharashtra, India",411033,Gated Residential Society,10,40,P52100069114,18.616743,73.778897,Premium Residential,osm_cadastral_enriched,0.92
9b32b121-c962-4c76-a724-31311cc2db08,I1 Block,i1 block,Reputed Developer / Co-op Consortium,Pune,Thergaon & Kalewadi,IN,"I1 Block, Swiss County Thergaon, Thergaon & Kalewadi, Pune 411033, Maharashtra, India",411033,Gated Residential Society,10,40,P52100077588,18.616822,73.778327,Premium Residential,osm_cadastral_enriched,0.92
12336431-fda5-4358-8ac9-c768554a39f3,J2 Block,j2 block,Reputed Developer / Co-op Consortium,Pune,Thergaon & Kalewadi,IN,"J2 Block, Swiss County Thergaon, Thergaon & Kalewadi, Pune 411033, Maharashtra, India",411033,Gated Residential Society,10,40,P52100043767,18.616057,73.777831,Premium Residential,osm_cadastral_enriched,0.92
c78e1972-aea9-4efd-a74a-a6c34757a588,G2 Block,g2 block,Reputed Developer / Co-op Consortium,Pune,Thergaon & Kalewadi,IN,"G2 Block, Swiss County Thergaon, Thergaon & Kalewadi, Pune 411033, Maharashtra, India",411033,Gated Residential Society,10,40,P52100061692,18.616681,73.779133,Premium Residential,osm_cadastral_enriched,0.92
a57ff4ac-fdfc-43c6-adaf-e19d2df1098b,J1 Block,j1 block,Reputed Developer / Co-op Consortium,Pune,Thergaon & Kalewadi,IN,"J1 Block, Swiss County Thergaon, Thergaon & Kalewadi, Pune 411033, Maharashtra, India",411033,Gated Residential Society,10,40,P52100032347,18.616335,73.778008,Premium Residential,osm_cadastral_enriched,0.92
e2be23e0-8dba-4ab0-93cb-53fbff64a257,H2 Block,h2 block,Reputed Developer / Co-op Consortium,Pune,Thergaon & Kalewadi,IN,"H2 Block, Swiss County Thergaon, Thergaon & Kalewadi, Pune 411033, Maharashtra, India",411033,Gated Residential Society,10,40,P52100044236,18.616804,73.778622,Premium Residential,osm_cadastral_enriched,0.92
8583d836-eb42-450a-9862-63bb5d26da96,G1 Block,g1 block,Reputed Developer / Co-op Consortium,Pune,Thergaon & Kalewadi,IN,"G1 Block, Swiss County Thergaon, Thergaon & Kalewadi, Pune 411033, Maharashtra, India",411033,Gated Residential Society,10,40,P52100057445,18.616408,73.779075,Premium Residential,osm_cadastral_enriched,0.92
fe2776ff-31fc-445d-b68d-78f8ff945390,I2 Block,i2 block,Reputed Developer / Co-op Consortium,Pune,Thergaon & Kalewadi,IN,"I2 Block, Swiss County Thergaon, Thergaon & Kalewadi, Pune 411033, Maharashtra, India",411033,Gated Residential Society,10,40,P52100015405,18.616578,73.778149,Premium Residential,osm_cadastral_enriched,0.92
46fcce35-8355-4e9a-9679-e8b294c5cac6,C,c,Reputed Developer / Co-op Consortium,Pune,Thergaon & Kalewadi,IN,"C, Thergaon & Kalewadi, Pune 411033, Maharashtra, India",411033,Luxury High-Rise Tower,12,48,P52100083506,18.616858,73.770261,Premium Residential,osm_cadastral_enriched,0.92
9610f56d-7341-435b-a2ee-2d7865394c3c,Polite Paradise B Wing,polite paradise b wing,Reputed Developer / Co-op Consortium,Pune,"Dhanori, Lohegaon & Porwal",IN,"Polite Paradise B Wing, Dhanori - Lohgaon Road, Dhanori, Lohegaon & Porwal, Pune 411015, Maharashtra, India",411015,Gated Residential Society,11,44,P52100066109,18.59654,73.905024,Premium Residential,osm_cadastral_enriched,0.92
5fab055a-cdc1-4538-b564-4494c1cdfe98,Ishani Gardens,ishani gardens,Reputed Developer / Co-op Consortium,Pune,Ravet & Kiwale,IN,"Ishani Gardens, Ravet & Kiwale, Pune 412101, Maharashtra, India",412101,Gated Residential Society,2,8,P52100090697,18.652258,73.758601,Premium Residential,osm_cadastral_enriched,0.92
fb075971-8fc6-469f-98be-f75bf1279752,Building,building,Reputed Developer / Co-op Consortium,Pune,Ravet & Kiwale,IN,"Building, Ravet & Kiwale, Pune 411044, Maharashtra, India",411044,Gated Residential Society,3,12,P52100028220,18.657388,73.759735,Premium Residential,osm_cadastral_enriched,0.92
7fadd221-fb1a-4d48-a806-dacd972a6acc,Sushila Nagari Society,sushila nagari society,Reputed Developer / Co-op Consortium,Pune,Sinhagad Road & Manik Baug,IN,"Sushila Nagari Society, Raja Mantri Path, Sinhagad Road & Manik Baug, Pune 411052, Maharashtra, India",411052,Gated Residential Society,6,24,P52100069379,18.498604,73.832817,Premium Residential,osm_cadastral_enriched,0.92
b22dc8ed-d753-407c-b5a1-5c961309dd4f,Supurti society,supurti society,Reputed Developer / Co-op Consortium,Pune,Sinhagad Road & Manik Baug,IN,"Supurti society, Dattawadi Road, Sinhagad Road & Manik Baug, Pune 411030, Maharashtra, India",411030,Gated Residential Society,7,28,P52100074795,18.499511,73.840695,Premium Residential,osm_cadastral_enriched,0.92
4c75aa6b-4aea-4d7b-b3ff-6bdc4fe0ccbd,Uday Heights,uday heights,Reputed Developer / Co-op Consortium,Pune,Ravet & Kiwale,IN,"Uday Heights, Ravet & Kiwale, Pune 411044, Maharashtra, India",411044,Luxury High-Rise Tower,4,16,P52100063323,18.650505,73.764576,Premium Residential,osm_cadastral_enriched,0.92
d6ed16cb-221a-42f5-bcee-306a4d9d5205,Vijayshree Apartment,vijayshree apartment,Reputed Developer / Co-op Consortium,Pune,Sinhagad Road & Manik Baug,IN,"Vijayshree Apartment, Sai Nagar, Near Damodar Nagar, Sinhagad Road & Manik Baug, Pune 411051, Maharashtra, India",411051,Gated Residential Society,5,20,P52100023249,18.475809,73.83359,Premium Residential,osm_cadastral_enriched,0.92
dbe40526-0bd8-46b8-a165-e8c7f96e5223,Indraprastha,indraprastha,Reputed Developer / Co-op Consortium,Pune,Sinhagad Road & Manik Baug,IN,"Indraprastha, Sinhagad Road & Manik Baug, Pune 411051, Maharashtra, India",411051,Gated Residential Society,3,12,P52100062818,18.476611,73.817531,Premium Residential,osm_cadastral_enriched,0.92
2f521544-eafe-40f2-a8aa-4c8fc928ca15,Durga co-op housing society,durga co op housing society,Reputed Developer / Co-op Consortium,Pune,Sinhagad Road & Manik Baug,IN,"Durga co-op housing society, Sinhagad Road & Manik Baug, Pune 411051, Maharashtra, India",411051,Gated Residential Society,6,24,P52100090452,18.475155,73.831521,Premium Residential,osm_cadastral_enriched,0.92
8b999aa1-a7dd-4794-ae19-6ae4ced1dc6a,Mauli Krupa,mauli krupa,Reputed Developer / Co-op Consortium,Pune,Dhayari & Narhe,IN,"Mauli Krupa, Dhayari & Narhe, Pune 411041, Maharashtra, India",411041,Gated Residential Society,3,12,P52100025621,18.444926,73.821757,Premium Residential,osm_cadastral_enriched,0.92
83e01a4d-38fb-4f00-87ed-f549afe68a77,Sai Aamrai,sai aamrai,Reputed Developer / Co-op Consortium,Pune,Dhayari & Narhe,IN,"Sai Aamrai, Dhayari & Narhe, Pune 411046, Maharashtra, India",411046,Gated Residential Society,11,44,P52100042272,18.45861,73.833869,Premium Residential,osm_cadastral_enriched,0.92
8b4d6820-2f2c-460a-9c3a-0d34888f1d32,Sai Apartment B,sai apartment b,Reputed Developer / Co-op Consortium,Pune,Dhayari & Narhe,IN,"Sai Apartment B, Patil Colony Road, Dhayari & Narhe, Pune 411041, Maharashtra, India",411041,Gated Residential Society,3,12,P52100088660,18.464853,73.81502,Premium Residential,osm_cadastral_enriched,0.92
acfbaf5f-7203-4092-b381-f13f55a38470,Kanchan Eleena,kanchan eleena,Reputed Developer / Co-op Consortium,Pune,Wakad,IN,"Kanchan Eleena, Kemse Vasti, Wakadkar Vasti, Near Bhumkar Chawk, Wakad, Pune 411057, Maharashtra, India",411057,Gated Residential Society,7,28,P52100039549,18.598339,73.750836,Premium Residential,osm_cadastral_enriched,0.92
4bf8d142-b1e6-46a0-8162-2afdbb4086ad,Pethkar Siyona,pethkar siyona,Reputed Developer / Co-op Consortium,Pune,Ravet & Kiwale,IN,"Pethkar Siyona, Punavale - Jambe Gaon Road, Ravet & Kiwale, Pune 411033, Maharashtra, India",411033,Luxury High-Rise Tower,14,56,P52100068435,18.63743,73.737024,Premium Residential,osm_cadastral_enriched,0.92
f62fc17b-633d-4219-be37-d4feda4f0088,Shriyans,shriyans,Reputed Developer / Co-op Consortium,Pune,Ravet & Kiwale,IN,"Shriyans, Ravet & Kiwale, Pune 412101, Maharashtra, India",412101,Gated Residential Society,10,40,P52100061466,18.638988,73.734659,Premium Residential,osm_cadastral_enriched,0.92
1cfc3bdb-97db-4eb9-ac0b-2879e38d8f7d,Rose Mansion,rose mansion,Reputed Developer / Co-op Consortium,Pune,Ravet & Kiwale,IN,"Rose Mansion, Ravet & Kiwale, Pune 412101, Maharashtra, India",412101,Gated Residential Society,10,40,P52100064389,18.638783,73.734209,Premium Residential,osm_cadastral_enriched,0.92
b9032713-e8e3-427f-bf08-b704932d7525,SMP Sai Samarth,smp sai samarth,Reputed Developer / Co-op Consortium,Pune,"Dhanori, Lohegaon & Porwal",IN,"SMP Sai Samarth, Wadgaon Shinde Road, Dhanori, Lohegaon & Porwal, Pune 411006, Maharashtra, India",411006,Gated Residential Society,10,40,P52100061521,18.603593,73.930086,Premium Residential,osm_cadastral_enriched,0.92
e14c2604-3325-4552-a5b2-2f31769316d0,Lotus Grace CHS Ltd,lotus grace chs ltd,Reputed Developer / Co-op Consortium,Pune,"Dhanori, Lohegaon & Porwal",IN,"Lotus Grace CHS Ltd, Road No 11, Kamal Park, Dhanori, Lohegaon & Porwal, Pune 411015, Maharashtra, India",411015,Gated Residential Society,5,20,P52100041011,18.596945,73.904439,Premium Residential,osm_cadastral_enriched,0.92
a39b0063-0ad3-4ff8-9dc4-9738cbc38bbb,Atlantis City,atlantis city,Reputed Developer / Co-op Consortium,Pune,"Dhanori, Lohegaon & Porwal",IN,"Atlantis City, Porwal Road, Dhanori, Lohegaon & Porwal, Pune 411047, Maharashtra, India",411047,Gated Residential Society,11,44,P52100070521,18.603772,73.909476,Premium Residential,osm_cadastral_enriched,0.92
2308f413-8de3-4343-b3d6-f18df1fec7ac,Aaiji Pinkcity,aaiji pinkcity,Reputed Developer / Co-op Consortium,Pune,"Dhanori, Lohegaon & Porwal",IN,"Aaiji Pinkcity, Dhanori, Lohegaon & Porwal, Pune 411015, Maharashtra, India",411015,Gated Residential Society,9,36,P52100098460,18.598929,73.913526,Premium Residential,osm_cadastral_enriched,0.92
f2377505-069f-42bd-8175-519681b5c03d,A,a,Reputed Developer / Co-op Consortium,Pune,Wakad,IN,"A, Wakad, Pune 411057, Maharashtra, India",411057,Luxury High-Rise Tower,13,52,P52100065324,18.595619,73.768827,Premium Residential,osm_cadastral_enriched,0.92
596e35b4-fb2b-4956-888b-34d49b15b784,C,c,Reputed Developer / Co-op Consortium,Pune,Wakad,IN,"C, Wakad, Pune 411057, Maharashtra, India",411057,Luxury High-Rise Tower,13,52,P52100021295,18.594748,73.770077,Premium Residential,osm_cadastral_enriched,0.92
820ffa0f-6898-4248-b4ee-a6d235b57f80,Goodwill 24 CHS,goodwill 24 chs,Reputed Developer / Co-op Consortium,Pune,"Dhanori, Lohegaon & Porwal",IN,"Goodwill 24 CHS, Porwal Sathe Wasti Road, Dhanori, Lohegaon & Porwal, Pune 411047, Maharashtra, India",411047,Luxury High-Rise Tower,12,48,P52100033411,18.60276,73.911288,Premium Residential,osm_cadastral_enriched,0.92
09361ffa-3cbb-47c1-8a49-7a922dc9b783,Golden Nest Apartments,golden nest apartments,Reputed Developer / Co-op Consortium,Pune,"Dhanori, Lohegaon & Porwal",IN,"Golden Nest Apartments, Porwal Road, Dhanori, Lohegaon & Porwal, Pune 411047, Maharashtra, India",411047,Gated Residential Society,4,16,P52100022528,18.609791,73.910961,Premium Residential,osm_cadastral_enriched,0.92
e86db599-ddb8-41fd-b2bc-f01ba7d0d2cc,Polite Paradise A wing,polite paradise a wing,Reputed Developer / Co-op Consortium,Pune,"Dhanori, Lohegaon & Porwal",IN,"Polite Paradise A wing, Dhanori - Lohgaon Road, Dhanori, Lohegaon & Porwal, Pune 411015, Maharashtra, India",411015,Gated Residential Society,3,12,P52100076970,18.596386,73.905466,Premium Residential,osm_cadastral_enriched,0.92
8f67ab56-bc7d-4186-a95f-77db13826fe5,Ozone springs,ozone springs,Reputed Developer / Co-op Consortium,Pune,Wakad,IN,"Ozone springs, Mhatoba road, Wakad, Pune 411057, Maharashtra, India",411057,Gated Residential Society,11,44,P52100066163,18.594477,73.763889,Premium Residential,osm_cadastral_enriched,0.92
e552db68-8236-4e96-811e-ab33b7760ee8,The ONYX,the onyx,Reputed Developer / Co-op Consortium,Pune,Wakad,IN,"The ONYX, Pink city road, Wakad, Pune 411057, Maharashtra, India",411057,Gated Residential Society,8,32,P52100089156,18.60029,73.76942,Premium Residential,osm_cadastral_enriched,0.92
de39963c-56a7-4ea2-b456-5ab337448ba2,D,d,Reputed Developer / Co-op Consortium,Pune,Thergaon & Kalewadi,IN,"D, Thergaon & Kalewadi, Pune 411033, Maharashtra, India",411033,Luxury High-Rise Tower,12,48,P52100088064,18.616535,73.770238,Premium Residential,osm_cadastral_enriched,0.92
e7b08f95-9cd1-486a-b224-f1c10bea70f4,A,a,Reputed Developer / Co-op Consortium,Pune,Tathawade & Punawale,IN,"A, Tathawade & Punawale, Pune 411033, Maharashtra, India",411033,Luxury High-Rise Tower,12,48,P52100056692,18.616585,73.769852,Premium Residential,osm_cadastral_enriched,0.92
aeeb381d-bd7f-476a-8c03-03ea3f3374b2,B,b,Reputed Developer / Co-op Consortium,Pune,Tathawade & Punawale,IN,"B, Tathawade & Punawale, Pune 411033, Maharashtra, India",411033,Luxury High-Rise Tower,12,48,P52100044145,18.616885,73.769872,Premium Residential,osm_cadastral_enriched,0.92
293a43ab-57c5-4c01-9439-ba4eded81e81,Savitri Audumbar,savitri audumbar,Reputed Developer / Co-op Consortium,Pune,Dhayari & Narhe,IN,"Savitri Audumbar, DSK Vishwa Road, Dhayari & Narhe, Pune 411041, Maharashtra, India",411041,Luxury High-Rise Tower,13,52,P52100030120,18.447333,73.809206,Premium Residential,osm_cadastral_enriched,0.92
1603c94f-582e-46c8-9407-b550f579a401,Gagan Adira,gagan adira,Reputed Developer / Co-op Consortium,Pune,Wagholi & Bakori Road,IN,"Gagan Adira, Bharat Mata Marg, Wagholi & Bakori Road, Pune 412207, Maharashtra, India",412207,Luxury High-Rise Tower,12,48,P52100073525,18.587993,73.993118,Premium Residential,osm_cadastral_enriched,0.92
19cad184-f3cc-47b7-b950-330af764c508,Flats,flats,Reputed Developer / Co-op Consortium,Pune,Wagholi & Bakori Road,IN,"Flats, Wagholi & Bakori Road, Pune 412207, Maharashtra, India",412207,Gated Residential Society,10,40,P52100012398,18.584499,73.997752,Premium Residential,osm_cadastral_enriched,0.92
b86885f6-605c-4d1c-bb5f-9c42d7f6579e,Regal heights,regal heights,Reputed Developer / Co-op Consortium,Pune,Wakad,IN,"Regal heights, Wakad, Pune 411057, Maharashtra, India",411057,Luxury High-Rise Tower,6,24,P52100029444,18.602924,73.770622,Premium Residential,osm_cadastral_enriched,0.92
c0d11f4d-b7dd-4ec7-944d-0b61aa4315b9,A,a,Reputed Developer / Co-op Consortium,Pune,Wakad,IN,"A, Wakad, Pune 411057, Maharashtra, India",411057,Gated Residential Society,10,40,P52100065324,18.594807,73.774827,Premium Residential,osm_cadastral_enriched,0.92
a3a961a1-2efc-43ff-922e-32e5c5be1897,Sai Capital Society,sai capital society,Reputed Developer / Co-op Consortium,Pune,Dhayari & Narhe,IN,"Sai Capital Society, Sai capital, Behind High Bliss Society, Dhayari & Narhe, Pune 411041, Maharashtra, India",411041,Gated Residential Society,5,20,P52100059410,18.450309,73.816341,Premium Residential,osm_cadastral_enriched,0.92
54e66f24-a5e9-40a1-b8e9-e6af088980b8,Ajmera Exotica,ajmera exotica,Reputed Developer / Co-op Consortium,Pune,Wagholi & Bakori Road,IN,"Ajmera Exotica, next to Care Multispeciality Hospital, Wagholi,, Wagholi & Bakori Road, Pune 412207, Maharashtra, India",412207,Gated Residential Society,11,44,P52100038411,18.582724,73.984652,Premium Residential,osm_cadastral_enriched,0.92
fbd1ed5d-f7b9-4738-bd4b-5bf8cc71d273,D,d,Reputed Developer / Co-op Consortium,Pune,Wakad,IN,"D, Wakad, Pune 411057, Maharashtra, India",411057,Gated Residential Society,5,20,P52100040925,18.602612,73.771465,Premium Residential,osm_cadastral_enriched,0.92
305d7dfe-a5fc-4888-a534-27618b207c9b,C,c,Reputed Developer / Co-op Consortium,Pune,Wakad,IN,"C, Wakad, Pune 411057, Maharashtra, India",411057,Gated Residential Society,5,20,P52100021295,18.602643,73.771196,Premium Residential,osm_cadastral_enriched,0.92
9d339910-2241-491d-b986-87ef65452226,B,b,Reputed Developer / Co-op Consortium,Pune,Wakad,IN,"B, Wakad, Pune 411057, Maharashtra, India",411057,Gated Residential Society,5,20,P52100098083,18.602673,73.770934,Premium Residential,osm_cadastral_enriched,0.92
3a513a51-8ee3-4f4a-9f2d-810e09f9e9b5,A,a,Reputed Developer / Co-op Consortium,Pune,Wakad,IN,"A, Wakad, Pune 411057, Maharashtra, India",411057,Gated Residential Society,5,20,P52100065324,18.602707,73.770693,Premium Residential,osm_cadastral_enriched,0.92
9503ea27-4b91-49d5-b3ba-c93a0cc39f34,Ira,ira,Reputed Developer / Co-op Consortium,Pune,Dhayari & Narhe,IN,"Ira, Dhayari & Narhe, Pune 411041, Maharashtra, India",411041,Gated Residential Society,3,12,P52100082818,18.445506,73.810477,Premium Residential,osm_cadastral_enriched,0.92
5298e291-875a-4246-9f1d-936f4353ce90,Mayurdeep Apartment,mayurdeep apartment,Reputed Developer / Co-op Consortium,Pune,Dhayari & Narhe,IN,"Mayurdeep Apartment, Dhayari & Narhe, Pune 411041, Maharashtra, India",411041,Gated Residential Society,3,12,P52100030176,18.44546,73.810723,Premium Residential,osm_cadastral_enriched,0.92
40d99791-a115-47d5-9fd3-1a6da32645ed,"A2 Building, Yashwin Encore",a2 building yashwin encore,Reputed Developer / Co-op Consortium,Pune,Wakad,IN,"A2 Building, Yashwin Encore, Wakad, Pune 411057, Maharashtra, India",411057,Ultra-Luxury High-Rise Tower,22,88,P52100054560,18.597711,73.751358,Premium Residential,osm_cadastral_enriched,0.92
31f566c3-091b-487b-a013-7cbd5201beb0,"A1 Building, Yashwin Encore",a1 building yashwin encore,Reputed Developer / Co-op Consortium,Pune,Wakad,IN,"A1 Building, Yashwin Encore, Wakad, Pune 411057, Maharashtra, India",411057,Ultra-Luxury High-Rise Tower,22,88,P52100074885,18.597525,73.752192,Premium Residential,osm_cadastral_enriched,0.92
3fd3484e-40c7-4ffc-96fb-8e0899a5fba6,Mantra Park View A,mantra park view a,Reputed Developer / Co-op Consortium,Pune,Dhayari & Narhe,IN,"Mantra Park View A, DSK Vishwa Road, Dhayari & Narhe, Pune 411041, Maharashtra, India",411041,Luxury High-Rise Tower,13,52,P52100041907,18.445751,73.80587,Premium Residential,osm_cadastral_enriched,0.92
ca84cf46-5af5-4602-bd58-073f14c24cf0,Bhoomi Orion,bhoomi orion,Reputed Developer / Co-op Consortium,Pune,Wakad,IN,"Bhoomi Orion, Karpe Nagar, Bhumkar Nagar, wakad, Wakad, Pune 411057, Maharashtra, India",411057,Gated Residential Society,7,28,P52100014257,18.601149,73.752404,Premium Residential,osm_cadastral_enriched,0.92
dbe47cb5-380e-4c0b-a063-0f45c372ff4c,K.F.P Chesterfield C.H.S,k f p chesterfield c h s,Reputed Developer / Co-op Consortium,Pune,"Dhanori, Lohegaon & Porwal",IN,"K.F.P Chesterfield C.H.S, D.N Parande Road, Dhanori, Lohegaon & Porwal, Pune 411015, Maharashtra, India",411015,Gated Residential Society,11,44,P52100058450,18.607182,73.899788,Premium Residential,osm_cadastral_enriched,0.92
115df30e-f448-42ed-bd39-833de4c8961c,Mantra Park View B,mantra park view b,Reputed Developer / Co-op Consortium,Pune,Dhayari & Narhe,IN,"Mantra Park View B, DSK Vishwa Road, Dhayari & Narhe, Pune 411041, Maharashtra, India",411041,Luxury High-Rise Tower,15,60,P52100065663,18.445637,73.805263,Premium Residential,osm_cadastral_enriched,0.92
2b9f742d-4937-4581-9534-2d813170a228,Shourya Park,shourya park,Reputed Developer / Co-op Consortium,Pune,"Dhanori, Lohegaon & Porwal",IN,"Shourya Park, Dhanori, Lohegaon & Porwal, Pune 411015, Maharashtra, India",411015,Gated Residential Society,11,44,P52100016387,18.604804,73.928775,Premium Residential,osm_cadastral_enriched,0.92
3ab2f055-53b0-4b49-b17e-aea59c805500,Shourya Residency,shourya residency,Reputed Developer / Co-op Consortium,Pune,"Dhanori, Lohegaon & Porwal",IN,"Shourya Residency, Dhanori, Lohegaon & Porwal, Pune 411015, Maharashtra, India",411015,Gated Residential Society,11,44,P52100093082,18.604502,73.928633,Premium Residential,osm_cadastral_enriched,0.92
ab509be1-daa8-49d2-9380-fe1715f17b94,Ganga Aria A building,ganga aria a building,Reputed Developer / Co-op Consortium,Pune,"Dhanori, Lohegaon & Porwal",IN,"Ganga Aria A building, Dhanori Road, Dhanori, Lohegaon & Porwal, Pune 411015, Maharashtra, India",411015,Luxury High-Rise Tower,14,56,P52100075870,18.591907,73.894285,Premium Residential,osm_cadastral_enriched,0.92
52697092-781a-41b0-a876-4495be90c898,Ganga Aria B building,ganga aria b building,Reputed Developer / Co-op Consortium,Pune,"Dhanori, Lohegaon & Porwal",IN,"Ganga Aria B building, Dhanori, Lohegaon & Porwal, Pune 411015, Maharashtra, India",411015,Luxury High-Rise Tower,14,56,P52100021477,18.591552,73.894128,Premium Residential,osm_cadastral_enriched,0.92
5af90d54-9841-4431-bf7f-6a3d97de3d03,Mangalmurti Heights,mangalmurti heights,Reputed Developer / Co-op Consortium,Pune,Dhayari & Narhe,IN,"Mangalmurti Heights, Dhayari & Narhe, Pune 411041, Maharashtra, India",411041,Luxury High-Rise Tower,5,20,P52100020613,18.443811,73.834058,Premium Residential,osm_cadastral_enriched,0.92
c10a278a-25fc-4711-b6b5-b2302b45d032,Park Vista,park vista,Reputed Developer / Co-op Consortium,Pune,"Dhanori, Lohegaon & Porwal",IN,"Park Vista, Dhanori, Lohegaon & Porwal, Pune 411015, Maharashtra, India",411015,Gated Residential Society,10,40,P52100086426,18.604192,73.924032,Premium Residential,osm_cadastral_enriched,0.92
f3932d2f-af3f-482b-a5f9-e301697058d3,Purvarang Complex,purvarang complex,Reputed Developer / Co-op Consortium,Pune,Wagholi & Bakori Road,IN,"Purvarang Complex, Purvarang Complex Road, Wagholi & Bakori Road, Pune 412207, Maharashtra, India",412207,Gated Residential Society,8,32,P52100080609,18.586058,73.988016,Premium Residential,osm_cadastral_enriched,0.92
f3ff25a8-042e-49c4-8967-3c7dbf88d38b,Splendid County,splendid county,Reputed Developer / Co-op Consortium,Pune,"Dhanori, Lohegaon & Porwal",IN,"Splendid County, New Uttareshwar Street, Lohegaon, Dhanori, Lohegaon & Porwal, Pune 411047, Maharashtra, India",411047,Gated Residential Society,4,16,P52100012347,18.599841,73.920248,Premium Residential,osm_cadastral_enriched,0.92
08f1510c-665d-4afc-9794-5ef314bba4a8,Nivasa Enchante,nivasa enchante,Reputed Developer / Co-op Consortium,Pune,"Dhanori, Lohegaon & Porwal",IN,"Nivasa Enchante, Poerwal Sathe wasti Road, Dhanori, Lohegaon & Porwal, Pune 411015, Maharashtra, India",411015,Luxury High-Rise Tower,13,52,P52100046040,18.600186,73.912991,Premium Residential,osm_cadastral_enriched,0.92
dd265284-d160-45e0-b23a-d6296f4af34b,Eden Spaces,eden spaces,Reputed Developer / Co-op Consortium,Pune,Ravet & Kiwale,IN,"Eden Spaces, Adarshnagar Road, Ravet & Kiwale, Pune 412101, Maharashtra, India",412101,Luxury High-Rise Tower,12,48,P52100074404,18.662949,73.732629,Premium Residential,osm_cadastral_enriched,0.92
ed44098d-9b8d-459b-b45a-bc406bdeea44,vision boulevard,vision boulevard,Reputed Developer / Co-op Consortium,Pune,Pimple Saudagar & Rahatani,IN,"vision boulevard, Pimple Saudagar & Rahatani, Pune 411027, Maharashtra, India",411027,Gated Residential Society,8,32,P52100072426,18.591469,73.800974,Premium Residential,osm_cadastral_enriched,0.92
9981d194-54bc-4707-80bb-c05615cfc3c1,sai vision,sai vision,Reputed Developer / Co-op Consortium,Pune,Pimple Saudagar & Rahatani,IN,"sai vision, Pimple Saudagar & Rahatani, Pune 411027, Maharashtra, India",411027,Gated Residential Society,8,32,P52100065307,18.592585,73.801306,Premium Residential,osm_cadastral_enriched,0.92
fc19d361-cb77-4abe-b33b-aefae303aa83,building,building,Reputed Developer / Co-op Consortium,Pune,Ravet & Kiwale,IN,"building, Ravet & Kiwale, Pune 412101, Maharashtra, India",412101,Gated Residential Society,5,20,P52100087660,18.643629,73.746211,Premium Residential,osm_cadastral_enriched,0.92
fd4da8f6-0278-488c-a81c-85915a260bd1,F Wing,f wing,Reputed Developer / Co-op Consortium,Pune,Wagholi & Bakori Road,IN,"F Wing, Neocity Road, Wagholi & Bakori Road, Pune 412207, Maharashtra, India",412207,Gated Residential Society,11,44,P52100034825,18.58954,74.004507,Premium Residential,osm_cadastral_enriched,0.92
8f2f2675-698e-48f4-99b2-9f7bdf1643ad,A Wing,a wing,Reputed Developer / Co-op Consortium,Pune,Wagholi & Bakori Road,IN,"A Wing, Wagholi & Bakori Road, Pune 412207, Maharashtra, India",412207,Gated Residential Society,11,44,P52100046840,18.590579,74.004847,Premium Residential,osm_cadastral_enriched,0.92
92ff6b90-1364-413e-b9e4-2f7f68b74c04,B Wing,b wing,Reputed Developer / Co-op Consortium,Pune,Wagholi & Bakori Road,IN,"B Wing, Wagholi & Bakori Road, Pune 412207, Maharashtra, India",412207,Gated Residential Society,11,44,P52100071945,18.590535,74.004337,Premium Residential,osm_cadastral_enriched,0.92
ffd17ee0-be50-4682-b61e-bd7f63923fe7,E Wing,e wing,Reputed Developer / Co-op Consortium,Pune,Wagholi & Bakori Road,IN,"E Wing, Wagholi & Bakori Road, Pune 412207, Maharashtra, India",412207,Gated Residential Society,11,44,P52100097684,18.589991,74.004425,Premium Residential,osm_cadastral_enriched,0.92
bf1f3615-b4ce-4357-809c-0cefc4e4a9f6,Manhattan,manhattan,Reputed Developer / Co-op Consortium,Pune,Wakad,IN,"Manhattan, Datta Mandir Road, Wakad, Wakad, Pune 411057, Maharashtra, India",411057,Ultra-Luxury High-Rise Tower,23,92,P52100013572,18.602059,73.766904,Premium Residential,osm_cadastral_enriched,0.92
6568cf3e-4a3b-4e76-af74-1ea46f28209e,Brooklyn,brooklyn,Reputed Developer / Co-op Consortium,Pune,Wakad,IN,"Brooklyn, Datta Mandir Road, Wakad, Wakad, Pune 411057, Maharashtra, India",411057,Ultra-Luxury High-Rise Tower,23,92,P52100010524,18.601915,73.766322,Premium Residential,osm_cadastral_enriched,0.92
268490c5-8e35-449f-80e1-28a39ac74404,Kartavya Rachana,kartavya rachana,Reputed Developer / Co-op Consortium,Pune,Dhayari & Narhe,IN,"Kartavya Rachana, Benkar Vasati Road, Dhayari & Narhe, Pune 411041, Maharashtra, India",411041,Gated Residential Society,5,20,P52100059972,18.444622,73.814427,Premium Residential,osm_cadastral_enriched,0.92
64383595-adb0-4e37-896c-93a09786f2d9,Jai Laxmi Niwas,jai laxmi niwas,Reputed Developer / Co-op Consortium,Pune,"Dhanori, Lohegaon & Porwal",IN,"Jai Laxmi Niwas, Pathare Wasti Road, Dhanori, Lohegaon & Porwal, Pune 411047, Maharashtra, India",411047,Gated Residential Society,3,12,P52100058354,18.602962,73.934922,Premium Residential,osm_cadastral_enriched,0.92
94425c5f-959f-4ad1-baf7-9e35bd90a814,Mauli,mauli,Reputed Developer / Co-op Consortium,Pune,Sinhagad Road & Manik Baug,IN,"Mauli, Dattawadi Road, Sinhagad Road & Manik Baug, Pune 411030, Maharashtra, India",411030,Gated Residential Society,4,16,P52100019904,18.499835,73.84008,Premium Residential,osm_cadastral_enriched,0.92
af65100e-fc14-4d4e-8c3c-294ba06132c7,Menon,menon,Reputed Developer / Co-op Consortium,Pune,Sinhagad Road & Manik Baug,IN,"Menon, Dattawadi Road, Sinhagad Road & Manik Baug, Pune 411030, Maharashtra, India",411030,Gated Residential Society,3,12,P52100067477,18.499864,73.83997,Premium Residential,osm_cadastral_enriched,0.92
459df30b-d1c1-4c18-bce5-f7f0a04b67f3,Kamalnanda,kamalnanda,Reputed Developer / Co-op Consortium,Pune,Sinhagad Road & Manik Baug,IN,"Kamalnanda, Dattawadi Road, Sinhagad Road & Manik Baug, Pune 411030, Maharashtra, India",411030,Gated Residential Society,4,16,P52100062398,18.499868,73.839837,Premium Residential,osm_cadastral_enriched,0.92
32c9fed3-8c07-4370-8cb7-7a9b49592503,Padwal,padwal,Reputed Developer / Co-op Consortium,Pune,Sinhagad Road & Manik Baug,IN,"Padwal, Dattawadi Road, Sinhagad Road & Manik Baug, Pune 411030, Maharashtra, India",411030,Gated Residential Society,4,16,P52100081011,18.499862,73.839714,Premium Residential,osm_cadastral_enriched,0.92
d48055e2-be9e-4a51-90dd-e2a9e9509453,Pankaj Aasman Society P WING,pankaj aasman society p wing,Reputed Developer / Co-op Consortium,Pune,"Dhanori, Lohegaon & Porwal",IN,"Pankaj Aasman Society P WING, Pankaj Aasman Society, Dhanori, Lohegaon & Porwal, Pune 411047, Maharashtra, India",411047,Gated Residential Society,4,16,P52100094995,18.59732,73.928424,Premium Residential,osm_cadastral_enriched,0.92
eea6c7a4-3887-455f-804d-144ec144eafd,Regency Meadows Co.Op Housing Society,regency meadows co op housing society,Reputed Developer / Co-op Consortium,Pune,"Dhanori, Lohegaon & Porwal",IN,"Regency Meadows Co.Op Housing Society, Regency Meadows Road, Dhanori, Lohegaon & Porwal, Pune 411015, Maharashtra, India",411015,Gated Residential Society,9,36,P52100051426,18.602067,73.904964,Premium Residential,osm_cadastral_enriched,0.92
81072924-1fe0-4d97-bdbc-c1bb0fe95d6c,Sai Krupa Residency,sai krupa residency,Reputed Developer / Co-op Consortium,Pune,"Dhanori, Lohegaon & Porwal",IN,"Sai Krupa Residency, Dhanori, Lohegaon & Porwal, Pune 411015, Maharashtra, India",411015,Gated Residential Society,10,40,P52100027928,18.604346,73.928309,Premium Residential,osm_cadastral_enriched,0.92
8ee9887a-4fd5-4201-889b-c9d363734bcd,Vijay Nagar,vijay nagar,Reputed Developer / Co-op Consortium,Pune,Dhayari & Narhe,IN,"Vijay Nagar, Dhayari Road, Dhayari & Narhe, Pune 411041, Maharashtra, India",411041,Gated Residential Society,4,16,P52100030470,18.442589,73.812404,Premium Residential,osm_cadastral_enriched,0.92
a62a94f6-d0d6-47fa-85c6-f9e67bcfe2be,Rivaah Regency Co. Op. Housing Society,rivaah regency co op housing society,Reputed Developer / Co-op Consortium,Pune,Wagholi & Bakori Road,IN,"Rivaah Regency Co. Op. Housing Society, Nagar Road, Wagholi & Bakori Road, Pune 412207, Maharashtra, India",412207,Gated Residential Society,9,36,P52100024242,18.579331,73.97093,Premium Residential,osm_cadastral_enriched,0.92
c0adc4a2-44f7-48a8-940b-c5d503042940,Vasant Avenue,vasant avenue,Reputed Developer / Co-op Consortium,Pune,Pimple Saudagar & Rahatani,IN,"Vasant Avenue, Pimple Saudagar, Pimple Saudagar & Rahatani, Pune 411027, Maharashtra, India",411027,Gated Residential Society,0,20,P52100024648,18.599214,73.793839,Premium Residential,osm_cadastral_enriched,0.88
3893cb16-f313-4164-85fb-f4dc07fcbd3c,Deepmala,deepmala,Reputed Developer / Co-op Consortium,Pune,Pimple Saudagar & Rahatani,IN,"Deepmala, Pimple Saudagar & Rahatani, Pune 411027, Maharashtra, India",411027,Gated Residential Society,0,20,P52100016441,18.59763,73.791314,Premium Residential,osm_cadastral_enriched,0.88
90a3348b-e2cf-425c-8ee7-0d675544eaea,Dewdale,dewdale,Reputed Developer / Co-op Consortium,Pune,Wakad,IN,"Dewdale, Wakad, Pune 411057, Maharashtra, India",411057,Gated Residential Society,0,20,P52100077586,18.603239,73.76415,Premium Residential,osm_cadastral_enriched,0.88
b43ec55f-93cc-41ee-a103-ee71c8cdbb79,Queenstown,queenstown,Reputed Developer / Co-op Consortium,Pune,Pimpri & Chinchwad Station,IN,"Queenstown, Pimpri & Chinchwad Station, Pune 411018, Maharashtra, India",411018,Gated Residential Society,0,20,P52100016855,18.639591,73.789158,Premium Residential,osm_cadastral_enriched,0.88
18c70e61-f171-4247-85b4-c5ee11629787,Greenland County,greenland county,Reputed Developer / Co-op Consortium,Pune,Dhayari & Narhe,IN,"Greenland County, Dhayari & Narhe, Pune 411041, Maharashtra, India",411041,Gated Residential Society,0,20,P52100053234,18.453476,73.825099,Premium Residential,osm_cadastral_enriched,0.88
937fa526-0954-43ce-b269-710a5be68c46,Premia,premia,Reputed Developer / Co-op Consortium,Pune,Dhayari & Narhe,IN,"Premia, Dhayari & Narhe, Pune 411041, Maharashtra, India",411041,Gated Residential Society,0,20,P52100073449,18.446349,73.824574,Premium Residential,osm_cadastral_enriched,0.88
079796e5-6559-4a4f-9895-b139aaf16eb7,Venkatesh Rivera,venkatesh rivera,Reputed Developer / Co-op Consortium,Pune,Sinhagad Road & Manik Baug,IN,"Venkatesh Rivera, Sinhagad Road & Manik Baug, Pune 411051, Maharashtra, India",411051,Gated Residential Society,0,20,P52100076760,18.48357,73.81843,Premium Residential,osm_cadastral_enriched,0.88
829b7024-fbda-435f-b8ad-8393d37afda2,Sai Raj Heights,sai raj heights,Reputed Developer / Co-op Consortium,Pune,Ravet & Kiwale,IN,"Sai Raj Heights, Ravet & Kiwale, Pune 412101, Maharashtra, India",412101,Luxury High-Rise Tower,0,20,P52100071563,18.639769,73.738284,Premium Residential,osm_cadastral_enriched,0.88
fca0e1ab-0544-4103-acad-9b0bf5e859e2,Royal Imperio,royal imperio,Reputed Developer / Co-op Consortium,Pune,Pimple Saudagar & Rahatani,IN,"Royal Imperio, Pimple Saudagar & Rahatani, Pune 411027, Maharashtra, India",411027,Gated Residential Society,0,20,P52100070871,18.598813,73.790723,Premium Residential,osm_cadastral_enriched,0.88
3e48ecd9-1af3-4d78-b2d6-dea5cdd97a90,Skyways Esfera Phase G,skyways esfera phase g,Reputed Developer / Co-op Consortium,Pune,"Dhanori, Lohegaon & Porwal",IN,"Skyways Esfera Phase G, Porwal Road, Dhanori, Lohegaon & Porwal, Pune 411047, Maharashtra, India",411047,Gated Residential Society,0,20,P52100090300,18.605835,73.910274,Premium Residential,osm_cadastral_enriched,0.88
a689be28-ebd7-4085-bd66-5d14152c5caa,Ganga New Town,ganga new town,Reputed Developer / Co-op Consortium,Pune,"Dhanori, Lohegaon & Porwal",IN,"Ganga New Town, 7th Heaven Road, Dhanori, Lohegaon & Porwal, Pune 411015, Maharashtra, India",411015,Gated Residential Society,0,20,P52100028773,18.603197,73.904266,Premium Residential,osm_cadastral_enriched,0.88
395cd9b8-fd85-4772-b045-7a21c82ba4a7,7th Heaven,7th heaven,Reputed Developer / Co-op Consortium,Pune,"Dhanori, Lohegaon & Porwal",IN,"7th Heaven, 7th Heaven Road, Dhanori, Lohegaon & Porwal, Pune 411015, Maharashtra, India",411015,Gated Residential Society,0,20,P52100094495,18.605622,73.899982,Premium Residential,osm_cadastral_enriched,0.88
5ed2717e-36ee-49e0-b1db-c29de70926b8,Polite Paradise Society,polite paradise society,Reputed Developer / Co-op Consortium,Pune,"Dhanori, Lohegaon & Porwal",IN,"Polite Paradise Society, Dhanori - Lohgaon Road, Dhanori, Lohegaon & Porwal, Pune 411015, Maharashtra, India",411015,Gated Residential Society,0,20,P52100055083,18.596383,73.905399,Premium Residential,osm_cadastral_enriched,0.88
52e6d4b9-b5dc-4e9a-aa3b-1614b0506f24,Sadguru Niwas,sadguru niwas,Reputed Developer / Co-op Consortium,Pune,Dhayari & Narhe,IN,"Sadguru Niwas, Pokale Lakdi Wakhar Road, Dhayari & Narhe, Pune 411041, Maharashtra, India",411041,Gated Residential Society,3,20,P52100095068,18.445307,73.810551,Premium Residential,osm_cadastral_enriched,0.88
7ceae847-2c6e-4422-97e0-930f58776362,Yash One,yash one,Reputed Developer / Co-op Consortium,Pune,Wakad,IN,"Yash One, Wakad, Pune 411057, Maharashtra, India",411057,Gated Residential Society,0,20,P52100066495,18.598667,73.762939,Premium Residential,osm_cadastral_enriched,0.88
dcc34ad9-410f-4aeb-bb8d-7e394adfe6af,Sonigara laurel,sonigara laurel,Reputed Developer / Co-op Consortium,Pune,Wakad,IN,"Sonigara laurel, Wakad, Pune 411057, Maharashtra, India",411057,Gated Residential Society,0,20,P52100070558,18.591399,73.773727,Premium Residential,osm_cadastral_enriched,0.88
e1d541bb-6dcd-4921-bf63-2c1a9c264045,Unique Lifestyle Apartment,unique lifestyle apartment,Reputed Developer / Co-op Consortium,Pune,Wagholi & Bakori Road,IN,"Unique Lifestyle Apartment, BAIF Road, Wagholi & Bakori Road, Pune 412207, Maharashtra, India",412207,Gated Residential Society,0,20,P52100093558,18.579761,73.980612,Premium Residential,osm_cadastral_enriched,0.88
b7d1743e-a604-4dba-a01c-163556f312e5,"Rishabh Residency, Wagholi",rishabh residency wagholi,Reputed Developer / Co-op Consortium,Pune,Wagholi & Bakori Road,IN,"Rishabh Residency, Wagholi, Survey No 593, Rishabh residency, Siddharth Nagar Rd, near Ajmera Exotica, Wagholi, Pune, Maharashtra 412207, Wagholi & Bakori Road, Pune 412207, Maharashtra, India",412207,Gated Residential Society,0,20,P52100027846,18.583149,73.984151,Premium Residential,osm_cadastral_enriched,0.88
63951114-6440-47f5-9eab-3f7cf3a6272b,Ganga Kalash Society,ganga kalash society,Reputed Developer / Co-op Consortium,Pune,Tingre Nagar & Vishrantwadi,IN,"Ganga Kalash Society, Tingre Nagar & Vishrantwadi, Pune 411015, Maharashtra, India",411015,Gated Residential Society,0,20,P52100043959,18.579989,73.873313,Premium Residential,osm_cadastral_enriched,0.88
d9453308-06cb-488c-bceb-4eec34aff8d8,S.B. Patil Public School,s b patil public school,Reputed Developer / Co-op Consortium,Pune,Ravet & Kiwale,IN,"S.B. Patil Public School, Ravet & Kiwale, Pune 412101, Maharashtra, India",412101,Gated Residential Society,0,20,P52100073279,18.653761,73.745562,Premium Residential,osm_cadastral_enriched,0.88
94f20d64-31be-45ef-ae9c-d589069e9490,Anshul casa,anshul casa,Reputed Developer / Co-op Consortium,Pune,Wakad,IN,"Anshul casa, Wakad, Pune 411057, Maharashtra, India",411057,Gated Residential Society,0,20,P52100092840,18.597288,73.776267,Premium Residential,osm_cadastral_enriched,0.88
923955fb-559e-4337-abdf-fa8d0d18ef7e,Haware’s grand heritage,hawares grand heritage,Reputed Developer / Co-op Consortium,Pune,Wakad,IN,"Haware’s grand heritage, Wakad, Pune 411057, Maharashtra, India",411057,Gated Residential Society,0,20,P52100088345,18.600408,73.775009,Premium Residential,osm_cadastral_enriched,0.88
59b24ca3-9f5e-4f75-8a08-002576d72c38,Ratnadeep Niwas,ratnadeep niwas,Reputed Developer / Co-op Consortium,Pune,Pimple Saudagar & Rahatani,IN,"Ratnadeep Niwas, Pimple Saudagar & Rahatani, Pune 411027, Maharashtra, India",411027,Gated Residential Society,0,20,P52100055633,18.601579,73.813935,Premium Residential,osm_cadastral_enriched,0.88
236629f3-64cb-4058-923f-48cea92c52a6,Ganga Kunj,ganga kunj,Reputed Developer / Co-op Consortium,Pune,Tingre Nagar & Vishrantwadi,IN,"Ganga Kunj, Tingre Nagar & Vishrantwadi, Pune 411015, Maharashtra, India",411015,Gated Residential Society,0,20,P52100075422,18.581566,73.872627,Premium Residential,osm_cadastral_enriched,0.88
df2fcf94-349d-45c6-b292-72613122aa52,JD Subharambh Residency,jd subharambh residency,Reputed Developer / Co-op Consortium,Pune,Wagholi & Bakori Road,IN,"JD Subharambh Residency, Bakori Road, Wagholi & Bakori Road, Pune 412207, Maharashtra, India",412207,Gated Residential Society,0,20,P52100095280,18.591355,74.0009,Premium Residential,osm_cadastral_enriched,0.88
5584f07a-3f59-41e1-8cbe-5bbdd1378aeb,Florencia,florencia,Reputed Developer / Co-op Consortium,Pune,Wakad,IN,"Florencia, Wakad, Pune 411057, Maharashtra, India",411057,Gated Residential Society,0,20,P52100074608,18.593576,73.774681,Premium Residential,osm_cadastral_enriched,0.88
ca1759ce-16d1-40b4-9335-a6e3e1abc079,Amba Nagari Co-operative Housing Society Ltd,amba nagari co operative housing society ltd,Reputed Developer / Co-op Consortium,Pune,"Dhanori, Lohegaon & Porwal",IN,"Amba Nagari Co-operative Housing Society Ltd, Dhanori, Lohegaon & Porwal, Pune 411015, Maharashtra, India",411015,Gated Residential Society,0,20,P52100025498,18.580553,73.882104,Premium Residential,osm_cadastral_enriched,0.88
1e085538-554d-4079-8a94-b1c3b6ca9573,Lakshmi Residency,lakshmi residency,Reputed Developer / Co-op Consortium,Pune,Wakad,IN,"Lakshmi Residency, Wakad, Pune 411057, Maharashtra, India",411057,Gated Residential Society,0,20,P52100019025,18.606521,73.772749,Premium Residential,osm_cadastral_enriched,0.88
9622fe15-1dda-48ee-9f23-c2f0ad3d1b06,Shubhashree Woods,shubhashree woods,Reputed Developer / Co-op Consortium,Pune,Pimple Saudagar & Rahatani,IN,"Shubhashree Woods, Pimple Saudagar & Rahatani, Pune 411027, Maharashtra, India",411027,Gated Residential Society,0,20,P52100059165,18.592777,73.793598,Premium Residential,osm_cadastral_enriched,0.88
e76ccc66-172f-4ac9-a864-c57825cbf5df,L-Axis,l axis,Reputed Developer / Co-op Consortium,Pune,Bhosari & Indrayani Nagar,IN,"L-Axis, Bhosari & Indrayani Nagar, Pune 411026, Maharashtra, India",411026,Gated Residential Society,0,20,P52100092303,18.648296,73.843247,Premium Residential,osm_cadastral_enriched,0.88
c866ff6c-6420-4d0e-94c2-9f785a035701,Renuka vrindavan,renuka vrindavan,Reputed Developer / Co-op Consortium,Pune,Ravet & Kiwale,IN,"Renuka vrindavan, Rajyog colony, Ravet & Kiwale, Pune 411044, Maharashtra, India",411044,Gated Residential Society,0,20,P52100017501,18.642743,73.760795,Premium Residential,osm_cadastral_enriched,0.88
ea9d2196-bfdd-4fd9-9655-6d853d8c2c70,Park Turquoise,park turquoise,Reputed Developer / Co-op Consortium,Pune,Wakad,IN,"Park Turquoise, Park Street, Wakad, Pune 411057, Maharashtra, India",411057,Gated Residential Society,0,20,P52100084887,18.596987,73.778674,Premium Residential,osm_cadastral_enriched,0.88
318553b9-47e4-4df5-a398-c2baf6cd4564,Park Sapphire,park sapphire,Reputed Developer / Co-op Consortium,Pune,Wakad,IN,"Park Sapphire, Park Street, Wakad, Pune 411057, Maharashtra, India",411057,Gated Residential Society,0,20,P52100090650,18.595693,73.778447,Premium Residential,osm_cadastral_enriched,0.88
88f74bfe-732d-4db8-a911-56d347b08cfd,Park Sapphire,park sapphire,Reputed Developer / Co-op Consortium,Pune,Wakad,IN,"Park Sapphire, Park Street, Wakad, Pune 411057, Maharashtra, India",411057,Gated Residential Society,0,20,P52100090650,18.592599,73.779691,Premium Residential,osm_cadastral_enriched,0.88
5d1d4189-77d2-43c6-a026-bf8e15e8a1a7,Park Ivory,park ivory,Reputed Developer / Co-op Consortium,Pune,Wakad,IN,"Park Ivory, Park Street, Wakad, Pune 411057, Maharashtra, India",411057,Gated Residential Society,0,20,P52100033445,18.598232,73.778791,Premium Residential,osm_cadastral_enriched,0.88
a4a52c69-c360-42cc-b80d-436127456c9a,Sacred Basil,sacred basil,Reputed Developer / Co-op Consortium,Pune,Wakad,IN,"Sacred Basil, Wakad, Pune 411057, Maharashtra, India",411057,Gated Residential Society,0,20,P52100066893,18.601101,73.767231,Premium Residential,osm_cadastral_enriched,0.88
d48c1ac2-baf5-4ec7-a340-1a3b1da730e7,Krishna Classic,krishna classic,Reputed Developer / Co-op Consortium,Pune,Thergaon & Kalewadi,IN,"Krishna Classic, Thergaon & Kalewadi, Pune 411017, Maharashtra, India",411017,Gated Residential Society,0,20,P52100042366,18.616806,73.792995,Premium Residential,osm_cadastral_enriched,0.88
39379115-e72a-4681-bed0-fd059bd507a6,Dayal Heights,dayal heights,Reputed Developer / Co-op Consortium,Pune,Wakad,IN,"Dayal Heights, Shivraj Nagar - Kokane Chowk Road, Wakad, Pune 411017, Maharashtra, India",411017,Luxury High-Rise Tower,0,20,P52100063731,18.601527,73.781566,Premium Residential,osm_cadastral_enriched,0.88
61f30bb4-209c-445c-8ada-1aacf4c15af9,Shree Ganesh residency,shree ganesh residency,Reputed Developer / Co-op Consortium,Pune,Dhayari & Narhe,IN,"Shree Ganesh residency, Narhe, Dhayari & Narhe, Pune 411041, Maharashtra, India",411041,Gated Residential Society,0,20,P52100075013,18.442452,73.830423,Premium Residential,osm_cadastral_enriched,0.88
f6fb6cb2-8d7b-4129-90aa-e3dbda60b744,(A wing),a wing,Reputed Developer / Co-op Consortium,Pune,"Dhanori, Lohegaon & Porwal",IN,"(A wing), Porwal Sathe Wasti Road, Dhanori, Lohegaon & Porwal, Pune 411047, Maharashtra, India",411047,Gated Residential Society,0,20,P52100091025,18.60342,73.920804,Premium Residential,osm_cadastral_enriched,0.88
dff0ab18-2df4-4be2-9e20-0fef3b44a902,(B Wing),b wing,Reputed Developer / Co-op Consortium,Pune,"Dhanori, Lohegaon & Porwal",IN,"(B Wing), Porwal Sathe Wasti Road, Dhanori, Lohegaon & Porwal, Pune 411047, Maharashtra, India",411047,Gated Residential Society,0,20,P52100094901,18.603052,73.92082,Premium Residential,osm_cadastral_enriched,0.88
4380310e-9356-45e1-9804-38e4ccc7a86a,"neo city,C-wing",neo city c wing,Reputed Developer / Co-op Consortium,Pune,Wagholi & Bakori Road,IN,"neo city,C-wing, Neocity Road, Wagholi & Bakori Road, Pune 412207, Maharashtra, India",412207,Gated Residential Society,0,20,P52100047004,18.589452,74.005127,Premium Residential,osm_cadastral_enriched,0.88
03a5ee53-2a97-45c6-83b7-175aa27d9808,Kshitij,kshitij,Reputed Developer / Co-op Consortium,Pune,Sinhagad Road & Manik Baug,IN,"Kshitij, Sahakarnagar No. 2, Sinhagad Road & Manik Baug, Pune 411009, Maharashtra, India",411009,Gated Residential Society,0,20,P52100058663,18.482702,73.843901,Premium Residential,osm_cadastral_enriched,0.88
c40517c4-8d21-4c5f-8d19-6423792cb6a9,Kunal Icon,kunal icon,Reputed Developer / Co-op Consortium,Pune,Pimple Saudagar & Rahatani,IN,"Kunal Icon, Pimple Saudagar & Rahatani, Pune 411027, Maharashtra, India",411027,Gated Residential Society,0,20,P52100031709,18.592703,73.791009,Premium Residential,osm_cadastral_enriched,0.88
5b93c686-9931-477e-bfe5-2dbb34b4ffcc,Dwarka Suncrest Cooperative Society,dwarka suncrest cooperative society,Reputed Developer / Co-op Consortium,Pune,Pimple Saudagar & Rahatani,IN,"Dwarka Suncrest Cooperative Society, Pimple Saudagar & Rahatani, Pune 411027, Maharashtra, India",411027,Gated Residential Society,0,20,P52100052473,18.599425,73.790098,Premium Residential,osm_cadastral_enriched,0.88
7fed8073-a8fb-424c-9de0-8e2da8d04258,Roseland Residency,roseland residency,Reputed Developer / Co-op Consortium,Pune,Pimple Saudagar & Rahatani,IN,"Roseland Residency, Roseland Residency Road, Pimple Saudagar & Rahatani, Pune 411027, Maharashtra, India",411027,Gated Residential Society,0,20,P52100034276,18.595159,73.79523,Premium Residential,osm_cadastral_enriched,0.88
68b2b024-300b-4035-960a-2d45e90a421c,Park Street,park street,Reputed Developer / Co-op Consortium,Pune,Wakad,IN,"Park Street, Wakad, Pune 411057, Maharashtra, India",411057,Gated Residential Society,0,20,P52100049561,18.596147,73.779145,Premium Residential,osm_cadastral_enriched,0.88
dd74060f-80e2-4581-80b2-213d2d4211c1,Topaz Park,topaz park,Reputed Developer / Co-op Consortium,Pune,Wakad,IN,"Topaz Park, Wakad, Pune 411057, Maharashtra, India",411057,Gated Residential Society,0,20,P52100023629,18.596103,73.776822,Premium Residential,osm_cadastral_enriched,0.88
c9921c83-e19d-48b0-9c0d-45cdbbab4ff7,Park Royale,park royale,Reputed Developer / Co-op Consortium,Pune,Pimple Saudagar & Rahatani,IN,"Park Royale, Shivraj Nagar - Kokane Chowk Road, Pimple Saudagar & Rahatani, Pune 411017, Maharashtra, India",411017,Gated Residential Society,0,20,P52100078362,18.598222,73.785469,Premium Residential,osm_cadastral_enriched,0.88
00efd7dc-f283-4f50-9bfc-80d19ee5c0de,Siddhivinayak Ginger,siddhivinayak ginger,Reputed Developer / Co-op Consortium,Pune,Pimple Saudagar & Rahatani,IN,"Siddhivinayak Ginger, Pimple Saudagar & Rahatani, Pune 411027, Maharashtra, India",411027,Gated Residential Society,0,20,P52100040723,18.590654,73.799824,Premium Residential,osm_cadastral_enriched,0.88
e98defe4-4b4c-476a-959c-08b216c54982,Planet Millenium,planet millenium,Reputed Developer / Co-op Consortium,Pune,Pimple Saudagar & Rahatani,IN,"Planet Millenium, Pimple Saudagar & Rahatani, Pune 411027, Maharashtra, India",411027,Gated Residential Society,0,20,P52100060601,18.590493,73.800519,Premium Residential,osm_cadastral_enriched,0.88
954cbf94-2f68-4982-b86b-5930783f69fd,Dwarkadeesh Residency,dwarkadeesh residency,Reputed Developer / Co-op Consortium,Pune,Pimple Saudagar & Rahatani,IN,"Dwarkadeesh Residency, Pimple Saudagar & Rahatani, Pune 411027, Maharashtra, India",411027,Gated Residential Society,0,20,P52100057470,18.595188,73.789536,Premium Residential,osm_cadastral_enriched,0.88
b595552b-eb82-458c-8834-178d7edbc85c,Hindustan Antibiotics Colony,hindustan antibiotics colony,Reputed Developer / Co-op Consortium,Pune,Pimpri & Chinchwad Station,IN,"Hindustan Antibiotics Colony, Pimpri & Chinchwad Station, Pune 411018, Maharashtra, India",411018,Gated Residential Society,0,20,P52100086502,18.624363,73.813045,Premium Residential,osm_cadastral_enriched,0.88
5246eb16-be04-40bf-a4d2-5c3ac7254dc2,Empire Estate,empire estate,Reputed Developer / Co-op Consortium,Pune,Pimpri & Chinchwad Station,IN,"Empire Estate, Pimpri & Chinchwad Station, Pune 411018, Maharashtra, India",411018,Gated Residential Society,0,20,P52100075117,18.631481,73.797329,Premium Residential,osm_cadastral_enriched,0.88
b09d5a90-0774-404d-898f-f67239cba209,H4,h4,Reputed Developer / Co-op Consortium,Pune,Pimple Saudagar & Rahatani,IN,"H4, Roseicon, Pimple Saudagar & Rahatani, Pune 411027, Maharashtra, India",411027,Gated Residential Society,0,20,P52100066325,18.596597,73.801038,Premium Residential,osm_cadastral_enriched,0.88
cfef6abf-660a-41c6-886c-2ac406f8bdee,Shiv Anagan Hou Society,shiv anagan hou society,Reputed Developer / Co-op Consortium,Pune,Pimple Saudagar & Rahatani,IN,"Shiv Anagan Hou Society, kalewadi - Rahatani Road, Pimple Saudagar & Rahatani, Pune 411027, Maharashtra, India",411027,Gated Residential Society,0,20,P52100091653,18.602034,73.797109,Premium Residential,osm_cadastral_enriched,0.88
ec4d1371-bc7b-432b-97a2-45c383fd97af,Nano Homes,nano homes,Reputed Developer / Co-op Consortium,Pune,Ravet & Kiwale,IN,"Nano Homes, BRTS, Ravet & Kiwale, Pune 411044, Maharashtra, India",411044,Gated Residential Society,0,20,P52100017988,18.645109,73.751457,Premium Residential,osm_cadastral_enriched,0.88
b46b712a-75d3-48f1-9534-527c71f2f480,Sarita Vaibhav,sarita vaibhav,Reputed Developer / Co-op Consortium,Pune,Sinhagad Road & Manik Baug,IN,"Sarita Vaibhav, Sinhagad Road & Manik Baug, Pune 411030, Maharashtra, India",411030,Gated Residential Society,0,20,P52100057719,18.494377,73.832995,Premium Residential,osm_cadastral_enriched,0.88
0ede625d-1fd5-4b42-8fee-4b839da475ee,Jaideep Apartment,jaideep apartment,Reputed Developer / Co-op Consortium,Pune,Pimple Saudagar & Rahatani,IN,"Jaideep Apartment, Pimple Saudagar & Rahatani, Pune 411027, Maharashtra, India",411027,Gated Residential Society,0,20,P52100049256,18.594711,73.791544,Premium Residential,osm_cadastral_enriched,0.88
650745ac-237c-4216-9e20-ba30e568071d,Jaydevnagar,jaydevnagar,Reputed Developer / Co-op Consortium,Pune,Sinhagad Road & Manik Baug,IN,"Jaydevnagar, Sinhagad Road & Manik Baug, Pune 411051, Maharashtra, India",411051,Gated Residential Society,0,20,P52100096299,18.489816,73.830396,Premium Residential,osm_cadastral_enriched,0.88
e7bb0019-27b2-4e2a-9e4d-dfe1fab9dd5c,Shewta Society,shewta society,Reputed Developer / Co-op Consortium,Pune,Sinhagad Road & Manik Baug,IN,"Shewta Society, Sinhagad Road, Sinhagad Road & Manik Baug, Pune 411030, Maharashtra, India",411030,Gated Residential Society,0,20,P52100091121,18.489348,73.829781,Premium Residential,osm_cadastral_enriched,0.88
31282145-79a6-4d8f-87e1-66a534b10603,Roseland Residency,roseland residency,Reputed Developer / Co-op Consortium,Pune,Pimple Saudagar & Rahatani,IN,"Roseland Residency, Pimple Saudagar & Rahatani, Pune 411027, Maharashtra, India",411027,Gated Residential Society,0,20,P52100034276,18.591782,73.79449,Premium Residential,osm_cadastral_enriched,0.88
1ac20b79-67f8-4ae2-b302-e0b73c41f890,Sarita Nagari,sarita nagari,Reputed Developer / Co-op Consortium,Pune,Sinhagad Road & Manik Baug,IN,"Sarita Nagari, Sinhagad Road & Manik Baug, Pune 411051, Maharashtra, India",411051,Gated Residential Society,0,20,P52100073568,18.492541,73.831458,Premium Residential,osm_cadastral_enriched,0.88
51fca52a-7957-4f32-ad82-825ea72abf8c,Vitthal Sanskruti,vitthal sanskruti,Reputed Developer / Co-op Consortium,Pune,Dhayari & Narhe,IN,"Vitthal Sanskruti, Dhayari & Narhe, Pune 411041, Maharashtra, India",411041,Gated Residential Society,0,20,P52100091944,18.448064,73.815069,Premium Residential,osm_cadastral_enriched,0.88
4eb36a90-cc99-4ab1-96a1-ad14d03ef0c2,Silver Coin,silver coin,Reputed Developer / Co-op Consortium,Pune,Dhayari & Narhe,IN,"Silver Coin, Dhayari & Narhe, Pune 411041, Maharashtra, India",411041,Gated Residential Society,0,20,P52100091189,18.44915,73.816197,Premium Residential,osm_cadastral_enriched,0.88
143ad196-61a2-4502-abb1-b8abd1c662ee,Saileela,saileela,Reputed Developer / Co-op Consortium,Pune,Tathawade & Punawale,IN,"Saileela, Tathawade & Punawale, Pune 411033, Maharashtra, India",411033,Gated Residential Society,0,20,P52100010682,18.622069,73.747448,Premium Residential,osm_cadastral_enriched,0.88
9a067d80-c4eb-4233-b836-828a2322083d,Aai Niwas,aai niwas,Reputed Developer / Co-op Consortium,Pune,Wakad,IN,"Aai Niwas, Wakad, Pune 411057, Maharashtra, India",411057,Gated Residential Society,0,20,P52100031910,18.591747,73.755342,Premium Residential,osm_cadastral_enriched,0.88
8427ebfe-f329-4208-978d-975512c87989,Unity park,unity park,Reputed Developer / Co-op Consortium,Pune,Bhosari & Indrayani Nagar,IN,"Unity park, Spine Road, Bhosari & Indrayani Nagar, Pune 411026, Maharashtra, India",411026,Gated Residential Society,0,20,P52100067999,18.64977,73.840243,Premium Residential,osm_cadastral_enriched,0.88
ecaaa64a-b4c4-4300-8caa-4b4030303570,Parkwayz,parkwayz,Reputed Developer / Co-op Consortium,Pune,Wakad,IN,"Parkwayz, Datta Mandir road, Wakad, Wakad, Pune 411057, Maharashtra, India",411057,Gated Residential Society,0,20,P52100022159,18.593498,73.764936,Premium Residential,osm_cadastral_enriched,0.88
851a7c3a-b46b-48f4-9b74-2e17f1fecf78,Polite Paradise Society Club House,polite paradise society club house,Reputed Developer / Co-op Consortium,Pune,"Dhanori, Lohegaon & Porwal",IN,"Polite Paradise Society Club House, Polite Paradise Road, Dhanori, Lohegaon & Porwal, Pune 411015, Maharashtra, India",411015,Gated Residential Society,0,20,P52100051503,18.596664,73.905311,Premium Residential,osm_cadastral_enriched,0.88
33dd6495-5487-4f68-925a-0ff0b07f5457,Sai Leela Residency,sai leela residency,Reputed Developer / Co-op Consortium,Pune,"Dhanori, Lohegaon & Porwal",IN,"Sai Leela Residency, Porwal Road, Dhanori, Lohegaon & Porwal, Pune 411047, Maharashtra, India",411047,Gated Residential Society,0,20,P52100029152,18.601069,73.909049,Premium Residential,osm_cadastral_enriched,0.88
b671f4db-d39e-4def-b4ea-9e9699ef1f1a,Concord Pushpak,concord pushpak,Reputed Developer / Co-op Consortium,Pune,"Dhanori, Lohegaon & Porwal",IN,"Concord Pushpak, Porwal Road, Dhanori, Lohegaon & Porwal, Pune 411047, Maharashtra, India",411047,Gated Residential Society,0,20,P52100082805,18.603265,73.910032,Premium Residential,osm_cadastral_enriched,0.88
140591a7-ec3b-4add-9856-edfa9782589c,Sai Leela Residency-II,sai leela residency ii,Reputed Developer / Co-op Consortium,Pune,"Dhanori, Lohegaon & Porwal",IN,"Sai Leela Residency-II, Porwal Road, Dhanori, Lohegaon & Porwal, Pune 411047, Maharashtra, India",411047,Gated Residential Society,0,20,P52100067787,18.601,73.908729,Premium Residential,osm_cadastral_enriched,0.88
118996e9-3d1e-4add-87a8-a2fba1982317,Aurum Elementto Society A-B Wing,aurum elementto society a b wing,Reputed Developer / Co-op Consortium,Pune,"Dhanori, Lohegaon & Porwal",IN,"Aurum Elementto Society A-B Wing, Porwal Road, Dhanori, Lohegaon & Porwal, Pune 411047, Maharashtra, India",411047,Gated Residential Society,0,20,P52100038928,18.601846,73.910521,Premium Residential,osm_cadastral_enriched,0.88
94e6223a-870c-4c39-a52f-f3ee3b1284b3,Aurum Elementto Society C-D Wing,aurum elementto society c d wing,Reputed Developer / Co-op Consortium,Pune,"Dhanori, Lohegaon & Porwal",IN,"Aurum Elementto Society C-D Wing, Porwal Road, Dhanori, Lohegaon & Porwal, Pune 411047, Maharashtra, India",411047,Gated Residential Society,0,20,P52100046370,18.601407,73.910429,Premium Residential,osm_cadastral_enriched,0.88
d44ba084-57f2-415f-b2d5-ba6094be567b,JP Dream Homes,jp dream homes,Reputed Developer / Co-op Consortium,Pune,"Dhanori, Lohegaon & Porwal",IN,"JP Dream Homes, Porwal Road, Dhanori, Lohegaon & Porwal, Pune 411047, Maharashtra, India",411047,Gated Residential Society,0,20,P52100095714,18.597855,73.90818,Premium Residential,osm_cadastral_enriched,0.88
141c29ca-ccb3-4f93-910a-9b09e5c5191f,Tulsi Homes,tulsi homes,Reputed Developer / Co-op Consortium,Pune,"Dhanori, Lohegaon & Porwal",IN,"Tulsi Homes, Dhanori - Lohgaon Road, Dhanori, Lohegaon & Porwal, Pune 411047, Maharashtra, India",411047,Gated Residential Society,0,20,P52100044181,18.597569,73.908301,Premium Residential,osm_cadastral_enriched,0.88
57df7cf9-8d16-4ec0-81f5-f2c14229042e,Swapna Saankul B Wing,swapna saankul b wing,Reputed Developer / Co-op Consortium,Pune,"Dhanori, Lohegaon & Porwal",IN,"Swapna Saankul B Wing, Porwal Road, Dhanori, Lohegaon & Porwal, Pune 411047, Maharashtra, India",411047,Gated Residential Society,0,20,P52100021460,18.604827,73.912755,Premium Residential,osm_cadastral_enriched,0.88
2d65b3ba-10c0-4065-b11b-9c36b4f901f8,Aurum Elementto Society E-F Wing,aurum elementto society e f wing,Reputed Developer / Co-op Consortium,Pune,"Dhanori, Lohegaon & Porwal",IN,"Aurum Elementto Society E-F Wing, Porwal Road, Dhanori, Lohegaon & Porwal, Pune 411047, Maharashtra, India",411047,Gated Residential Society,0,20,P52100044522,18.60097,73.910319,Premium Residential,osm_cadastral_enriched,0.88
a4eed295-b8a1-4c8a-b99d-c99e3ec29d00,Impact Enclave,impact enclave,Reputed Developer / Co-op Consortium,Pune,"Dhanori, Lohegaon & Porwal",IN,"Impact Enclave, Porwal Road, Dhanori, Lohegaon & Porwal, Pune 411047, Maharashtra, India",411047,Luxury Villa Community,0,20,P52100083663,18.606272,73.910849,Premium Residential,osm_cadastral_enriched,0.88
fc8211d5-ad7f-48bd-b6e5-36f0accedd04,Lemonade Apartment,lemonade apartment,Reputed Developer / Co-op Consortium,Pune,"Dhanori, Lohegaon & Porwal",IN,"Lemonade Apartment, Porwal Road, Dhanori, Lohegaon & Porwal, Pune 411047, Maharashtra, India",411047,Gated Residential Society,0,20,P52100061987,18.600554,73.908884,Premium Residential,osm_cadastral_enriched,0.88
290e4c7f-10ed-408f-93b9-85a576031824,Swapna Saankul C Wing,swapna saankul c wing,Reputed Developer / Co-op Consortium,Pune,"Dhanori, Lohegaon & Porwal",IN,"Swapna Saankul C Wing, Porwal Road, Dhanori, Lohegaon & Porwal, Pune 411047, Maharashtra, India",411047,Gated Residential Society,0,20,P52100040073,18.605118,73.912748,Premium Residential,osm_cadastral_enriched,0.88
30a50366-3012-47bf-9c92-0c02563891c1,Lemon Tree Society,lemon tree society,Reputed Developer / Co-op Consortium,Pune,"Dhanori, Lohegaon & Porwal",IN,"Lemon Tree Society, Porwal Road, Dhanori, Lohegaon & Porwal, Pune 411047, Maharashtra, India",411047,Gated Residential Society,0,20,P52100092356,18.597875,73.90853,Premium Residential,osm_cadastral_enriched,0.88
d790da5f-9812-4753-9e3a-f3fda573df20,Swapna Saankul D Wing,swapna saankul d wing,Reputed Developer / Co-op Consortium,Pune,"Dhanori, Lohegaon & Porwal",IN,"Swapna Saankul D Wing, Porwal Road, Dhanori, Lohegaon & Porwal, Pune 411047, Maharashtra, India",411047,Gated Residential Society,0,20,P52100034130,18.605388,73.912904,Premium Residential,osm_cadastral_enriched,0.88
0399d547-a004-4cc8-8d33-203f8b8d831c,Sai crest,sai crest,Reputed Developer / Co-op Consortium,Pune,Wakad,IN,"Sai crest, Wakad, Pune 411057, Maharashtra, India",411057,Gated Residential Society,0,20,P52100039431,18.598101,73.764349,Premium Residential,osm_cadastral_enriched,0.88
55f3f184-faad-4652-81fa-cf03dfa2c708,Nandan Euphora,nandan euphora,Reputed Developer / Co-op Consortium,Pune,"Dhanori, Lohegaon & Porwal",IN,"Nandan Euphora, Dhanori, Lohegaon & Porwal, Pune 411015, Maharashtra, India",411015,Gated Residential Society,0,20,P52100096484,18.577976,73.884498,Premium Residential,osm_cadastral_enriched,0.88
0f3b2b00-8f3f-4a2b-b3ff-7a957cf6ad87,"Stanza Living, Kingston House",stanza living kingston house,Reputed Developer / Co-op Consortium,Pune,Wagholi & Bakori Road,IN,"Stanza Living, Kingston House, Wagholi & Bakori Road, Pune 412207, Maharashtra, India",412207,Gated Residential Society,0,20,P52100045988,18.576891,73.983118,Premium Residential,osm_cadastral_enriched,0.88
f3b53255-8a23-40ce-a9c9-0696b6e02b00,Maitri Complex,maitri complex,Reputed Developer / Co-op Consortium,Pune,"Dhanori, Lohegaon & Porwal",IN,"Maitri Complex, Dhanori Road, Dhanori, Lohegaon & Porwal, Pune 411015, Maharashtra, India",411015,Gated Residential Society,0,20,P52100085861,18.583571,73.883579,Premium Residential,osm_cadastral_enriched,0.88
5d6093c2-2a98-498b-bea9-64e0d08e58e7,Amul Ice Cream Parlour,amul ice cream parlour,Reputed Developer / Co-op Consortium,Pune,Ravet & Kiwale,IN,"Amul Ice Cream Parlour, Ravet & Kiwale, Pune 411044, Maharashtra, India",411044,Gated Residential Society,0,20,P52100096293,18.65452,73.761515,Premium Residential,osm_cadastral_enriched,0.88
d8219477-60d8-4dee-a85a-4a3163b06812,National General Stores,national general stores,Reputed Developer / Co-op Consortium,Pune,Ravet & Kiwale,IN,"National General Stores, Durgeshwar Path, Ravet & Kiwale, Pune 411044, Maharashtra, India",411044,Gated Residential Society,0,20,P52100032584,18.656378,73.760738,Premium Residential,osm_cadastral_enriched,0.88
44450345-7215-46ba-814d-30c43fcecb44,City Corner Aprt,city corner aprt,Reputed Developer / Co-op Consortium,Pune,"Dhanori, Lohegaon & Porwal",IN,"City Corner Aprt, Survey No. 34/2, Dhanori, Lohegaon & Porwal, Pune 411032, Maharashtra, India",411032,Gated Residential Society,0,20,P52100081439,18.580752,73.893474,Premium Residential,osm_cadastral_enriched,0.88
0adf1174-295d-4ac9-8997-229f42f54092,Parijat Colony House,parijat colony house,Reputed Developer / Co-op Consortium,Pune,Sinhagad Road & Manik Baug,IN,"Parijat Colony House, Sinhagad Road & Manik Baug, Pune 411051, Maharashtra, India",411051,Gated Residential Society,0,20,P52100099490,18.489559,73.820633,Premium Residential,osm_cadastral_enriched,0.88
4819134b-56ea-4aed-8db9-540127acb049,One Nation,one nation,Reputed Developer / Co-op Consortium,Pune,Pimple Saudagar & Rahatani,IN,"One Nation, Pimple Saudagar & Rahatani, Pune 411027, Maharashtra, India",411027,Gated Residential Society,0,20,P52100071846,18.600716,73.808509,Premium Residential,osm_cadastral_enriched,0.88
408e87d2-5cdd-4d2b-82f4-e3552160c7e5,Shivangan Pashchima,shivangan pashchima,Reputed Developer / Co-op Consortium,Pune,Dhayari & Narhe,IN,"Shivangan Pashchima, Dhayari & Narhe, Pune 411041, Maharashtra, India",411041,Gated Residential Society,0,20,P52100088697,18.447062,73.812286,Premium Residential,osm_cadastral_enriched,0.88
7c77b927-ec13-4ef1-a666-c5b94cd0de44,Sunder Sankul,sunder sankul,Reputed Developer / Co-op Consortium,Pune,Dhayari & Narhe,IN,"Sunder Sankul, Dhayari & Narhe, Pune 411041, Maharashtra, India",411041,Gated Residential Society,0,20,P52100042951,18.446963,73.811716,Premium Residential,osm_cadastral_enriched,0.88
c2f29909-d40c-421d-accc-ee5cfdc471da,Pokale Patil Corner,pokale patil corner,Reputed Developer / Co-op Consortium,Pune,Dhayari & Narhe,IN,"Pokale Patil Corner, Dhayari & Narhe, Pune 411041, Maharashtra, India",411041,Gated Residential Society,0,20,P52100045961,18.447088,73.810582,Premium Residential,osm_cadastral_enriched,0.88
bc6cc283-5194-4543-856a-f3a147318084,Balark Arcadia,balark arcadia,Reputed Developer / Co-op Consortium,Pune,Dhayari & Narhe,IN,"Balark Arcadia, Dhayari & Narhe, Pune 411041, Maharashtra, India",411041,Gated Residential Society,0,20,P52100099042,18.462379,73.806496,Premium Residential,osm_cadastral_enriched,0.88
4b16d628-cfd5-45ac-9239-18523324ab6c,Suvidha Ambar,suvidha ambar,Reputed Developer / Co-op Consortium,Pune,Dhayari & Narhe,IN,"Suvidha Ambar, Dhayari & Narhe, Pune 411041, Maharashtra, India",411041,Gated Residential Society,0,20,P52100061026,18.44371,73.825374,Premium Residential,osm_cadastral_enriched,0.88
ba49d9d6-ed18-4bb5-a1d2-248164438f54,Shrirag,shrirag,Reputed Developer / Co-op Consortium,Pune,Dhayari & Narhe,IN,"Shrirag, Dhayari & Narhe, Pune 411041, Maharashtra, India",411041,Gated Residential Society,0,20,P52100033832,18.44622,73.826309,Premium Residential,osm_cadastral_enriched,0.88
91cb5398-85ea-4894-997a-0d1430197156,Nikita Arcade,nikita arcade,Reputed Developer / Co-op Consortium,Pune,Dhayari & Narhe,IN,"Nikita Arcade, Dhayari & Narhe, Pune 411041, Maharashtra, India",411041,Gated Residential Society,0,20,P52100061617,18.445324,73.82117,Premium Residential,osm_cadastral_enriched,0.88
545abc1a-29ad-4913-9ef3-1af0a294f635,Sant Srushti,sant srushti,Reputed Developer / Co-op Consortium,Pune,Dhayari & Narhe,IN,"Sant Srushti, Dhayari & Narhe, Pune 411041, Maharashtra, India",411041,Gated Residential Society,0,20,P52100038545,18.446979,73.828487,Premium Residential,osm_cadastral_enriched,0.88
7a1804ac-fd3d-4a56-9913-56f93d0c33df,Ajinkya Tara,ajinkya tara,Reputed Developer / Co-op Consortium,Pune,Dhayari & Narhe,IN,"Ajinkya Tara, Dhayari & Narhe, Pune 411041, Maharashtra, India",411041,Gated Residential Society,0,20,P52100017485,18.444581,73.821207,Premium Residential,osm_cadastral_enriched,0.88
7b297604-8ed4-4c88-8971-9d88765cc967,Ashtavinayak,ashtavinayak,Reputed Developer / Co-op Consortium,Pune,Dhayari & Narhe,IN,"Ashtavinayak, Dhayari & Narhe, Pune 411041, Maharashtra, India",411041,Gated Residential Society,0,20,P52100030117,18.446661,73.816028,Premium Residential,osm_cadastral_enriched,0.88
7e988007-bbdf-4090-b984-a1e06b8157ab,Shiv Ratna Image,shiv ratna image,Reputed Developer / Co-op Consortium,Pune,Dhayari & Narhe,IN,"Shiv Ratna Image, Dhayari & Narhe, Pune 411041, Maharashtra, India",411041,Gated Residential Society,0,20,P52100083697,18.446671,73.81655,Premium Residential,osm_cadastral_enriched,0.88
65b43a74-d586-4927-91ab-4d849dd687be,Sunshine Heights,sunshine heights,Reputed Developer / Co-op Consortium,Pune,Pimple Saudagar & Rahatani,IN,"Sunshine Heights, Pimple Saudagar & Rahatani, Pune 411027, Maharashtra, India",411027,Luxury High-Rise Tower,0,20,P52100035516,18.595676,73.786188,Premium Residential,osm_cadastral_enriched,0.88
5b145c90-6f82-4976-9cc5-ff9b6e85d074,Ganadhish Sankul,ganadhish sankul,Reputed Developer / Co-op Consortium,Pune,Sinhagad Road & Manik Baug,IN,"Ganadhish Sankul, Sinhagad Road & Manik Baug, Pune 411051, Maharashtra, India",411051,Gated Residential Society,0,20,P52100042446,18.474471,73.835242,Premium Residential,osm_cadastral_enriched,0.88
41a25b96-2056-41fe-ab87-1d2de00697dc,Mauli,mauli,Reputed Developer / Co-op Consortium,Pune,Dhayari & Narhe,IN,"Mauli, Dhayari & Narhe, Pune 411041, Maharashtra, India",411041,Gated Residential Society,0,20,P52100049161,18.448743,73.814861,Premium Residential,osm_cadastral_enriched,0.88
af275473-1463-461c-a3f7-b6141f5ce812,Pranav,pranav,Reputed Developer / Co-op Consortium,Pune,Dhayari & Narhe,IN,"Pranav, Dhayari & Narhe, Pune 411041, Maharashtra, India",411041,Gated Residential Society,0,20,P52100077493,18.448542,73.810827,Premium Residential,osm_cadastral_enriched,0.88
ac64bd81-b044-44d4-9405-46fcd69387f8,Sushant,sushant,Reputed Developer / Co-op Consortium,Pune,Dhayari & Narhe,IN,"Sushant, Dhayari & Narhe, Pune 411041, Maharashtra, India",411041,Gated Residential Society,0,20,P52100078032,18.44728,73.814143,Premium Residential,osm_cadastral_enriched,0.88
2230f3ef-7214-4e72-bfa9-f2057558ac56,Shruti,shruti,Reputed Developer / Co-op Consortium,Pune,Dhayari & Narhe,IN,"Shruti, Dhayari & Narhe, Pune 411041, Maharashtra, India",411041,Gated Residential Society,0,20,P52100095578,18.448566,73.814831,Premium Residential,osm_cadastral_enriched,0.88
45cca9fd-40e3-4741-b1cc-58bd982f37a7,Sarthak Shanti Corner,sarthak shanti corner,Reputed Developer / Co-op Consortium,Pune,Dhayari & Narhe,IN,"Sarthak Shanti Corner, Dhayari & Narhe, Pune 411041, Maharashtra, India",411041,Gated Residential Society,0,20,P52100064591,18.44746,73.810793,Premium Residential,osm_cadastral_enriched,0.88
e8551980-cc63-4bb3-aaab-8da83a91925c,Shriram,shriram,Reputed Developer / Co-op Consortium,Pune,Dhayari & Narhe,IN,"Shriram, Dhayari & Narhe, Pune 411041, Maharashtra, India",411041,Gated Residential Society,0,20,P52100049878,18.447418,73.812493,Premium Residential,osm_cadastral_enriched,0.88
2518b05a-357a-43af-ae5c-9e2a5b51a667,Akshay Residency,akshay residency,Reputed Developer / Co-op Consortium,Pune,Dhayari & Narhe,IN,"Akshay Residency, Dhayari & Narhe, Pune 411041, Maharashtra, India",411041,Gated Residential Society,0,20,P52100036023,18.447323,73.813944,Premium Residential,osm_cadastral_enriched,0.88
7292d9c9-4157-4582-baa8-12dd91deb2ee,Rivera,rivera,Reputed Developer / Co-op Consortium,Pune,Dhayari & Narhe,IN,"Rivera, DSK Vishwa Road, Dhayari & Narhe, Pune 411041, Maharashtra, India",411041,Gated Residential Society,0,20,P52100018042,18.447367,73.808145,Premium Residential,osm_cadastral_enriched,0.88
503567b9-3a1a-4404-af9d-31e4399f7d9d,Bhagyshree Comple,bhagyshree comple,Reputed Developer / Co-op Consortium,Pune,Dhayari & Narhe,IN,"Bhagyshree Comple, Raykar Nagar, Dhayari, Dhayari & Narhe, Pune 411041, Maharashtra, India",411041,Gated Residential Society,0,20,P52100064296,18.453323,73.812128,Premium Residential,osm_cadastral_enriched,0.88
58db509e-7b91-4222-808c-7dfe406d3815,Sankalp Rachna,sankalp rachna,Reputed Developer / Co-op Consortium,Pune,Dhayari & Narhe,IN,"Sankalp Rachna, Dhayari & Narhe, Pune 411041, Maharashtra, India",411041,Gated Residential Society,0,20,P52100043258,18.448456,73.816227,Premium Residential,osm_cadastral_enriched,0.88
ab42fde7-04c9-4f9a-b57c-a32e847b72bc,Seeta Apartment,seeta apartment,Reputed Developer / Co-op Consortium,Pune,Dhayari & Narhe,IN,"Seeta Apartment, Dhayari Road, Dhayari & Narhe, Pune 411041, Maharashtra, India",411041,Gated Residential Society,0,20,P52100035428,18.450696,73.811274,Premium Residential,osm_cadastral_enriched,0.88
ed3bea27-f9fa-4abe-ba23-d4322b492014,Sterling Nisarga II,sterling nisarga ii,Reputed Developer / Co-op Consortium,Pune,Dhayari & Narhe,IN,"Sterling Nisarga II, Dhayari & Narhe, Pune 411041, Maharashtra, India",411041,Gated Residential Society,0,20,P52100059791,18.447281,73.816384,Premium Residential,osm_cadastral_enriched,0.88
6db0fb87-cc5e-40e7-9a09-a0229a9e4c18,Dhanvanti Apartment,dhanvanti apartment,Reputed Developer / Co-op Consortium,Pune,Dhayari & Narhe,IN,"Dhanvanti Apartment, Dhayari & Narhe, Pune 411041, Maharashtra, India",411041,Gated Residential Society,0,20,P52100083755,18.451068,73.811347,Premium Residential,osm_cadastral_enriched,0.88
327c82b9-1174-46da-a732-42108ade6ba5,Avalon,avalon,Reputed Developer / Co-op Consortium,Pune,Sinhagad Road & Manik Baug,IN,"Avalon, Suncity Road, Sinhagad Road & Manik Baug, Pune 411051, Maharashtra, India",411051,Gated Residential Society,0,20,P52100055483,18.47469,73.815366,Premium Residential,osm_cadastral_enriched,0.88
595a1394-3f21-4573-b9c3-9f2da9a868a5,Ingale Empire,ingale empire,Reputed Developer / Co-op Consortium,Pune,Dhayari & Narhe,IN,"Ingale Empire, Dhayari & Narhe, Pune 411041, Maharashtra, India",411041,Gated Residential Society,0,20,P52100052235,18.447825,73.828773,Premium Residential,osm_cadastral_enriched,0.88
d8ccf375-dc68-435f-a602-371c78969899,Vishwanarayan Complex,vishwanarayan complex,Reputed Developer / Co-op Consortium,Pune,Dhayari & Narhe,IN,"Vishwanarayan Complex, Dhayari & Narhe, Pune 411041, Maharashtra, India",411041,Gated Residential Society,0,20,P52100083962,18.447898,73.828348,Premium Residential,osm_cadastral_enriched,0.88
3e85dbea-a39f-4dfe-bd79-0123d95955cb,Balaji Residency,balaji residency,Reputed Developer / Co-op Consortium,Pune,Dhayari & Narhe,IN,"Balaji Residency, Manaji Nagar, Narhe, Dhayari & Narhe, Pune 411041, Maharashtra, India",411041,Gated Residential Society,0,20,P52100093952,18.452232,73.822761,Premium Residential,osm_cadastral_enriched,0.88
b0905c2e-313a-4ad8-b22f-279c1feb5443,Shree Sadguru Palace,shree sadguru palace,Reputed Developer / Co-op Consortium,Pune,Dhayari & Narhe,IN,"Shree Sadguru Palace, Dhayari & Narhe, Pune 411041, Maharashtra, India",411041,Gated Residential Society,0,20,P52100059654,18.445003,73.8219,Premium Residential,osm_cadastral_enriched,0.88
4c75c211-c60f-44d1-9e47-0f19f0661f28,Sai Ganesh Dham,sai ganesh dham,Reputed Developer / Co-op Consortium,Pune,Dhayari & Narhe,IN,"Sai Ganesh Dham, Dhayari & Narhe, Pune 411041, Maharashtra, India",411041,Gated Residential Society,0,20,P52100054437,18.448267,73.83319,Premium Residential,osm_cadastral_enriched,0.88
4d9e6dd4-4f84-472d-9940-96dd0d06dd6d,Nakoda Niwas,nakoda niwas,Reputed Developer / Co-op Consortium,Pune,Dhayari & Narhe,IN,"Nakoda Niwas, Dhayari & Narhe, Pune 411041, Maharashtra, India",411041,Gated Residential Society,0,20,P52100053887,18.465575,73.8168,Premium Residential,osm_cadastral_enriched,0.88
e19fefe5-403e-45eb-b546-8b3b17246150,Suvarnanagari,suvarnanagari,Reputed Developer / Co-op Consortium,Pune,Dhayari & Narhe,IN,"Suvarnanagari, Dhayari & Narhe, Pune 411041, Maharashtra, India",411041,Gated Residential Society,0,20,P52100065635,18.468669,73.820027,Premium Residential,osm_cadastral_enriched,0.88
e388f224-ddf9-4863-93c4-811c7618ae08,Sunder Samruddhi,sunder samruddhi,Reputed Developer / Co-op Consortium,Pune,Dhayari & Narhe,IN,"Sunder Samruddhi, Dhayari & Narhe, Pune 411041, Maharashtra, India",411041,Gated Residential Society,0,20,P52100095296,18.44709,73.815852,Premium Residential,osm_cadastral_enriched,0.88
f37f3e87-9f8e-4bbe-84a8-1ea73539d6e2,Yash Platinum,yash platinum,Reputed Developer / Co-op Consortium,Pune,Dhayari & Narhe,IN,"Yash Platinum, Dhayari & Narhe, Pune 411041, Maharashtra, India",411041,Gated Residential Society,0,20,P52100031540,18.448405,73.818209,Premium Residential,osm_cadastral_enriched,0.88
c4a8e223-2451-4077-9b3c-d39ce584ef1f,Venkatesh Sharvil,venkatesh sharvil,Reputed Developer / Co-op Consortium,Pune,Dhayari & Narhe,IN,"Venkatesh Sharvil, Dhayari & Narhe, Pune 411041, Maharashtra, India",411041,Gated Residential Society,0,20,P52100044827,18.448782,73.819455,Premium Residential,osm_cadastral_enriched,0.88
422691e6-9027-497c-b628-df915f27bba5,Dwarka Sai Paradise,dwarka sai paradise,Reputed Developer / Co-op Consortium,Pune,Pimple Saudagar & Rahatani,IN,"Dwarka Sai Paradise, Pimple Saudagar & Rahatani, Pune 411027, Maharashtra, India",411027,Gated Residential Society,0,20,P52100099840,18.599311,73.795874,Premium Residential,osm_cadastral_enriched,0.88
2464b7dd-7fcc-4dc3-a3e8-2ba6583572c2,Omega Paradise,omega paradise,Reputed Developer / Co-op Consortium,Pune,Wakad,IN,"Omega Paradise, Wakad, Pune 411057, Maharashtra, India",411057,Gated Residential Society,0,20,P52100088873,18.601809,73.76132,Premium Residential,osm_cadastral_enriched,0.88
617e8b94-229d-48aa-b4de-3126804e2400,Khese Park,khese park,Reputed Developer / Co-op Consortium,Pune,"Dhanori, Lohegaon & Porwal",IN,"Khese Park, Dhanori, Lohegaon & Porwal, Pune 411015, Maharashtra, India",411015,Gated Residential Society,0,20,P52100073422,18.589518,73.910881,Premium Residential,osm_cadastral_enriched,0.88
ddc59ac1-ddec-45ef-9f3d-b866426dc06b,Atlanta,atlanta,Reputed Developer / Co-op Consortium,Pune,Wakad,IN,"Atlanta, Wakad, Pune 411057, Maharashtra, India",411057,Gated Residential Society,0,20,P52100092916,18.591909,73.752384,Premium Residential,osm_cadastral_enriched,0.88
0f290b61-41e8-4a1a-9ce3-9d06237226b2,The Island,the island,Reputed Developer / Co-op Consortium,Pune,Wakad,IN,"The Island, Datta Mandir Road, Wakad, Wakad, Pune 411057, Maharashtra, India",411057,Gated Residential Society,0,20,P52100085640,18.597398,73.760238,Premium Residential,osm_cadastral_enriched,0.88
e88dc1ee-5af9-4a49-919f-01ac6a0055c9,Pristine prolife 1,pristine prolife 1,Reputed Developer / Co-op Consortium,Pune,Wakad,IN,"Pristine prolife 1, Wakad, Pune 411057, Maharashtra, India",411057,Gated Residential Society,0,20,P52100067694,18.597522,73.756985,Premium Residential,osm_cadastral_enriched,0.88
98c3b704-686a-4941-8de6-d55e3e38ab1a,Costa Rica,costa rica,Reputed Developer / Co-op Consortium,Pune,Wakad,IN,"Costa Rica, Wakad, Pune 411057, Maharashtra, India",411057,Gated Residential Society,0,20,P52100043164,18.600804,73.765903,Premium Residential,osm_cadastral_enriched,0.88
2bbc6699-cc78-467a-a168-58b6ecd4bbdb,Leon Orbit,leon orbit,Reputed Developer / Co-op Consortium,Pune,Wakad,IN,"Leon Orbit, Wakad, Pune 411057, Maharashtra, India",411057,Gated Residential Society,0,20,P52100013866,18.597999,73.784596,Premium Residential,osm_cadastral_enriched,0.88
ba181468-b58f-40f3-b9d5-212fc758e8b6,Akshar Elementa,akshar elementa,Reputed Developer / Co-op Consortium,Pune,Wakad,IN,"Akshar Elementa, Wakad, Pune 411057, Maharashtra, India",411057,Gated Residential Society,0,20,P52100039360,18.613663,73.754848,Premium Residential,osm_cadastral_enriched,0.88
565898c0-c936-4007-a94c-6a1e52b8487b,Emerald,emerald,Reputed Developer / Co-op Consortium,Pune,Wakad,IN,"Emerald, Wakad, Pune 411057, Maharashtra, India",411057,Gated Residential Society,0,20,P52100055461,18.599763,73.759921,Premium Residential,osm_cadastral_enriched,0.88
45788a41-b408-4879-807f-de5bba8f831d,Nisarg Meadows,nisarg meadows,Reputed Developer / Co-op Consortium,Pune,Wakad,IN,"Nisarg Meadows, Wakad, Pune 411057, Maharashtra, India",411057,Gated Residential Society,0,20,P52100028116,18.603719,73.755521,Premium Residential,osm_cadastral_enriched,0.88
536dcc56-3699-4cb8-bf8d-5792c7f323f7,Sai Arcade,sai arcade,Reputed Developer / Co-op Consortium,Pune,Wakad,IN,"Sai Arcade, Wakad, Pune 411057, Maharashtra, India",411057,Gated Residential Society,0,20,P52100026036,18.594035,73.755808,Premium Residential,osm_cadastral_enriched,0.88
07b4ef32-18da-4821-bd4b-af02b37a5553,Bhalchandra Vatika,bhalchandra vatika,Reputed Developer / Co-op Consortium,Pune,Tathawade & Punawale,IN,"Bhalchandra Vatika, Tathawade & Punawale, Pune 411033, Maharashtra, India",411033,Gated Residential Society,0,20,P52100056943,18.627102,73.736512,Premium Residential,osm_cadastral_enriched,0.88
34bc2d31-49e2-4626-887d-15a7dd192924,The Nook A,the nook a,Reputed Developer / Co-op Consortium,Pune,Tathawade & Punawale,IN,"The Nook A, Tathawade & Punawale, Pune 411033, Maharashtra, India",411033,Gated Residential Society,0,20,P52100012928,18.617619,73.752672,Premium Residential,osm_cadastral_enriched,0.88
91456fc9-6b3b-4539-898e-d8f9ca183316,The Nook B,the nook b,Reputed Developer / Co-op Consortium,Pune,Tathawade & Punawale,IN,"The Nook B, Tathawade & Punawale, Pune 411033, Maharashtra, India",411033,Gated Residential Society,0,20,P52100093535,18.617547,73.753437,Premium Residential,osm_cadastral_enriched,0.88
0b5d7f01-d16b-464d-bfa2-a2abfe72f180,The Nook C,the nook c,Reputed Developer / Co-op Consortium,Pune,Tathawade & Punawale,IN,"The Nook C, Tathawade & Punawale, Pune 411033, Maharashtra, India",411033,Gated Residential Society,0,20,P52100083631,18.617388,73.754317,Premium Residential,osm_cadastral_enriched,0.88
84de9069-52d0-4e0f-8b04-1676fdf752c4,Austin Park building,austin park building,Reputed Developer / Co-op Consortium,Pune,Tathawade & Punawale,IN,"Austin Park building, Tathawade & Punawale, Pune 411033, Maharashtra, India",411033,Gated Residential Society,0,20,P52100082417,18.616963,73.75272,Premium Residential,osm_cadastral_enriched,0.88
f60d2567-8da7-44b2-8965-2b40e7715b1e,Lamour,lamour,Reputed Developer / Co-op Consortium,Pune,Wakad,IN,"Lamour, Wakad, Pune 411057, Maharashtra, India",411057,Gated Residential Society,0,20,P52100082039,18.606946,73.752424,Premium Residential,osm_cadastral_enriched,0.88
44a7e05f-5209-424e-9577-617a51813343,Science Park,science park,Reputed Developer / Co-op Consortium,Pune,Pimpri & Chinchwad Station,IN,"Science Park, Pimpri & Chinchwad Station, Pune 411018, Maharashtra, India",411018,Gated Residential Society,0,20,P52100072972,18.640451,73.800562,Premium Residential,osm_cadastral_enriched,0.88
353cc555-bf27-4622-b66b-409c5ab13818,dattanagar,dattanagar,Reputed Developer / Co-op Consortium,Pune,Dhayari & Narhe,IN,"dattanagar, Dhayari & Narhe, Pune 411041, Maharashtra, India",411041,Gated Residential Society,0,20,P52100030960,18.469427,73.831289,Premium Residential,osm_cadastral_enriched,0.88
5667d9fd-92bd-43c6-82c7-89a794ad447d,Pristine Shatrunjay,pristine shatrunjay,Reputed Developer / Co-op Consortium,Pune,Ravet & Kiwale,IN,"Pristine Shatrunjay, DY Patil College Road, Ravet & Kiwale, Pune 412101, Maharashtra, India",412101,Gated Residential Society,0,20,P52100089618,18.64409,73.754112,Premium Residential,osm_cadastral_enriched,0.88
6db97193-2feb-4bea-802b-76c433bf0cba,Royal Mystic,royal mystic,Reputed Developer / Co-op Consortium,Pune,Wakad,IN,"Royal Mystic, Wakad, Pune 411057, Maharashtra, India",411057,Gated Residential Society,0,20,P52100097357,18.601648,73.782531,Premium Residential,osm_cadastral_enriched,0.88
3402c1c2-209a-4748-94d0-1fb43bf84bca,Samarth Carina Society,samarth carina society,Reputed Developer / Co-op Consortium,Pune,Thergaon & Kalewadi,IN,"Samarth Carina Society, Aditya Birla Hospital - Thergaon Road, Thergaon & Kalewadi, Pune 411033, Maharashtra, India",411033,Gated Residential Society,0,20,P52100033834,18.622024,73.77738,Premium Residential,osm_cadastral_enriched,0.88
6a7445ba-5b20-45d1-8e8e-321aba5ae722,Ganga Ashiana,ganga ashiana,Reputed Developer / Co-op Consortium,Pune,Thergaon & Kalewadi,IN,"Ganga Ashiana, Thergaon & Kalewadi, Pune 411033, Maharashtra, India",411033,Gated Residential Society,0,20,P52100071676,18.620896,73.77711,Premium Residential,osm_cadastral_enriched,0.88
b14b8e15-f5f9-44c9-9083-d7e7586fbb4c,Jayashree Boulevard,jayashree boulevard,Reputed Developer / Co-op Consortium,Pune,"Dhanori, Lohegaon & Porwal",IN,"Jayashree Boulevard, Porwal Road, Dhanori, Lohegaon & Porwal, Pune 411047, Maharashtra, India",411047,Gated Residential Society,0,20,P52100034262,18.605677,73.912306,Premium Residential,osm_cadastral_enriched,0.88
ddb26a8f-5f23-4717-8a2d-84f2c1bde7f9,Aeropolis,aeropolis,Reputed Developer / Co-op Consortium,Pune,"Dhanori, Lohegaon & Porwal",IN,"Aeropolis, Porwal Road, Dhanori, Lohegaon & Porwal, Pune 411047, Maharashtra, India",411047,Gated Residential Society,0,20,P52100073679,18.604809,73.912288,Premium Residential,osm_cadastral_enriched,0.88
45b2376e-6de7-405e-9b04-96dacdaa218a,Swapna Saankul Venture Society,swapna saankul venture society,Reputed Developer / Co-op Consortium,Pune,"Dhanori, Lohegaon & Porwal",IN,"Swapna Saankul Venture Society, Porwal Road, Lohegaon, Dhanori, Lohegaon & Porwal, Pune 411047, Maharashtra, India",411047,Gated Residential Society,0,20,P52100087251,18.605083,73.912919,Premium Residential,osm_cadastral_enriched,0.88
54705d23-33ce-42eb-b19a-baa285efa5c1,Park Springs Co-op Society,park springs co op society,Reputed Developer / Co-op Consortium,Pune,"Dhanori, Lohegaon & Porwal",IN,"Park Springs Co-op Society, Porwal Road, Dhanori, Lohegaon & Porwal, Pune 411047, Maharashtra, India",411047,Gated Residential Society,0,20,P52100053480,18.610858,73.911143,Premium Residential,osm_cadastral_enriched,0.88
360f1adc-40ca-4153-930f-57383f192468,Vela Enclave,vela enclave,Reputed Developer / Co-op Consortium,Pune,"Dhanori, Lohegaon & Porwal",IN,"Vela Enclave, Porwal Road, Dhanori, Lohegaon & Porwal, Pune 411047, Maharashtra, India",411047,Luxury Villa Community,0,20,P52100027533,18.603104,73.909514,Premium Residential,osm_cadastral_enriched,0.88
b7d472b1-1a02-4d1a-9b85-2e7b4317d934,Balaji Mesmero,balaji mesmero,Reputed Developer / Co-op Consortium,Pune,"Dhanori, Lohegaon & Porwal",IN,"Balaji Mesmero, Porwal Sathe Wasti Road, Dhanori, Lohegaon & Porwal, Pune 411047, Maharashtra, India",411047,Gated Residential Society,0,20,P52100071433,18.602974,73.911792,Premium Residential,osm_cadastral_enriched,0.88
3ab793e4-31f5-4a99-8a28-a491c542c858,Nivasa Udaan,nivasa udaan,Reputed Developer / Co-op Consortium,Pune,"Dhanori, Lohegaon & Porwal",IN,"Nivasa Udaan, Porwal Sathe Wasti Road, Dhanori, Lohegaon & Porwal, Pune 411047, Maharashtra, India",411047,Gated Residential Society,0,20,P52100042257,18.603883,73.913287,Premium Residential,osm_cadastral_enriched,0.88
06c64ee2-3531-44a1-8f5d-11159d01b948,Impact Paradise,impact paradise,Reputed Developer / Co-op Consortium,Pune,"Dhanori, Lohegaon & Porwal",IN,"Impact Paradise, Porwal Road, Dhanori, Lohegaon & Porwal, Pune 411047, Maharashtra, India",411047,Gated Residential Society,0,20,P52100076909,18.605272,73.912477,Premium Residential,osm_cadastral_enriched,0.88
32fee5d4-4431-4d5d-841a-b4da6b6bec10,Pratham Yash Residency,pratham yash residency,Reputed Developer / Co-op Consortium,Pune,"Dhanori, Lohegaon & Porwal",IN,"Pratham Yash Residency, Porwal Road, Dhanori, Lohegaon & Porwal, Pune 411047, Maharashtra, India",411047,Gated Residential Society,0,20,P52100080531,18.60838,73.911806,Premium Residential,osm_cadastral_enriched,0.88
1a9623fe-0931-4bb6-8d96-b788b10c03f9,Paras Basera,paras basera,Reputed Developer / Co-op Consortium,Pune,"Dhanori, Lohegaon & Porwal",IN,"Paras Basera, Porwal Road, Dhanori, Lohegaon & Porwal, Pune 411047, Maharashtra, India",411047,Gated Residential Society,0,20,P52100085572,18.608244,73.910842,Premium Residential,osm_cadastral_enriched,0.88
e5d0a6ef-d585-4005-ba4e-9d904df6c9cf,Tranquil Park,tranquil park,Reputed Developer / Co-op Consortium,Pune,"Dhanori, Lohegaon & Porwal",IN,"Tranquil Park, Porwal Road, Dhanori, Lohegaon & Porwal, Pune 411047, Maharashtra, India",411047,Gated Residential Society,0,20,P52100092201,18.607758,73.911603,Premium Residential,osm_cadastral_enriched,0.88
1645daca-268e-4671-ab51-fc7bb4960093,Goodwill Metropolis,goodwill metropolis,Reputed Developer / Co-op Consortium,Pune,"Dhanori, Lohegaon & Porwal",IN,"Goodwill Metropolis, Porwal Road, Dhanori, Lohegaon & Porwal, Pune 411047, Maharashtra, India",411047,Gated Residential Society,0,20,P52100019784,18.604232,73.910241,Premium Residential,osm_cadastral_enriched,0.88
e824435e-0a33-4cf0-b1ad-0659d59b2d85,Sai Shanti Park,sai shanti park,Reputed Developer / Co-op Consortium,Pune,"Dhanori, Lohegaon & Porwal",IN,"Sai Shanti Park, Porwal Road, Dhanori, Lohegaon & Porwal, Pune 411047, Maharashtra, India",411047,Gated Residential Society,0,20,P52100024638,18.60485,73.909155,Premium Residential,osm_cadastral_enriched,0.88
cee53c93-5a6a-438a-a731-170ac78daa5d,Skyways Esfera,skyways esfera,Reputed Developer / Co-op Consortium,Pune,"Dhanori, Lohegaon & Porwal",IN,"Skyways Esfera, Porwal Road, Dhanori, Lohegaon & Porwal, Pune 411047, Maharashtra, India",411047,Gated Residential Society,0,20,P52100034810,18.60595,73.909056,Premium Residential,osm_cadastral_enriched,0.88
c5505b8b-a843-4c10-a731-6190ed4d8fed,Signature park,signature park,Reputed Developer / Co-op Consortium,Pune,Wakad,IN,"Signature park, Wakad, Pune 411057, Maharashtra, India",411057,Gated Residential Society,0,20,P52100068481,18.613171,73.768642,Premium Residential,osm_cadastral_enriched,0.88
c2141869-aecf-499b-97fe-1df09d1881bb,Westwood Estates,westwood estates,Reputed Developer / Co-op Consortium,Pune,Wakad,IN,"Westwood Estates, Pink City DP road, Wakad, Pune 411057, Maharashtra, India",411057,Gated Residential Society,0,20,P52100075686,18.594691,73.769537,Premium Residential,osm_cadastral_enriched,0.88
eb9daa25-6592-4a83-bc6b-267f237b7a11,Pratham Society,pratham society,Reputed Developer / Co-op Consortium,Pune,Wakad,IN,"Pratham Society, Wakad, Pune 411057, Maharashtra, India",411057,Gated Residential Society,0,20,P52100090979,18.60621,73.767953,Premium Residential,osm_cadastral_enriched,0.88
d414fa91-7d38-4b5c-9e8b-98c35841bbef,Capriccio,capriccio,Reputed Developer / Co-op Consortium,Pune,Wakad,IN,"Capriccio, Datta Mandir Road, Wakad, Pune 411057, Maharashtra, India",411057,Gated Residential Society,0,20,P52100032725,18.602486,73.766162,Premium Residential,osm_cadastral_enriched,0.88
4acf5309-30a0-4d0a-b714-5d4a7579eef2,Austin Plaza,austin plaza,Reputed Developer / Co-op Consortium,Pune,Wakad,IN,"Austin Plaza, Mhatoba road, Wakad, Pune 411057, Maharashtra, India",411057,Gated Residential Society,0,20,P52100030884,18.595057,73.768896,Premium Residential,osm_cadastral_enriched,0.88
4f467215-7d7d-4ea1-a950-c76df6f41026,Riddhi Siddhi Heights,riddhi siddhi heights,Reputed Developer / Co-op Consortium,Pune,Wakad,IN,"Riddhi Siddhi Heights, Wakad, Pune 411057, Maharashtra, India",411057,Luxury High-Rise Tower,0,20,P52100082330,18.595564,73.768281,Premium Residential,osm_cadastral_enriched,0.88
d9ea554a-79ae-4427-9b38-5fb3f74c1911,Rajveer nucleus,rajveer nucleus,Reputed Developer / Co-op Consortium,Pune,Wakad,IN,"Rajveer nucleus, Wakad, Pune 411057, Maharashtra, India",411057,Gated Residential Society,0,20,P52100021255,18.595855,73.769858,Premium Residential,osm_cadastral_enriched,0.88
a272e930-6a35-4590-9916-9a44f4845835,Windward,windward,Reputed Developer / Co-op Consortium,Pune,Wakad,IN,"Windward, Wakad, Pune 411057, Maharashtra, India",411057,Gated Residential Society,0,20,P52100043074,18.595286,73.770412,Premium Residential,osm_cadastral_enriched,0.88
065a6bf8-4637-4d8a-aa48-f960c2c26c16,Petals,petals,Reputed Developer / Co-op Consortium,Pune,Wakad,IN,"Petals, Wakad, Pune 411057, Maharashtra, India",411057,Gated Residential Society,0,20,P52100043588,18.596211,73.770398,Premium Residential,osm_cadastral_enriched,0.88
948e721a-b798-437d-b1a3-30cd3d5c4ed1,Royal Court,royal court,Reputed Developer / Co-op Consortium,Pune,Tathawade & Punawale,IN,"Royal Court, Tathawade & Punawale, Pune 411033, Maharashtra, India",411033,Gated Residential Society,0,20,P52100071473,18.616702,73.769995,Premium Residential,osm_cadastral_enriched,0.88
2bdb8dc9-bfdd-4d7a-85a3-81f2a9da0655,Elysium,elysium,Reputed Developer / Co-op Consortium,Pune,Wakad,IN,"Elysium, Wakad, Pune 411057, Maharashtra, India",411057,Gated Residential Society,0,20,P52100091112,18.598406,73.770737,Premium Residential,osm_cadastral_enriched,0.88
029b2df9-79c5-4dc8-8908-f91fc80af59e,Akshay Heights,akshay heights,Reputed Developer / Co-op Consortium,Pune,Wakad,IN,"Akshay Heights, Wakad, Pune 411057, Maharashtra, India",411057,Luxury High-Rise Tower,0,20,P52100064556,18.595786,73.768145,Premium Residential,osm_cadastral_enriched,0.88
bb7cffb3-5d4c-40da-a438-b303b71acdac,Ganesh Residency,ganesh residency,Reputed Developer / Co-op Consortium,Pune,Pimple Saudagar & Rahatani,IN,"Ganesh Residency, Pimple Saudagar & Rahatani, Pune 411027, Maharashtra, India",411027,Gated Residential Society,0,20,P52100029725,18.598192,73.793855,Premium Residential,osm_cadastral_enriched,0.88
70854746-85a3-4735-be58-bb46917d8a58,Sudatta Sankul C Wing,sudatta sankul c wing,Reputed Developer / Co-op Consortium,Pune,Sinhagad Road & Manik Baug,IN,"Sudatta Sankul C Wing, Sinhagad Road & Manik Baug, Pune 411051, Maharashtra, India",411051,Gated Residential Society,12,20,P52100070565,18.474251,73.834006,Premium Residential,osm_cadastral_enriched,0.88
0b7f4b6f-5e53-4f74-8263-caec0ca6f3ea,Swiss County,swiss county,Reputed Developer / Co-op Consortium,Pune,Thergaon & Kalewadi,IN,"Swiss County, Thergaon & Kalewadi, Pune 411033, Maharashtra, India",411033,Gated Residential Society,0,20,P52100052171,18.615727,73.777946,Premium Residential,osm_cadastral_enriched,0.88
7ad0d8c7-dede-4058-b600-a1fd6dda924e,Green Spirit,green spirit,Reputed Developer / Co-op Consortium,Pune,Wakad,IN,"Green Spirit, Wakad, Pune 411057, Maharashtra, India",411057,Gated Residential Society,0,20,P52100042948,18.614644,73.778317,Premium Residential,osm_cadastral_enriched,0.88
e386710f-4334-4e65-a6b4-fb33bad5c644,Jamdade's Villa,jamdade s villa,Reputed Developer / Co-op Consortium,Pune,Wakad,IN,"Jamdade's Villa, Wakad, Pune 411057, Maharashtra, India",411057,Luxury Villa Community,0,20,P52100050776,18.590493,73.751415,Premium Residential,osm_cadastral_enriched,0.88
a6a3db3d-4486-4033-87b3-3f7d2e54ae4e,Open land,open land,Reputed Developer / Co-op Consortium,Pune,Wagholi & Bakori Road,IN,"Open land, Wagholi & Bakori Road, Pune 412207, Maharashtra, India",412207,Gated Residential Society,0,20,P52100016145,18.584247,73.989947,Premium Residential,osm_cadastral_enriched,0.88
4d135902-dfa9-4ae4-babd-3e6fbedff461,Majestique Manhattan,majestique manhattan,Reputed Developer / Co-op Consortium,Pune,Wagholi & Bakori Road,IN,"Majestique Manhattan, Wagholi & Bakori Road, Pune 412207, Maharashtra, India",412207,Gated Residential Society,0,20,P52100051480,18.587415,73.989545,Premium Residential,osm_cadastral_enriched,0.88
b7ee4db2-9a71-4b06-be8d-781c1e2c7894,Callisto,callisto,Reputed Developer / Co-op Consortium,Pune,Wakad,IN,"Callisto, Wakad, Pune 411057, Maharashtra, India",411057,Gated Residential Society,0,20,P52100029952,18.602392,73.77128,Premium Residential,osm_cadastral_enriched,0.88
70c2e9a5-b0a5-47d2-b932-add6ebc8cd27,White Lily,white lily,Reputed Developer / Co-op Consortium,Pune,Wakad,IN,"White Lily, Wakad, Pune 411057, Maharashtra, India",411057,Gated Residential Society,0,20,P52100081689,18.602694,73.771901,Premium Residential,osm_cadastral_enriched,0.88
7e0752cc-505a-4cc2-a3b0-6d3cdc8d0206,Kaverinagar Police Line,kaverinagar police line,Reputed Developer / Co-op Consortium,Pune,Wakad,IN,"Kaverinagar Police Line, Wakad, Pune 411057, Maharashtra, India",411057,Gated Residential Society,0,20,P52100043078,18.603974,73.771351,Premium Residential,osm_cadastral_enriched,0.88
dfd0c3d0-f913-4460-bba4-95a3f56dc5f3,Maxima,maxima,Reputed Developer / Co-op Consortium,Pune,Wakad,IN,"Maxima, Wakad, Pune 411057, Maharashtra, India",411057,Gated Residential Society,0,20,P52100075630,18.598162,73.766927,Premium Residential,osm_cadastral_enriched,0.88
b13c37d8-629e-4797-a729-a3624f866679,Palash,palash,Reputed Developer / Co-op Consortium,Pune,Wakad,IN,"Palash, Wakad, Pune 411057, Maharashtra, India",411057,Gated Residential Society,0,20,P52100076543,18.598949,73.766816,Premium Residential,osm_cadastral_enriched,0.88
a88c6377-f3e1-4f6f-b225-ad0b5433ebec,Snehangan residency A&B,snehangan residency a b,Reputed Developer / Co-op Consortium,Pune,Wakad,IN,"Snehangan residency A&B, Wakad, Pune 411057, Maharashtra, India",411057,Gated Residential Society,0,20,P52100087022,18.598314,73.767986,Premium Residential,osm_cadastral_enriched,0.88
32e632a3-b98b-4b79-a5c1-64bb3dd8d0a6,Dynasty,dynasty,Reputed Developer / Co-op Consortium,Pune,Wakad,IN,"Dynasty, Wakad, Pune 411057, Maharashtra, India",411057,Gated Residential Society,0,20,P52100082797,18.598276,73.772368,Premium Residential,osm_cadastral_enriched,0.88
6e096088-0bb4-4b33-8ee5-8b8a2ec5e1eb,Pristine Pronext,pristine pronext,Reputed Developer / Co-op Consortium,Pune,Wakad,IN,"Pristine Pronext, Wakad, Pune 411057, Maharashtra, India",411057,Gated Residential Society,0,20,P52100045915,18.597381,73.768679,Premium Residential,osm_cadastral_enriched,0.88
80070641-21bc-4685-90a6-5a2f977290fa,Nandadeep,nandadeep,Reputed Developer / Co-op Consortium,Pune,Wakad,IN,"Nandadeep, Wakad, Pune 411057, Maharashtra, India",411057,Gated Residential Society,0,20,P52100079466,18.595416,73.77129,Premium Residential,osm_cadastral_enriched,0.88
b44542d6-eb7e-4100-adc3-8daf2d8b39b4,Casa Poli D Wing,casa poli d wing,Reputed Developer / Co-op Consortium,Pune,Wakad,IN,"Casa Poli D Wing, Wakad, Pune 411057, Maharashtra, India",411057,Gated Residential Society,0,20,P52100019087,18.594584,73.765711,Premium Residential,osm_cadastral_enriched,0.88
39aeb5bb-7232-4547-a049-732a09372903,Paradiso,paradiso,Reputed Developer / Co-op Consortium,Pune,Wakad,IN,"Paradiso, Wakad, Pune 411057, Maharashtra, India",411057,Gated Residential Society,0,20,P52100012684,18.594514,73.764814,Premium Residential,osm_cadastral_enriched,0.88
0e1b6cc0-da32-4987-abc2-036b5809432b,Pristine Grandeur,pristine grandeur,Reputed Developer / Co-op Consortium,Pune,Wakad,IN,"Pristine Grandeur, Wakad, Pune 411057, Maharashtra, India",411057,Gated Residential Society,0,20,P52100046220,18.594146,73.766518,Premium Residential,osm_cadastral_enriched,0.88
5800d69f-28f0-4fdb-b2e8-853bc9e12b93,Riddhi Siddhi Avenue,riddhi siddhi avenue,Reputed Developer / Co-op Consortium,Pune,Wakad,IN,"Riddhi Siddhi Avenue, Wakad, Pune 411057, Maharashtra, India",411057,Gated Residential Society,0,20,P52100034988,18.595433,73.766974,Premium Residential,osm_cadastral_enriched,0.88
cc8fa02e-970a-46c5-b760-1a806a1b96f2,Akshay Tower,akshay tower,Reputed Developer / Co-op Consortium,Pune,Wakad,IN,"Akshay Tower, Wakad, Pune 411057, Maharashtra, India",411057,Luxury High-Rise Tower,0,20,P52100044062,18.597674,73.76832,Premium Residential,osm_cadastral_enriched,0.88
ab4a607d-12c2-473a-aea3-c5596c98bc9e,Bella Vista empress,bella vista empress,Reputed Developer / Co-op Consortium,Pune,Wakad,IN,"Bella Vista empress, Wakad, Pune 411057, Maharashtra, India",411057,Gated Residential Society,0,20,P52100068632,18.596077,73.764892,Premium Residential,osm_cadastral_enriched,0.88
9c16bba4-8114-45f1-9c83-63ab69c33787,Amora homes,amora homes,Reputed Developer / Co-op Consortium,Pune,Wakad,IN,"Amora homes, Wakad, Pune 411057, Maharashtra, India",411057,Gated Residential Society,0,20,P52100077956,18.596678,73.772983,Premium Residential,osm_cadastral_enriched,0.88
671e60be-cbaa-4725-8a85-5a56fdbfccbf,Saheel’s Calysta,saheels calysta,Reputed Developer / Co-op Consortium,Pune,Wakad,IN,"Saheel’s Calysta, Wakad, Pune 411057, Maharashtra, India",411057,Gated Residential Society,0,20,P52100096489,18.600654,73.772148,Premium Residential,osm_cadastral_enriched,0.88
460d0729-8b3c-43e1-80fb-fc6fad1c9211,Aishwarya residency A,aishwarya residency a,Reputed Developer / Co-op Consortium,Pune,Wakad,IN,"Aishwarya residency A, Wakad, Pune 411057, Maharashtra, India",411057,Gated Residential Society,0,20,P52100022811,18.599411,73.774341,Premium Residential,osm_cadastral_enriched,0.88
f6e54c1e-2eb3-402c-9542-8a58d084e97a,Aishwarya residency B,aishwarya residency b,Reputed Developer / Co-op Consortium,Pune,Wakad,IN,"Aishwarya residency B, Wakad, Pune 411057, Maharashtra, India",411057,Gated Residential Society,0,20,P52100011229,18.599304,73.775156,Premium Residential,osm_cadastral_enriched,0.88
6695b053-c010-4738-a392-ed731342f1a9,KPS avenue,kps avenue,Reputed Developer / Co-op Consortium,Pune,Wakad,IN,"KPS avenue, Wakad, Pune 411057, Maharashtra, India",411057,Gated Residential Society,0,20,P52100072952,18.598503,73.774006,Premium Residential,osm_cadastral_enriched,0.88
605a6d47-4338-4a91-b1d9-ea44b082983a,Anmol residency,anmol residency,Reputed Developer / Co-op Consortium,Pune,Wakad,IN,"Anmol residency, Wakad, Pune 411057, Maharashtra, India",411057,Gated Residential Society,0,20,P52100048003,18.601531,73.773834,Premium Residential,osm_cadastral_enriched,0.88
7ddae8fa-6950-499b-a3fd-4824c641516d,Atul excellency,atul excellency,Reputed Developer / Co-op Consortium,Pune,Wakad,IN,"Atul excellency, Wakad, Pune 411057, Maharashtra, India",411057,Gated Residential Society,0,20,P52100042816,18.600956,73.773774,Premium Residential,osm_cadastral_enriched,0.88
1c57d958-c582-45b4-9d70-443ff4e6e647,Five Gardens Housing Society,five gardens housing society,Reputed Developer / Co-op Consortium,Pune,Pimple Saudagar & Rahatani,IN,"Five Gardens Housing Society, Pimple Saudagar & Rahatani, Pune 411017, Maharashtra, India",411017,Gated Residential Society,0,20,P52100063482,18.597051,73.785297,Premium Residential,osm_cadastral_enriched,0.88
d15bd7c6-63bb-49c0-9218-3451e198148f,Aishwaryam greens,aishwaryam greens,Reputed Developer / Co-op Consortium,Pune,Wakad,IN,"Aishwaryam greens, Wakad, Pune 411057, Maharashtra, India",411057,Gated Residential Society,0,20,P52100064407,18.590879,73.778058,Premium Residential,osm_cadastral_enriched,0.88
ecec718c-c5f6-4710-a77d-301e72eec495,Sanjeevani,sanjeevani,Reputed Developer / Co-op Consortium,Pune,Wakad,IN,"Sanjeevani, Wakad, Pune 411057, Maharashtra, India",411057,Gated Residential Society,0,20,P52100029128,18.613277,73.778453,Premium Residential,osm_cadastral_enriched,0.88
dadbaf7a-3b2b-476a-9dbc-1ee6fbd30c13,Shiva Heights,shiva heights,Reputed Developer / Co-op Consortium,Pune,Pimple Saudagar & Rahatani,IN,"Shiva Heights, Pimple Saudagar & Rahatani, Pune 411027, Maharashtra, India",411027,Luxury High-Rise Tower,0,20,P52100095089,18.595038,73.785944,Premium Residential,osm_cadastral_enriched,0.88
15797052-f453-48d7-b7e7-0556d3e79d1e,Elements 5,elements 5,Reputed Developer / Co-op Consortium,Pune,Pimple Saudagar & Rahatani,IN,"Elements 5, Pimple Saudagar & Rahatani, Pune 411027, Maharashtra, India",411027,Gated Residential Society,0,20,P52100030833,18.59485,73.78633,Premium Residential,osm_cadastral_enriched,0.88
3819e728-7e1f-47ab-971b-52520607f503,Su casa,su casa,Reputed Developer / Co-op Consortium,Pune,Wakad,IN,"Su casa, Wakad, Pune 411057, Maharashtra, India",411057,Gated Residential Society,0,20,P52100015308,18.597154,73.766138,Premium Residential,osm_cadastral_enriched,0.88
b16d63ef-3b2f-4d59-ad47-3c12eb7b082f,Sai Vista,sai vista,Reputed Developer / Co-op Consortium,Pune,Wakad,IN,"Sai Vista, Pimple Saudagar - Kalewadi Road, Wakad, Pune 411027, Maharashtra, India",411027,Gated Residential Society,0,20,P52100072381,18.603469,73.782634,Premium Residential,osm_cadastral_enriched,0.88
cd5b8f07-2fe8-4c5e-bb64-2faf01b2bbd8,R K Life Space,r k life space,Reputed Developer / Co-op Consortium,Pune,Wakad,IN,"R K Life Space, Wakad, Pune 411057, Maharashtra, India",411057,Gated Residential Society,0,20,P52100093097,18.598429,73.764403,Premium Residential,osm_cadastral_enriched,0.88
ae3d7cfd-2e12-4c56-bb22-5301bd4d2cdd,Kaasp County,kaasp county,Reputed Developer / Co-op Consortium,Pune,Wakad,IN,"Kaasp County, Wakad, Pune 411057, Maharashtra, India",411057,Gated Residential Society,0,20,P52100087172,18.59408,73.77523,Premium Residential,osm_cadastral_enriched,0.88
693fed5f-5694-4923-b668-745fe8c0d795,Nisarg city,nisarg city,Reputed Developer / Co-op Consortium,Pune,Wakad,IN,"Nisarg city, Kaspate Vasti Road, Wakad, Pune 411057, Maharashtra, India",411057,Gated Residential Society,0,20,P52100046152,18.598904,73.774185,Premium Residential,osm_cadastral_enriched,0.88
41b3baa7-3b1d-4019-9fe4-a65eb36566b3,Vardhaman dreams,vardhaman dreams,Reputed Developer / Co-op Consortium,Pune,Wakad,IN,"Vardhaman dreams, Wakad, Pune 411057, Maharashtra, India",411057,Gated Residential Society,0,20,P52100053705,18.598702,73.776596,Premium Residential,osm_cadastral_enriched,0.88
8404f85c-0b50-4bfb-94a4-3b6b13c6411b,B square,b square,Reputed Developer / Co-op Consortium,Pune,Wakad,IN,"B square, Wakad, Pune 411057, Maharashtra, India",411057,Gated Residential Society,0,20,P52100013082,18.614584,73.775476,Premium Residential,osm_cadastral_enriched,0.88
cd26f3ae-639c-41db-a611-0f84569a8bd3,Shrinath Housing Society,shrinath housing society,Reputed Developer / Co-op Consortium,Pune,Wakad,IN,"Shrinath Housing Society, Wakad, Pune 411057, Maharashtra, India",411057,Gated Residential Society,0,20,P52100068456,18.612503,73.783443,Premium Residential,osm_cadastral_enriched,0.88
529e1079-ad85-43fc-be4f-19ea72613275,sakha,sakha,Reputed Developer / Co-op Consortium,Pune,"Dhanori, Lohegaon & Porwal",IN,"sakha, lane A6, Dhanori, Lohegaon & Porwal, Pune 411047, Maharashtra, India",411047,Gated Residential Society,0,20,P52100080423,18.591707,73.927233,Premium Residential,osm_cadastral_enriched,0.88
7f3f3a95-c518-4fd2-8e8d-abe960ccbbc7,Tanya,tanya,Reputed Developer / Co-op Consortium,Pune,Wakad,IN,"Tanya, Wakad, Pune 411057, Maharashtra, India",411057,Gated Residential Society,0,20,P52100019965,18.597835,73.773237,Premium Residential,osm_cadastral_enriched,0.88
6cb14484-2013-4db5-8ef3-3f1cdcbcb827,Akshara platinum,akshara platinum,Reputed Developer / Co-op Consortium,Pune,Wakad,IN,"Akshara platinum, Wakad, Pune 411057, Maharashtra, India",411057,Gated Residential Society,0,20,P52100039445,18.598041,73.77339,Premium Residential,osm_cadastral_enriched,0.88
ff0b78f0-c25b-4d41-9e03-5b56310ec557,Raj palace,raj palace,Reputed Developer / Co-op Consortium,Pune,Wakad,IN,"Raj palace, Wakad, Pune 411057, Maharashtra, India",411057,Gated Residential Society,0,20,P52100058978,18.597517,73.77453,Premium Residential,osm_cadastral_enriched,0.88
3154fbd8-a5e4-4899-938c-f4898b273de5,Anukul residency,anukul residency,Reputed Developer / Co-op Consortium,Pune,Wakad,IN,"Anukul residency, Wakad, Pune 411057, Maharashtra, India",411057,Gated Residential Society,0,20,P52100081775,18.597478,73.775378,Premium Residential,osm_cadastral_enriched,0.88
c97a96ef-a444-4a90-9047-857c38cce987,Sumatra stars,sumatra stars,Reputed Developer / Co-op Consortium,Pune,Wakad,IN,"Sumatra stars, Wakad, Pune 411057, Maharashtra, India",411057,Gated Residential Society,0,20,P52100093052,18.602677,73.771085,Premium Residential,osm_cadastral_enriched,0.88
83d5da72-bcd7-4780-b0b3-ec04bcd7d46c,Palash plus,palash plus,Reputed Developer / Co-op Consortium,Pune,Wakad,IN,"Palash plus, Wakad, Pune 411057, Maharashtra, India",411057,Gated Residential Society,0,20,P52100032761,18.599869,73.771099,Premium Residential,osm_cadastral_enriched,0.88
fb78f973-5a0e-434f-a9d1-16b2d830400c,Aswani galaxy,aswani galaxy,Reputed Developer / Co-op Consortium,Pune,Wakad,IN,"Aswani galaxy, Wakad, Pune 411057, Maharashtra, India",411057,Gated Residential Society,0,20,P52100054826,18.600985,73.771022,Premium Residential,osm_cadastral_enriched,0.88
9846f6d7-3686-43d1-ace2-7df3f2d81cab,Mi casa Bella,mi casa bella,Reputed Developer / Co-op Consortium,Pune,Wakad,IN,"Mi casa Bella, Wakad, Pune 411057, Maharashtra, India",411057,Gated Residential Society,0,20,P52100096682,18.601186,73.771301,Premium Residential,osm_cadastral_enriched,0.88
027bea67-47f3-474e-9175-088876550451,Ventila,ventila,Reputed Developer / Co-op Consortium,Pune,Ravet & Kiwale,IN,"Ventila, Ravet & Kiwale, Pune 412101, Maharashtra, India",412101,Gated Residential Society,0,20,P52100056567,18.64417,73.756104,Premium Residential,osm_cadastral_enriched,0.88
d95a38ca-ccd4-459d-9fe3-0fe2f8435b7f,Solitaire Paradise,solitaire paradise,Reputed Developer / Co-op Consortium,Pune,Wakad,IN,"Solitaire Paradise, Wakad, Pune 411057, Maharashtra, India",411057,Gated Residential Society,0,20,P52100077418,18.602719,73.769165,Premium Residential,osm_cadastral_enriched,0.88
825125b2-cbf4-44b7-8bef-c3e7fd3a138b,Meenal Gardens,meenal gardens,Reputed Developer / Co-op Consortium,Pune,Sinhagad Road & Manik Baug,IN,"Meenal Gardens, Sinhagad Road & Manik Baug, Pune 411051, Maharashtra, India",411051,Gated Residential Society,0,20,P52100073690,18.499854,73.831687,Premium Residential,osm_cadastral_enriched,0.88
1026d844-85b3-43ea-a23a-cb8dd31911f6,Bliss,bliss,Reputed Developer / Co-op Consortium,Pune,Wakad,IN,"Bliss, Wakad, Pune 411057, Maharashtra, India",411057,Gated Residential Society,0,20,P52100095572,18.595204,73.762873,Premium Residential,osm_cadastral_enriched,0.88
647d8edd-b878-4f2e-a009-d50208fa10fc,Dwarka queens park,dwarka queens park,Reputed Developer / Co-op Consortium,Pune,Pimple Saudagar & Rahatani,IN,"Dwarka queens park, Pimple Saudagar & Rahatani, Pune 411027, Maharashtra, India",411027,Gated Residential Society,0,20,P52100068147,18.596809,73.789047,Premium Residential,osm_cadastral_enriched,0.88
9e806044-0e6b-4d37-869f-0a1acbe3fff0,Altissimo,altissimo,Reputed Developer / Co-op Consortium,Pune,Wakad,IN,"Altissimo, Wakad, Pune 411057, Maharashtra, India",411057,Gated Residential Society,0,20,P52100072107,18.596286,73.760297,Premium Residential,osm_cadastral_enriched,0.88
adfae7fb-0415-4f0b-9fc6-45140f41abe7,Pristine Prolife 2,pristine prolife 2,Reputed Developer / Co-op Consortium,Pune,Wakad,IN,"Pristine Prolife 2, Wakad, Pune 411057, Maharashtra, India",411057,Gated Residential Society,0,20,P52100055072,18.597483,73.759274,Premium Residential,osm_cadastral_enriched,0.88
1c3a34a7-6cc5-43ac-bd29-369eb219ebc2,Vedanta,vedanta,Reputed Developer / Co-op Consortium,Pune,Wakad,IN,"Vedanta, Wakad, Pune 411057, Maharashtra, India",411057,Gated Residential Society,0,20,P52100039246,18.593793,73.760852,Premium Residential,osm_cadastral_enriched,0.88
b6eb5cf1-a6da-48a0-90a2-da1f3d40c689,Pristine prolife 3,pristine prolife 3,Reputed Developer / Co-op Consortium,Pune,Wakad,IN,"Pristine prolife 3, Wakad, Pune 411057, Maharashtra, India",411057,Gated Residential Society,0,20,P52100012906,18.59637,73.757287,Premium Residential,osm_cadastral_enriched,0.88
0a20367a-93e3-49a5-b08f-867f55278c41,Laxmi avenue,laxmi avenue,Reputed Developer / Co-op Consortium,Pune,Wakad,IN,"Laxmi avenue, Wakad, Pune 411057, Maharashtra, India",411057,Gated Residential Society,0,20,P52100014527,18.595924,73.75939,Premium Residential,osm_cadastral_enriched,0.88
d0f2dc30-03b6-425f-8bed-cdbb0504ac96,Prudentia,prudentia,Reputed Developer / Co-op Consortium,Pune,Wakad,IN,"Prudentia, Wakad, Pune 411057, Maharashtra, India",411057,Gated Residential Society,0,20,P52100098672,18.598211,73.762155,Premium Residential,osm_cadastral_enriched,0.88
96a771f4-a9d8-4d29-ba89-04a48ec3efda,Windsor,windsor,Reputed Developer / Co-op Consortium,Pune,Wakad,IN,"Windsor, Wakad, Pune 411057, Maharashtra, India",411057,Gated Residential Society,0,20,P52100068152,18.598235,73.762777,Premium Residential,osm_cadastral_enriched,0.88
9278287f-a7fa-4c24-9866-1750521ba792,Madhupushpa,madhupushpa,Reputed Developer / Co-op Consortium,Pune,Wakad,IN,"Madhupushpa, Wakad, Pune 411057, Maharashtra, India",411057,Gated Residential Society,0,20,P52100025477,18.596375,73.762054,Premium Residential,osm_cadastral_enriched,0.88
8bcbc753-60d9-46f9-969f-758c03cd923c,Akshay Anantam,akshay anantam,Reputed Developer / Co-op Consortium,Pune,Wakad,IN,"Akshay Anantam, Wakad, Pune 411057, Maharashtra, India",411057,Gated Residential Society,0,20,P52100012998,18.595892,73.76292,Premium Residential,osm_cadastral_enriched,0.88
c2a113e4-a429-43c4-bd64-ff22cd68d561,Burger Villa,burger villa,Reputed Developer / Co-op Consortium,Pune,Ravet & Kiwale,IN,"Burger Villa, Ravet & Kiwale, Pune 411044, Maharashtra, India",411044,Luxury Villa Community,0,20,P52100089780,18.654497,73.76142,Premium Residential,osm_cadastral_enriched,0.88
76b4edc0-ad55-4b56-a064-49a0130fe1bb,Shrinivas Vihar Hsg. Soc,shrinivas vihar hsg soc,Reputed Developer / Co-op Consortium,Pune,Ravet & Kiwale,IN,"Shrinivas Vihar Hsg. Soc, Ravet & Kiwale, Pune 411044, Maharashtra, India",411044,Gated Residential Society,0,20,P52100072148,18.653645,73.761984,Premium Residential,osm_cadastral_enriched,0.88
ffcc13bf-54bd-4f7c-9693-e82583722124,Siddhivinayak Hsg.Soc,siddhivinayak hsg soc,Reputed Developer / Co-op Consortium,Pune,Ravet & Kiwale,IN,"Siddhivinayak Hsg.Soc, Ravet & Kiwale, Pune 411044, Maharashtra, India",411044,Gated Residential Society,0,20,P52100052917,18.65388,73.761329,Premium Residential,osm_cadastral_enriched,0.88
861167e0-079b-492d-8e2e-e95f7dec8e66,9 Green Park,9 green park,Reputed Developer / Co-op Consortium,Pune,Sinhagad Road & Manik Baug,IN,"9 Green Park, Sinhagad Road & Manik Baug, Pune 411051, Maharashtra, India",411051,Gated Residential Society,0,20,P52100017913,18.482478,73.844757,Premium Residential,osm_cadastral_enriched,0.88
7eb5fe0b-2fcc-42b6-9994-92e303a6b3dc,Royal Avenue,royal avenue,Reputed Developer / Co-op Consortium,Pune,Wakad,IN,"Royal Avenue, Wakad, Pune 411057, Maharashtra, India",411057,Gated Residential Society,0,20,P52100021100,18.587723,73.750207,Premium Residential,osm_cadastral_enriched,0.88
6731c74e-0773-49fc-9ad1-54a2b1a24d83,Ovi,ovi,Reputed Developer / Co-op Consortium,Pune,Wakad,IN,"Ovi, Wakad, Pune 411057, Maharashtra, India",411057,Gated Residential Society,0,20,P52100077142,18.58775,73.750036,Premium Residential,osm_cadastral_enriched,0.88
1b379737-3233-4fc9-9375-f1a97cbbacf3,Vrundavan,vrundavan,Reputed Developer / Co-op Consortium,Pune,Wakad,IN,"Vrundavan, Wakad, Pune 411057, Maharashtra, India",411057,Gated Residential Society,0,20,P52100012428,18.587755,73.750574,Premium Residential,osm_cadastral_enriched,0.88
72ba2db7-40db-4f80-9908-cab08b2e6935,Legacy Bliss,legacy bliss,Reputed Developer / Co-op Consortium,Pune,Wakad,IN,"Legacy Bliss, Wakad, Pune 411057, Maharashtra, India",411057,Gated Residential Society,0,20,P52100016635,18.58919,73.750949,Premium Residential,osm_cadastral_enriched,0.88
f77e085d-2bfe-42c3-b1da-0789b760adea,Tirupati Regalia,tirupati regalia,Reputed Developer / Co-op Consortium,Pune,"Dhanori, Lohegaon & Porwal",IN,"Tirupati Regalia, Dhanori, Lohegaon & Porwal, Pune 411015, Maharashtra, India",411015,Gated Residential Society,0,20,P52100094515,18.578528,73.885109,Premium Residential,osm_cadastral_enriched,0.88
3997d37d-869c-4566-b25b-9b0c51eb56d6,West One,west one,Reputed Developer / Co-op Consortium,Pune,Wakad,IN,"West One, Hirai Sitai Road, Wakad, Pune 411057, Maharashtra, India",411057,Gated Residential Society,0,20,P52100080168,18.588813,73.753359,Premium Residential,osm_cadastral_enriched,0.88
8e3e68a1-0b87-4184-b6f1-b271c26f5213,Stature,stature,Reputed Developer / Co-op Consortium,Pune,Dhayari & Narhe,IN,"Stature, Sinhagad Road, Dhayari & Narhe, Pune 411041, Maharashtra, India",411041,Gated Residential Society,0,20,P52100051197,18.457753,73.808193,Premium Residential,osm_cadastral_enriched,0.88
dc31d890-f819-4afa-b553-0c293d12c9cd,Yashwin Encore A1&A2,yashwin encore a1 a2,Reputed Developer / Co-op Consortium,Pune,Wakad,IN,"Yashwin Encore A1&A2, Wakad, Pune 411057, Maharashtra, India",411057,Gated Residential Society,0,20,P52100066805,18.597606,73.751835,Premium Residential,osm_cadastral_enriched,0.88
f29728f7-1b6c-4e25-9ada-4ee162b5e2cd,Kunal Residency,kunal residency,Reputed Developer / Co-op Consortium,Pune,Thergaon & Kalewadi,IN,"Kunal Residency, Thergaon & Kalewadi, Pune 411033, Maharashtra, India",411033,Gated Residential Society,0,20,P52100037912,18.618637,73.776431,Premium Residential,osm_cadastral_enriched,0.88
892ae4db-114d-48c8-959e-087a8f96ce6e,Ganga Osian Meadows,ganga osian meadows,Reputed Developer / Co-op Consortium,Pune,Thergaon & Kalewadi,IN,"Ganga Osian Meadows, Thergaon & Kalewadi, Pune 411033, Maharashtra, India",411033,Gated Residential Society,0,20,P52100052574,18.618738,73.775728,Premium Residential,osm_cadastral_enriched,0.88
a7811384-66d3-4e0a-ba74-ba3b732ff069,Laxmi Satyam Society,laxmi satyam society,Reputed Developer / Co-op Consortium,Pune,"Dhanori, Lohegaon & Porwal",IN,"Laxmi Satyam Society, Laxmi Satyam Society Road, Dhanori, Lohegaon & Porwal, Pune 411015, Maharashtra, India",411015,Gated Residential Society,0,20,P52100081761,18.595993,73.904165,Premium Residential,osm_cadastral_enriched,0.88
f4c09dd6-022f-41bc-8a10-2d2751884720,Renuka Gloria,renuka gloria,Reputed Developer / Co-op Consortium,Pune,Ravet & Kiwale,IN,"Renuka Gloria, Ravet & Kiwale, Pune 412101, Maharashtra, India",412101,Gated Residential Society,0,20,P52100071955,18.650444,73.741427,Premium Residential,osm_cadastral_enriched,0.88
2e28447f-6eaf-4805-9f40-9fdb7889ae7e,Mantra Montana,mantra montana,Reputed Developer / Co-op Consortium,Pune,"Dhanori, Lohegaon & Porwal",IN,"Mantra Montana, D. N Parande Road, Dhanori, Lohegaon & Porwal, Pune 411015, Maharashtra, India",411015,Gated Residential Society,0,20,P52100082348,18.613902,73.902278,Premium Residential,osm_cadastral_enriched,0.88
85e3471b-3d10-4346-8e22-aaa747ef3b6a,Park Plaza,park plaza,Reputed Developer / Co-op Consortium,Pune,"Dhanori, Lohegaon & Porwal",IN,"Park Plaza, Porwal Road, Dhanori, Lohegaon & Porwal, Pune 411047, Maharashtra, India",411047,Gated Residential Society,0,20,P52100042564,18.613932,73.911629,Premium Residential,osm_cadastral_enriched,0.88
f2b3dae8-6654-4bd4-bba4-7533dccf7ebe,Sai Saroj,sai saroj,Reputed Developer / Co-op Consortium,Pune,Ravet & Kiwale,IN,"Sai Saroj, Shinde Wasti MIDC Road, Ravet & Kiwale, Pune 412101, Maharashtra, India",412101,Gated Residential Society,0,20,P52100063730,18.657605,73.755043,Premium Residential,osm_cadastral_enriched,0.88
db49f008-e53c-4232-9ca8-f10d172a56f4,Tushar Residency,tushar residency,Reputed Developer / Co-op Consortium,Pune,Pimple Saudagar & Rahatani,IN,"Tushar Residency, Pimple Saudagar & Rahatani, Pune 411027, Maharashtra, India",411027,Gated Residential Society,0,20,P52100084266,18.598127,73.791819,Premium Residential,osm_cadastral_enriched,0.88
3cd095b8-eac4-4f00-a3b7-708b72e0cb91,Urbano,urbano,Reputed Developer / Co-op Consortium,Pune,Wagholi & Bakori Road,IN,"Urbano, Kesnand Road, Wagholi, Wagholi & Bakori Road, Pune 412207, Maharashtra, India",412207,Gated Residential Society,0,20,P52100063145,18.574875,73.992108,Premium Residential,osm_cadastral_enriched,0.88
47c97674-e1c8-4efb-8b45-f89a284353a6,Orchid Plaza,orchid plaza,Reputed Developer / Co-op Consortium,Pune,Dhayari & Narhe,IN,"Orchid Plaza, Dhayari & Narhe, Pune 411041, Maharashtra, India",411041,Gated Residential Society,0,20,P52100089270,18.444338,73.834078,Premium Residential,osm_cadastral_enriched,0.88
0dc759e2-78bf-4732-9aa2-fa646decc1d8,Ganesh residency,ganesh residency,Reputed Developer / Co-op Consortium,Pune,Dhayari & Narhe,IN,"Ganesh residency, Dhayari & Narhe, Pune 411041, Maharashtra, India",411041,Gated Residential Society,0,20,P52100072008,18.443909,73.83433,Premium Residential,osm_cadastral_enriched,0.88
31547ce5-d64f-48d8-a74d-a5ef833a33ed,Vishwaraj Residency,vishwaraj residency,Reputed Developer / Co-op Consortium,Pune,Wagholi & Bakori Road,IN,"Vishwaraj Residency, Nagar Road, Wagholi & Bakori Road, Pune 412207, Maharashtra, India",412207,Gated Residential Society,0,20,P52100020421,18.580027,73.972916,Premium Residential,osm_cadastral_enriched,0.88
d68c6065-0879-4242-8ed3-89e615874d01,Purva Shrishti,purva shrishti,Reputed Developer / Co-op Consortium,Pune,Dhayari & Narhe,IN,"Purva Shrishti, Rajyog Society Road, Dhayari & Narhe, Pune 411041, Maharashtra, India",411041,Gated Residential Society,0,20,P52100092679,18.458604,73.807008,Premium Residential,osm_cadastral_enriched,0.88
5eec6ff1-9b3e-49b8-b7d8-5b027d987107,A Building,a building,Reputed Developer / Co-op Consortium,Pune,Pimpri & Chinchwad Station,IN,"A Building, Telco Road, Bhoir Colony, Pimpri & Chinchwad Station, Pune 411033, Maharashtra, India",411033,Gated Residential Society,0,20,P52100012182,18.633373,73.78667,Premium Residential,osm_cadastral_enriched,0.88
7d31d2e4-5610-4632-a582-ac18b3955824,B Building,b building,Reputed Developer / Co-op Consortium,Pune,Pimpri & Chinchwad Station,IN,"B Building, Telco Road , Bhoir Colony, Pimpri & Chinchwad Station, Pune 411033, Maharashtra, India",411033,Gated Residential Society,0,20,P52100093040,18.633268,73.786378,Premium Residential,osm_cadastral_enriched,0.88
43bea31f-7ed6-4832-8ee1-ceae8a6a0421,C-Building,c building,Reputed Developer / Co-op Consortium,Pune,Pimpri & Chinchwad Station,IN,"C-Building, Telco Road , Bhoir Colony , Chinchwad, Pimpri & Chinchwad Station, Pune 411033, Maharashtra, India",411033,Gated Residential Society,0,20,P52100019384,18.633164,73.786134,Premium Residential,osm_cadastral_enriched,0.88
dcdacae6-dc7b-4434-9327-17a94e391945,H-Building,h building,Reputed Developer / Co-op Consortium,Pune,Pimpri & Chinchwad Station,IN,"H-Building, Telco Road , Bhoir Colony,  Chinchwad, Pimpri & Chinchwad Station, Pune 411033, Maharashtra, India",411033,Gated Residential Society,0,20,P52100017791,18.63302,73.785943,Premium Residential,osm_cadastral_enriched,0.88
d1a1f205-2812-4978-89c9-3ff12877272d,G-Building,g building,Reputed Developer / Co-op Consortium,Pune,Pimpri & Chinchwad Station,IN,"G-Building, Pimpri & Chinchwad Station, Pune 411018, Maharashtra, India",411018,Gated Residential Society,0,20,P52100069692,18.633096,73.78668,Premium Residential,osm_cadastral_enriched,0.88
031b69e0-3a3a-405c-816f-9914b04e0a47,F-Building,f building,Reputed Developer / Co-op Consortium,Pune,Pimpri & Chinchwad Station,IN,"F-Building, Pimpri & Chinchwad Station, Pune 411018, Maharashtra, India",411018,Gated Residential Society,0,20,P52100042937,18.632859,73.786556,Premium Residential,osm_cadastral_enriched,0.88
ee52d601-b1f3-4f91-9df6-3c60a8c1ed4d,E - Building,e building,Reputed Developer / Co-op Consortium,Pune,Pimpri & Chinchwad Station,IN,"E - Building, Pimpri & Chinchwad Station, Pune 411018, Maharashtra, India",411018,Gated Residential Society,0,20,P52100095148,18.632881,73.786356,Premium Residential,osm_cadastral_enriched,0.88
08a71292-922f-46ff-82b4-a8d08738e66e,D-Building,d building,Reputed Developer / Co-op Consortium,Pune,Pimpri & Chinchwad Station,IN,"D-Building, Pimpri & Chinchwad Station, Pune 411018, Maharashtra, India",411018,Gated Residential Society,0,20,P52100011883,18.632909,73.786118,Premium Residential,osm_cadastral_enriched,0.88
e9332637-a571-41b6-95e7-bc011302b9d3,Metropolitian Society,metropolitian society,Reputed Developer / Co-op Consortium,Pune,Pimpri & Chinchwad Station,IN,"Metropolitian Society, Pimpri & Chinchwad Station, Pune 411018, Maharashtra, India",411018,Gated Residential Society,0,20,P52100086415,18.629581,73.785695,Premium Residential,osm_cadastral_enriched,0.88
d8d9bd81-98db-46cd-a6be-e1e85b64a244,Swapnapurti,swapnapurti,Reputed Developer / Co-op Consortium,Pune,Ravet & Kiwale,IN,"Swapnapurti, Ravet & Kiwale, Pune 411044, Maharashtra, India",411044,Gated Residential Society,0,20,P52100039532,18.65687,73.759403,Premium Residential,osm_cadastral_enriched,0.88
6928c714-9f90-48e2-8433-4234af0d4acc,Nisarg Darshan Housing Society,nisarg darshan housing society,Reputed Developer / Co-op Consortium,Pune,Ravet & Kiwale,IN,"Nisarg Darshan Housing Society, Ravet & Kiwale, Pune 411044, Maharashtra, India",411044,Gated Residential Society,0,20,P52100048743,18.656523,73.758617,Premium Residential,osm_cadastral_enriched,0.88
e749fb4c-1cd1-4589-875f-6119195db947,Swapnapurti,swapnapurti,Reputed Developer / Co-op Consortium,Pune,Ravet & Kiwale,IN,"Swapnapurti, Ravet & Kiwale, Pune 411044, Maharashtra, India",411044,Gated Residential Society,0,20,P52100039532,18.657864,73.757246,Premium Residential,osm_cadastral_enriched,0.88
677a2a58-2bb3-4928-adae-54256d6d125f,Premsagar Housing Society,premsagar housing society,Reputed Developer / Co-op Consortium,Pune,Pimpri & Chinchwad Station,IN,"Premsagar Housing Society, Pimpri & Chinchwad Station, Pune 411018, Maharashtra, India",411018,Gated Residential Society,0,20,P52100041743,18.633133,73.786513,Premium Residential,osm_cadastral_enriched,0.88
380ac865-579b-4723-9dac-11487751d3ea,Radheshwari Nagar,radheshwari nagar,Reputed Developer / Co-op Consortium,Pune,Wagholi & Bakori Road,IN,"Radheshwari Nagar, Wagholi & Bakori Road, Pune 412207, Maharashtra, India",412207,Gated Residential Society,0,20,P52100087443,18.590015,74.011427,Premium Residential,osm_cadastral_enriched,0.88
934084b9-8b8a-4e12-ba68-52b206279707,Lake Paradise Society,lake paradise society,Reputed Developer / Co-op Consortium,Pune,Wagholi & Bakori Road,IN,"Lake Paradise Society, Gate No 60, near Wagheshwar Temple, Bawadi Rd, Wagholi & Bakori Road, Pune 412207, Maharashtra, India",412207,Gated Residential Society,0,20,P52100028994,18.58838,73.981785,Premium Residential,osm_cadastral_enriched,0.88
a5d9a5e0-af0f-4a54-9569-f8852b5ef4ee,1,1,Reputed Developer / Co-op Consortium,Pune,Wagholi & Bakori Road,IN,"1, Wagholi & Bakori Road, Pune 412207, Maharashtra, India",412207,Gated Residential Society,0,20,P52100013196,18.586192,73.983682,Premium Residential,osm_cadastral_enriched,0.88
81794a2b-6e2a-4a44-8c32-624994e615e3,2,2,Reputed Developer / Co-op Consortium,Pune,Wagholi & Bakori Road,IN,"2, Wagholi & Bakori Road, Pune 412207, Maharashtra, India",412207,Gated Residential Society,0,20,P52100045355,18.586205,73.984153,Premium Residential,osm_cadastral_enriched,0.88
3020b941-a424-434e-8a6a-ef0c4db08e85,3,3,Reputed Developer / Co-op Consortium,Pune,Wagholi & Bakori Road,IN,"3, Wagholi & Bakori Road, Pune 412207, Maharashtra, India",412207,Gated Residential Society,0,20,P52100038524,18.58621,73.984647,Premium Residential,osm_cadastral_enriched,0.88
897b1e23-b4d0-48a3-bf8d-78c89d7a0a10,4,4,Reputed Developer / Co-op Consortium,Pune,Wagholi & Bakori Road,IN,"4, Wagholi & Bakori Road, Pune 412207, Maharashtra, India",412207,Gated Residential Society,0,20,P52100027862,18.585764,73.983739,Premium Residential,osm_cadastral_enriched,0.88
9473be2b-1ba7-4a65-bb15-3a96281914ec,Dabhekar House,dabhekar house,Reputed Developer / Co-op Consortium,Pune,Sinhagad Road & Manik Baug,IN,"Dabhekar House, Parvati Paytha ,Janta Vasahat, Sinhagad Road & Manik Baug, Pune 411009, Maharashtra, India",411009,Gated Residential Society,0,20,P52100065309,18.493208,73.840475,Premium Residential,osm_cadastral_enriched,0.88
ec35ef43-3b82-4141-90e8-4f0217d1e9ed,Nirman Aura B Wing,nirman aura b wing,Reputed Developer / Co-op Consortium,Pune,Dhayari & Narhe,IN,"Nirman Aura B Wing, Dhayari & Narhe, Pune 411041, Maharashtra, India",411041,Gated Residential Society,0,20,P52100060343,18.456955,73.833588,Premium Residential,osm_cadastral_enriched,0.88
3f62f17a-d49c-4ae8-98c6-23c45cb4324d,Mirchandani Palms,mirchandani palms,Reputed Developer / Co-op Consortium,Pune,Pimple Saudagar & Rahatani,IN,"Mirchandani Palms, Kokane Chowk - Rahatani Road, Pimple Saudagar & Rahatani, Pune 411017, Maharashtra, India",411017,Gated Residential Society,0,20,P52100019782,18.599984,73.789274,Premium Residential,osm_cadastral_enriched,0.88
e296156b-5bc1-4ed8-8560-6d5e005261d0,Mantra Park View Society,mantra park view society,Reputed Developer / Co-op Consortium,Pune,Dhayari & Narhe,IN,"Mantra Park View Society, DSK Vishwa Road, Dhayari & Narhe, Pune 411041, Maharashtra, India",411041,Gated Residential Society,0,20,P52100056626,18.445649,73.805762,Premium Residential,osm_cadastral_enriched,0.88
1c4cc1c0-71df-423f-b00e-ef55894b316d,Gardian Cityscape,gardian cityscape,Reputed Developer / Co-op Consortium,Pune,Sinhagad Road & Manik Baug,IN,"Gardian Cityscape, Sinhgad Road, Sinhagad Road & Manik Baug, Pune 411019, Maharashtra, India",411019,Gated Residential Society,0,20,P52100010745,18.490698,73.83083,Premium Residential,osm_cadastral_enriched,0.88
cd52c5d5-ad3a-45bd-9a8a-1d872e930840,Park Titanium,park titanium,Reputed Developer / Co-op Consortium,Pune,Wakad,IN,"Park Titanium, Park Street, Wakad, Pune 411057, Maharashtra, India",411057,Gated Residential Society,0,20,P52100062869,18.592103,73.779664,Premium Residential,osm_cadastral_enriched,0.88
6b7fa2dd-528b-46a0-a08d-8b4c424de23c,IVY Apartments Villas,ivy apartments villas,Reputed Developer / Co-op Consortium,Pune,Wagholi & Bakori Road,IN,"IVY Apartments Villas, Wagholi & Bakori Road, Pune 412207, Maharashtra, India",412207,Luxury Villa Community,0,20,P52100032950,18.584059,74.005302,Premium Residential,osm_cadastral_enriched,0.88
b9d4a2ba-fb3c-4864-a9c5-a2e7baf887d5,Kohinoor grandeur,kohinoor grandeur,Reputed Developer / Co-op Consortium,Pune,Ravet & Kiwale,IN,"Kohinoor grandeur, Ravet & Kiwale, Pune 412101, Maharashtra, India",412101,Gated Residential Society,0,20,P52100030363,18.659396,73.732283,Premium Residential,osm_cadastral_enriched,0.88
ec67eac6-2aba-4391-afb7-9aeec0714e27,My Home Kiwale,my home kiwale,Reputed Developer / Co-op Consortium,Pune,Ravet & Kiwale,IN,"My Home Kiwale, Ravet & Kiwale, Pune 412101, Maharashtra, India",412101,Gated Residential Society,0,20,P52100035026,18.661639,73.726772,Premium Residential,osm_cadastral_enriched,0.88
b249b90e-b69d-456e-ade6-030210da3409,Sunder Garden,sunder garden,Reputed Developer / Co-op Consortium,Pune,Sinhagad Road & Manik Baug,IN,"Sunder Garden, Sinhagad Road & Manik Baug, Pune 411051, Maharashtra, India",411051,Gated Residential Society,0,20,P52100058782,18.475343,73.820423,Premium Residential,osm_cadastral_enriched,0.88
55e3a7e6-ed89-4ad4-861f-54002709fd36,Shivsagar City,shivsagar city,Reputed Developer / Co-op Consortium,Pune,Sinhagad Road & Manik Baug,IN,"Shivsagar City, Sinhagad Road & Manik Baug, Pune 411051, Maharashtra, India",411051,Gated Residential Society,0,20,P52100081841,18.475841,73.819095,Premium Residential,osm_cadastral_enriched,0.88
a12c5d72-8dd2-4b11-9e96-7cb18e5ecf4c,Akshay Paradise,akshay paradise,Reputed Developer / Co-op Consortium,Pune,Sinhagad Road & Manik Baug,IN,"Akshay Paradise, Sinhagad Road & Manik Baug, Pune 411051, Maharashtra, India",411051,Gated Residential Society,0,20,P52100067071,18.475279,73.830562,Premium Residential,osm_cadastral_enriched,0.88
1f548e38-2f09-4912-94e6-ff66355f9789,Rose Icon Society,rose icon society,Reputed Developer / Co-op Consortium,Pune,Pimple Saudagar & Rahatani,IN,"Rose Icon Society, Pimple Saudagar & Rahatani, Pune 411027, Maharashtra, India",411027,Gated Residential Society,0,20,P52100048627,18.59494,73.800379,Premium Residential,osm_cadastral_enriched,0.88
6870ad52-0585-4aac-9a50-dd623f78a4b2,Kadambari,kadambari,Reputed Developer / Co-op Consortium,Pune,Sinhagad Road & Manik Baug,IN,"Kadambari, Sinhagad Road & Manik Baug, Pune 411051, Maharashtra, India",411051,Gated Residential Society,0,20,P52100058180,18.493666,73.833443,Premium Residential,osm_cadastral_enriched,0.88
4ff81385-73a9-491e-ac20-b3bea8b1c042,Venkatesh Skydale,venkatesh skydale,Reputed Developer / Co-op Consortium,Pune,Sinhagad Road & Manik Baug,IN,"Venkatesh Skydale, Sinhagad Road & Manik Baug, Pune 411051, Maharashtra, India",411051,Gated Residential Society,0,20,P52100066995,18.486157,73.827842,Premium Residential,osm_cadastral_enriched,0.88
40fbcb4d-553c-46aa-9efd-2f3b1139ed29,Ravinanda Skylights,ravinanda skylights,Reputed Developer / Co-op Consortium,Pune,Wagholi & Bakori Road,IN,"Ravinanda Skylights, Wagholi & Bakori Road, Pune 412207, Maharashtra, India",412207,Gated Residential Society,0,20,P52100093458,18.586772,73.98431,Premium Residential,osm_cadastral_enriched,0.88
4b5e28e8-f8d3-4796-a441-7b742a4678fe,Neo city,neo city,Reputed Developer / Co-op Consortium,Pune,Wagholi & Bakori Road,IN,"Neo city, Wagholi & Bakori Road, Pune 412207, Maharashtra, India",412207,Gated Residential Society,0,20,P52100048124,18.59072,74.004553,Premium Residential,osm_cadastral_enriched,0.88
4149f651-a4b5-4e3e-97fb-b1e0cec323bb,7 Plumeria Drive,7 plumeria drive,Reputed Developer / Co-op Consortium,Pune,Tathawade & Punawale,IN,"7 Plumeria Drive, Tathawade & Punawale, Pune 411033, Maharashtra, India",411033,Gated Residential Society,0,20,P52100091411,18.633946,73.747458,Premium Residential,osm_cadastral_enriched,0.88
79d030b8-5103-4f6e-9160-11770b9e721b,Aaiji Pink City,aaiji pink city,Reputed Developer / Co-op Consortium,Pune,"Dhanori, Lohegaon & Porwal",IN,"Aaiji Pink City, Dhanori, Lohegaon & Porwal, Pune 411015, Maharashtra, India",411015,Gated Residential Society,0,20,P52100078887,18.599073,73.913528,Premium Residential,osm_cadastral_enriched,0.88
1a73c517-54cc-4161-b04c-b2aafd8c4c7d,Abhilasha,abhilasha,Reputed Developer / Co-op Consortium,Pune,"Dhanori, Lohegaon & Porwal",IN,"Abhilasha, Dhanori, Lohegaon & Porwal, Pune 411015, Maharashtra, India",411015,Gated Residential Society,0,20,P52100078256,18.607645,73.910719,Premium Residential,osm_cadastral_enriched,0.88
574b008e-916a-42a4-8d9a-87040efb4578,Acme Aureli,acme aureli,Reputed Developer / Co-op Consortium,Pune,Dhayari & Narhe,IN,"Acme Aureli, Dhayari & Narhe, Pune 411041, Maharashtra, India",411041,Gated Residential Society,0,20,P52100079968,18.457178,73.83306,Premium Residential,osm_cadastral_enriched,0.88
1096cd68-5332-4c7c-940f-a7c9a498c921,Adi Amma Bliss,adi amma bliss,Reputed Developer / Co-op Consortium,Pune,Thergaon & Kalewadi,IN,"Adi Amma Bliss, Thergaon & Kalewadi, Pune 411033, Maharashtra, India",411033,Gated Residential Society,0,20,P52100058020,18.621473,73.794705,Premium Residential,osm_cadastral_enriched,0.88
3b0dd24c-04b6-48e6-b722-235319c2cbe0,The Wave Apartment,the wave apartment,Reputed Developer / Co-op Consortium,Pune,Wakad,IN,"The Wave Apartment, Wakad, Pune 411057, Maharashtra, India",411057,Gated Residential Society,0,20,P52100051104,18.607249,73.761865,Premium Residential,osm_cadastral_enriched,0.88
52106d2b-2036-4875-b799-3820f29433ea,Aishwarya Laxmi,aishwarya laxmi,Reputed Developer / Co-op Consortium,Pune,Wagholi & Bakori Road,IN,"Aishwarya Laxmi, Wagholi & Bakori Road, Pune 412207, Maharashtra, India",412207,Gated Residential Society,0,20,P52100089510,18.57738,73.981442,Premium Residential,osm_cadastral_enriched,0.88
3bc24eb1-12c6-4e20-a637-22bff05263ef,Spandan Sparsh,spandan sparsh,Reputed Developer / Co-op Consortium,Pune,Wagholi & Bakori Road,IN,"Spandan Sparsh, Wagholi & Bakori Road, Pune 412207, Maharashtra, India",412207,Gated Residential Society,0,20,P52100062870,18.585093,73.988434,Premium Residential,osm_cadastral_enriched,0.88
d83ceebe-2989-4ab5-87d6-775d036da06c,Splendid Square,splendid square,Reputed Developer / Co-op Consortium,Pune,"Dhanori, Lohegaon & Porwal",IN,"Splendid Square, Dhanori, Lohegaon & Porwal, Pune 411015, Maharashtra, India",411015,Gated Residential Society,0,20,P52100091122,18.598384,73.921914,Premium Residential,osm_cadastral_enriched,0.88
ecbc5051-0cf1-43ff-a9dd-115a9c4cef1a,Alfa Landmark,alfa landmark,Reputed Developer / Co-op Consortium,Pune,Wagholi & Bakori Road,IN,"Alfa Landmark, Wagholi & Bakori Road, Pune 412207, Maharashtra, India",412207,Gated Residential Society,0,20,P52100064819,18.587133,73.981428,Premium Residential,osm_cadastral_enriched,0.88
caa30940-89c9-44d2-8703-d1661f0ee154,Splendour Park,splendour park,Reputed Developer / Co-op Consortium,Pune,Wagholi & Bakori Road,IN,"Splendour Park, Wagholi & Bakori Road, Pune 412207, Maharashtra, India",412207,Gated Residential Society,0,20,P52100086258,18.583892,73.978203,Premium Residential,osm_cadastral_enriched,0.88
78bcd27c-a6af-414a-a02b-0f16f2f5dff0,Star Gaze CO-OP HSG Society,star gaze co op hsg society,Reputed Developer / Co-op Consortium,Pune,"Dhanori, Lohegaon & Porwal",IN,"Star Gaze CO-OP HSG Society, Dhanori, Lohegaon & Porwal, Pune 411015, Maharashtra, India",411015,Gated Residential Society,0,20,P52100025359,18.598563,73.905609,Premium Residential,osm_cadastral_enriched,0.88
104b5377-3eb1-493f-89fb-781331599d8f,Starwoods,starwoods,Reputed Developer / Co-op Consortium,Pune,Wakad,IN,"Starwoods, Wakad, Pune 411057, Maharashtra, India",411057,Gated Residential Society,0,20,P52100050153,18.612996,73.752642,Premium Residential,osm_cadastral_enriched,0.88
1480aba3-557b-4e8d-89be-3df5db68a153,Sudatta Sankul,sudatta sankul,Reputed Developer / Co-op Consortium,Pune,Sinhagad Road & Manik Baug,IN,"Sudatta Sankul, Sinhagad Road & Manik Baug, Pune 411051, Maharashtra, India",411051,Gated Residential Society,0,20,P52100048814,18.474035,73.833846,Premium Residential,osm_cadastral_enriched,0.88
e6ec167f-648d-4e80-a1e3-4fa51013f210,Ameya Lotus,ameya lotus,Reputed Developer / Co-op Consortium,Pune,"Dhanori, Lohegaon & Porwal",IN,"Ameya Lotus, Dhanori, Lohegaon & Porwal, Pune 411015, Maharashtra, India",411015,Gated Residential Society,0,20,P52100098373,18.601979,73.903433,Premium Residential,osm_cadastral_enriched,0.88
494d989c-aefa-4df0-94fb-9f9373cd66df,Amorapolis,amorapolis,Reputed Developer / Co-op Consortium,Pune,"Dhanori, Lohegaon & Porwal",IN,"Amorapolis, Bharat Mata Road, Dhanori, Dhanori, Lohegaon & Porwal, Pune 411015, Maharashtra, India",411015,Gated Residential Society,0,20,P52100018515,18.602618,73.90574,Premium Residential,osm_cadastral_enriched,0.88
65c39784-cded-4384-8ba8-5311fda0d734,Amrut Nagari,amrut nagari,Reputed Developer / Co-op Consortium,Pune,Wagholi & Bakori Road,IN,"Amrut Nagari, Wagholi & Bakori Road, Pune 412207, Maharashtra, India",412207,Gated Residential Society,0,20,P52100087264,18.586088,73.983133,Premium Residential,osm_cadastral_enriched,0.88
cd8a8b14-bf7c-4f0f-ab15-791810ecc0bd,Anandban,anandban,Reputed Developer / Co-op Consortium,Pune,Ravet & Kiwale,IN,"Anandban, Ravet & Kiwale, Pune 412101, Maharashtra, India",412101,Gated Residential Society,0,20,P52100080799,18.657487,73.755289,Premium Residential,osm_cadastral_enriched,0.88
660b170e-e6f1-4b34-a645-4f9753c28106,Anmol Residency,anmol residency,Reputed Developer / Co-op Consortium,Pune,"Dhanori, Lohegaon & Porwal",IN,"Anmol Residency, Dhanori, Lohegaon & Porwal, Pune 411015, Maharashtra, India",411015,Gated Residential Society,0,20,P52100088589,18.599448,73.923623,Premium Residential,osm_cadastral_enriched,0.88
70083820-29eb-45e6-9d1c-c280d2eaf27b,Sunder Sanskruti,sunder sanskruti,Reputed Developer / Co-op Consortium,Pune,Dhayari & Narhe,IN,"Sunder Sanskruti, Dhayari & Narhe, Pune 411041, Maharashtra, India",411041,Gated Residential Society,0,20,P52100023669,18.46285,73.810159,Premium Residential,osm_cadastral_enriched,0.88
1e86ef9a-530d-4d3b-8538-e57b3d961f46,Sunshine Garden,sunshine garden,Reputed Developer / Co-op Consortium,Pune,Tathawade & Punawale,IN,"Sunshine Garden, Tathawade & Punawale, Pune 411033, Maharashtra, India",411033,Gated Residential Society,0,20,P52100056731,18.615341,73.76665,Premium Residential,osm_cadastral_enriched,0.88
19c13dcc-a7d2-4be8-be1f-c90a645db066,Surya Vaibhav,surya vaibhav,Reputed Developer / Co-op Consortium,Pune,Wakad,IN,"Surya Vaibhav, Wakad, Pune 411057, Maharashtra, India",411057,Gated Residential Society,0,20,P52100037712,18.612591,73.770799,Premium Residential,osm_cadastral_enriched,0.88
dbdd2959-57c3-4998-9803-8f0d8ae58564,Sushrut Residency,sushrut residency,Reputed Developer / Co-op Consortium,Pune,Dhayari & Narhe,IN,"Sushrut Residency, Dhayari & Narhe, Pune 411041, Maharashtra, India",411041,Gated Residential Society,0,20,P52100062898,18.45012,73.826606,Premium Residential,osm_cadastral_enriched,0.88
88eef2d4-dd07-49d5-9598-e12295251676,"Yashwin Encore - B1,B2",yashwin encore b1 b2,Reputed Developer / Co-op Consortium,Pune,Wakad,IN,"Yashwin Encore - B1,B2, Wakad, Pune 411057, Maharashtra, India",411057,Gated Residential Society,0,20,P52100032982,18.597405,73.753351,Premium Residential,osm_cadastral_enriched,0.88
f14159f2-3ca1-4b97-93d0-170578e41e03,Ashray Co Op Housing Society,ashray co op housing society,Reputed Developer / Co-op Consortium,Pune,Wakad,IN,"Ashray Co Op Housing Society, Wakad, Pune 411057, Maharashtra, India",411057,Gated Residential Society,0,20,P52100033988,18.598387,73.765867,Premium Residential,osm_cadastral_enriched,0.88
c9571199-b247-4670-9cba-5872660d8dc7,Atria Society,atria society,Reputed Developer / Co-op Consortium,Pune,"Dhanori, Lohegaon & Porwal",IN,"Atria Society, Dhanori, Lohegaon & Porwal, Pune 411015, Maharashtra, India",411015,Gated Residential Society,0,20,P52100071606,18.585052,73.895077,Premium Residential,osm_cadastral_enriched,0.88
633a4500-3d78-4822-b324-241f94413e4e,Atulya Nirman,atulya nirman,Reputed Developer / Co-op Consortium,Pune,Tathawade & Punawale,IN,"Atulya Nirman, Tathawade & Punawale, Pune 411033, Maharashtra, India",411033,Gated Residential Society,0,20,P52100076134,18.622022,73.738092,Premium Residential,osm_cadastral_enriched,0.88
e580ec7c-2ad4-4e2e-b82c-9126293d2f2b,Wisdom Park,wisdom park,Reputed Developer / Co-op Consortium,Pune,Pimpri & Chinchwad Station,IN,"Wisdom Park, Pimpri & Chinchwad Station, Pune 411018, Maharashtra, India",411018,Gated Residential Society,0,20,P52100084111,18.628587,73.798713,Premium Residential,osm_cadastral_enriched,0.88
350073de-772c-4178-bb62-b86cad4f3f90,Aurum Elementto,aurum elementto,Reputed Developer / Co-op Consortium,Pune,"Dhanori, Lohegaon & Porwal",IN,"Aurum Elementto, Dhanori, Lohegaon & Porwal, Pune 411015, Maharashtra, India",411015,Gated Residential Society,0,20,P52100037624,18.601447,73.910468,Premium Residential,osm_cadastral_enriched,0.88
c2d6afb8-ffad-4fdd-91dd-3bb24ea1dcc1,Austin County,austin county,Reputed Developer / Co-op Consortium,Pune,Wakad,IN,"Austin County, Wakad, Pune 411057, Maharashtra, India",411057,Gated Residential Society,0,20,P52100023064,18.614825,73.752353,Premium Residential,osm_cadastral_enriched,0.88
704191d6-2f2e-471f-8a2d-c3a58b8a7b1f,Wildwoods 1,wildwoods 1,Reputed Developer / Co-op Consortium,Pune,Wagholi & Bakori Road,IN,"Wildwoods 1, Wagholi & Bakori Road, Pune 412207, Maharashtra, India",412207,Gated Residential Society,0,20,P52100021599,18.571906,73.980335,Premium Residential,osm_cadastral_enriched,0.88
9246ce63-c367-4d11-a880-e0e5ad0f0a75,Shree Balark Arcadia,shree balark arcadia,Reputed Developer / Co-op Consortium,Pune,Dhayari & Narhe,IN,"Shree Balark Arcadia, Dhayari & Narhe, Pune 411041, Maharashtra, India",411041,Gated Residential Society,0,20,P52100055745,18.462301,73.806398,Premium Residential,osm_cadastral_enriched,0.88
f65a032b-19ed-46ae-8cd4-d4cba1f99298,Barate Empire,barate empire,Reputed Developer / Co-op Consortium,Pune,Sinhagad Road & Manik Baug,IN,"Barate Empire, Sinhagad Road & Manik Baug, Pune 411051, Maharashtra, India",411051,Gated Residential Society,0,20,P52100065876,18.485529,73.821079,Premium Residential,osm_cadastral_enriched,0.88
ec11c462-4c39-473f-b068-5836c5519574,Belle Vie,belle vie,Reputed Developer / Co-op Consortium,Pune,Wagholi & Bakori Road,IN,"Belle Vie, Wagholi & Bakori Road, Pune 412207, Maharashtra, India",412207,Gated Residential Society,0,20,P52100019092,18.579517,73.994269,Premium Residential,osm_cadastral_enriched,0.88
0d48c933-81ac-48d7-8526-a49815167368,Mohite Paradise,mohite paradise,Reputed Developer / Co-op Consortium,Pune,Sinhagad Road & Manik Baug,IN,"Mohite Paradise, Sinhagad Road & Manik Baug, Pune 411051, Maharashtra, India",411051,Gated Residential Society,0,20,P52100052024,18.47637,73.822569,Premium Residential,osm_cadastral_enriched,0.88
5b1023da-70e4-4dbc-8e87-7af9f30c57f1,Vishwanath Lokpriya Nagari Society,vishwanath lokpriya nagari society,Reputed Developer / Co-op Consortium,Pune,Tingre Nagar & Vishrantwadi,IN,"Vishwanath Lokpriya Nagari Society, Tingre Nagar & Vishrantwadi, Pune 411015, Maharashtra, India",411015,Gated Residential Society,0,20,P52100061666,18.576113,73.879895,Premium Residential,osm_cadastral_enriched,0.88
bd58bfaa-5978-4043-a1d5-f12786201e6c,Nakshatra,nakshatra,Reputed Developer / Co-op Consortium,Pune,Dhayari & Narhe,IN,"Nakshatra, Dhayari & Narhe, Pune 411041, Maharashtra, India",411041,Gated Residential Society,0,20,P52100076440,18.445805,73.833089,Premium Residential,osm_cadastral_enriched,0.88
a213b07d-6539-4d54-9733-fd8762b57c1f,Venkatesh Swapna Sankul,venkatesh swapna sankul,Reputed Developer / Co-op Consortium,Pune,"Dhanori, Lohegaon & Porwal",IN,"Venkatesh Swapna Sankul, Dhanori, Lohegaon & Porwal, Pune 411015, Maharashtra, India",411015,Gated Residential Society,0,20,P52100010847,18.599003,73.904216,Premium Residential,osm_cadastral_enriched,0.88
e4d19412-58de-4dfe-91e9-a48aa88f37e5,Narayan Complex,narayan complex,Reputed Developer / Co-op Consortium,Pune,Sinhagad Road & Manik Baug,IN,"Narayan Complex, Sinhagad Road & Manik Baug, Pune 411051, Maharashtra, India",411051,Gated Residential Society,0,20,P52100024041,18.480475,73.829542,Premium Residential,osm_cadastral_enriched,0.88
2a50998a-397e-4530-983a-3a61d0066ce4,41 Estera Apartment,41 estera apartment,Reputed Developer / Co-op Consortium,Pune,Ravet & Kiwale,IN,"41 Estera Apartment, Ravet & Kiwale, Pune 412101, Maharashtra, India",412101,Gated Residential Society,0,20,P52100043661,18.636926,73.731222,Premium Residential,osm_cadastral_enriched,0.88
552c3191-022c-4712-be15-63a09e7263ee,Navjeevan Sundarban,navjeevan sundarban,Reputed Developer / Co-op Consortium,Pune,Dhayari & Narhe,IN,"Navjeevan Sundarban, Dhayari & Narhe, Pune 411041, Maharashtra, India",411041,Gated Residential Society,0,20,P52100076060,18.450426,73.834775,Premium Residential,osm_cadastral_enriched,0.88
65a24741-216a-4b2e-95ef-d91b764736e7,Navrang Plaza,navrang plaza,Reputed Developer / Co-op Consortium,Pune,Tingre Nagar & Vishrantwadi,IN,"Navrang Plaza, Tingre Nagar & Vishrantwadi, Pune 411015, Maharashtra, India",411015,Gated Residential Society,0,20,P52100095253,18.573786,73.884543,Premium Residential,osm_cadastral_enriched,0.88
0dcd4031-ccdf-40d1-9e03-b95cb8bd1717,Aditya Nakoda Enclave,aditya nakoda enclave,Reputed Developer / Co-op Consortium,Pune,Sinhagad Road & Manik Baug,IN,"Aditya Nakoda Enclave, Sinhagad Road & Manik Baug, Pune 411051, Maharashtra, India",411051,Luxury Villa Community,0,20,P52100021068,18.491086,73.832133,Premium Residential,osm_cadastral_enriched,0.88
afba455d-17d7-4ea0-8e2b-cdc7231cb32c,Aditya Terraces,aditya terraces,Reputed Developer / Co-op Consortium,Pune,Ravet & Kiwale,IN,"Aditya Terraces, Ravet & Kiwale, Pune 412101, Maharashtra, India",412101,Gated Residential Society,0,20,P52100027150,18.650022,73.750837,Premium Residential,osm_cadastral_enriched,0.88
af90d5de-94dd-4353-9255-a1ab07284c86,Neeta garden,neeta garden,Reputed Developer / Co-op Consortium,Pune,"Dhanori, Lohegaon & Porwal",IN,"Neeta garden, Dhanori, Lohegaon & Porwal, Pune 411015, Maharashtra, India",411015,Gated Residential Society,0,20,P52100097727,18.575278,73.884923,Premium Residential,osm_cadastral_enriched,0.88
6ca97d7f-4fd8-4057-afd2-734dcd43116e,Prayagdham Society,prayagdham society,Reputed Developer / Co-op Consortium,Pune,Wagholi & Bakori Road,IN,"Prayagdham Society, Wagholi & Bakori Road, Pune 412207, Maharashtra, India",412207,Gated Residential Society,0,20,P52100058338,18.576983,73.988007,Premium Residential,osm_cadastral_enriched,0.88
15032118-1ae1-4024-9782-b146b8de0aa0,Mamta Housing Society Ajmera,mamta housing society ajmera,Reputed Developer / Co-op Consortium,Pune,Pimpri & Chinchwad Station,IN,"Mamta Housing Society Ajmera, Pimpri & Chinchwad Station, Pune 411018, Maharashtra, India",411018,Gated Residential Society,0,20,P52100017550,18.634422,73.81125,Premium Residential,osm_cadastral_enriched,0.88
d3fc36a2-99d3-4ea6-b2c7-849c8e4c460b,Akshay Park,akshay park,Reputed Developer / Co-op Consortium,Pune,Wakad,IN,"Akshay Park, Wakad, Pune 411057, Maharashtra, India",411057,Gated Residential Society,0,20,P52100068946,18.607727,73.769624,Premium Residential,osm_cadastral_enriched,0.88
4d4d649c-d3df-46f5-ae87-1e638a330aa7,Akshay Sanskruti Society,akshay sanskruti society,Reputed Developer / Co-op Consortium,Pune,Wagholi & Bakori Road,IN,"Akshay Sanskruti Society, Wagholi & Bakori Road, Pune 412207, Maharashtra, India",412207,Gated Residential Society,0,20,P52100088299,18.572576,73.979398,Premium Residential,osm_cadastral_enriched,0.88
1a0bf478-6ffe-4706-86bc-4dd6fe351210,Amba Nagari Housing Society,amba nagari housing society,Reputed Developer / Co-op Consortium,Pune,"Dhanori, Lohegaon & Porwal",IN,"Amba Nagari Housing Society, Dhanori, Lohegaon & Porwal, Pune 411015, Maharashtra, India",411015,Gated Residential Society,0,20,P52100052235,18.580304,73.882761,Premium Residential,osm_cadastral_enriched,0.88
e523d5bc-735f-4c27-8551-e9092cbfd836,Amit Bloomfield,amit bloomfield,Reputed Developer / Co-op Consortium,Pune,Dhayari & Narhe,IN,"Amit Bloomfield, Dhayari & Narhe, Pune 411041, Maharashtra, India",411041,Gated Residential Society,0,20,P52100038908,18.453194,73.831366,Premium Residential,osm_cadastral_enriched,0.88
bca583c7-2409-46f5-9e33-60263c174613,Amrut Ganga,amrut ganga,Reputed Developer / Co-op Consortium,Pune,Sinhagad Road & Manik Baug,IN,"Amrut Ganga, Sinhagad Road & Manik Baug, Pune 411051, Maharashtra, India",411051,Gated Residential Society,0,20,P52100072432,18.470674,73.823839,Premium Residential,osm_cadastral_enriched,0.88
4d6c6f0d-7149-47bd-8d0e-0d4effe1f535,Krishna Heights,krishna heights,Reputed Developer / Co-op Consortium,Pune,Ravet & Kiwale,IN,"Krishna Heights, Ravet & Kiwale, Pune 412101, Maharashtra, India",412101,Luxury High-Rise Tower,0,20,P52100088541,18.644136,73.757065,Premium Residential,osm_cadastral_enriched,0.88
f16695b6-8e4d-447b-95f0-0122a7f976da,Anandvan Heritage,anandvan heritage,Reputed Developer / Co-op Consortium,Pune,Sinhagad Road & Manik Baug,IN,"Anandvan Heritage, Sinhagad Road & Manik Baug, Pune 411051, Maharashtra, India",411051,Gated Residential Society,0,20,P52100068640,18.476499,73.82913,Premium Residential,osm_cadastral_enriched,0.88
8b203fbc-ea54-4d7a-ae1a-4916edefaaf4,Purple Bloom Society,purple bloom society,Reputed Developer / Co-op Consortium,Pune,Bhosari & Indrayani Nagar,IN,"Purple Bloom Society, Bhosari & Indrayani Nagar, Pune 411026, Maharashtra, India",411026,Gated Residential Society,0,20,P52100018597,18.617047,73.869598,Premium Residential,osm_cadastral_enriched,0.88
c52b995f-f03c-4f65-acc4-0845496e520c,Kudale Patil Township,kudale patil township,Reputed Developer / Co-op Consortium,Pune,Sinhagad Road & Manik Baug,IN,"Kudale Patil Township, Sinhagad Road & Manik Baug, Pune 411051, Maharashtra, India",411051,Gated Residential Society,0,20,P52100025573,18.472754,73.819376,Premium Residential,osm_cadastral_enriched,0.88
f23ae31e-4a8f-4ab0-ba43-079173f9851a,Rainbow Glory,rainbow glory,Reputed Developer / Co-op Consortium,Pune,Wagholi & Bakori Road,IN,"Rainbow Glory, Wagholi & Bakori Road, Pune 412207, Maharashtra, India",412207,Gated Residential Society,0,20,P52100089475,18.575046,73.98152,Premium Residential,osm_cadastral_enriched,0.88
b758eb27-d933-409b-9dad-ba77749f53e2,Bhagwati Royale Society,bhagwati royale society,Reputed Developer / Co-op Consortium,Pune,Wakad,IN,"Bhagwati Royale Society, Wakad, Pune 411057, Maharashtra, India",411057,Gated Residential Society,0,20,P52100099737,18.60764,73.769913,Premium Residential,osm_cadastral_enriched,0.88
143e1724-5004-4abc-88bc-f57095492d48,Renuka Akruti,renuka akruti,Reputed Developer / Co-op Consortium,Pune,Wakad,IN,"Renuka Akruti, Wakad, Pune 411057, Maharashtra, India",411057,Gated Residential Society,0,20,P52100031034,18.600342,73.764762,Premium Residential,osm_cadastral_enriched,0.88
762b843a-2036-44b1-bca5-7f721ef85ef2,Renuka Gulmohar,renuka gulmohar,Reputed Developer / Co-op Consortium,Pune,Pimpri & Chinchwad Station,IN,"Renuka Gulmohar, Pimpri & Chinchwad Station, Pune 411018, Maharashtra, India",411018,Gated Residential Society,0,20,P52100057540,18.632968,73.801862,Premium Residential,osm_cadastral_enriched,0.88
ce176703-2bfe-45bb-a695-d3eb1b266d0a,Bharti Gold Society,bharti gold society,Reputed Developer / Co-op Consortium,Pune,Wagholi & Bakori Road,IN,"Bharti Gold Society, Wagholi & Bakori Road, Pune 412207, Maharashtra, India",412207,Gated Residential Society,0,20,P52100058554,18.579678,73.991887,Premium Residential,osm_cadastral_enriched,0.88
6c20bf99-5fd7-4c63-a518-8ef8902a0c1d,Bhoir Estate,bhoir estate,Reputed Developer / Co-op Consortium,Pune,Wakad,IN,"Bhoir Estate, Wakad, Pune 411057, Maharashtra, India",411057,Gated Residential Society,0,20,P52100047131,18.614301,73.767325,Premium Residential,osm_cadastral_enriched,0.88
fdceb85d-42ec-4468-93a7-1bc3ddfb3106,Kute Angan Housing Society,kute angan housing society,Reputed Developer / Co-op Consortium,Pune,Ravet & Kiwale,IN,"Kute Angan Housing Society, Ravet & Kiwale, Pune 412101, Maharashtra, India",412101,Gated Residential Society,0,20,P52100011899,18.644628,73.763009,Premium Residential,osm_cadastral_enriched,0.88
89b64e1d-c51b-4fa7-83bf-4d323dedd1ae,La Vida Loca,la vida loca,Reputed Developer / Co-op Consortium,Pune,Pimple Saudagar & Rahatani,IN,"La Vida Loca, Pimple Saudagar & Rahatani, Pune 411027, Maharashtra, India",411027,Gated Residential Society,0,20,P52100067629,18.594219,73.803257,Premium Residential,osm_cadastral_enriched,0.88
a42c2796-fa33-4275-92e3-2c23abc3a5e1,Bhoomi Orion Society,bhoomi orion society,Reputed Developer / Co-op Consortium,Pune,Wakad,IN,"Bhoomi Orion Society, Wakad, Pune 411057, Maharashtra, India",411057,Gated Residential Society,0,20,P52100013353,18.601177,73.752392,Premium Residential,osm_cadastral_enriched,0.88
edff4e63-8180-4062-a9c8-8a27f4939480,Celestino Society,celestino society,Reputed Developer / Co-op Consortium,Pune,"Dhanori, Lohegaon & Porwal",IN,"Celestino Society, Dhanori, Lohegaon & Porwal, Pune 411015, Maharashtra, India",411015,Gated Residential Society,0,20,P52100038155,18.597914,73.902957,Premium Residential,osm_cadastral_enriched,0.88
ff8cc6bc-c1ef-4550-a6b7-fb93b2e62836,D S Srushti Housing Society,d s srushti housing society,Reputed Developer / Co-op Consortium,Pune,"Dhanori, Lohegaon & Porwal",IN,"D S Srushti Housing Society, Dhanori, Lohegaon & Porwal, Pune 411015, Maharashtra, India",411015,Gated Residential Society,0,20,P52100057609,18.603443,73.920824,Premium Residential,osm_cadastral_enriched,0.88
77f90bd0-e0a5-4895-9307-3e537205ed95,Laxmi Emerald,laxmi emerald,Reputed Developer / Co-op Consortium,Pune,"Dhanori, Lohegaon & Porwal",IN,"Laxmi Emerald, Dhanori, Lohegaon & Porwal, Pune 411015, Maharashtra, India",411015,Gated Residential Society,0,20,P52100061344,18.604505,73.915853,Premium Residential,osm_cadastral_enriched,0.88
a0e9320f-3d1d-4a43-9be3-12acdb9f27e2,Laxmi Nagar,laxmi nagar,Reputed Developer / Co-op Consortium,Pune,"Dhanori, Lohegaon & Porwal",IN,"Laxmi Nagar, Dhanori, Lohegaon & Porwal, Pune 411015, Maharashtra, India",411015,Gated Residential Society,0,20,P52100045238,18.595747,73.896066,Premium Residential,osm_cadastral_enriched,0.88
25af368f-e524-4026-b043-48f6844598cc,Laxmi Puram Society,laxmi puram society,Reputed Developer / Co-op Consortium,Pune,Tingre Nagar & Vishrantwadi,IN,"Laxmi Puram Society, Tingre Nagar & Vishrantwadi, Pune 411015, Maharashtra, India",411015,Gated Residential Society,0,20,P52100036491,18.566761,73.882657,Premium Residential,osm_cadastral_enriched,0.88
b3b3c9fa-97ea-420b-bda8-756770bb15f4,RPS Heritage,rps heritage,Reputed Developer / Co-op Consortium,Pune,Wagholi & Bakori Road,IN,"RPS Heritage, Wagholi & Bakori Road, Pune 412207, Maharashtra, India",412207,Gated Residential Society,0,20,P52100064119,18.571536,73.979573,Premium Residential,osm_cadastral_enriched,0.88
53c82c0d-a139-4d3a-93a8-2300e520bffa,RPS Tower,rps tower,Reputed Developer / Co-op Consortium,Pune,"Dhanori, Lohegaon & Porwal",IN,"RPS Tower, Dhanori, Lohegaon & Porwal, Pune 411015, Maharashtra, India",411015,Luxury High-Rise Tower,0,20,P52100055055,18.600504,73.919017,Premium Residential,osm_cadastral_enriched,0.88
4e164f47-fed5-476c-84e8-346a568dd5c2,Laxmi Satyam Residency,laxmi satyam residency,Reputed Developer / Co-op Consortium,Pune,"Dhanori, Lohegaon & Porwal",IN,"Laxmi Satyam Residency, Dhanori, Lohegaon & Porwal, Pune 411015, Maharashtra, India",411015,Gated Residential Society,0,20,P52100065285,18.595829,73.904437,Premium Residential,osm_cadastral_enriched,0.88
f9370917-8f68-40c0-96e7-00a7992ca330,Rudra Apartment,rudra apartment,Reputed Developer / Co-op Consortium,Pune,Wagholi & Bakori Road,IN,"Rudra Apartment, Wagholi & Bakori Road, Pune 412207, Maharashtra, India",412207,Gated Residential Society,0,20,P52100024265,18.580342,73.991209,Premium Residential,osm_cadastral_enriched,0.88
51866bb8-b1c7-4722-a441-795fa2a4c0e1,Runal Gateway,runal gateway,Reputed Developer / Co-op Consortium,Pune,Ravet & Kiwale,IN,"Runal Gateway, Ravet & Kiwale, Pune 412101, Maharashtra, India",412101,Gated Residential Society,0,20,P52100044146,18.655287,73.729928,Premium Residential,osm_cadastral_enriched,0.88
0b61a22e-8762-4275-8ead-c645eddf836a,Sai Kashish Park,sai kashish park,Reputed Developer / Co-op Consortium,Pune,Pimple Saudagar & Rahatani,IN,"Sai Kashish Park, Pimple Saudagar & Rahatani, Pune 411027, Maharashtra, India",411027,Gated Residential Society,0,20,P52100063112,18.612055,73.793492,Premium Residential,osm_cadastral_enriched,0.88
6bfadf34-f43f-4458-a3d9-a0d5ccf9cf3a,Sai Nagari Apartment,sai nagari apartment,Reputed Developer / Co-op Consortium,Pune,Thergaon & Kalewadi,IN,"Sai Nagari Apartment, Thergaon & Kalewadi, Pune 411033, Maharashtra, India",411033,Gated Residential Society,0,20,P52100049755,18.617553,73.791781,Premium Residential,osm_cadastral_enriched,0.88
2e680a74-5857-402d-8dbe-756164282c04,Sai Paradise,sai paradise,Reputed Developer / Co-op Consortium,Pune,Tathawade & Punawale,IN,"Sai Paradise, Tathawade & Punawale, Pune 411033, Maharashtra, India",411033,Gated Residential Society,0,20,P52100039682,18.631712,73.742824,Premium Residential,osm_cadastral_enriched,0.88
11e1f856-61cc-4b06-b29e-8593c2efa2aa,Sai Residency,sai residency,Reputed Developer / Co-op Consortium,Pune,Thergaon & Kalewadi,IN,"Sai Residency, Thergaon & Kalewadi, Pune 411033, Maharashtra, India",411033,Gated Residential Society,0,20,P52100012687,18.622654,73.795848,Premium Residential,osm_cadastral_enriched,0.88
a234f7d8-c469-4a02-a55d-e4bb121c4593,Madhukosh Apartment,madhukosh apartment,Reputed Developer / Co-op Consortium,Pune,Dhayari & Narhe,IN,"Madhukosh Apartment, Dhayari & Narhe, Pune 411041, Maharashtra, India",411041,Gated Residential Society,0,20,P52100077507,18.461931,73.810034,Premium Residential,osm_cadastral_enriched,0.88
97da6f11-9d7d-4232-a74e-a787feddfa47,Sai Shubham,sai shubham,Reputed Developer / Co-op Consortium,Pune,Pimple Saudagar & Rahatani,IN,"Sai Shubham, Pimple Saudagar & Rahatani, Pune 411027, Maharashtra, India",411027,Gated Residential Society,0,20,P52100048519,18.597839,73.806452,Premium Residential,osm_cadastral_enriched,0.88
eef00103-a0f8-4fd3-9e0c-7ebab231c3fb,Mahalaxmi Complex,mahalaxmi complex,Reputed Developer / Co-op Consortium,Pune,Wakad,IN,"Mahalaxmi Complex, Wakad, Pune 411057, Maharashtra, India",411057,Gated Residential Society,0,20,P52100070029,18.598165,73.774623,Premium Residential,osm_cadastral_enriched,0.88
d096a51e-9f94-4b6c-8686-2d7f20c5c6e5,Mahalaxmi Residency,mahalaxmi residency,Reputed Developer / Co-op Consortium,Pune,Ravet & Kiwale,IN,"Mahalaxmi Residency, Ravet & Kiwale, Pune 412101, Maharashtra, India",412101,Gated Residential Society,0,20,P52100050607,18.647051,73.757799,Premium Residential,osm_cadastral_enriched,0.88
e0a04e42-9be6-4cac-a9cd-4dd9a69b6cf0,Mahalaxmi Vihar,mahalaxmi vihar,Reputed Developer / Co-op Consortium,Pune,Tingre Nagar & Vishrantwadi,IN,"Mahalaxmi Vihar, Tingre Nagar & Vishrantwadi, Pune 411015, Maharashtra, India",411015,Gated Residential Society,0,20,P52100038267,18.57166,73.877839,Premium Residential,osm_cadastral_enriched,0.88
775aae86-a90b-4017-84ba-fcefc9399420,Mahesh Galaxy,mahesh galaxy,Reputed Developer / Co-op Consortium,Pune,Sinhagad Road & Manik Baug,IN,"Mahesh Galaxy, Sinhagad Road & Manik Baug, Pune 411051, Maharashtra, India",411051,Gated Residential Society,0,20,P52100040281,18.470173,73.829065,Premium Residential,osm_cadastral_enriched,0.88
2119b689-8fec-4f35-b2b3-3ecabd5200c7,Epic Society,epic society,Reputed Developer / Co-op Consortium,Pune,Wagholi & Bakori Road,IN,"Epic Society, Wagholi & Bakori Road, Pune 412207, Maharashtra, India",412207,Gated Residential Society,0,20,P52100024886,18.578036,73.989101,Premium Residential,osm_cadastral_enriched,0.88
8f940be3-72cb-413d-8ba5-173bb58dcfe3,Sai Vishwa CHS,sai vishwa chs,Reputed Developer / Co-op Consortium,Pune,Dhayari & Narhe,IN,"Sai Vishwa CHS, Dhayari & Narhe, Pune 411041, Maharashtra, India",411041,Gated Residential Society,0,20,P52100071216,18.449869,73.834634,Premium Residential,osm_cadastral_enriched,0.88
07e4ed8e-d6d3-4d75-b866-274df83cc0d6,Sai Yash Jewel,sai yash jewel,Reputed Developer / Co-op Consortium,Pune,Wakad,IN,"Sai Yash Jewel, Wakad, Pune 411057, Maharashtra, India",411057,Gated Residential Society,0,20,P52100023829,18.609841,73.770477,Premium Residential,osm_cadastral_enriched,0.88
b1c13fa8-bb09-47e4-bb6d-00a5885b27ab,Saikrupa Residency,saikrupa residency,Reputed Developer / Co-op Consortium,Pune,"Dhanori, Lohegaon & Porwal",IN,"Saikrupa Residency, Dhanori, Lohegaon & Porwal, Pune 411015, Maharashtra, India",411015,Gated Residential Society,0,20,P52100089432,18.604201,73.928272,Premium Residential,osm_cadastral_enriched,0.88
e9b4a9c2-ce05-4e1e-b4a7-6476291b0b48,Antheia,antheia,Reputed Developer / Co-op Consortium,Pune,Pimpri & Chinchwad Station,IN,"Antheia, Pimpri & Chinchwad Station, Pune 411018, Maharashtra, India",411018,Gated Residential Society,0,20,P52100077646,18.631288,73.80902,Premium Residential,osm_cadastral_enriched,0.88
95072f68-e981-4a73-b6b4-7c8584db0078,Anshul Ballina,anshul ballina,Reputed Developer / Co-op Consortium,Pune,Ravet & Kiwale,IN,"Anshul Ballina, Ravet & Kiwale, Pune 412101, Maharashtra, India",412101,Gated Residential Society,0,20,P52100048752,18.644056,73.75807,Premium Residential,osm_cadastral_enriched,0.88
00e6a468-7dc5-4269-ac9a-53937e3ac86c,Arvind Complex,arvind complex,Reputed Developer / Co-op Consortium,Pune,Sinhagad Road & Manik Baug,IN,"Arvind Complex, Sinhagad Road & Manik Baug, Pune 411051, Maharashtra, India",411051,Gated Residential Society,0,20,P52100064138,18.48101,73.828765,Premium Residential,osm_cadastral_enriched,0.88
9e6f8e5f-69e1-4c3a-acfc-ea5b579dc9a8,Audumbar Nest,audumbar nest,Reputed Developer / Co-op Consortium,Pune,Pimpri & Chinchwad Station,IN,"Audumbar Nest, Pimpri & Chinchwad Station, Pune 411018, Maharashtra, India",411018,Gated Residential Society,0,20,P52100092679,18.632416,73.80355,Premium Residential,osm_cadastral_enriched,0.88
90cd3243-57ca-48d1-9205-d8e9ce6bc9bb,Mangal Dhara,mangal dhara,Reputed Developer / Co-op Consortium,Pune,Ravet & Kiwale,IN,"Mangal Dhara, Ravet & Kiwale, Pune 412101, Maharashtra, India",412101,Gated Residential Society,0,20,P52100042854,18.639369,73.749026,Premium Residential,osm_cadastral_enriched,0.88
cbd0ec0e-8699-4877-98e3-ba9702eee453,Sankalp Nagari,sankalp nagari,Reputed Developer / Co-op Consortium,Pune,"Dhanori, Lohegaon & Porwal",IN,"Sankalp Nagari, Dhanori, Lohegaon & Porwal, Pune 411015, Maharashtra, India",411015,Gated Residential Society,0,20,P52100071304,18.596239,73.89314,Premium Residential,osm_cadastral_enriched,0.88
9a42213b-9733-429a-a952-3f3ca5dfb369,Manikbaug Orchid,manikbaug orchid,Reputed Developer / Co-op Consortium,Pune,Pimpri & Chinchwad Station,IN,"Manikbaug Orchid, Pimpri & Chinchwad Station, Pune 411018, Maharashtra, India",411018,Gated Residential Society,0,20,P52100022906,18.636755,73.819299,Premium Residential,osm_cadastral_enriched,0.88
c8b7ecd6-de8b-42a3-a14d-a28c655e8dcf,Blithe Icon,blithe icon,Reputed Developer / Co-op Consortium,Pune,Wagholi & Bakori Road,IN,"Blithe Icon, Wagholi & Bakori Road, Pune 412207, Maharashtra, India",412207,Gated Residential Society,0,20,P52100027073,18.57537,73.98527,Premium Residential,osm_cadastral_enriched,0.88
554d6469-4874-4a5b-b581-61159b20f535,Manish Garden,manish garden,Reputed Developer / Co-op Consortium,Pune,Pimpri & Chinchwad Station,IN,"Manish Garden, Pimpri & Chinchwad Station, Pune 411018, Maharashtra, India",411018,Gated Residential Society,0,20,P52100089398,18.636232,73.820068,Premium Residential,osm_cadastral_enriched,0.88
7ae96c9b-13be-4fd8-9212-dd48cf56948e,Bora Planet Apartment,bora planet apartment,Reputed Developer / Co-op Consortium,Pune,Wakad,IN,"Bora Planet Apartment, Wakad, Pune 411057, Maharashtra, India",411057,Gated Residential Society,0,20,P52100084219,18.592594,73.783203,Premium Residential,osm_cadastral_enriched,0.88
5a134357-8a88-45c9-bf73-454dfa5e8823,Chaitanya Park,chaitanya park,Reputed Developer / Co-op Consortium,Pune,Ravet & Kiwale,IN,"Chaitanya Park, Ravet & Kiwale, Pune 412101, Maharashtra, India",412101,Gated Residential Society,0,20,P52100061481,18.648435,73.761337,Premium Residential,osm_cadastral_enriched,0.88
d0acf9a6-d7d7-4e90-9385-7caadf8b083a,Satyam Rajyog,satyam rajyog,Reputed Developer / Co-op Consortium,Pune,"Dhanori, Lohegaon & Porwal",IN,"Satyam Rajyog, Dhanori, Lohegaon & Porwal, Pune 411015, Maharashtra, India",411015,Gated Residential Society,0,20,P52100043239,18.592992,73.901172,Premium Residential,osm_cadastral_enriched,0.88
69849737-fca2-4e5f-9f65-cbea8e15482f,Chrrysalis Society,chrrysalis society,Reputed Developer / Co-op Consortium,Pune,Wagholi & Bakori Road,IN,"Chrrysalis Society, Wagholi & Bakori Road, Pune 412207, Maharashtra, India",412207,Gated Residential Society,0,20,P52100058519,18.585179,73.974174,Premium Residential,osm_cadastral_enriched,0.88
db031409-36a5-4629-a442-84667ce90474,Savannah,savannah,Reputed Developer / Co-op Consortium,Pune,Wagholi & Bakori Road,IN,"Savannah, Wagholi & Bakori Road, Pune 412207, Maharashtra, India",412207,Gated Residential Society,0,20,P52100088407,18.571756,73.977393,Premium Residential,osm_cadastral_enriched,0.88
49e7abb4-0ca2-468f-aadd-dc2357f4ad5c,Cozy Homes,cozy homes,Reputed Developer / Co-op Consortium,Pune,Wagholi & Bakori Road,IN,"Cozy Homes, Wagholi & Bakori Road, Pune 412207, Maharashtra, India",412207,Gated Residential Society,0,20,P52100081321,18.573672,73.984961,Premium Residential,osm_cadastral_enriched,0.88
0ccd8186-e710-4a96-a6a4-e3f014cc7aca,Damodar Sankul,damodar sankul,Reputed Developer / Co-op Consortium,Pune,Sinhagad Road & Manik Baug,IN,"Damodar Sankul, Sinhagad Road & Manik Baug, Pune 411051, Maharashtra, India",411051,Gated Residential Society,0,20,P52100041403,18.47416,73.831343,Premium Residential,osm_cadastral_enriched,0.88
ba2cb481-caa2-4b93-9415-5b34b5ab1698,Darshan Par,darshan par,Reputed Developer / Co-op Consortium,Pune,Wakad,IN,"Darshan Par, Wakad, Pune 411057, Maharashtra, India",411057,Gated Residential Society,0,20,P52100091374,18.60997,73.783966,Premium Residential,osm_cadastral_enriched,0.88
447961df-7eaf-42b4-905c-6b50e2b0ae04,Mayuri Garden,mayuri garden,Reputed Developer / Co-op Consortium,Pune,Wagholi & Bakori Road,IN,"Mayuri Garden, Wagholi & Bakori Road, Pune 412207, Maharashtra, India",412207,Gated Residential Society,0,20,P52100057107,18.576844,73.980976,Premium Residential,osm_cadastral_enriched,0.88
3378726d-2a09-4bf8-af2a-3dbde9441d5d,Devi Link 2 Housing Society,devi link 2 housing society,Reputed Developer / Co-op Consortium,Pune,Pimpri & Chinchwad Station,IN,"Devi Link 2 Housing Society, Pimpri & Chinchwad Station, Pune 411018, Maharashtra, India",411018,Gated Residential Society,0,20,P52100078540,18.629827,73.795551,Premium Residential,osm_cadastral_enriched,0.88
7aa117a8-960b-4b3f-b655-046b2b29c748,Dew Drops Apartments,dew drops apartments,Reputed Developer / Co-op Consortium,Pune,Tingre Nagar & Vishrantwadi,IN,"Dew Drops Apartments, Tingre Nagar & Vishrantwadi, Pune 411015, Maharashtra, India",411015,Gated Residential Society,0,20,P52100019453,18.569487,73.878167,Premium Residential,osm_cadastral_enriched,0.88
d17f6b4b-8aaa-4386-8f20-4176a61d1409,Dewdale Society,dewdale society,Reputed Developer / Co-op Consortium,Pune,Wakad,IN,"Dewdale Society, Wakad, Pune 411057, Maharashtra, India",411057,Gated Residential Society,0,20,P52100074233,18.603301,73.763998,Premium Residential,osm_cadastral_enriched,0.88
e50dc0af-6820-43ab-b58d-023a0a1ee11e,Dharti Green,dharti green,Reputed Developer / Co-op Consortium,Pune,Wakad,IN,"Dharti Green, Wakad, Pune 411057, Maharashtra, India",411057,Gated Residential Society,0,20,P52100075543,18.609775,73.752724,Premium Residential,osm_cadastral_enriched,0.88
4600eb66-9718-4884-9b04-eb6b0db22d85,Shantikunj Co-Operative Housing Society,shantikunj co operative housing society,Reputed Developer / Co-op Consortium,Pune,Ravet & Kiwale,IN,"Shantikunj Co-Operative Housing Society, Ravet & Kiwale, Pune 412101, Maharashtra, India",412101,Gated Residential Society,0,20,P52100041969,18.651779,73.759139,Premium Residential,osm_cadastral_enriched,0.88
8a08f227-e3ca-4174-a143-91022d7348b2,Shaurya Homes,shaurya homes,Reputed Developer / Co-op Consortium,Pune,"Dhanori, Lohegaon & Porwal",IN,"Shaurya Homes, Dhanori, Lohegaon & Porwal, Pune 411015, Maharashtra, India",411015,Gated Residential Society,0,20,P52100095323,18.584601,73.8943,Premium Residential,osm_cadastral_enriched,0.88
70f091fd-1e72-4e18-8248-dcb1e714e98e,Dhruv Darshan Society,dhruv darshan society,Reputed Developer / Co-op Consortium,Pune,Ravet & Kiwale,IN,"Dhruv Darshan Society, Ravet & Kiwale, Pune 412101, Maharashtra, India",412101,Gated Residential Society,0,20,P52100058691,18.652563,73.761147,Premium Residential,osm_cadastral_enriched,0.88
a718f06d-7717-44f2-aadb-068fe018a590,Diamond Vishal Paradise,diamond vishal paradise,Reputed Developer / Co-op Consortium,Pune,Ravet & Kiwale,IN,"Diamond Vishal Paradise, Ravet & Kiwale, Pune 412101, Maharashtra, India",412101,Gated Residential Society,0,20,P52100023647,18.654737,73.756388,Premium Residential,osm_cadastral_enriched,0.88
4b720493-eb3d-4f36-9c6c-ceb45a812b3e,Shaurya Residence,shaurya residence,Reputed Developer / Co-op Consortium,Pune,"Dhanori, Lohegaon & Porwal",IN,"Shaurya Residence, Dhanori, Lohegaon & Porwal, Pune 411015, Maharashtra, India",411015,Gated Residential Society,0,20,P52100056095,18.604149,73.92871,Premium Residential,osm_cadastral_enriched,0.88
acbe4ee8-5c21-4039-99b6-36efd17e8b67,Shewale Park,shewale park,Reputed Developer / Co-op Consortium,Pune,Sinhagad Road & Manik Baug,IN,"Shewale Park, Sinhagad Road & Manik Baug, Pune 411051, Maharashtra, India",411051,Gated Residential Society,0,20,P52100080597,18.484383,73.817848,Premium Residential,osm_cadastral_enriched,0.88
155be961-77e3-4033-b818-8037608f2215,Shimmer N Shine,shimmer n shine,Reputed Developer / Co-op Consortium,Pune,Sinhagad Road & Manik Baug,IN,"Shimmer N Shine, Sinhagad Road & Manik Baug, Pune 411051, Maharashtra, India",411051,Gated Residential Society,0,20,P52100011027,18.479879,73.823923,Premium Residential,osm_cadastral_enriched,0.88
43e2103d-8c7e-47da-81d4-16fdd1b178ec,Shiv Park,shiv park,Reputed Developer / Co-op Consortium,Pune,Wagholi & Bakori Road,IN,"Shiv Park, Wagholi & Bakori Road, Pune 412207, Maharashtra, India",412207,Gated Residential Society,0,20,P52100047549,18.591484,74.010996,Premium Residential,osm_cadastral_enriched,0.88
48692357-9ab5-41c3-a93f-f542dbd4985a,Dream Castle,dream castle,Reputed Developer / Co-op Consortium,Pune,Wakad,IN,"Dream Castle, Wakad, Pune 411057, Maharashtra, India",411057,Gated Residential Society,0,20,P52100064480,18.594019,73.764901,Premium Residential,osm_cadastral_enriched,0.88
070d0d76-adac-4fbe-bb9c-a2d45ba9cd03,Dreams Residency,dreams residency,Reputed Developer / Co-op Consortium,Pune,Tingre Nagar & Vishrantwadi,IN,"Dreams Residency, Tingre Nagar & Vishrantwadi, Pune 411015, Maharashtra, India",411015,Gated Residential Society,0,20,P52100035126,18.572135,73.883687,Premium Residential,osm_cadastral_enriched,0.88
95d3a4f3-be24-48b0-b069-16e9d08fce8b,DSK Kunjaban,dsk kunjaban,Reputed Developer / Co-op Consortium,Pune,Tathawade & Punawale,IN,"DSK Kunjaban, Tathawade & Punawale, Pune 411033, Maharashtra, India",411033,Gated Residential Society,0,20,P52100010860,18.620165,73.735525,Premium Residential,osm_cadastral_enriched,0.88
922d82b0-cf3b-4e8d-9499-ae494f25bfeb,Durvankur Srushti,durvankur srushti,Reputed Developer / Co-op Consortium,Pune,Dhayari & Narhe,IN,"Durvankur Srushti, Dhayari & Narhe, Pune 411041, Maharashtra, India",411041,Gated Residential Society,0,20,P52100054114,18.44509,73.831439,Premium Residential,osm_cadastral_enriched,0.88
35068d34-c870-4c46-8ad7-69862b3721f8,Dwarka Suncrest Society,dwarka suncrest society,Reputed Developer / Co-op Consortium,Pune,Pimple Saudagar & Rahatani,IN,"Dwarka Suncrest Society, Pimple Saudagar & Rahatani, Pune 411027, Maharashtra, India",411027,Gated Residential Society,0,20,P52100086927,18.59943,73.790067,Premium Residential,osm_cadastral_enriched,0.88
5fceb3c6-61dd-45b1-aee6-deca2a9e77ee,Shivsagar Residency,shivsagar residency,Reputed Developer / Co-op Consortium,Pune,Sinhagad Road & Manik Baug,IN,"Shivsagar Residency, Sinhagad Road & Manik Baug, Pune 411051, Maharashtra, India",411051,Gated Residential Society,0,20,P52100077451,18.474874,73.818255,Premium Residential,osm_cadastral_enriched,0.88
24599c93-e50a-48ea-b767-2b44ae924cf5,Shivtirth Nagar Cooperative Society,shivtirth nagar cooperative society,Reputed Developer / Co-op Consortium,Pune,Wakad,IN,"Shivtirth Nagar Cooperative Society, Wakad, Pune 411057, Maharashtra, India",411057,Gated Residential Society,0,20,P52100028310,18.608639,73.784113,Premium Residential,osm_cadastral_enriched,0.88
555a22ae-126b-4bfd-bb7a-450ccdc93220,Shree Ganesh Residency,shree ganesh residency,Reputed Developer / Co-op Consortium,Pune,Wagholi & Bakori Road,IN,"Shree Ganesh Residency, Wagholi & Bakori Road, Pune 412207, Maharashtra, India",412207,Gated Residential Society,0,20,P52100091217,18.578458,73.991632,Premium Residential,osm_cadastral_enriched,0.88
f0f28204-3f30-4c92-9035-052bb70c60e8,Eco Hide Park,eco hide park,Reputed Developer / Co-op Consortium,Pune,Wagholi & Bakori Road,IN,"Eco Hide Park, Wagholi & Bakori Road, Pune 412207, Maharashtra, India",412207,Gated Residential Society,0,20,P52100077823,18.575527,73.987701,Premium Residential,osm_cadastral_enriched,0.88
8feb1b31-230d-4f6f-ab59-ce5fddf57efc,Ecstasy Apartment,ecstasy apartment,Reputed Developer / Co-op Consortium,Pune,Dhayari & Narhe,IN,"Ecstasy Apartment, Dhayari & Narhe, Pune 411041, Maharashtra, India",411041,Gated Residential Society,0,20,P52100073078,18.462068,73.824137,Premium Residential,osm_cadastral_enriched,0.88
0a96a1ab-7653-4df3-880d-40f24bc42cfb,Shree Morya Gosavi Raj Park,shree morya gosavi raj park,Reputed Developer / Co-op Consortium,Pune,Thergaon & Kalewadi,IN,"Shree Morya Gosavi Raj Park, Thergaon & Kalewadi, Pune 411033, Maharashtra, India",411033,Gated Residential Society,0,20,P52100026373,18.6207,73.786205,Premium Residential,osm_cadastral_enriched,0.88
ab7307a5-a7a6-4e1c-942d-9cebbfc75294,Shree Nagari,shree nagari,Reputed Developer / Co-op Consortium,Pune,"Dhanori, Lohegaon & Porwal",IN,"Shree Nagari, Dhanori, Lohegaon & Porwal, Pune 411015, Maharashtra, India",411015,Gated Residential Society,0,20,P52100047250,18.59243,73.898752,Premium Residential,osm_cadastral_enriched,0.88
73e764ae-6ce9-4f1f-aa5c-01fbb9c2d633,Shree Nidhi,shree nidhi,Reputed Developer / Co-op Consortium,Pune,"Dhanori, Lohegaon & Porwal",IN,"Shree Nidhi, Dhanori, Lohegaon & Porwal, Pune 411015, Maharashtra, India",411015,Gated Residential Society,0,20,P52100024962,18.604965,73.913964,Premium Residential,osm_cadastral_enriched,0.88
23d18ec7-ef40-4494-a73d-6a35eb421a31,Shree Ram Hill View,shree ram hill view,Reputed Developer / Co-op Consortium,Pune,"Dhanori, Lohegaon & Porwal",IN,"Shree Ram Hill View, Dhanori, Lohegaon & Porwal, Pune 411015, Maharashtra, India",411015,Gated Residential Society,0,20,P52100011601,18.602313,73.918401,Premium Residential,osm_cadastral_enriched,0.88
7b218e4e-bf32-4e6f-b0bc-77de13ae5be7,Ellanza Higher Lifestyle,ellanza higher lifestyle,Reputed Developer / Co-op Consortium,Pune,Dhayari & Narhe,IN,"Ellanza Higher Lifestyle, Dhayari & Narhe, Pune 411041, Maharashtra, India",411041,Gated Residential Society,0,20,P52100096575,18.468817,73.826147,Premium Residential,osm_cadastral_enriched,0.88
2be4ded5-1bb5-446e-9235-ee11759e5b50,Emerald Isle,emerald isle,Reputed Developer / Co-op Consortium,Pune,Wagholi & Bakori Road,IN,"Emerald Isle, Wagholi & Bakori Road, Pune 412207, Maharashtra, India",412207,Gated Residential Society,0,20,P52100062736,18.583515,73.978559,Premium Residential,osm_cadastral_enriched,0.88
9715a6e9-d893-404c-8cf5-4383d6792dbc,"Shree Venkatesh Nisarg, B Building",shree venkatesh nisarg b building,Reputed Developer / Co-op Consortium,Pune,Dhayari & Narhe,IN,"Shree Venkatesh Nisarg, B Building, Dhayari & Narhe, Pune 411041, Maharashtra, India",411041,Gated Residential Society,0,20,P52100042429,18.4604,73.820522,Premium Residential,osm_cadastral_enriched,0.88
7a13554c-4001-4f41-9c65-cbf8e592f206,Uday Emerald Park,uday emerald park,Reputed Developer / Co-op Consortium,Pune,Tathawade & Punawale,IN,"Uday Emerald Park, Tathawade & Punawale, Pune 411033, Maharashtra, India",411033,Gated Residential Society,0,20,P52100023196,18.632643,73.736435,Premium Residential,osm_cadastral_enriched,0.88
0e6b1c41-b22e-4055-bbbd-2c521943d48f,Empire Square,empire square,Reputed Developer / Co-op Consortium,Pune,Pimpri & Chinchwad Station,IN,"Empire Square, Pimpri & Chinchwad Station, Pune 411018, Maharashtra, India",411018,Gated Residential Society,0,20,P52100050750,18.636463,73.80103,Premium Residential,osm_cadastral_enriched,0.88
6e003b25-1250-4dce-9ab6-6c65725b5c28,Shreeram Empire,shreeram empire,Reputed Developer / Co-op Consortium,Pune,"Dhanori, Lohegaon & Porwal",IN,"Shreeram Empire, Dhanori, Lohegaon & Porwal, Pune 411015, Maharashtra, India",411015,Gated Residential Society,0,20,P52100098322,18.595984,73.900103,Premium Residential,osm_cadastral_enriched,0.88
53c99963-72fe-4b01-911a-7da3bb4a5a77,Essentia Society,essentia society,Reputed Developer / Co-op Consortium,Pune,Pimple Saudagar & Rahatani,IN,"Essentia Society, Pimple Saudagar & Rahatani, Pune 411027, Maharashtra, India",411027,Gated Residential Society,0,20,P52100048895,18.593854,73.785763,Premium Residential,osm_cadastral_enriched,0.88
d84e3147-e68e-4e5f-910c-136d10d75048,Shri Siddhi Sankalp,shri siddhi sankalp,Reputed Developer / Co-op Consortium,Pune,Dhayari & Narhe,IN,"Shri Siddhi Sankalp, Dhayari & Narhe, Pune 411041, Maharashtra, India",411041,Gated Residential Society,0,20,P52100079994,18.447767,73.83123,Premium Residential,osm_cadastral_enriched,0.88
bdbd5587-d399-468b-8741-de886cdab2d2,Felicity Pharande,felicity pharande,Reputed Developer / Co-op Consortium,Pune,Ravet & Kiwale,IN,"Felicity Pharande, Ravet & Kiwale, Pune 412101, Maharashtra, India",412101,Gated Residential Society,0,20,P52100079937,18.655872,73.738856,Premium Residential,osm_cadastral_enriched,0.88
715f69f1-0dcf-456b-8a08-bf556c2970cb,Shruti Vastavya CO-OP Hsg Soc,shruti vastavya co op hsg soc,Reputed Developer / Co-op Consortium,Pune,Ravet & Kiwale,IN,"Shruti Vastavya CO-OP Hsg Soc, Ravet & Kiwale, Pune 412101, Maharashtra, India",412101,Gated Residential Society,0,20,P52100094883,18.645429,73.756417,Premium Residential,osm_cadastral_enriched,0.88
e25298b8-aa4d-4b2a-b4b4-ce9086bd3b52,Shubhankar Heights,shubhankar heights,Reputed Developer / Co-op Consortium,Pune,Wakad,IN,"Shubhankar Heights, Wakad, Pune 411057, Maharashtra, India",411057,Luxury High-Rise Tower,0,20,P52100075767,18.61225,73.764337,Premium Residential,osm_cadastral_enriched,0.88
29992cbb-9ea1-4392-bcd6-c59f36574f92,Ganesh Bella Rossa,ganesh bella rossa,Reputed Developer / Co-op Consortium,Pune,Tathawade & Punawale,IN,"Ganesh Bella Rossa, Tathawade & Punawale, Pune 411033, Maharashtra, India",411033,Gated Residential Society,0,20,P52100084144,18.630523,73.73669,Premium Residential,osm_cadastral_enriched,0.88
9936b67d-f38c-48f9-a789-31efa724bd4d,Ganesh Leela Apartment,ganesh leela apartment,Reputed Developer / Co-op Consortium,Pune,Ravet & Kiwale,IN,"Ganesh Leela Apartment, Ravet & Kiwale, Pune 412101, Maharashtra, India",412101,Gated Residential Society,0,20,P52100057182,18.643461,73.756626,Premium Residential,osm_cadastral_enriched,0.88
cb8e23c1-543b-4b51-ba71-6f3308baf6dd,Ganesh Park,ganesh park,Reputed Developer / Co-op Consortium,Pune,Sinhagad Road & Manik Baug,IN,"Ganesh Park, Sinhagad Road & Manik Baug, Pune 411051, Maharashtra, India",411051,Gated Residential Society,0,20,P52100081825,18.474502,73.822939,Premium Residential,osm_cadastral_enriched,0.88
abe8c243-c692-4206-80c0-0be65eae139b,Ganesham Commercial,ganesham commercial,Reputed Developer / Co-op Consortium,Pune,Pimple Saudagar & Rahatani,IN,"Ganesham Commercial, Pimple Saudagar & Rahatani, Pune 411027, Maharashtra, India",411027,Gated Residential Society,0,20,P52100017203,18.597032,73.804798,Premium Residential,osm_cadastral_enriched,0.88
a1d04da0-a838-473d-844d-cc79def0c659,Ganga Aria Society,ganga aria society,Reputed Developer / Co-op Consortium,Pune,"Dhanori, Lohegaon & Porwal",IN,"Ganga Aria Society, Dhanori, Lohegaon & Porwal, Pune 411015, Maharashtra, India",411015,Gated Residential Society,0,20,P52100013950,18.591834,73.894101,Premium Residential,osm_cadastral_enriched,0.88
d5783ed1-5bd4-4541-bf0b-67dd8cfa9d98,Ganga Bhagyoday Society,ganga bhagyoday society,Reputed Developer / Co-op Consortium,Pune,Sinhagad Road & Manik Baug,IN,"Ganga Bhagyoday Society, Sinhagad Road & Manik Baug, Pune 411051, Maharashtra, India",411051,Gated Residential Society,0,20,P52100038764,18.470418,73.82136,Premium Residential,osm_cadastral_enriched,0.88
742dc094-9991-46b0-b0ba-aefd189d28a2,Ganga Cypress Society,ganga cypress society,Reputed Developer / Co-op Consortium,Pune,Wakad,IN,"Ganga Cypress Society, Wakad, Pune 411057, Maharashtra, India",411057,Gated Residential Society,0,20,P52100010501,18.613311,73.753322,Premium Residential,osm_cadastral_enriched,0.88
d93d3255-4abc-4a4c-afab-28d8957b2c52,Ganga Kunj Housing Society,ganga kunj housing society,Reputed Developer / Co-op Consortium,Pune,Tingre Nagar & Vishrantwadi,IN,"Ganga Kunj Housing Society, Tingre Nagar & Vishrantwadi, Pune 411015, Maharashtra, India",411015,Gated Residential Society,0,20,P52100022346,18.581146,73.872399,Premium Residential,osm_cadastral_enriched,0.88
