id,name,normalized_name,developer_name,city,micro_market,country_code,address,pincode,property_type,levels,units,dld_project_id,makani_number,latitude,longitude,luxury_tier,source_origin,confidence_score
8f129400-c2a0-4dee-b31f-074abe802c4d,Blue Waves Residence 2,blue waves residence 2,Sobha Realty,Dubai,Al Sufouh & Media City,AE,"Blue Waves Residence 2, Sheikh Zayed street, Al Sufouh & Media City, Dubai, United Arab Emirates",,Luxury High-Rise Tower,6,48,DLD-PRJ-92724,71124 28697,25.111248,55.186978,Trophy / Ultra-Prime,osm_dld_cadastral_enriched,0.99
daa2fa38-eaef-4351-b57e-c6d340d6261b,Burj Views,burj views,Emaar Properties,Dubai,Downtown Dubai,AE,"Burj Views, Downtown Dubai, Dubai, United Arab Emirates",,Gated Residential Society,6,48,DLD-PRJ-28985,79018 38139,25.19019,55.281392,Trophy / Ultra-Prime,osm_dld_cadastral_enriched,0.99
2b472151-cfd3-4f88-bae8-9deadd8e028b,The Waves 1,the waves 1,Sobha Realty,Dubai,Dubai Marina,AE,"The Waves 1, Dubai Marina, Dubai, United Arab Emirates",,Ultra-Luxury High-Rise Tower,24,192,DLD-PRJ-47961,67077 23435,25.07077,55.134359,Trophy / Ultra-Prime,osm_dld_cadastral_enriched,0.99
9086ae7d-3dba-4711-ae66-2b32bdc4b934,Oakwood Residency,oakwood residency,Ellington Properties,Dubai,Jumeirah Golf Estates,AE,"Oakwood Residency, Jumeirah Golf Estates, Dubai, United Arab Emirates",,Luxury High-Rise Tower,19,152,DLD-PRJ-53556,64019 29263,25.040199,55.192638,Trophy / Ultra-Prime,osm_dld_cadastral_enriched,0.99
601e47cb-2c3c-4a59-a085-bbef1a2c7bfd,Vida Residence,vida residence,Emaar Properties,Dubai,Downtown Dubai,AE,"Vida Residence, Downtown Dubai, Dubai, United Arab Emirates",,Luxury High-Rise Tower,2,16,DLD-PRJ-77773,79036 37310,25.190361,55.273106,Trophy / Ultra-Prime,osm_dld_cadastral_enriched,0.99
2b05043d-9c7f-4aa9-b7a9-c101fde38060,Burj Vista - Downtown - Emaar,burj vista downtown emaar,Emaar Properties,Dubai,Downtown Dubai,AE,"Burj Vista - Downtown - Emaar, Downtown Dubai, Dubai, United Arab Emirates",,Gated Residential Society,7,56,DLD-PRJ-57730,79835 37063,25.198357,55.27064,Trophy / Ultra-Prime,osm_dld_cadastral_enriched,0.99
7f8a9b15-fac7-46d2-b52b-0b0850a66ed1,Emaar,emaar,Emaar Properties,Dubai,Bur Dubai & Deira Waterfront,AE,"Emaar, 4a شارع, Bur Dubai & Deira Waterfront, Dubai, United Arab Emirates",,Luxury High-Rise Tower,16,128,DLD-PRJ-72143,85776 42467,25.257764,55.324677,Trophy / Ultra-Prime,osm_dld_cadastral_enriched,0.99
caacff0b-7eb0-422f-b977-a239aa06d2d4,Sobha Daffodil Wing A,sobha daffodil wing a,Sobha Realty,Dubai,Jumeirah Golf Estates,AE,"Sobha Daffodil Wing A, Street 14, Jumeirah Golf Estates, Dubai, United Arab Emirates",,Luxury High-Rise Tower,11,88,DLD-PRJ-16022,64718 30668,25.047183,55.206685,Trophy / Ultra-Prime,osm_dld_cadastral_enriched,0.99
67c92027-5885-45a2-a36a-3d04d7eaa555,Elite Downtown Residence 1,elite downtown residence 1,Emaar Properties,Dubai,Downtown Dubai,AE,"Elite Downtown Residence 1, Downtown Dubai, Dubai, United Arab Emirates",,Luxury High-Rise Tower,4,32,DLD-PRJ-67221,78588 37804,25.185883,55.278043,Trophy / Ultra-Prime,osm_dld_cadastral_enriched,0.99
c5a3edb4-44f1-4a5b-bc54-d91da6b6fc30,Marina Gate 3,marina gate 3,Select Group,Dubai,Dubai Marina,AE,"Marina Gate 3, Dubai Marina, Dubai, United Arab Emirates",,Iconic Sky High-Rise Tower,56,448,DLD-PRJ-79505,68729 24678,25.087298,55.146789,Trophy / Ultra-Prime,osm_dld_cadastral_enriched,0.99
43fe3365-7ca7-4615-8f78-7690bff76d12,Marina Gate 1,marina gate 1,Select Group,Dubai,Dubai Marina,AE,"Marina Gate 1, Dubai Marina, Dubai, United Arab Emirates",,Iconic Sky High-Rise Tower,52,416,DLD-PRJ-81666,68665 24764,25.086659,55.147641,Trophy / Ultra-Prime,osm_dld_cadastral_enriched,0.99
1a6c7596-6f85-4455-934c-f3b725ccdd70,Marina Gate 2,marina gate 2,Select Group,Dubai,Dubai Marina,AE,"Marina Gate 2, Dubai Marina, Dubai, United Arab Emirates",,Iconic Sky High-Rise Tower,66,528,DLD-PRJ-67590,68670 24696,25.086709,55.146969,Trophy / Ultra-Prime,osm_dld_cadastral_enriched,0.99
38f6f9a1-ac15-48fb-8d66-10a29ae218fd,Elite Downtown Residence 2,elite downtown residence 2,Emaar Properties,Dubai,Downtown Dubai,AE,"Elite Downtown Residence 2, Downtown Dubai, Dubai, United Arab Emirates",,Luxury High-Rise Tower,4,32,DLD-PRJ-55433,78579 37733,25.185791,55.277331,Trophy / Ultra-Prime,osm_dld_cadastral_enriched,0.99
7edf3493-23fa-4839-bbe7-be6a6b5ea6ab,W Downtown The Residences,w downtown the residences,Emaar Properties,Dubai,Downtown Dubai,AE,"W Downtown The Residences, Downtown Dubai, Dubai, United Arab Emirates",,Iconic Sky High-Rise Tower,52,416,DLD-PRJ-83161,78884 38033,25.188841,55.28033,Trophy / Ultra-Prime,osm_dld_cadastral_enriched,0.99
50c2d90e-a374-4b8d-8439-b897a907374c,One at Palm by Omniyat,one at palm by omniyat,Omniyat,Dubai,Palm Jumeirah,AE,"One at Palm by Omniyat, Palm Jumeirah, Dubai, United Arab Emirates",,Gated Residential Society,24,96,DLD-PRJ-96199,70342 24968,25.103426,55.149689,Trophy / Ultra-Prime,osm_dld_cadastral_enriched,0.96
9c7fb607-17d3-43e0-884c-7f207a1aa434,The Sanctuary Villas by Ellington Properties,the sanctuary villas by ellington properties,Ellington Properties,Dubai,Meydan District 11 & Nad Al Sheba,AE,"The Sanctuary Villas by Ellington Properties, District 11, Meydan District 11 & Nad Al Sheba, Dubai, United Arab Emirates",,Ultra-Luxury Gated Villa Community,0,96,DLD-PRJ-49555,73120 44875,25.1312,55.348757,Trophy / Ultra-Prime,osm_dld_cadastral_enriched,0.96
a3dd5c78-b7d7-44ed-a029-18851e14b297,The Lofts - Emaar,the lofts emaar,Emaar Properties,Dubai,"Jumeirah (1, 2, 3)",AE,"The Lofts - Emaar, Shaikh Mohammed bin Rashid Boulevard, Jumeirah (1, 2, 3), Dubai, United Arab Emirates",,Gated Residential Society,0,96,DLD-PRJ-31096,79699 36961,25.196996,55.269618,Trophy / Ultra-Prime,osm_dld_cadastral_enriched,0.96
9833c25b-dd19-4145-af23-5ba898bc1daf,Standpoint Residences - Downtown - Emaar,standpoint residences downtown emaar,Emaar Properties,Dubai,Downtown Dubai,AE,"Standpoint Residences - Downtown - Emaar, Downtown Dubai, Dubai, United Arab Emirates",,Luxury High-Rise Tower,0,96,DLD-PRJ-41785,79662 37091,25.196624,55.270913,Trophy / Ultra-Prime,osm_dld_cadastral_enriched,0.96
7c2c481d-b9ba-4f0a-889d-1d472ea2a87e,"Aseel Villas, Arabian Ranches",aseel villas arabian ranches,Emaar Properties,Dubai,"Arabian Ranches (I, II, III)",AE,"Aseel Villas, Arabian Ranches, Arabian Ranches (I, II, III), Dubai, United Arab Emirates",,Ultra-Luxury Gated Villa Community,0,96,DLD-PRJ-87019,64666 37239,25.046667,55.272393,Trophy / Ultra-Prime,osm_dld_cadastral_enriched,0.96
41dc41fd-c4e0-4af2-8d55-422aeb49dce9,Arabian Ranches 2,arabian ranches 2,Emaar Properties,Dubai,Damac Hills & Lagoons,AE,"Arabian Ranches 2, Damac Hills & Lagoons, Dubai, United Arab Emirates",,Gated Residential Society,0,96,DLD-PRJ-56617,63489 37200,25.034892,55.272005,Trophy / Ultra-Prime,osm_dld_cadastral_enriched,0.96
54dd7eb6-26fb-4d8f-98fc-46dbc0829915,The Address - Sky View,the address sky view,Emaar Properties,Dubai,Downtown Dubai,AE,"The Address - Sky View, Downtown Dubai, Dubai, United Arab Emirates",,Gated Residential Society,0,96,DLD-PRJ-55293,80149 37066,25.201492,55.270662,Trophy / Ultra-Prime,osm_dld_cadastral_enriched,0.96
8740e3d8-f3a2-47f1-8185-383177d347a9,The Opus,the opus,Omniyat,Dubai,"Jumeirah (1, 2, 3)",AE,"The Opus, Jumeirah (1, 2, 3), Dubai, United Arab Emirates",,Gated Residential Society,0,96,DLD-PRJ-58653,78854 36694,25.188548,55.266944,Trophy / Ultra-Prime,osm_dld_cadastral_enriched,0.96
1f3da966-c6dc-4a2a-947b-c7add92ddf66,The Hills by EMAAR,the hills by emaar,Emaar Properties,Dubai,Emirates Hills,AE,"The Hills by EMAAR, Emirates Hills, Dubai, United Arab Emirates",,Gated Residential Society,0,96,DLD-PRJ-14331,67864 25825,25.07864,55.158252,Trophy / Ultra-Prime,osm_dld_cadastral_enriched,0.96
a18aac13-d0c9-4914-bb91-a693ddd2f655,Hartland Greens,hartland greens,Sobha Realty,Dubai,District One & Meydan (MBR City),AE,"Hartland Greens, District One & Meydan (MBR City), Dubai, United Arab Emirates",,Gated Residential Society,0,96,DLD-PRJ-63746,77670 41004,25.176704,55.31004,Trophy / Ultra-Prime,osm_dld_cadastral_enriched,0.96
39f5daca-b7d4-4dc9-acad-4840ed60d3c0,"Emerald Hills, Dubai Hills Estate",emerald hills dubai hills estate,Emaar Properties,Dubai,Dubai Hills Estate,AE,"Emerald Hills, Dubai Hills Estate, Dubai Hills Estate, Dubai, United Arab Emirates",,Gated Residential Society,0,96,DLD-PRJ-33177,72694 37052,25.126942,55.27052,Trophy / Ultra-Prime,osm_dld_cadastral_enriched,0.96
bc07e0ce-0003-4bd8-b24e-e09f9c70e16a,Dubai Hills,dubai hills,Emaar Properties,Dubai,Dubai Hills Estate,AE,"Dubai Hills, Dubai Hills Estate, Dubai, United Arab Emirates",,Gated Residential Society,0,96,DLD-PRJ-50376,70173 34689,25.101733,55.246895,Trophy / Ultra-Prime,osm_dld_cadastral_enriched,0.96
c98e8bc0-abb0-42af-b6b5-8bc939f2a6a3,Bluewaters Residential District,bluewaters residential district,Meraas,Dubai,Bluewaters Island,AE,"Bluewaters Residential District, Bluewaters Island, Dubai, United Arab Emirates",,Gated Residential Society,0,96,DLD-PRJ-94938,67825 22148,25.078252,55.121482,Trophy / Ultra-Prime,osm_dld_cadastral_enriched,0.96
176bc7a1-6e6a-47bf-b5fb-70c8247af27a,Waves KASCO,waves kasco,Sobha Realty,Dubai,Downtown Dubai,AE,"Waves KASCO, Marasi Drive, Downtown Dubai, Dubai, United Arab Emirates",,Gated Residential Society,0,96,DLD-PRJ-10055,78356 38397,25.183564,55.28398,Trophy / Ultra-Prime,osm_dld_cadastral_enriched,0.96
e078ed82-6d88-4822-9a42-eec490fa00d0,BVLGARI Villas,bvlgari villas,Meraas,Dubai,"Jumeirah (1, 2, 3)",AE,"BVLGARI Villas, Jumeirah (1, 2, 3), Dubai, United Arab Emirates",,Ultra-Luxury Gated Villa Community,0,96,DLD-PRJ-91152,81100 33709,25.211003,55.237095,Trophy / Ultra-Prime,osm_dld_cadastral_enriched,0.96
b5cead66-8446-481d-bdfc-e3adf2c73ad0,Creek Horizon,creek horizon,Emaar Properties,Dubai,Dubai Creek Harbour,AE,"Creek Horizon, Dubai Creek Harbour, Dubai, United Arab Emirates",,Gated Residential Society,0,96,DLD-PRJ-23789,80681 44474,25.206815,55.344743,Trophy / Ultra-Prime,osm_dld_cadastral_enriched,0.96
8b963921-b02b-44b5-a4c6-ea955a13bddb,Sobha Creek Vistas,sobha creek vistas,Sobha Realty,Dubai,District One & Meydan (MBR City),AE,"Sobha Creek Vistas, District One & Meydan (MBR City), Dubai, United Arab Emirates",,Gated Residential Society,0,96,DLD-PRJ-36822,77989 40534,25.17989,55.305346,Trophy / Ultra-Prime,osm_dld_cadastral_enriched,0.96
c3035dfd-c184-49d7-a182-1e8a39d82331,Sobha Hartland - The Greens,sobha hartland the greens,Sobha Realty,Dubai,District One & Meydan (MBR City),AE,"Sobha Hartland - The Greens, District One & Meydan (MBR City), Dubai, United Arab Emirates",,Gated Residential Society,0,96,DLD-PRJ-70203,77779 40916,25.177796,55.309169,Trophy / Ultra-Prime,osm_dld_cadastral_enriched,0.96
400b7d4f-7fc3-49fa-95db-71d6d4387157,Wilton Terraces,wilton terraces,Ellington Properties,Dubai,District One & Meydan (MBR City),AE,"Wilton Terraces, District One & Meydan (MBR City), Dubai, United Arab Emirates",,Gated Residential Society,0,96,DLD-PRJ-98303,77810 41012,25.178103,55.310122,Trophy / Ultra-Prime,osm_dld_cadastral_enriched,0.96
89a25a1f-7745-4e5d-a674-c09cb2dca410,Creek Vistas Reservé,creek vistas reserve,Sobha Realty,Dubai,District One & Meydan (MBR City),AE,"Creek Vistas Reservé, District One & Meydan (MBR City), Dubai, United Arab Emirates",,Gated Residential Society,0,96,DLD-PRJ-26015,77992 40373,25.179925,55.303735,Trophy / Ultra-Prime,osm_dld_cadastral_enriched,0.96
acf27273-4b0d-4a4a-a077-40c38cb2ef8d,Sobha Hartland,sobha hartland,Sobha Realty,Dubai,District One & Meydan (MBR City),AE,"Sobha Hartland, District One & Meydan (MBR City), Dubai, United Arab Emirates",,Gated Residential Society,0,96,DLD-PRJ-63500,77760 40694,25.177601,55.306946,Trophy / Ultra-Prime,osm_dld_cadastral_enriched,0.96
8184d3aa-939f-4a93-b2dc-8c7faf9d4bf2,Haven Villas at the Sanctuary,haven villas at the sanctuary,Ellington Properties,Dubai,Jumeirah Village Circle (JVC),AE,"Haven Villas at the Sanctuary, Jumeirah Village Circle (JVC), Dubai, United Arab Emirates",,Ultra-Luxury Gated Villa Community,0,96,DLD-PRJ-82206,66407 30544,25.064077,55.205446,Trophy / Ultra-Prime,osm_dld_cadastral_enriched,0.96
962c1523-08e9-42a3-ab07-296ad7609e2f,The Pad by Omniyat,the pad by omniyat,Omniyat,Dubai,Downtown Dubai,AE,"The Pad by Omniyat, Downtown Dubai, Dubai, United Arab Emirates",,Gated Residential Society,0,96,DLD-PRJ-90784,78467 38196,25.184672,55.281969,Trophy / Ultra-Prime,osm_dld_cadastral_enriched,0.96
d5f76cce-4dcf-4930-ab71-4a2f4f394e14,The Waves,the waves,Sobha Realty,Dubai,Bur Dubai & Deira Waterfront,AE,"The Waves, Bur Dubai & Deira Waterfront, Dubai, United Arab Emirates",,Gated Residential Society,0,96,DLD-PRJ-26879,85147 39179,25.251478,55.291794,Trophy / Ultra-Prime,osm_dld_cadastral_enriched,0.96
9ea187c7-fddf-4332-918f-9c88ee0cfb2c,"Golf Place, Dubai Hills Estate",golf place dubai hills estate,Emaar Properties,Dubai,Dubai Hills Estate,AE,"Golf Place, Dubai Hills Estate, Dubai Hills Estate, Dubai, United Arab Emirates",,Gated Residential Society,0,96,DLD-PRJ-61940,72210 37492,25.1221,55.27492,Trophy / Ultra-Prime,osm_dld_cadastral_enriched,0.96
672a28ad-92af-49e4-a571-370108ef5fc6,"Golf Grove, Dubai Hills Estate",golf grove dubai hills estate,Emaar Properties,Dubai,Dubai Hills Estate,AE,"Golf Grove, Dubai Hills Estate, Dubai Hills Estate, Dubai, United Arab Emirates",,Gated Residential Society,0,96,DLD-PRJ-97213,71417 37500,25.114175,55.275007,Trophy / Ultra-Prime,osm_dld_cadastral_enriched,0.96
a5f9c07b-d184-4be2-a64e-8356b203cfa1,"Club Villas, Dubai Hills Estate",club villas dubai hills estate,Emaar Properties,Dubai,Dubai Hills Estate,AE,"Club Villas, Dubai Hills Estate, Dubai Hills Estate, Dubai, United Arab Emirates",,Ultra-Luxury Gated Villa Community,0,96,DLD-PRJ-55088,72114 36189,25.121148,55.261893,Trophy / Ultra-Prime,osm_dld_cadastral_enriched,0.96
005efbdf-56c7-48aa-9727-d7323734e322,"Sidra 1, Dubai Hills Estate",sidra 1 dubai hills estate,Emaar Properties,Dubai,Dubai Hills Estate,AE,"Sidra 1, Dubai Hills Estate, Dubai Hills Estate, Dubai, United Arab Emirates",,Gated Residential Society,0,96,DLD-PRJ-57128,69370 34764,25.093709,55.247649,Trophy / Ultra-Prime,osm_dld_cadastral_enriched,0.96
ce2ebff1-8741-46de-8c98-25084d62114e,"Sidra 2, Dubai Hills Estate",sidra 2 dubai hills estate,Emaar Properties,Dubai,Dubai Hills Estate,AE,"Sidra 2, Dubai Hills Estate, Dubai Hills Estate, Dubai, United Arab Emirates",,Gated Residential Society,0,96,DLD-PRJ-48955,70053 34841,25.100538,55.248417,Trophy / Ultra-Prime,osm_dld_cadastral_enriched,0.96
e81c9c72-e41e-4bcb-9120-c1cafdd0ee19,"Sidra 3, Dubai Hills Estate",sidra 3 dubai hills estate,Emaar Properties,Dubai,Dubai Hills Estate,AE,"Sidra 3, Dubai Hills Estate, Dubai Hills Estate, Dubai, United Arab Emirates",,Gated Residential Society,0,96,DLD-PRJ-63986,70710 35306,25.107102,55.253062,Trophy / Ultra-Prime,osm_dld_cadastral_enriched,0.96
235884d3-fcd3-4f9a-b731-e6a09aaf54a9,"Sidra Villas, Dubai Hills Estate",sidra villas dubai hills estate,Emaar Properties,Dubai,Dubai Hills Estate,AE,"Sidra Villas, Dubai Hills Estate, Dubai Hills Estate, Dubai, United Arab Emirates",,Ultra-Luxury Gated Villa Community,0,96,DLD-PRJ-78024,70001 34941,25.100014,55.249415,Trophy / Ultra-Prime,osm_dld_cadastral_enriched,0.96
c84b1a98-b23c-4a45-bdd7-3fd7f0ded969,"Parkway Vistas, Dubai Hills Estate",parkway vistas dubai hills estate,Emaar Properties,Dubai,Dubai Hills Estate,AE,"Parkway Vistas, Dubai Hills Estate, Dubai Hills Estate, Dubai, United Arab Emirates",,Gated Residential Society,0,96,DLD-PRJ-67537,72717 36542,25.12717,55.265422,Trophy / Ultra-Prime,osm_dld_cadastral_enriched,0.96
db8cb7f1-7884-4179-865a-b050b1745273,"Maple, Dubai Hills Estate",maple dubai hills estate,Emaar Properties,Dubai,Dubai Hills Estate,AE,"Maple, Dubai Hills Estate, Dubai Hills Estate, Dubai, United Arab Emirates",,Gated Residential Society,0,96,DLD-PRJ-47816,69869 35449,25.098698,55.254493,Trophy / Ultra-Prime,osm_dld_cadastral_enriched,0.96
2473c954-65e6-42b8-8e0d-aa809e0f3ad0,"Maple 1, Dubai Hills Estate",maple 1 dubai hills estate,Emaar Properties,Dubai,Dubai Hills Estate,AE,"Maple 1, Dubai Hills Estate, Dubai Hills Estate, Dubai, United Arab Emirates",,Gated Residential Society,0,96,DLD-PRJ-62693,69261 35392,25.092614,55.253923,Trophy / Ultra-Prime,osm_dld_cadastral_enriched,0.96
770bb901-9b3e-4a3c-8077-5f638fb9f158,"Fairway Vistas, Dubai Hills Estate",fairway vistas dubai hills estate,Emaar Properties,Dubai,Dubai Hills Estate,AE,"Fairway Vistas, Dubai Hills Estate, Dubai Hills Estate, Dubai, United Arab Emirates",,Gated Residential Society,0,96,DLD-PRJ-36575,71474 36775,25.114744,55.267753,Trophy / Ultra-Prime,osm_dld_cadastral_enriched,0.96
6d7e1dfb-c2ca-4dd7-bdc6-46d748d8e308,"Joy, Arabian Ranches 3, Dubai",joy arabian ranches 3 dubai,Emaar Properties,Dubai,"Arabian Ranches (I, II, III)",AE,"Joy, Arabian Ranches 3, Dubai, Arabian Ranches (I, II, III), Dubai, United Arab Emirates",,Gated Residential Society,0,96,DLD-PRJ-52537,66193 42008,25.061932,55.320083,Trophy / Ultra-Prime,osm_dld_cadastral_enriched,0.96
793b061a-b3b5-4df2-a2b8-18297aeea662,"Bliss, Arabian Ranches 3, Dubai",bliss arabian ranches 3 dubai,Emaar Properties,Dubai,"Arabian Ranches (I, II, III)",AE,"Bliss, Arabian Ranches 3, Dubai, Arabian Ranches (I, II, III), Dubai, United Arab Emirates",,Gated Residential Society,0,96,DLD-PRJ-81787,66558 42170,25.065589,55.321703,Trophy / Ultra-Prime,osm_dld_cadastral_enriched,0.96
91c60cf9-beb5-47e8-bbb6-fdf282501164,"June 2, Arabian Ranches 3, Dubai",june 2 arabian ranches 3 dubai,Emaar Properties,Dubai,"Arabian Ranches (I, II, III)",AE,"June 2, Arabian Ranches 3, Dubai, Arabian Ranches (I, II, III), Dubai, United Arab Emirates",,Gated Residential Society,0,96,DLD-PRJ-65938,66865 42180,25.068651,55.321809,Trophy / Ultra-Prime,osm_dld_cadastral_enriched,0.96
55265aba-c04a-48a7-a38c-196a95808147,"Sun, Arabian Ranches 3, Dubai",sun arabian ranches 3 dubai,Emaar Properties,Dubai,"Arabian Ranches (I, II, III)",AE,"Sun, Arabian Ranches 3, Dubai, Arabian Ranches (I, II, III), Dubai, United Arab Emirates",,Gated Residential Society,0,96,DLD-PRJ-75548,66559 41831,25.065597,55.318315,Trophy / Ultra-Prime,osm_dld_cadastral_enriched,0.96
1a67ad90-3825-4af6-8364-4df894937082,"Spring, Arabian Ranches 3, Dubai",spring arabian ranches 3 dubai,Emaar Properties,Dubai,"Arabian Ranches (I, II, III)",AE,"Spring, Arabian Ranches 3, Dubai, Arabian Ranches (I, II, III), Dubai, United Arab Emirates",,Gated Residential Society,0,96,DLD-PRJ-93525,66248 42384,25.062483,55.323847,Trophy / Ultra-Prime,osm_dld_cadastral_enriched,0.96
e22ec0ff-0676-4acd-8a22-e9f1022599d6,"Ruba, Arabian Ranches 3, Dubai",ruba arabian ranches 3 dubai,Emaar Properties,Dubai,"Arabian Ranches (I, II, III)",AE,"Ruba, Arabian Ranches 3, Dubai, Arabian Ranches (I, II, III), Dubai, United Arab Emirates",,Gated Residential Society,0,96,DLD-PRJ-46418,66407 42733,25.064073,55.327335,Trophy / Ultra-Prime,osm_dld_cadastral_enriched,0.96
425aaa09-f4e2-4b26-9c49-92a6275c83ed,City Walk,city walk,Meraas,Dubai,"Jumeirah (1, 2, 3)",AE,"City Walk, Jumeirah (1, 2, 3), Dubai, United Arab Emirates",,Gated Residential Society,0,96,DLD-PRJ-30497,80566 36269,25.20567,55.262695,Trophy / Ultra-Prime,osm_dld_cadastral_enriched,0.96
40a32b28-4d81-409e-b958-ebe905c3b69c,Golf Heights by Emaar,golf heights by emaar,Emaar Properties,Dubai,Emirates Hills,AE,"Golf Heights by Emaar, Emirates Hills, Dubai, United Arab Emirates",,Luxury High-Rise Tower,0,96,DLD-PRJ-43145,68641 27280,25.086414,55.172805,Trophy / Ultra-Prime,osm_dld_cadastral_enriched,0.96
6cb27ab4-ff22-438c-87a4-042f8efe587f,Emaar South Golf District,emaar south golf district,Emaar Properties,Dubai,Greater Dubai Urban Corridor,AE,"Emaar South Golf District, Greater Dubai Urban Corridor, Dubai, United Arab Emirates",,Gated Residential Society,0,96,DLD-PRJ-37413,45604 24676,24.856041,55.146765,Trophy / Ultra-Prime,osm_dld_cadastral_enriched,0.94
bda232f0-8c70-40a8-91c3-a2b289c534ef,Downtown Jebel Ali,downtown jebel ali,Emaar Properties,Dubai,Greater Dubai Urban Corridor,AE,"Downtown Jebel Ali, Greater Dubai Urban Corridor, Dubai, United Arab Emirates",,Gated Residential Society,0,96,DLD-PRJ-86169,55431 15333,24.954319,55.053332,Trophy / Ultra-Prime,osm_dld_cadastral_enriched,0.94
6a987f06-5b62-487d-96fa-61ed0eba8b21,Oasis Tower,oasis tower,Master Developer / DLD Registered,Dubai,DIFC,AE,"Oasis Tower, Sheikh Zayed Road, DIFC, Dubai, United Arab Emirates",,Ultra-Luxury High-Rise Tower,32,256,DLD-PRJ-93054,81139 37640,25.21139,55.276408,Trophy / Ultra-Prime,osm_dld_cadastral_enriched,0.92
0a864b9a-c55e-4081-88b9-e300b72109e4,Al Attar Tower,al attar tower,Master Developer / DLD Registered,Dubai,DIFC,AE,"Al Attar Tower, Sheikh Zayed Road, DIFC, Dubai, United Arab Emirates",,Ultra-Luxury High-Rise Tower,32,256,DLD-PRJ-32685,81281 37738,25.212814,55.277389,Trophy / Ultra-Prime,osm_dld_cadastral_enriched,0.92
82852e8b-6166-45d8-b6d9-f91e909d3e64,Jumera Tower,jumera tower,Master Developer / DLD Registered,Dubai,DIFC,AE,"Jumera Tower, Sheikh Zayed Road, DIFC, Dubai, United Arab Emirates",,Ultra-Luxury High-Rise Tower,20,160,DLD-PRJ-81984,81354 37786,25.213549,55.277866,Trophy / Ultra-Prime,osm_dld_cadastral_enriched,0.92
838091a5-94b3-4c78-8251-e689f77d6c8b,Jash Falqa,jash falqa,Master Developer / DLD Registered,Dubai,Palm Jumeirah,AE,"Jash Falqa, Shoreline Boulevard, Palm Jumeirah, Dubai, United Arab Emirates",,Luxury High-Rise Tower,10,80,DLD-PRJ-59402,70881 24855,25.108817,55.148552,Trophy / Ultra-Prime,osm_dld_cadastral_enriched,0.92
ce0eb055-a4d4-45d7-ae5f-f70ba2f33d6f,Palm Terrace,palm terrace,Master Developer / DLD Registered,Dubai,Palm Jumeirah,AE,"Palm Terrace, Shoreline Boulevard, Palm Jumeirah, Dubai, United Arab Emirates",,Luxury High-Rise Tower,12,96,DLD-PRJ-55938,71009 24685,25.110097,55.146855,Trophy / Ultra-Prime,osm_dld_cadastral_enriched,0.92
9edb77a0-8315-44c2-b3ed-54ceb787090f,Al Habool,al habool,Master Developer / DLD Registered,Dubai,Palm Jumeirah,AE,"Al Habool, Shoreline Boulevard, Palm Jumeirah, Dubai, United Arab Emirates",,Luxury High-Rise Tower,10,80,DLD-PRJ-93995,71316 24079,25.113163,55.140797,Trophy / Ultra-Prime,osm_dld_cadastral_enriched,0.92
819826ab-84c6-4a26-9d43-3cedb2e293de,Al Anbara,al anbara,Master Developer / DLD Registered,Dubai,Palm Jumeirah,AE,"Al Anbara, Shoreline Boulevard, Palm Jumeirah, Dubai, United Arab Emirates",,Luxury High-Rise Tower,11,88,DLD-PRJ-88289,71250 24165,25.112503,55.141651,Trophy / Ultra-Prime,osm_dld_cadastral_enriched,0.92
2f4706eb-4e80-41f9-bca3-bacd66dc280d,Al Nabat,al nabat,Master Developer / DLD Registered,Dubai,Palm Jumeirah,AE,"Al Nabat, Shoreline Boulevard, Palm Jumeirah, Dubai, United Arab Emirates",,Luxury High-Rise Tower,11,88,DLD-PRJ-82709,71277 24331,25.112777,55.143317,Trophy / Ultra-Prime,osm_dld_cadastral_enriched,0.92
44a4a1bb-145c-4dd0-a945-877a632c27b7,Al Hatimi,al hatimi,Master Developer / DLD Registered,Dubai,Palm Jumeirah,AE,"Al Hatimi, Shoreline Boulevard, Palm Jumeirah, Dubai, United Arab Emirates",,Luxury High-Rise Tower,11,88,DLD-PRJ-37121,70947 24767,25.109475,55.147678,Trophy / Ultra-Prime,osm_dld_cadastral_enriched,0.92
8813c953-7c1a-4c40-aae8-112123dbbf26,Al Shahla,al shahla,Master Developer / DLD Registered,Dubai,Palm Jumeirah,AE,"Al Shahla, Shoreline Boulevard, Palm Jumeirah, Dubai, United Arab Emirates",,Luxury High-Rise Tower,11,88,DLD-PRJ-74551,70873 24664,25.108735,55.146643,Trophy / Ultra-Prime,osm_dld_cadastral_enriched,0.92
ebc14254-7092-4f1f-9e61-6c94b38ddabd,Al Msalli,al msalli,Master Developer / DLD Registered,Dubai,Palm Jumeirah,AE,"Al Msalli, Shoreline Boulevard, Palm Jumeirah, Dubai, United Arab Emirates",,Luxury High-Rise Tower,11,88,DLD-PRJ-99237,71343 24245,25.113436,55.142453,Trophy / Ultra-Prime,osm_dld_cadastral_enriched,0.92
e91dc753-5a12-4778-93a6-cfd5d3cba731,Al Hamri,al hamri,Master Developer / DLD Registered,Dubai,Palm Jumeirah,AE,"Al Hamri, Shoreline Boulevard, Palm Jumeirah, Dubai, United Arab Emirates",,Luxury High-Rise Tower,11,88,DLD-PRJ-30478,70676 24925,25.106769,55.149252,Trophy / Ultra-Prime,osm_dld_cadastral_enriched,0.92
ee4fb124-f723-4dd9-8af8-6825013db2af,Al Sultana,al sultana,Master Developer / DLD Registered,Dubai,Palm Jumeirah,AE,"Al Sultana, Shoreline Boulevard, Palm Jumeirah, Dubai, United Arab Emirates",,Luxury High-Rise Tower,10,80,DLD-PRJ-39680,70819 24937,25.108198,55.149376,Trophy / Ultra-Prime,osm_dld_cadastral_enriched,0.92
cc0af4ae-7c59-4f0e-8199-857214d1db27,Al Dabas,al dabas,Master Developer / DLD Registered,Dubai,Palm Jumeirah,AE,"Al Dabas, Shoreline Boulevard, Palm Jumeirah, Dubai, United Arab Emirates",,Luxury High-Rise Tower,11,88,DLD-PRJ-53038,70753 25024,25.107538,55.150242,Trophy / Ultra-Prime,osm_dld_cadastral_enriched,0.92
403b5d1f-e796-4b32-9c18-18b45e8a00ad,Al Hallawi,al hallawi,Master Developer / DLD Registered,Dubai,Palm Jumeirah,AE,"Al Hallawi, Shoreline Boulevard, Palm Jumeirah, Dubai, United Arab Emirates",,Luxury High-Rise Tower,12,96,DLD-PRJ-55086,71119 24340,25.111197,55.1434,Trophy / Ultra-Prime,osm_dld_cadastral_enriched,0.92
bd1138a6-901f-47fb-83fc-0a709f092c67,Al Das,al das,Master Developer / DLD Registered,Dubai,Palm Jumeirah,AE,"Al Das, Shoreline Boulevard, Palm Jumeirah, Dubai, United Arab Emirates",,Luxury High-Rise Tower,10,80,DLD-PRJ-27475,71405 24162,25.114054,55.141623,Trophy / Ultra-Prime,osm_dld_cadastral_enriched,0.92
b738f626-2ba1-4499-b65b-85c5f947232f,Al Tamr,al tamr,Master Developer / DLD Registered,Dubai,Palm Jumeirah,AE,"Al Tamr, Shoreline Street, Palm Jumeirah, Dubai, United Arab Emirates",,Luxury High-Rise Tower,12,96,DLD-PRJ-91157,70939 24577,25.109391,55.145777,Trophy / Ultra-Prime,osm_dld_cadastral_enriched,0.92
ac1d1c71-79c1-4a7b-bdfd-7cb7e408f24f,Jash Hamad,jash hamad,Master Developer / DLD Registered,Dubai,Palm Jumeirah,AE,"Jash Hamad, Shoreline Boulevard, Palm Jumeirah, Dubai, United Arab Emirates",,Luxury High-Rise Tower,10,80,DLD-PRJ-21354,70743 24837,25.107432,55.148378,Trophy / Ultra-Prime,osm_dld_cadastral_enriched,0.92
ed7f6593-5ae9-4f75-918b-d8bba34933ec,Al Basari,al basari,Master Developer / DLD Registered,Dubai,Palm Jumeirah,AE,"Al Basari, Shoreline Boulevard, Palm Jumeirah, Dubai, United Arab Emirates",,Luxury High-Rise Tower,12,96,DLD-PRJ-20666,70692 25108,25.106928,55.151083,Trophy / Ultra-Prime,osm_dld_cadastral_enriched,0.92
392aea0c-aed7-4698-bc66-dcd86e07c50a,Abu Keibal,abu keibal,Master Developer / DLD Registered,Dubai,Palm Jumeirah,AE,"Abu Keibal, Shoreline Boulevard, Palm Jumeirah, Dubai, United Arab Emirates",,Luxury High-Rise Tower,10,80,DLD-PRJ-80585,70807 24751,25.108073,55.147513,Trophy / Ultra-Prime,osm_dld_cadastral_enriched,0.92
98d856b8-adf7-471c-aaf5-6cdae67d10d2,Al Haseer,al haseer,Master Developer / DLD Registered,Dubai,Palm Jumeirah,AE,"Al Haseer, Shoreline Boulevard, Palm Jumeirah, Dubai, United Arab Emirates",,Luxury High-Rise Tower,12,96,DLD-PRJ-32300,71214 24414,25.112144,55.144148,Trophy / Ultra-Prime,osm_dld_cadastral_enriched,0.92
ebeb9206-0b27-4266-a63f-1b5740701a5c,Al Khushkar,al khushkar,Master Developer / DLD Registered,Dubai,Palm Jumeirah,AE,"Al Khushkar, Shoreline Boulevard, Palm Jumeirah, Dubai, United Arab Emirates",,Luxury High-Rise Tower,12,96,DLD-PRJ-26918,70611 25011,25.106112,55.150111,Trophy / Ultra-Prime,osm_dld_cadastral_enriched,0.92
0d2967ff-196c-4ef9-8019-2246154edab6,Al Sarrood,al sarrood,Master Developer / DLD Registered,Dubai,Palm Jumeirah,AE,"Al Sarrood, Shoreline Boulevard, Palm Jumeirah, Dubai, United Arab Emirates",,Luxury High-Rise Tower,11,88,DLD-PRJ-15801,71184 24252,25.111845,55.142527,Trophy / Ultra-Prime,osm_dld_cadastral_enriched,0.92
3037ff8e-bee1-4542-a162-e19695aed3d8,Diamond,diamond,Master Developer / DLD Registered,Dubai,Palm Jumeirah,AE,"Diamond, Palm Jumeirah, Dubai, United Arab Emirates",,Luxury High-Rise Tower,14,112,DLD-PRJ-79486,71744 24201,25.11744,55.142019,Trophy / Ultra-Prime,osm_dld_cadastral_enriched,0.92
efe6373a-5b32-46ae-b70b-224e570e66ba,Golden Mile 1,golden mile 1,Master Developer / DLD Registered,Dubai,Palm Jumeirah,AE,"Golden Mile 1, Palm Jumeirah, Dubai, United Arab Emirates",,Luxury High-Rise Tower,10,80,DLD-PRJ-77267,70546 24923,25.105461,55.149233,Trophy / Ultra-Prime,osm_dld_cadastral_enriched,0.92
c962d134-c79a-48f7-97af-5972c9faddb1,Golden Mile 5,golden mile 5,Master Developer / DLD Registered,Dubai,Palm Jumeirah,AE,"Golden Mile 5, Palm Jumeirah, Dubai, United Arab Emirates",,Luxury High-Rise Tower,10,80,DLD-PRJ-45840,70773 24615,25.107734,55.14615,Trophy / Ultra-Prime,osm_dld_cadastral_enriched,0.92
4cceffc3-9329-4fae-bd5e-efc3eac03cb7,Golden Mile 4,golden mile 4,Master Developer / DLD Registered,Dubai,Palm Jumeirah,AE,"Golden Mile 4, Palm Jumeirah, Dubai, United Arab Emirates",,Luxury High-Rise Tower,10,80,DLD-PRJ-52028,70718 24688,25.107186,55.146884,Trophy / Ultra-Prime,osm_dld_cadastral_enriched,0.92
389ba7a3-2e20-4de1-b8b6-9f27e72db73e,Golden Mile 6,golden mile 6,Master Developer / DLD Registered,Dubai,Palm Jumeirah,AE,"Golden Mile 6, Palm Jumeirah, Dubai, United Arab Emirates",,Luxury High-Rise Tower,10,80,DLD-PRJ-44430,70833 24538,25.108333,55.145386,Trophy / Ultra-Prime,osm_dld_cadastral_enriched,0.92
9a157eb9-9110-41ab-84b7-b59adf8a8879,Golden Mile 2,golden mile 2,Master Developer / DLD Registered,Dubai,Palm Jumeirah,AE,"Golden Mile 2, Palm Jumeirah, Dubai, United Arab Emirates",,Luxury High-Rise Tower,10,80,DLD-PRJ-85965,70607 24840,25.106071,55.148403,Trophy / Ultra-Prime,osm_dld_cadastral_enriched,0.92
25b4b84e-a43d-4ee6-921b-f7f28354198e,"New Faculty Housing, AUD",new faculty housing aud,Master Developer / DLD Registered,Dubai,Dubai Marina,AE,"New Faculty Housing, AUD, Dubai Marina, Dubai, United Arab Emirates",,Luxury High-Rise Tower,11,88,DLD-PRJ-11511,69123 25413,25.091232,55.154136,Trophy / Ultra-Prime,osm_dld_cadastral_enriched,0.92
04f2e5a3-028a-40b8-9a73-4ea1498101e8,Le Reve Tower,le reve tower,Master Developer / DLD Registered,Dubai,Dubai Marina,AE,"Le Reve Tower, Dubai Marina, Dubai, United Arab Emirates",,Iconic Sky High-Rise Tower,50,400,DLD-PRJ-41421,68913 24746,25.089138,55.147464,Trophy / Ultra-Prime,osm_dld_cadastral_enriched,0.92
8ed801b0-6fc5-4057-9307-cc0793b2f805,Green Lakes 1,green lakes 1,Master Developer / DLD Registered,Dubai,Dubai Marina,AE,"Green Lakes 1, Dubai Marina, Dubai, United Arab Emirates",,Ultra-Luxury High-Rise Tower,35,280,DLD-PRJ-94110,67825 24793,25.078253,55.147935,Trophy / Ultra-Prime,osm_dld_cadastral_enriched,0.92
70c354cb-84a0-467b-8f9e-a5807301d154,Madina Tower,madina tower,Master Developer / DLD Registered,Dubai,Dubai Marina,AE,"Madina Tower, Dubai Marina, Dubai, United Arab Emirates",,Ultra-Luxury High-Rise Tower,34,272,DLD-PRJ-98693,67464 24388,25.074642,55.143886,Trophy / Ultra-Prime,osm_dld_cadastral_enriched,0.92
4497fb0a-ccf9-43a7-8564-08f91c1c6256,Armada,armada,Master Developer / DLD Registered,Dubai,Dubai Marina,AE,"Armada, Sheikh Zayed Road, Dubai Marina, Dubai, United Arab Emirates",,Iconic Sky High-Rise Tower,41,328,DLD-PRJ-70183,67487 24551,25.074876,55.145514,Trophy / Ultra-Prime,osm_dld_cadastral_enriched,0.92
83b0d432-f44b-4bdf-986d-aaabd3afa0a9,Reef Tower,reef tower,Master Developer / DLD Registered,Dubai,Dubai Marina,AE,"Reef Tower, Dubai Marina, Dubai, United Arab Emirates",,Ultra-Luxury High-Rise Tower,34,272,DLD-PRJ-83636,67399 24327,25.073993,55.143278,Trophy / Ultra-Prime,osm_dld_cadastral_enriched,0.92
1dae1925-7070-4b61-a902-23bce7ae87c9,Saba,saba,Master Developer / DLD Registered,Dubai,Dubai Marina,AE,"Saba, Dubai Marina, Dubai, United Arab Emirates",,Ultra-Luxury High-Rise Tower,36,288,DLD-PRJ-86494,67695 24602,25.076959,55.146025,Trophy / Ultra-Prime,osm_dld_cadastral_enriched,0.92
8e11753e-e0f6-47aa-bc66-df9403c6f6c7,Dubai Gate 1,dubai gate 1,Master Developer / DLD Registered,Dubai,Dubai Marina,AE,"Dubai Gate 1, Dubai Marina, Dubai, United Arab Emirates",,Iconic Sky High-Rise Tower,42,336,DLD-PRJ-39260,67633 24617,25.076331,55.146174,Trophy / Ultra-Prime,osm_dld_cadastral_enriched,0.92
8c894942-bf51-4bb5-98d5-89d3be0fa431,Al Waleed Paradise,al waleed paradise,Master Developer / DLD Registered,Dubai,Dubai Marina,AE,"Al Waleed Paradise, Dubai Marina, Dubai, United Arab Emirates",,Ultra-Luxury High-Rise Tower,35,280,DLD-PRJ-52134,67716 24683,25.077163,55.146837,Trophy / Ultra-Prime,osm_dld_cadastral_enriched,0.92
9bad385b-a623-4d0a-a056-428e71984b3b,Emirates Crown,emirates crown,Master Developer / DLD Registered,Dubai,Dubai Marina,AE,"Emirates Crown, Dubai Marina, Dubai, United Arab Emirates",,Iconic Sky High-Rise Tower,63,504,DLD-PRJ-79240,68826 24650,25.08826,55.146507,Trophy / Ultra-Prime,osm_dld_cadastral_enriched,0.92
6ea1d8be-94e3-41a0-959d-144388f706f4,Marina Crown,marina crown,Master Developer / DLD Registered,Dubai,Dubai Marina,AE,"Marina Crown, Dubai Marina, Dubai, United Arab Emirates",,Iconic Sky High-Rise Tower,52,416,DLD-PRJ-70410,68992 24831,25.089929,55.148311,Trophy / Ultra-Prime,osm_dld_cadastral_enriched,0.92
9790d788-1db3-4fa8-a676-71ee9610dff6,Radisson Blu Dubai Media City,radisson blu dubai media city,Master Developer / DLD Registered,Dubai,Emirates Hills,AE,"Radisson Blu Dubai Media City, Emirates Hills, Dubai, United Arab Emirates",,Gated Residential Society,6,48,DLD-PRJ-22171,69392 25507,25.093922,55.155077,Trophy / Ultra-Prime,osm_dld_cadastral_enriched,0.92
5964ec8e-1124-4428-82c0-3757f0830745,Lake Terrace,lake terrace,Master Developer / DLD Registered,Dubai,Dubai Marina,AE,"Lake Terrace, Dubai Marina, Dubai, United Arab Emirates",,Iconic Sky High-Rise Tower,43,344,DLD-PRJ-87032,67011 24108,25.070111,55.141089,Trophy / Ultra-Prime,osm_dld_cadastral_enriched,0.92
585d47b1-0a59-4447-b3fb-c84e20728cd9,Indigo Tower,indigo tower,Master Developer / DLD Registered,Dubai,Dubai Marina,AE,"Indigo Tower, Dubai Marina, Dubai, United Arab Emirates",,Ultra-Luxury High-Rise Tower,30,240,DLD-PRJ-24296,66990 24034,25.069909,55.140341,Trophy / Ultra-Prime,osm_dld_cadastral_enriched,0.92
0069b7a2-bcbf-4e9e-8dd2-84a6296ef141,Concorde Tower,concorde tower,Master Developer / DLD Registered,Dubai,Dubai Marina,AE,"Concorde Tower, Dubai Marina, Dubai, United Arab Emirates",,Iconic Sky High-Rise Tower,45,360,DLD-PRJ-75609,66996 24410,25.069967,55.144101,Trophy / Ultra-Prime,osm_dld_cadastral_enriched,0.92
f9f7c406-2ca5-4fc4-a119-540bb621c4d1,Lake City Tower,lake city tower,Master Developer / DLD Registered,Dubai,Dubai Marina,AE,"Lake City Tower, Dubai Marina, Dubai, United Arab Emirates",,Ultra-Luxury High-Rise Tower,36,288,DLD-PRJ-19113,67072 24096,25.070723,55.140963,Trophy / Ultra-Prime,osm_dld_cadastral_enriched,0.92
1d31c179-b92a-42ab-a797-524c8e437feb,Durrat al Marsa,durrat al marsa,Master Developer / DLD Registered,Dubai,Dubai Marina,AE,"Durrat al Marsa, Dubai Marina, Dubai, United Arab Emirates",,Luxury High-Rise Tower,15,120,DLD-PRJ-37770,67144 22937,25.071441,55.129379,Trophy / Ultra-Prime,osm_dld_cadastral_enriched,0.92
518a05d5-4815-462c-b285-06995f453886,The Jewels,the jewels,Master Developer / DLD Registered,Dubai,Dubai Marina,AE,"The Jewels, King Salman bin Abdulaziz Al Saud Street, Dubai Marina, Dubai, United Arab Emirates",,Ultra-Luxury High-Rise Tower,21,168,DLD-PRJ-87566,67138 23048,25.071387,55.130488,Trophy / Ultra-Prime,osm_dld_cadastral_enriched,0.92
0bcf32d8-8068-4bf5-863c-0c645334df91,The Sea Residence,the sea residence,Master Developer / DLD Registered,Dubai,Dubai Marina,AE,"The Sea Residence, Al Sufouh Street, Dubai Marina, Dubai, United Arab Emirates",,Luxury High-Rise Tower,15,120,DLD-PRJ-83669,67153 23103,25.071533,55.131037,Trophy / Ultra-Prime,osm_dld_cadastral_enriched,0.92
8dee8828-d0d8-4ca6-8f42-e06a23dfb8a6,Mohammed Ibrahim Tower,mohammed ibrahim tower,Master Developer / DLD Registered,Dubai,Dubai Marina,AE,"Mohammed Ibrahim Tower, Dubai Marina, Dubai, United Arab Emirates",,Iconic Sky High-Rise Tower,46,368,DLD-PRJ-74448,66753 24142,25.067538,55.141422,Trophy / Ultra-Prime,osm_dld_cadastral_enriched,0.92
f5b82a7c-c257-442f-8bdb-eaf0de5fecab,Gold Crest Views 2,gold crest views 2,Master Developer / DLD Registered,Dubai,Dubai Marina,AE,"Gold Crest Views 2, Dubai Marina, Dubai, United Arab Emirates",,Ultra-Luxury High-Rise Tower,39,312,DLD-PRJ-90526,66686 24139,25.066867,55.141397,Trophy / Ultra-Prime,osm_dld_cadastral_enriched,0.92
efc0d19c-bcd9-4abf-b07c-1650559c68ea,O2 Residence,o2 residence,Master Developer / DLD Registered,Dubai,Dubai Marina,AE,"O2 Residence, Dubai Marina, Dubai, United Arab Emirates",,Iconic Sky High-Rise Tower,41,328,DLD-PRJ-95452,67399 24404,25.074,55.144046,Trophy / Ultra-Prime,osm_dld_cadastral_enriched,0.92
cddf4d44-bff1-4872-94a2-933ae31d0a6e,The Bonnington Tower,the bonnington tower,Master Developer / DLD Registered,Dubai,Dubai Marina,AE,"The Bonnington Tower, Dubai Marina, Dubai, United Arab Emirates",,Iconic Sky High-Rise Tower,41,328,DLD-PRJ-15201,66755 24208,25.067556,55.142083,Trophy / Ultra-Prime,osm_dld_cadastral_enriched,0.92
fae440b0-f522-40e1-b54c-b2411e9735bb,Elite Residences,elite residences,Master Developer / DLD Registered,Dubai,Dubai Marina,AE,"Elite Residences, King Salman Bin Abdulaziz Al Saud St, Dubai Marina, Dubai, United Arab Emirates",,Iconic Sky High-Rise Tower,87,696,DLD-PRJ-77760,68951 24789,25.089519,55.147896,Trophy / Ultra-Prime,osm_dld_cadastral_enriched,0.92
12300f6d-5251-49d7-963a-c15ce2a8f604,Princess Tower,princess tower,Master Developer / DLD Registered,Dubai,Dubai Marina,AE,"Princess Tower, Dubai Marina, Dubai, United Arab Emirates",,Iconic Sky High-Rise Tower,101,808,DLD-PRJ-59280,68864 24677,25.088646,55.146772,Trophy / Ultra-Prime,osm_dld_cadastral_enriched,0.92
51ac2d9a-3bae-4920-8325-e1bb0eb2dfa6,Al Seef,al seef,Master Developer / DLD Registered,Dubai,Dubai Marina,AE,"Al Seef, Dubai Marina, Dubai, United Arab Emirates",,Iconic Sky High-Rise Tower,40,320,DLD-PRJ-25887,67973 25158,25.07973,55.151584,Trophy / Ultra-Prime,osm_dld_cadastral_enriched,0.92
d856f492-be6f-43b3-9185-f8326994f25c,Azure,azure,Master Developer / DLD Registered,Dubai,Dubai Marina,AE,"Azure, Al Hubob Street, Dubai Marina, Dubai, United Arab Emirates",,Gated Residential Society,6,48,DLD-PRJ-73398,67285 23739,25.07285,55.137393,Trophy / Ultra-Prime,osm_dld_cadastral_enriched,0.92
026cb139-f099-4560-9ddb-f740b37f5ff9,The Cascades,the cascades,Master Developer / DLD Registered,Dubai,Dubai Marina,AE,"The Cascades, Dubai Marina, Dubai, United Arab Emirates",,Luxury High-Rise Tower,17,136,DLD-PRJ-51605,67279 23814,25.072793,55.138142,Trophy / Ultra-Prime,osm_dld_cadastral_enriched,0.92
e2f77578-77c7-4952-9bab-24fb9664d362,Yacht Bay Tower,yacht bay tower,Master Developer / DLD Registered,Dubai,Dubai Marina,AE,"Yacht Bay Tower, Al Hubob Street, Dubai Marina, Dubai, United Arab Emirates",,Luxury High-Rise Tower,18,144,DLD-PRJ-53561,67143 23680,25.07144,55.136802,Trophy / Ultra-Prime,osm_dld_cadastral_enriched,0.92
a4a6062b-df22-4572-a0ea-caf67d69c97a,Emerald Residence,emerald residence,Master Developer / DLD Registered,Dubai,Dubai Marina,AE,"Emerald Residence, Al Hubob Street, Dubai Marina, Dubai, United Arab Emirates",,Luxury High-Rise Tower,7,56,DLD-PRJ-17254,67146 23597,25.071463,55.135973,Trophy / Ultra-Prime,osm_dld_cadastral_enriched,0.92
629698cd-56ad-4177-b41b-83850720a992,Marina Sail,marina sail,Master Developer / DLD Registered,Dubai,Dubai Marina,AE,"Marina Sail, Dubai Marina, Dubai, United Arab Emirates",,Ultra-Luxury High-Rise Tower,24,192,DLD-PRJ-38873,67173 23536,25.071736,55.135366,Trophy / Ultra-Prime,osm_dld_cadastral_enriched,0.92
cbf00c38-d021-47ee-96c2-58250761a64b,ARY Marina View,ary marina view,Master Developer / DLD Registered,Dubai,Dubai Marina,AE,"ARY Marina View, Dubai Marina, Dubai, United Arab Emirates",,Luxury High-Rise Tower,10,80,DLD-PRJ-64153,67166 23436,25.071669,55.134365,Trophy / Ultra-Prime,osm_dld_cadastral_enriched,0.92
a80f7dba-227b-471f-9547-ce07ecc4ee24,Al Majara 3,al majara 3,Master Developer / DLD Registered,Dubai,Dubai Marina,AE,"Al Majara 3, Al Hubob Street, Dubai Marina, Dubai, United Arab Emirates",,Luxury High-Rise Tower,10,80,DLD-PRJ-77913,67377 23749,25.073774,55.137498,Trophy / Ultra-Prime,osm_dld_cadastral_enriched,0.92
0ec0c4ba-d032-4fb7-87a9-60492e9f53fd,Al Majara 4,al majara 4,Master Developer / DLD Registered,Dubai,Dubai Marina,AE,"Al Majara 4, Dubai Marina, Dubai, United Arab Emirates",,Luxury High-Rise Tower,10,80,DLD-PRJ-90429,67460 23722,25.074604,55.137226,Trophy / Ultra-Prime,osm_dld_cadastral_enriched,0.92
a1d0cfd6-e35d-4446-8d1b-e39c821ca4dd,Al Majar 5,al majar 5,Master Developer / DLD Registered,Dubai,Dubai Marina,AE,"Al Majar 5, Dubai Marina, Dubai, United Arab Emirates",,Gated Residential Society,7,56,DLD-PRJ-22055,67405 23688,25.074058,55.136889,Trophy / Ultra-Prime,osm_dld_cadastral_enriched,0.92
e063c8bd-197f-4fc6-acc3-bdb7e5bfdb39,Al Majara 2,al majara 2,Master Developer / DLD Registered,Dubai,Dubai Marina,AE,"Al Majara 2, Al Hubob Street, Dubai Marina, Dubai, United Arab Emirates",,Ultra-Luxury High-Rise Tower,32,256,DLD-PRJ-56558,67328 23693,25.07329,55.136936,Trophy / Ultra-Prime,osm_dld_cadastral_enriched,0.92
a759fc31-363d-4055-bb2a-b6ad12796a84,Al Majara 1,al majara 1,Master Developer / DLD Registered,Dubai,Dubai Marina,AE,"Al Majara 1, Al Hubob Street, Dubai Marina, Dubai, United Arab Emirates",,Ultra-Luxury High-Rise Tower,29,232,DLD-PRJ-99821,67427 23788,25.074274,55.137881,Trophy / Ultra-Prime,osm_dld_cadastral_enriched,0.92
01cfe3bd-3698-4fc6-b32d-354bfc891e41,Marina Residence,marina residence,Master Developer / DLD Registered,Dubai,Dubai Marina,AE,"Marina Residence, Dubai Marina, Dubai, United Arab Emirates",,Luxury High-Rise Tower,17,136,DLD-PRJ-77607,67246 23764,25.072464,55.13765,Trophy / Ultra-Prime,osm_dld_cadastral_enriched,0.92
9f90241d-f0a1-49a3-91bb-e5e4031724be,Marina Park,marina park,Master Developer / DLD Registered,Dubai,Dubai Marina,AE,"Marina Park, Dubai Marina, Dubai, United Arab Emirates",,Gated Residential Society,6,48,DLD-PRJ-46983,66885 23340,25.068858,55.133405,Trophy / Ultra-Prime,osm_dld_cadastral_enriched,0.92
692e648e-9371-4fac-987b-d572ce05545a,Marina Diamond 2,marina diamond 2,Master Developer / DLD Registered,Dubai,Dubai Marina,AE,"Marina Diamond 2, Dubai Marina, Dubai, United Arab Emirates",,Luxury High-Rise Tower,15,120,DLD-PRJ-89727,66945 23486,25.069452,55.134867,Trophy / Ultra-Prime,osm_dld_cadastral_enriched,0.92
95ee5f78-bdc3-456f-83ac-2b008a2899a7,DEC,dec,Master Developer / DLD Registered,Dubai,Dubai Marina,AE,"DEC, Dubai Marina, Dubai, United Arab Emirates",,Gated Residential Society,5,40,DLD-PRJ-99658,66872 22988,25.068721,55.129885,Trophy / Ultra-Prime,osm_dld_cadastral_enriched,0.92
02b75732-6cfb-489f-b2eb-ea146936ed5c,Belvedere,belvedere,Master Developer / DLD Registered,Dubai,Dubai Marina,AE,"Belvedere, Dubai Marina, Dubai, United Arab Emirates",,Gated Residential Society,7,56,DLD-PRJ-14844,66812 23065,25.06813,55.130654,Trophy / Ultra-Prime,osm_dld_cadastral_enriched,0.92
d1545928-c799-413f-a611-d42f376c7af7,Silverene,silverene,Master Developer / DLD Registered,Dubai,Dubai Marina,AE,"Silverene, Dubai Marina, Dubai, United Arab Emirates",,Ultra-Luxury High-Rise Tower,37,296,DLD-PRJ-40818,67515 23781,25.075158,55.137818,Trophy / Ultra-Prime,osm_dld_cadastral_enriched,0.92
824fbe5e-6c84-4306-8e70-e1e8b77d1ac3,Jumeirah Bay 1,jumeirah bay 1,Master Developer / DLD Registered,Dubai,Dubai Marina,AE,"Jumeirah Bay 1, Dubai Marina, Dubai, United Arab Emirates",,Iconic Sky High-Rise Tower,41,328,DLD-PRJ-61778,68029 25224,25.08029,55.152248,Trophy / Ultra-Prime,osm_dld_cadastral_enriched,0.92
c802b3af-1d91-4438-871c-7c8fc3a98d1c,Lake Shore Tower,lake shore tower,Master Developer / DLD Registered,Dubai,Dubai Marina,AE,"Lake Shore Tower, Dubai Marina, Dubai, United Arab Emirates",,Luxury High-Rise Tower,2,16,DLD-PRJ-92898,67836 25318,25.078365,55.153181,Trophy / Ultra-Prime,osm_dld_cadastral_enriched,0.92
e4f41517-ad6c-4e28-b15a-425e8a7f56ee,Global Lake View,global lake view,Master Developer / DLD Registered,Dubai,Dubai Marina,AE,"Global Lake View, Dubai Marina, Dubai, United Arab Emirates",,Ultra-Luxury High-Rise Tower,34,272,DLD-PRJ-89804,67136 24087,25.071366,55.140875,Trophy / Ultra-Prime,osm_dld_cadastral_enriched,0.92
8e5a3b32-248b-48b1-ab3b-984c1a5e5cd2,Al Shera Tower,al shera tower,Master Developer / DLD Registered,Dubai,Dubai Marina,AE,"Al Shera Tower, Dubai Marina, Dubai, United Arab Emirates",,Iconic Sky High-Rise Tower,40,320,DLD-PRJ-88995,67144 24170,25.071441,55.141702,Trophy / Ultra-Prime,osm_dld_cadastral_enriched,0.92
27926391-dd32-4603-84d6-c797a52cb486,Vue de Lac K2,vue de lac k2,Master Developer / DLD Registered,Dubai,Dubai Marina,AE,"Vue de Lac K2, Dubai Marina, Dubai, United Arab Emirates",,Iconic Sky High-Rise Tower,40,320,DLD-PRJ-96355,66702 23983,25.067022,55.139833,Trophy / Ultra-Prime,osm_dld_cadastral_enriched,0.92
d94583fb-40cf-4844-84f4-cd75cb39e1c6,Vue de Lac K1,vue de lac k1,Master Developer / DLD Registered,Dubai,Dubai Marina,AE,"Vue de Lac K1, Dubai Marina, Dubai, United Arab Emirates",,Iconic Sky High-Rise Tower,45,360,DLD-PRJ-47743,66629 23985,25.06629,55.13986,Trophy / Ultra-Prime,osm_dld_cadastral_enriched,0.92
633869b0-3b38-4ae5-997e-6b0057f2eb99,Ocean Heights,ocean heights,Master Developer / DLD Registered,Dubai,Dubai Marina,AE,"Ocean Heights, Dubai Marina, Dubai, United Arab Emirates",,Iconic Sky High-Rise Tower,83,664,DLD-PRJ-90713,69066 24877,25.090666,55.148777,Trophy / Ultra-Prime,osm_dld_cadastral_enriched,0.92
b33687b2-ebbf-4b4d-aba2-da769930e2d2,Cayan Tower,cayan tower,Master Developer / DLD Registered,Dubai,Dubai Marina,AE,"Cayan Tower, Dubai Marina, Dubai, United Arab Emirates",,Iconic Sky High-Rise Tower,73,584,DLD-PRJ-62324,68684 24517,25.086846,55.145171,Trophy / Ultra-Prime,osm_dld_cadastral_enriched,0.92
6001df13-d2a9-4dc9-8a3f-20994b82888c,Marina Heights,marina heights,Master Developer / DLD Registered,Dubai,Dubai Marina,AE,"Marina Heights, Dubai Marina, Dubai, United Arab Emirates",,Iconic Sky High-Rise Tower,55,440,DLD-PRJ-24149,68721 24840,25.087211,55.148409,Trophy / Ultra-Prime,osm_dld_cadastral_enriched,0.92
8f22a482-423b-4ab0-9d3b-6d18efd48551,The Torch,the torch,Master Developer / DLD Registered,Dubai,Dubai Marina,AE,"The Torch, Dubai Marina, Dubai, United Arab Emirates",,Gated Residential Society,5,40,DLD-PRJ-15820,68796 24743,25.087961,55.147436,Trophy / Ultra-Prime,osm_dld_cadastral_enriched,0.92
3fa798bc-f752-4fa0-a433-5d983ed6072e,Orra Marina,orra marina,Master Developer / DLD Registered,Dubai,Dubai Marina,AE,"Orra Marina, Dubai Marina, Dubai, United Arab Emirates",,Ultra-Luxury High-Rise Tower,31,248,DLD-PRJ-31364,67061 23309,25.070615,55.133091,Trophy / Ultra-Prime,osm_dld_cadastral_enriched,0.92
d92d4e7b-81da-47e6-8a89-aa12cc3f8c5d,Westside Marina,westside marina,Master Developer / DLD Registered,Dubai,Dubai Marina,AE,"Westside Marina, Dubai Marina, Dubai, United Arab Emirates",,Gated Residential Society,8,64,DLD-PRJ-36005,66987 23346,25.069876,55.133467,Trophy / Ultra-Prime,osm_dld_cadastral_enriched,0.92
84d8c869-59ce-4e43-9559-97fabd348820,Zumurud Tower,zumurud tower,Master Developer / DLD Registered,Dubai,Dubai Marina,AE,"Zumurud Tower, Dubai Marina, Dubai, United Arab Emirates",,Ultra-Luxury High-Rise Tower,30,240,DLD-PRJ-18217,67021 23383,25.070218,55.133831,Trophy / Ultra-Prime,osm_dld_cadastral_enriched,0.92
adc93004-464e-4348-8899-049c75a33987,Opal Tower,opal tower,Master Developer / DLD Registered,Dubai,Dubai Marina,AE,"Opal Tower, Dubai Marina, Dubai, United Arab Emirates",,Ultra-Luxury High-Rise Tower,34,272,DLD-PRJ-88586,66811 23259,25.068111,55.132595,Trophy / Ultra-Prime,osm_dld_cadastral_enriched,0.92
910c8b50-08a4-47a1-9a77-c8429a5844e0,Manchester Tower,manchester tower,Master Developer / DLD Registered,Dubai,Dubai Marina,AE,"Manchester Tower, Dubai Marina, Dubai, United Arab Emirates",,Ultra-Luxury High-Rise Tower,31,248,DLD-PRJ-82604,66796 23205,25.067961,55.132055,Trophy / Ultra-Prime,osm_dld_cadastral_enriched,0.92
47c00d2d-23fa-49c2-a517-9ebab5dff1d3,Marina Quay North,marina quay north,Master Developer / DLD Registered,Dubai,Dubai Marina,AE,"Marina Quay North, Dubai Marina, Dubai, United Arab Emirates",,Luxury High-Rise Tower,12,96,DLD-PRJ-83709,67739 23701,25.077393,55.137017,Trophy / Ultra-Prime,osm_dld_cadastral_enriched,0.92
a5ac586a-37cb-4988-97c3-62c66ee1adb2,Marina Quay East,marina quay east,Master Developer / DLD Registered,Dubai,Dubai Marina,AE,"Marina Quay East, Dubai Marina, Dubai, United Arab Emirates",,Luxury High-Rise Tower,12,96,DLD-PRJ-47859,67673 23694,25.076734,55.13694,Trophy / Ultra-Prime,osm_dld_cadastral_enriched,0.92
467c9ed1-686c-4dcf-b540-cccd87736d61,MiNC Apartments,minc apartments,Master Developer / DLD Registered,Dubai,Emirates Hills,AE,"MiNC Apartments, Emirates Hills, Dubai, United Arab Emirates",,Luxury High-Rise Tower,15,120,DLD-PRJ-33265,69433 27636,25.094337,55.176363,Trophy / Ultra-Prime,osm_dld_cadastral_enriched,0.92
1e2cacf2-e0b3-4e72-9b6c-3a1044ebd3aa,Al Noor,al noor,Master Developer / DLD Registered,Dubai,Emirates Hills,AE,"Al Noor, Emirates Hills, Dubai, United Arab Emirates",,Luxury High-Rise Tower,16,128,DLD-PRJ-67740,69376 27430,25.093766,55.174305,Trophy / Ultra-Prime,osm_dld_cadastral_enriched,0.92
a8c76e5c-bd5b-4b8a-8d8f-9683beb7564e,AB Plaza 6,ab plaza 6,Master Developer / DLD Registered,Dubai,Emirates Hills,AE,"AB Plaza 6, Emirates Hills, Dubai, United Arab Emirates",,Luxury High-Rise Tower,15,120,DLD-PRJ-78102,69326 27706,25.093266,55.177064,Trophy / Ultra-Prime,osm_dld_cadastral_enriched,0.92
731ae5e2-a06f-4384-8e71-0d3de1e73245,Al Asmawi Building,al asmawi building,Master Developer / DLD Registered,Dubai,Emirates Hills,AE,"Al Asmawi Building, Emirates Hills, Dubai, United Arab Emirates",,Luxury High-Rise Tower,16,128,DLD-PRJ-89425,69357 27735,25.09358,55.17736,Trophy / Ultra-Prime,osm_dld_cadastral_enriched,0.92
cb98bbd0-ad5f-45d2-84bb-777e760bc129,Crystal Blue Building,crystal blue building,Master Developer / DLD Registered,Dubai,Emirates Hills,AE,"Crystal Blue Building, Emirates Hills, Dubai, United Arab Emirates",,Luxury High-Rise Tower,15,120,DLD-PRJ-89474,69406 27400,25.094061,55.17401,Trophy / Ultra-Prime,osm_dld_cadastral_enriched,0.92
c58f1ca7-b36b-4adf-952f-8d5d89964ab0,National Bonds Plaza,national bonds plaza,Master Developer / DLD Registered,Dubai,Emirates Hills,AE,"National Bonds Plaza, Emirates Hills, Dubai, United Arab Emirates",,Luxury High-Rise Tower,15,120,DLD-PRJ-53136,69450 27822,25.094509,55.17823,Trophy / Ultra-Prime,osm_dld_cadastral_enriched,0.92
3554a3d7-8e70-4d7a-a57a-3135c8abd500,Avari Building,avari building,Master Developer / DLD Registered,Dubai,Emirates Hills,AE,"Avari Building, Emirates Hills, Dubai, United Arab Emirates",,Luxury High-Rise Tower,14,112,DLD-PRJ-11989,69345 27461,25.093457,55.174612,Trophy / Ultra-Prime,osm_dld_cadastral_enriched,0.92
054db9b4-2b3f-4022-bba6-f7929412b0eb,Saif Belhasa Building,saif belhasa building,Master Developer / DLD Registered,Dubai,Emirates Hills,AE,"Saif Belhasa Building, Emirates Hills, Dubai, United Arab Emirates",,Luxury High-Rise Tower,14,112,DLD-PRJ-32357,69374 27664,25.093741,55.176643,Trophy / Ultra-Prime,osm_dld_cadastral_enriched,0.92
b55cbbd5-3b82-44e2-8532-7622cbbb72c3,Al Alka 3,al alka 3,Master Developer / DLD Registered,Dubai,Emirates Hills,AE,"Al Alka 3, 6 Street, Emirates Hills, Dubai, United Arab Emirates",,Gated Residential Society,6,48,DLD-PRJ-30749,69038 27513,25.090387,55.175134,Trophy / Ultra-Prime,osm_dld_cadastral_enriched,0.92
c3bbfc6a-f21e-47f4-9338-00d02b3a27c2,Al Ghozlan 1,al ghozlan 1,Master Developer / DLD Registered,Dubai,Emirates Hills,AE,"Al Ghozlan 1, 4 Street, Emirates Hills, Dubai, United Arab Emirates",,Gated Residential Society,6,48,DLD-PRJ-17447,69199 27343,25.091994,55.173436,Trophy / Ultra-Prime,osm_dld_cadastral_enriched,0.92
9f23377f-5cfc-486b-9bdf-b0a594693b01,Al Arta 4,al arta 4,Master Developer / DLD Registered,Dubai,Emirates Hills,AE,"Al Arta 4, 6 Street, Emirates Hills, Dubai, United Arab Emirates",,Gated Residential Society,6,48,DLD-PRJ-33918,68949 27409,25.089497,55.174099,Trophy / Ultra-Prime,osm_dld_cadastral_enriched,0.92
7637e073-886f-4cfb-b604-827f0c68e09d,Al Ghozlan 3,al ghozlan 3,Master Developer / DLD Registered,Dubai,Emirates Hills,AE,"Al Ghozlan 3, 5 Street, Emirates Hills, Dubai, United Arab Emirates",,Gated Residential Society,6,48,DLD-PRJ-23142,69194 27466,25.091942,55.174665,Trophy / Ultra-Prime,osm_dld_cadastral_enriched,0.92
28e9b98e-4b39-4320-9475-ba6e2c9f6057,Al Thayyal 3,al thayyal 3,Master Developer / DLD Registered,Dubai,Emirates Hills,AE,"Al Thayyal 3, 5 Street, Emirates Hills, Dubai, United Arab Emirates",,Gated Residential Society,6,48,DLD-PRJ-93288,69105 27360,25.091053,55.173602,Trophy / Ultra-Prime,osm_dld_cadastral_enriched,0.92
a732786c-5593-4266-8cd7-d6b41af60308,Al Dhafrah 4,al dhafrah 4,Master Developer / DLD Registered,Dubai,Emirates Hills,AE,"Al Dhafrah 4, 4 Street, Emirates Hills, Dubai, United Arab Emirates",,Gated Residential Society,6,48,DLD-PRJ-36458,69160 27192,25.091601,55.171928,Trophy / Ultra-Prime,osm_dld_cadastral_enriched,0.92
27a5c65f-2c0e-40f8-920a-9e880e3620b5,Al Samar 4,al samar 4,Master Developer / DLD Registered,Dubai,Emirates Hills,AE,"Al Samar 4, 4 Street, Emirates Hills, Dubai, United Arab Emirates",,Gated Residential Society,6,48,DLD-PRJ-59785,69247 27297,25.092471,55.172971,Trophy / Ultra-Prime,osm_dld_cadastral_enriched,0.92
05df6753-8abf-4889-ac9a-9ca67904b4df,Al Thayyal 4,al thayyal 4,Master Developer / DLD Registered,Dubai,Emirates Hills,AE,"Al Thayyal 4, 5 Street, Emirates Hills, Dubai, United Arab Emirates",,Gated Residential Society,6,48,DLD-PRJ-14792,69053 27297,25.090539,55.172977,Trophy / Ultra-Prime,osm_dld_cadastral_enriched,0.92
840904b3-bb3e-4c89-95b1-e9764f4a3d70,Al Alka 1,al alka 1,Master Developer / DLD Registered,Dubai,Emirates Hills,AE,"Al Alka 1, 5 Street, Emirates Hills, Dubai, United Arab Emirates",,Gated Residential Society,6,48,DLD-PRJ-60382,69096 27454,25.090965,55.174549,Trophy / Ultra-Prime,osm_dld_cadastral_enriched,0.92
642eae1a-7d23-4795-9e1f-aa4bbcf342cd,Al Arta 1,al arta 1,Master Developer / DLD Registered,Dubai,Emirates Hills,AE,"Al Arta 1, 5 Street, Emirates Hills, Dubai, United Arab Emirates",,Gated Residential Society,6,48,DLD-PRJ-48048,69003 27348,25.09004,55.173489,Trophy / Ultra-Prime,osm_dld_cadastral_enriched,0.92
4b51f58b-42c0-4881-8290-dc6e74e54949,Al Samar 3,al samar 3,Master Developer / DLD Registered,Dubai,Emirates Hills,AE,"Al Samar 3, 4 Street, Emirates Hills, Dubai, United Arab Emirates",,Gated Residential Society,7,56,DLD-PRJ-66736,69298 27359,25.092984,55.173597,Trophy / Ultra-Prime,osm_dld_cadastral_enriched,0.92
fefb5679-d6f2-49c0-a61d-06b54ef7a6cf,Al Alka 2,al alka 2,Master Developer / DLD Registered,Dubai,Emirates Hills,AE,"Al Alka 2, 5 Street, Emirates Hills, Dubai, United Arab Emirates",,Gated Residential Society,6,48,DLD-PRJ-27689,69148 27514,25.09148,55.175146,Trophy / Ultra-Prime,osm_dld_cadastral_enriched,0.92
a0a2087d-55c1-4912-89d0-2cae2c9611c6,Al Dhafrah 3,al dhafrah 3,Master Developer / DLD Registered,Dubai,Emirates Hills,AE,"Al Dhafrah 3, 4 Street, Emirates Hills, Dubai, United Arab Emirates",,Gated Residential Society,6,48,DLD-PRJ-15885,69210 27254,25.092108,55.172546,Trophy / Ultra-Prime,osm_dld_cadastral_enriched,0.92
4b68562c-8fad-4c44-865c-e375a4ab89d1,Al Thayyal 2,al thayyal 2,Master Developer / DLD Registered,Dubai,Emirates Hills,AE,"Al Thayyal 2, 4 Street, Emirates Hills, Dubai, United Arab Emirates",,Gated Residential Society,6,48,DLD-PRJ-50178,69160 27300,25.091607,55.173008,Trophy / Ultra-Prime,osm_dld_cadastral_enriched,0.92
8314e187-e873-4e70-ac5e-431165d90de5,Al Arta 3,al arta 3,Master Developer / DLD Registered,Dubai,Emirates Hills,AE,"Al Arta 3, 6 Street, Emirates Hills, Dubai, United Arab Emirates",,Gated Residential Society,6,48,DLD-PRJ-56977,69002 27469,25.090026,55.174696,Trophy / Ultra-Prime,osm_dld_cadastral_enriched,0.92
36fca420-9f80-42e9-bceb-880b7d25a68f,Al Dhafrah 2,al dhafrah 2,Master Developer / DLD Registered,Dubai,Emirates Hills,AE,"Al Dhafrah 2, 3A Street, Emirates Hills, Dubai, United Arab Emirates",,Gated Residential Society,6,48,DLD-PRJ-21721,69268 27195,25.092689,55.171952,Trophy / Ultra-Prime,osm_dld_cadastral_enriched,0.92
2dee30e2-1059-4073-9339-4353e0d2b9c3,Al Samar 2,al samar 2,Master Developer / DLD Registered,Dubai,Emirates Hills,AE,"Al Samar 2, 3A Street, Emirates Hills, Dubai, United Arab Emirates",,Gated Residential Society,6,48,DLD-PRJ-39718,69357 27300,25.093574,55.173,Trophy / Ultra-Prime,osm_dld_cadastral_enriched,0.92
456204f4-60bd-4b43-be7c-148863bf1ada,Al Arta 2,al arta 2,Master Developer / DLD Registered,Dubai,Emirates Hills,AE,"Al Arta 2, 5 Street, Emirates Hills, Dubai, United Arab Emirates",,Gated Residential Society,6,48,DLD-PRJ-47306,69056 27411,25.09056,55.174117,Trophy / Ultra-Prime,osm_dld_cadastral_enriched,0.92
d73c6f7d-349e-4c16-8a84-98ec14b0d9a6,Al Ghozlan 4,al ghozlan 4,Master Developer / DLD Registered,Dubai,Emirates Hills,AE,"Al Ghozlan 4, 5 Street, Emirates Hills, Dubai, United Arab Emirates",,Gated Residential Society,6,48,DLD-PRJ-66715,69141 27403,25.091413,55.17404,Trophy / Ultra-Prime,osm_dld_cadastral_enriched,0.92
e9debd4e-c6e8-4e99-8f6b-a7eca8d444c5,Al Samar 1,al samar 1,Master Developer / DLD Registered,Dubai,Emirates Hills,AE,"Al Samar 1, 3A Street, Emirates Hills, Dubai, United Arab Emirates",,Gated Residential Society,6,48,DLD-PRJ-80434,69304 27237,25.093045,55.172372,Trophy / Ultra-Prime,osm_dld_cadastral_enriched,0.92
60e16f6f-33f2-4d25-8f85-4a1c1bd5c796,Al Thayyal 1,al thayyal 1,Master Developer / DLD Registered,Dubai,Emirates Hills,AE,"Al Thayyal 1, 4 Street, Emirates Hills, Dubai, United Arab Emirates",,Gated Residential Society,6,48,DLD-PRJ-42038,69110 27240,25.091108,55.172404,Trophy / Ultra-Prime,osm_dld_cadastral_enriched,0.92
0eac0d04-528b-4259-a96b-ee108bb772d8,Al Ghozlan 2,al ghozlan 2,Master Developer / DLD Registered,Dubai,Emirates Hills,AE,"Al Ghozlan 2, 4 Street, Emirates Hills, Dubai, United Arab Emirates",,Gated Residential Society,6,48,DLD-PRJ-94137,69252 27405,25.092528,55.174058,Trophy / Ultra-Prime,osm_dld_cadastral_enriched,0.92
942c2399-8925-4c49-b3d8-1011b4d9a44c,Al Dhafrah 1,al dhafrah 1,Master Developer / DLD Registered,Dubai,Emirates Hills,AE,"Al Dhafrah 1, 3A Street, Emirates Hills, Dubai, United Arab Emirates",,Gated Residential Society,6,48,DLD-PRJ-75036,69217 27134,25.09218,55.171343,Trophy / Ultra-Prime,osm_dld_cadastral_enriched,0.92
7fd6e08b-25fa-4162-8ce3-51791d22bd68,Marina Mansions,marina mansions,Master Developer / DLD Registered,Dubai,Dubai Marina,AE,"Marina Mansions, Al Hubob Street, Dubai Marina, Dubai, United Arab Emirates",,Ultra-Luxury Gated Villa Community,5,40,DLD-PRJ-89615,67365 23835,25.073657,55.138351,Trophy / Ultra-Prime,osm_dld_cadastral_enriched,0.92
7573708e-2cd4-4c98-8196-ee2620deddba,Shams 1,shams 1,Master Developer / DLD Registered,Dubai,Dubai Marina,AE,"Shams 1, Dubai Marina, Dubai, United Arab Emirates",,Iconic Sky High-Rise Tower,48,384,DLD-PRJ-26165,67261 23098,25.072619,55.130984,Trophy / Ultra-Prime,osm_dld_cadastral_enriched,0.92
47eadfc8-7f07-4a53-835e-b8d81401b77f,Shams 2,shams 2,Master Developer / DLD Registered,Dubai,Dubai Marina,AE,"Shams 2, Dubai Marina, Dubai, United Arab Emirates",,Iconic Sky High-Rise Tower,46,368,DLD-PRJ-65563,67223 23032,25.072239,55.130321,Trophy / Ultra-Prime,osm_dld_cadastral_enriched,0.92
9ddb8028-e7db-4a2c-b0c9-6e0744ef1b69,Panoramic Tower,panoramic tower,Master Developer / DLD Registered,Dubai,Dubai Marina,AE,"Panoramic Tower, Dubai Marina, Dubai, United Arab Emirates",,Luxury High-Rise Tower,9,72,DLD-PRJ-65057,67003 22784,25.070036,55.127847,Trophy / Ultra-Prime,osm_dld_cadastral_enriched,0.92
cf4178b6-d8fc-4cdc-908a-d28d652cad94,KG Tower,kg tower,Master Developer / DLD Registered,Dubai,Dubai Marina,AE,"KG Tower, Dubai Marina, Dubai, United Arab Emirates",,Ultra-Luxury High-Rise Tower,20,160,DLD-PRJ-90984,66947 22748,25.069477,55.127484,Trophy / Ultra-Prime,osm_dld_cadastral_enriched,0.92
f676419a-1325-48b6-88f3-d6855a6c09b7,Al Husn Marina,al husn marina,Master Developer / DLD Registered,Dubai,Dubai Marina,AE,"Al Husn Marina, Dubai Marina, Dubai, United Arab Emirates",,Gated Residential Society,8,64,DLD-PRJ-25260,66991 22852,25.069915,55.128525,Trophy / Ultra-Prime,osm_dld_cadastral_enriched,0.92
3fc7ea75-af65-4abf-9218-baa7cde887ac,Marina Tower,marina tower,Master Developer / DLD Registered,Dubai,Dubai Marina,AE,"Marina Tower, Dubai Marina, Dubai, United Arab Emirates",,Luxury High-Rise Tower,9,72,DLD-PRJ-52752,67022 22717,25.070224,55.127176,Trophy / Ultra-Prime,osm_dld_cadastral_enriched,0.92
ae8f5682-22de-476f-943a-392a32d138f2,Al Sheebani Building,al sheebani building,Master Developer / DLD Registered,Dubai,Dubai Marina,AE,"Al Sheebani Building, Al Seba Street, Dubai Marina, Dubai, United Arab Emirates",,Gated Residential Society,8,64,DLD-PRJ-63598,66950 22973,25.069509,55.129732,Trophy / Ultra-Prime,osm_dld_cadastral_enriched,0.92
8bbe0526-c49c-456c-b993-41c49b3c4ee7,Bay Central West,bay central west,Master Developer / DLD Registered,Dubai,Dubai Marina,AE,"Bay Central West, Dubai Marina, Dubai, United Arab Emirates",,Iconic Sky High-Rise Tower,44,352,DLD-PRJ-93925,67840 23738,25.078402,55.137389,Trophy / Ultra-Prime,osm_dld_cadastral_enriched,0.92
6873e02e-00d9-484f-ab4b-d969ad9d360b,Rimal 4,rimal 4,Master Developer / DLD Registered,Dubai,Dubai Marina,AE,"Rimal 4, شارع الملك سلمان بن عبدالعزيز آل سعود, Dubai Marina, Dubai, United Arab Emirates",,Iconic Sky High-Rise Tower,42,336,DLD-PRJ-74958,67646 23357,25.076469,55.133578,Trophy / Ultra-Prime,osm_dld_cadastral_enriched,0.92
5d0c46e2-c909-454e-978a-30e9dfaac685,Avant Tower,avant tower,Master Developer / DLD Registered,Dubai,Dubai Marina,AE,"Avant Tower, Dubai Marina, Dubai, United Arab Emirates",,Ultra-Luxury High-Rise Tower,26,208,DLD-PRJ-63526,68323 24673,25.083232,55.146733,Trophy / Ultra-Prime,osm_dld_cadastral_enriched,0.92
8116ae6a-69b1-4ebc-9a94-5cc19b9c9d59,Al Yass Tower,al yass tower,Master Developer / DLD Registered,Dubai,Dubai Marina,AE,"Al Yass Tower, Dubai Marina, Dubai, United Arab Emirates",,Ultra-Luxury High-Rise Tower,27,216,DLD-PRJ-87301,68347 24861,25.083479,55.14861,Trophy / Ultra-Prime,osm_dld_cadastral_enriched,0.92
75ff643c-467d-40eb-bb49-f7e079b44816,Marina Quay West,marina quay west,Master Developer / DLD Registered,Dubai,Dubai Marina,AE,"Marina Quay West, Dubai Marina, Dubai, United Arab Emirates",,Ultra-Luxury High-Rise Tower,39,312,DLD-PRJ-86397,67643 23639,25.076439,55.136394,Trophy / Ultra-Prime,osm_dld_cadastral_enriched,0.92
376ec662-783a-4670-85fa-78c5ceffcd50,Sadaf 5,sadaf 5,Master Developer / DLD Registered,Dubai,Dubai Marina,AE,"Sadaf 5, Dubai Marina, Dubai, United Arab Emirates",,Iconic Sky High-Rise Tower,42,336,DLD-PRJ-78583,68088 23747,25.080886,55.137477,Trophy / Ultra-Prime,osm_dld_cadastral_enriched,0.92
80da8a4e-0d70-4c28-9aa7-df2a6d9c5299,Murjan 3,murjan 3,Master Developer / DLD Registered,Dubai,Dubai Marina,AE,"Murjan 3, Dubai Marina, Dubai, United Arab Emirates",,Ultra-Luxury High-Rise Tower,30,240,DLD-PRJ-52512,68253 23933,25.082537,55.13933,Trophy / Ultra-Prime,osm_dld_cadastral_enriched,0.92
b295f8cf-a257-41ac-b4d0-eca75184b0ed,Marina Diamond 5,marina diamond 5,Master Developer / DLD Registered,Dubai,Dubai Marina,AE,"Marina Diamond 5, Al Marsa Street, Dubai Marina, Dubai, United Arab Emirates",,Ultra-Luxury High-Rise Tower,20,160,DLD-PRJ-43306,68119 24624,25.081198,55.146246,Trophy / Ultra-Prime,osm_dld_cadastral_enriched,0.92
cfd91bfe-2c05-47f0-bca7-bc7aef7a0269,Time Place,time place,Master Developer / DLD Registered,Dubai,Dubai Marina,AE,"Time Place, Dubai Marina, Dubai, United Arab Emirates",,Ultra-Luxury High-Rise Tower,34,272,DLD-PRJ-77353,68051 24430,25.08052,55.144302,Trophy / Ultra-Prime,osm_dld_cadastral_enriched,0.92
5f6abf04-2fe8-4117-acbe-83e19f9bbbb1,Bay Central,bay central,Master Developer / DLD Registered,Dubai,Dubai Marina,AE,"Bay Central, Dubai Marina, Dubai, United Arab Emirates",,Iconic Sky High-Rise Tower,52,416,DLD-PRJ-35052,67852 23811,25.078524,55.138113,Trophy / Ultra-Prime,osm_dld_cadastral_enriched,0.92
955897b8-61f3-46d7-aab9-fc8f52c0bb1f,Bahar 6,bahar 6,Master Developer / DLD Registered,Dubai,Dubai Marina,AE,"Bahar 6, Dubai Marina, Dubai, United Arab Emirates",,Ultra-Luxury High-Rise Tower,35,280,DLD-PRJ-25877,67846 23627,25.078464,55.136271,Trophy / Ultra-Prime,osm_dld_cadastral_enriched,0.92
997bfedb-2aae-477b-bf89-32a3ae512014,Bahar 5,bahar 5,Master Developer / DLD Registered,Dubai,Dubai Marina,AE,"Bahar 5, شارع الممشى, Dubai Marina, Dubai, United Arab Emirates",,Iconic Sky High-Rise Tower,46,368,DLD-PRJ-64103,67882 23591,25.078821,55.135911,Trophy / Ultra-Prime,osm_dld_cadastral_enriched,0.92
afe979b0-c75a-4a06-95ac-227ef725a1e9,Marina Diamond 4,marina diamond 4,Master Developer / DLD Registered,Dubai,Dubai Marina,AE,"Marina Diamond 4, Al Marsa Street, Dubai Marina, Dubai, United Arab Emirates",,Ultra-Luxury High-Rise Tower,20,160,DLD-PRJ-26723,68023 24528,25.080232,55.145282,Trophy / Ultra-Prime,osm_dld_cadastral_enriched,0.92
2d0a8684-726d-4e57-a753-972b9f67f7d0,Murjan 2,murjan 2,Master Developer / DLD Registered,Dubai,Dubai Marina,AE,"Murjan 2, Dubai Marina, Dubai, United Arab Emirates",,Ultra-Luxury High-Rise Tower,30,240,DLD-PRJ-60230,68190 23892,25.081906,55.138929,Trophy / Ultra-Prime,osm_dld_cadastral_enriched,0.92
b1827830-e674-4899-b497-758e7674b6d4,The Point,the point,Master Developer / DLD Registered,Dubai,Dubai Marina,AE,"The Point, Dubai Marina, Dubai, United Arab Emirates",,Ultra-Luxury High-Rise Tower,27,216,DLD-PRJ-63076,67319 23289,25.073198,55.132893,Trophy / Ultra-Prime,osm_dld_cadastral_enriched,0.92
018ae005-d3a3-49f8-86b4-508299a8600e,Al Sahab 1,al sahab 1,Master Developer / DLD Registered,Dubai,Dubai Marina,AE,"Al Sahab 1, Al Sufouh Street, Dubai Marina, Dubai, United Arab Emirates",,Ultra-Luxury High-Rise Tower,24,192,DLD-PRJ-91634,67569 23510,25.075698,55.135101,Trophy / Ultra-Prime,osm_dld_cadastral_enriched,0.92
fcb767df-e397-46a9-944c-a5852f1ed6f8,Marina Diamond 3,marina diamond 3,Master Developer / DLD Registered,Dubai,Dubai Marina,AE,"Marina Diamond 3, Al Marsa Street, Dubai Marina, Dubai, United Arab Emirates",,Luxury High-Rise Tower,15,120,DLD-PRJ-64434,68167 24691,25.081678,55.146912,Trophy / Ultra-Prime,osm_dld_cadastral_enriched,0.92
4b7d8e4e-66c3-4593-bf4e-176dbc732777,Murjan 4,murjan 4,Master Developer / DLD Registered,Dubai,Dubai Marina,AE,"Murjan 4, Dubai Marina, Dubai, United Arab Emirates",,Ultra-Luxury High-Rise Tower,38,304,DLD-PRJ-87195,68293 23978,25.082931,55.139781,Trophy / Ultra-Prime,osm_dld_cadastral_enriched,0.92
276ce913-363d-4903-a100-5830f3544741,Marina Diamond 6,marina diamond 6,Master Developer / DLD Registered,Dubai,Dubai Marina,AE,"Marina Diamond 6, Al Marsa Street, Dubai Marina, Dubai, United Arab Emirates",,Ultra-Luxury High-Rise Tower,20,160,DLD-PRJ-76477,68065 24562,25.080654,55.145628,Trophy / Ultra-Prime,osm_dld_cadastral_enriched,0.92
8390d798-15ea-4685-a0c3-80f5799fa395,Bahar 4,bahar 4,Master Developer / DLD Registered,Dubai,Dubai Marina,AE,"Bahar 4, شارع الممشى, Dubai Marina, Dubai, United Arab Emirates",,Ultra-Luxury High-Rise Tower,30,240,DLD-PRJ-35246,67849 23550,25.078491,55.135504,Trophy / Ultra-Prime,osm_dld_cadastral_enriched,0.92
fdfd7cbe-b6ed-45d2-8b3c-75b25431b9d3,Sadaf 4,sadaf 4,Master Developer / DLD Registered,Dubai,Dubai Marina,AE,"Sadaf 4, Dubai Marina, Dubai, United Arab Emirates",,Iconic Sky High-Rise Tower,54,432,DLD-PRJ-48249,68053 23719,25.080538,55.137197,Trophy / Ultra-Prime,osm_dld_cadastral_enriched,0.92
580fa97f-47e5-4eab-aa4f-307e865d50c1,Rimal 5,rimal 5,Master Developer / DLD Registered,Dubai,Dubai Marina,AE,"Rimal 5, شارع الملك سلمان بن عبدالعزيز آل سعود, Dubai Marina, Dubai, United Arab Emirates",,Iconic Sky High-Rise Tower,45,360,DLD-PRJ-64462,67596 23297,25.075961,55.13297,Trophy / Ultra-Prime,osm_dld_cadastral_enriched,0.92
58b7f1f7-57fb-47b9-9776-cc1e47de5e06,Amwaj 3,amwaj 3,Master Developer / DLD Registered,Dubai,Dubai Marina,AE,"Amwaj 3, Dubai Marina, Dubai, United Arab Emirates",,Ultra-Luxury High-Rise Tower,37,296,DLD-PRJ-62195,67380 23165,25.073805,55.131657,Trophy / Ultra-Prime,osm_dld_cadastral_enriched,0.92
e61b6e59-7985-4039-8ccf-cef5046d5d5d,Fairooz Tower,fairooz tower,Master Developer / DLD Registered,Dubai,Dubai Marina,AE,"Fairooz Tower, Dubai Marina, Dubai, United Arab Emirates",,Ultra-Luxury High-Rise Tower,20,160,DLD-PRJ-25310,68558 24865,25.08559,55.148651,Trophy / Ultra-Prime,osm_dld_cadastral_enriched,0.92
5b261d57-cbe7-4bf1-b32c-8cf9d8bc506c,Rimal 6,rimal 6,Master Developer / DLD Registered,Dubai,Dubai Marina,AE,"Rimal 6, Dubai Marina, Dubai, United Arab Emirates",,Iconic Sky High-Rise Tower,42,336,DLD-PRJ-32326,67563 23258,25.075635,55.132589,Trophy / Ultra-Prime,osm_dld_cadastral_enriched,0.92
44c6da7a-be71-4aff-a07f-be64d0e9d67a,Sadaf 8,sadaf 8,Master Developer / DLD Registered,Dubai,Dubai Marina,AE,"Sadaf 8, Dubai Marina, Dubai, United Arab Emirates",,Iconic Sky High-Rise Tower,52,416,DLD-PRJ-33216,68086 23904,25.080868,55.139046,Trophy / Ultra-Prime,osm_dld_cadastral_enriched,0.92
503d873e-d2c1-4b96-ae35-b81bb1357e75,Murjan 6,murjan 6,Master Developer / DLD Registered,Dubai,Dubai Marina,AE,"Murjan 6, Dubai Marina, Dubai, United Arab Emirates",,Iconic Sky High-Rise Tower,40,320,DLD-PRJ-62883,68204 24038,25.082049,55.140389,Trophy / Ultra-Prime,osm_dld_cadastral_enriched,0.92
8990c870-6871-4640-9812-a61873b9eaa9,Marina Diamond 1,marina diamond 1,Master Developer / DLD Registered,Dubai,Dubai Marina,AE,"Marina Diamond 1, Al Marsa Street, Dubai Marina, Dubai, United Arab Emirates",,Luxury High-Rise Tower,15,120,DLD-PRJ-22893,67988 24466,25.079889,55.14467,Trophy / Ultra-Prime,osm_dld_cadastral_enriched,0.92
e87294ba-36fc-4036-8941-95b1255504a0,Amwaj 4,amwaj 4,Master Developer / DLD Registered,Dubai,Dubai Marina,AE,"Amwaj 4, Dubai Marina, Dubai, United Arab Emirates",,Iconic Sky High-Rise Tower,46,368,DLD-PRJ-35011,67310 23151,25.073101,55.131518,Trophy / Ultra-Prime,osm_dld_cadastral_enriched,0.92
b90eb9a3-b8f9-49bf-865e-834b55fe490d,Rimal 2,rimal 2,Master Developer / DLD Registered,Dubai,Dubai Marina,AE,"Rimal 2, شارع الغربى, Dubai Marina, Dubai, United Arab Emirates",,Iconic Sky High-Rise Tower,46,368,DLD-PRJ-21777,67727 23416,25.077278,55.134164,Trophy / Ultra-Prime,osm_dld_cadastral_enriched,0.92
6379b8ac-3406-4fc4-9d88-644517454a34,Anbar Tower,anbar tower,Master Developer / DLD Registered,Dubai,Dubai Marina,AE,"Anbar Tower, Dubai Marina, Dubai, United Arab Emirates",,Luxury High-Rise Tower,19,152,DLD-PRJ-27581,68417 24851,25.084174,55.148519,Trophy / Ultra-Prime,osm_dld_cadastral_enriched,0.92
87f9cb59-3e25-4c94-825b-246a8e8a0d3f,Murjan Tower,murjan tower,Master Developer / DLD Registered,Dubai,Dubai Marina,AE,"Murjan Tower, Dubai Marina, Dubai, United Arab Emirates",,Ultra-Luxury High-Rise Tower,37,296,DLD-PRJ-71036,68529 24931,25.085298,55.149319,Trophy / Ultra-Prime,osm_dld_cadastral_enriched,0.92
83a68047-7dab-461e-aaf9-96b34049bee7,Murjan 5,murjan 5,Master Developer / DLD Registered,Dubai,Dubai Marina,AE,"Murjan 5, Dubai Marina, Dubai, United Arab Emirates",,Iconic Sky High-Rise Tower,40,320,DLD-PRJ-25932,68244 24059,25.082442,55.140594,Trophy / Ultra-Prime,osm_dld_cadastral_enriched,0.92
abe1ed4d-9ef9-461d-bf06-d2f052972893,Amwaj 5,amwaj 5,Master Developer / DLD Registered,Dubai,Dubai Marina,AE,"Amwaj 5, Dubai Marina, Dubai, United Arab Emirates",,Ultra-Luxury High-Rise Tower,25,200,DLD-PRJ-85963,67404 23102,25.074046,55.131026,Trophy / Ultra-Prime,osm_dld_cadastral_enriched,0.92
becba999-656f-40d7-a7a2-7a6a85fc3bdf,Al Mass Tower,al mass tower,Master Developer / DLD Registered,Dubai,Dubai Marina,AE,"Al Mass Tower, Dubai Marina, Dubai, United Arab Emirates",,Ultra-Luxury High-Rise Tower,37,296,DLD-PRJ-20323,68633 24894,25.08634,55.148942,Trophy / Ultra-Prime,osm_dld_cadastral_enriched,0.92
6a925abb-ff88-43da-a323-b4a522431010,Murjan 1,murjan 1,Master Developer / DLD Registered,Dubai,Dubai Marina,AE,"Murjan 1, Dubai Marina, Dubai, United Arab Emirates",,Iconic Sky High-Rise Tower,46,368,DLD-PRJ-41470,68137 23956,25.081379,55.139564,Trophy / Ultra-Prime,osm_dld_cadastral_enriched,0.92
471fce24-6051-4f07-b9f3-078f913c7d15,Rimal 1,rimal 1,Master Developer / DLD Registered,Dubai,Dubai Marina,AE,"Rimal 1, شارع الغربى, Dubai Marina, Dubai, United Arab Emirates",,Iconic Sky High-Rise Tower,52,416,DLD-PRJ-77524,67660 23493,25.076608,55.134932,Trophy / Ultra-Prime,osm_dld_cadastral_enriched,0.92
b16784cb-f655-4b93-8b76-044f1e28a123,Mesk Tower,mesk tower,Master Developer / DLD Registered,Dubai,Dubai Marina,AE,"Mesk Tower, Dubai Marina, Dubai, United Arab Emirates",,Iconic Sky High-Rise Tower,40,320,DLD-PRJ-94846,68442 24918,25.084429,55.149189,Trophy / Ultra-Prime,osm_dld_cadastral_enriched,0.92
05a0cd3a-011a-4d31-8ae2-6fd94962d091,Al Habtoor Tower,al habtoor tower,Master Developer / DLD Registered,Dubai,Dubai Marina,AE,"Al Habtoor Tower, Dubai Marina, Dubai, United Arab Emirates",,Ultra-Luxury High-Rise Tower,32,256,DLD-PRJ-40389,68328 24754,25.083283,55.147546,Trophy / Ultra-Prime,osm_dld_cadastral_enriched,0.92
bf3fd685-1881-4080-a188-e11f79de861f,Al Sahab 2,al sahab 2,Master Developer / DLD Registered,Dubai,Dubai Marina,AE,"Al Sahab 2, Dubai Marina, Dubai, United Arab Emirates",,Iconic Sky High-Rise Tower,44,352,DLD-PRJ-23882,67588 23570,25.075885,55.135709,Trophy / Ultra-Prime,osm_dld_cadastral_enriched,0.92
48a08828-13e4-4ce3-b0a6-e082cda0cf24,Rimal 3,rimal 3,Master Developer / DLD Registered,Dubai,Dubai Marina,AE,"Rimal 3, Dubai Marina, Dubai, United Arab Emirates",,Iconic Sky High-Rise Tower,46,368,DLD-PRJ-63772,67674 23407,25.076743,55.134073,Trophy / Ultra-Prime,osm_dld_cadastral_enriched,0.92
6772ffdb-cad1-47b7-ac2b-56867bb46f15,Bahar 2,bahar 2,Master Developer / DLD Registered,Dubai,Dubai Marina,AE,"Bahar 2, شارع الغربى, Dubai Marina, Dubai, United Arab Emirates",,Ultra-Luxury High-Rise Tower,34,272,DLD-PRJ-27680,67750 23491,25.07751,55.134917,Trophy / Ultra-Prime,osm_dld_cadastral_enriched,0.92
31e5b89f-e9d8-42ef-b042-1a21cc845b81,Bayside Residence,bayside residence,Master Developer / DLD Registered,Dubai,Dubai Marina,AE,"Bayside Residence, Dubai Marina, Dubai, United Arab Emirates",,Ultra-Luxury High-Rise Tower,24,192,DLD-PRJ-18741,68140 24496,25.081404,55.144961,Trophy / Ultra-Prime,osm_dld_cadastral_enriched,0.92
fd2396c4-c83e-47fc-bf32-b910afd36407,Sadaf 1 & 2,sadaf 1 2,Master Developer / DLD Registered,Dubai,Dubai Marina,AE,"Sadaf 1 & 2, Dubai Marina, Dubai, United Arab Emirates",,Iconic Sky High-Rise Tower,42,336,DLD-PRJ-24946,68039 23810,25.080395,55.138101,Trophy / Ultra-Prime,osm_dld_cadastral_enriched,0.92
9e449d3d-6f1c-47b4-9f62-fbe28873550d,Sadaf 6 & 7,sadaf 6 7,Master Developer / DLD Registered,Dubai,Dubai Marina,AE,"Sadaf 6 & 7, Dubai Marina, Dubai, United Arab Emirates",,Iconic Sky High-Rise Tower,50,400,DLD-PRJ-88523,68125 23818,25.081257,55.138185,Trophy / Ultra-Prime,osm_dld_cadastral_enriched,0.92
90174add-1122-4ab5-9f9b-2e4639bdeb38,The Royal Oceanic,the royal oceanic,Master Developer / DLD Registered,Dubai,Dubai Marina,AE,"The Royal Oceanic, Al Sufouh Road, Dubai Marina, Dubai, United Arab Emirates",,Gated Residential Society,3,24,DLD-PRJ-61872,68427 24184,25.084279,55.141842,Trophy / Ultra-Prime,osm_dld_cadastral_enriched,0.92
ae72ad44-e4bb-4ee6-bc76-3f0badcab95b,Fairmont South Residence,fairmont south residence,Master Developer / DLD Registered,Dubai,Palm Jumeirah,AE,"Fairmont South Residence, Palm Jumeirah, Dubai, United Arab Emirates",,Luxury High-Rise Tower,12,96,DLD-PRJ-41898,70886 24228,25.108862,55.142283,Trophy / Ultra-Prime,osm_dld_cadastral_enriched,0.92
8d738b85-1dc7-42f8-aff3-b3f35d0d59ad,Fairmont North Residence,fairmont north residence,Master Developer / DLD Registered,Dubai,Palm Jumeirah,AE,"Fairmont North Residence, Palm Jumeirah, Dubai, United Arab Emirates",,Luxury High-Rise Tower,12,96,DLD-PRJ-79422,71077 23968,25.110775,55.139689,Trophy / Ultra-Prime,osm_dld_cadastral_enriched,0.92
731d33ec-2bfc-4c87-8025-036a3ae3c1c0,The Delphine,the delphine,Master Developer / DLD Registered,Dubai,Dubai Marina,AE,"The Delphine, Dubai Marina, Dubai, United Arab Emirates",,Ultra-Luxury High-Rise Tower,25,200,DLD-PRJ-52057,67368 23290,25.073685,55.132902,Trophy / Ultra-Prime,osm_dld_cadastral_enriched,0.92
bae96258-927d-432d-8a49-22ede234078f,The Aurora,the aurora,Master Developer / DLD Registered,Dubai,Dubai Marina,AE,"The Aurora, Dubai Marina, Dubai, United Arab Emirates",,Ultra-Luxury High-Rise Tower,29,232,DLD-PRJ-69118,67434 23323,25.074349,55.133235,Trophy / Ultra-Prime,osm_dld_cadastral_enriched,0.92
07a9438a-f884-4fd9-9d8f-d19a60c948df,The Shemara,the shemara,Master Developer / DLD Registered,Dubai,Dubai Marina,AE,"The Shemara, Dubai Marina, Dubai, United Arab Emirates",,Ultra-Luxury High-Rise Tower,33,264,DLD-PRJ-25686,67424 23269,25.074243,55.132699,Trophy / Ultra-Prime,osm_dld_cadastral_enriched,0.92
2b0ba501-5c0b-470a-8fd4-a18324188775,The Beauport,the beauport,Master Developer / DLD Registered,Dubai,Dubai Marina,AE,"The Beauport, Dubai Marina, Dubai, United Arab Emirates",,Ultra-Luxury High-Rise Tower,26,208,DLD-PRJ-99111,67481 23364,25.074818,55.133642,Trophy / Ultra-Prime,osm_dld_cadastral_enriched,0.92
ce2941c4-b4c5-40e8-8c8c-267aca5931f1,The Attessa,the attessa,Master Developer / DLD Registered,Dubai,Dubai Marina,AE,"The Attessa, Dubai Marina, Dubai, United Arab Emirates",,Ultra-Luxury High-Rise Tower,32,256,DLD-PRJ-52352,67539 23375,25.075392,55.133753,Trophy / Ultra-Prime,osm_dld_cadastral_enriched,0.92
0d692c9e-26c6-47e6-91df-4c681b55420c,The Paloma,the paloma,Master Developer / DLD Registered,Dubai,Dubai Marina,AE,"The Paloma, Dubai Marina, Dubai, United Arab Emirates",,Iconic Sky High-Rise Tower,40,320,DLD-PRJ-25792,67525 23442,25.07525,55.134422,Trophy / Ultra-Prime,osm_dld_cadastral_enriched,0.92
57721751-e339-4479-8f32-cd963682525a,Al Yaqoub Tower,al yaqoub tower,Master Developer / DLD Registered,Dubai,DIFC,AE,"Al Yaqoub Tower, Sheikh Zayed Road, DIFC, Dubai, United Arab Emirates",,Iconic Sky High-Rise Tower,69,552,DLD-PRJ-57647,81640 37977,25.216403,55.279777,Trophy / Ultra-Prime,osm_dld_cadastral_enriched,0.92
acc28ad7-13be-4292-b2bc-56a24122618a,Al Kawakeb,al kawakeb,Master Developer / DLD Registered,Dubai,Downtown Dubai,AE,"Al Kawakeb, Sheikh Zayed Road, Downtown Dubai, Dubai, United Arab Emirates",,Luxury High-Rise Tower,10,80,DLD-PRJ-81716,80881 37465,25.20881,55.274656,Trophy / Ultra-Prime,osm_dld_cadastral_enriched,0.92
8aabc774-c008-4aa4-bcea-071391dd27e6,Sahara Tower,sahara tower,Master Developer / DLD Registered,Dubai,DIFC,AE,"Sahara Tower, Sheikh Zayed Road, DIFC, Dubai, United Arab Emirates",,Ultra-Luxury High-Rise Tower,31,248,DLD-PRJ-81268,81588 37726,25.215884,55.277264,Trophy / Ultra-Prime,osm_dld_cadastral_enriched,0.92
e5e1906e-6be3-47e3-8bea-272ad04411ff,Al Ghadeer Tower,al ghadeer tower,Master Developer / DLD Registered,Dubai,DIFC,AE,"Al Ghadeer Tower, Sheikh Zayed Road, DIFC, Dubai, United Arab Emirates",,Ultra-Luxury High-Rise Tower,21,168,DLD-PRJ-90839,81499 37886,25.214997,55.278861,Trophy / Ultra-Prime,osm_dld_cadastral_enriched,0.92
c3358649-f6cf-4e74-a367-b7bb1df27ba1,Regent Beach Resort,regent beach resort,Master Developer / DLD Registered,Dubai,Jumeirah Bay Island,AE,"Regent Beach Resort, Jumeirah Bay Island, Dubai, United Arab Emirates",,Gated Residential Society,3,24,DLD-PRJ-68126,82900 35973,25.229007,55.259734,Trophy / Ultra-Prime,osm_dld_cadastral_enriched,0.92
c387030c-ad6b-45bd-8a3c-7b2024f8ed6b,Grandeur Residences,grandeur residences,Master Developer / DLD Registered,Dubai,Palm Jumeirah,AE,"Grandeur Residences, Palm Jumeirah, Dubai, United Arab Emirates",,Luxury High-Rise Tower,6,48,DLD-PRJ-29865,69873 22121,25.098732,55.121215,Trophy / Ultra-Prime,osm_dld_cadastral_enriched,0.92
39d7aa46-5372-4cd7-af0b-e76b9e344272,Ariyana Tower,ariyana tower,Master Developer / DLD Registered,Dubai,Dubai Marina,AE,"Ariyana Tower, Al Marsa Street, Dubai Marina, Dubai, United Arab Emirates",,Luxury High-Rise Tower,3,24,DLD-PRJ-35060,68264 24814,25.082642,55.148142,Trophy / Ultra-Prime,osm_dld_cadastral_enriched,0.92
8ef094e6-50e4-4248-874b-c0ed3d944263,Park,park,Master Developer / DLD Registered,Dubai,Downtown Dubai,AE,"Park, Downtown Dubai, Dubai, United Arab Emirates",,Gated Residential Society,3,24,DLD-PRJ-87200,80950 37866,25.209501,55.278668,Trophy / Ultra-Prime,osm_dld_cadastral_enriched,0.92
abf314a7-9e87-4ba8-8da3-d07cb0c8fd12,Marina Terrace,marina terrace,Master Developer / DLD Registered,Dubai,Dubai Marina,AE,"Marina Terrace, Dubai Marina, Dubai, United Arab Emirates",,Ultra-Luxury High-Rise Tower,38,304,DLD-PRJ-89021,68453 24477,25.084532,55.144771,Trophy / Ultra-Prime,osm_dld_cadastral_enriched,0.92
0da0ace3-7498-48ba-9065-3ce24191719d,Marina Tower,marina tower,Master Developer / DLD Registered,Dubai,Dubai Marina,AE,"Marina Tower, Dubai Marina, Dubai, United Arab Emirates",,Ultra-Luxury High-Rise Tower,33,264,DLD-PRJ-52752,68393 24493,25.083938,55.144939,Trophy / Ultra-Prime,osm_dld_cadastral_enriched,0.92
7d8a8486-e1e8-405e-8740-8b3c440c9e5e,Fairfield Tower,fairfield tower,Master Developer / DLD Registered,Dubai,Dubai Marina,AE,"Fairfield Tower, Dubai Marina, Dubai, United Arab Emirates",,Ultra-Luxury High-Rise Tower,35,280,DLD-PRJ-72776,68162 24199,25.081623,55.141997,Trophy / Ultra-Prime,osm_dld_cadastral_enriched,0.92
21eb2b04-aae1-42cc-9888-831109f01944,Sanibel Tower,sanibel tower,Master Developer / DLD Registered,Dubai,Dubai Marina,AE,"Sanibel Tower, Dubai Marina, Dubai, United Arab Emirates",,Ultra-Luxury High-Rise Tower,31,248,DLD-PRJ-28871,68169 24137,25.081697,55.141379,Trophy / Ultra-Prime,osm_dld_cadastral_enriched,0.92
9c92307a-5d3a-4b94-9d99-638d0e8d89fb,Bonaire Tower,bonaire tower,Master Developer / DLD Registered,Dubai,Dubai Marina,AE,"Bonaire Tower, Dubai Marina, Dubai, United Arab Emirates",,Ultra-Luxury High-Rise Tower,35,280,DLD-PRJ-51871,68208 24234,25.082082,55.142341,Trophy / Ultra-Prime,osm_dld_cadastral_enriched,0.92
266634b6-8336-41f2-a64b-71544761113b,The Maze Tower,the maze tower,Master Developer / DLD Registered,Dubai,DIFC,AE,"The Maze Tower, Sheikh Zayed Road, DIFC, Dubai, United Arab Emirates",,Iconic Sky High-Rise Tower,56,448,DLD-PRJ-22269,81571 37934,25.215719,55.279348,Trophy / Ultra-Prime,osm_dld_cadastral_enriched,0.92
c12faebb-9db7-41fd-8513-42d3e9096a47,Al Rabia Tower,al rabia tower,Master Developer / DLD Registered,Dubai,Al Barari,AE,"Al Rabia Tower, Sheikh Mohammed bin Zayed Road, Al Barari, Dubai, United Arab Emirates",,Ultra-Luxury High-Rise Tower,30,240,DLD-PRJ-23908,69367 42420,25.093679,55.324208,Trophy / Ultra-Prime,osm_dld_cadastral_enriched,0.92
913c2f8e-2f1b-4ae4-a665-3c979f63067f,Address Boulevard,address boulevard,Master Developer / DLD Registered,Dubai,Downtown Dubai,AE,"Address Boulevard, Downtown Dubai, Dubai, United Arab Emirates",,Gated Residential Society,5,40,DLD-PRJ-33478,80095 37609,25.200953,55.276094,Trophy / Ultra-Prime,osm_dld_cadastral_enriched,0.92
9be810f0-05d9-46c3-ba58-afd03c44d650,The 118,the 118,Master Developer / DLD Registered,Dubai,Downtown Dubai,AE,"The 118, Downtown Dubai, Dubai, United Arab Emirates",,Gated Residential Society,4,32,DLD-PRJ-13229,79286 38150,25.192865,55.281502,Trophy / Ultra-Prime,osm_dld_cadastral_enriched,0.92
bb050d76-d4d1-494c-b0f9-4806481717de,Mada Residences,mada residences,Master Developer / DLD Registered,Dubai,Downtown Dubai,AE,"Mada Residences, Downtown Dubai, Dubai, United Arab Emirates",,Luxury High-Rise Tower,5,40,DLD-PRJ-14636,79379 38508,25.193793,55.285089,Trophy / Ultra-Prime,osm_dld_cadastral_enriched,0.92
d8aa264f-0fb4-4420-bddf-552bf34c71a7,RP Heights,rp heights,Master Developer / DLD Registered,Dubai,Downtown Dubai,AE,"RP Heights, Downtown Dubai, Dubai, United Arab Emirates",,Luxury High-Rise Tower,5,40,DLD-PRJ-35928,79469 38417,25.194697,55.284173,Trophy / Ultra-Prime,osm_dld_cadastral_enriched,0.92
6af64dbc-d834-4762-8a46-a554bb55b6bf,Sky Gardens,sky gardens,Master Developer / DLD Registered,Dubai,DIFC,AE,"Sky Gardens, DIFC, Dubai, United Arab Emirates",,Iconic Sky High-Rise Tower,45,360,DLD-PRJ-28019,81171 38282,25.211711,55.282828,Trophy / Ultra-Prime,osm_dld_cadastral_enriched,0.92
87bf8e71-e2f9-4991-9ec7-16c919176e73,Westburry,westburry,Master Developer / DLD Registered,Dubai,Downtown Dubai,AE,"Westburry, Downtown Dubai, Dubai, United Arab Emirates",,Gated Residential Society,4,32,DLD-PRJ-18747,78646 37445,25.186465,55.274458,Trophy / Ultra-Prime,osm_dld_cadastral_enriched,0.92
53e7efd3-db02-409a-8a80-089b183353ce,LIWA Tower,liwa tower,Master Developer / DLD Registered,Dubai,Emirates Hills,AE,"LIWA Tower, Emirates Hills, Dubai, United Arab Emirates",,Luxury High-Rise Tower,8,64,DLD-PRJ-14836,69479 27753,25.094798,55.177535,Trophy / Ultra-Prime,osm_dld_cadastral_enriched,0.92
108a8c55-bbe7-41c5-bd36-3043f88c17df,Yas,yas,Master Developer / DLD Registered,Dubai,Emirates Hills,AE,"Yas, Emirates Hills, Dubai, United Arab Emirates",,Luxury High-Rise Tower,13,104,DLD-PRJ-26763,69286 27521,25.092863,55.175215,Trophy / Ultra-Prime,osm_dld_cadastral_enriched,0.92
8daa3612-46ba-46db-9d7c-f1a2cd36e5b5,Aykon City,aykon city,Master Developer / DLD Registered,Dubai,"Jumeirah (1, 2, 3)",AE,"Aykon City, Jumeirah (1, 2, 3), Dubai, United Arab Emirates",,Gated Residential Society,4,32,DLD-PRJ-75697,78088 35288,25.18089,55.252883,Trophy / Ultra-Prime,osm_dld_cadastral_enriched,0.92
c49243d4-7e4e-4f6f-94f5-4ad155538e67,Dunya Tower,dunya tower,Master Developer / DLD Registered,Dubai,Downtown Dubai,AE,"Dunya Tower, Al Ohood street, Downtown Dubai, Dubai, United Arab Emirates",,Luxury High-Rise Tower,3,24,DLD-PRJ-16744,79447 38322,25.194472,55.283222,Trophy / Ultra-Prime,osm_dld_cadastral_enriched,0.92
9e051077-c9d7-4fe1-8cdc-89e845c208b1,Burj Royale,burj royale,Master Developer / DLD Registered,Dubai,Downtown Dubai,AE,"Burj Royale, Downtown Dubai, Dubai, United Arab Emirates",,Gated Residential Society,5,40,DLD-PRJ-26526,79170 38029,25.1917,55.280291,Trophy / Ultra-Prime,osm_dld_cadastral_enriched,0.92
f39d370e-36b9-4c04-a959-31b18f6603a7,Dolce Vita,dolce vita,Master Developer / DLD Registered,Dubai,Dubai Marina,AE,"Dolce Vita, Dubai Marina, Dubai, United Arab Emirates",,Ultra-Luxury High-Rise Tower,25,200,DLD-PRJ-93410,67861 24162,25.078612,55.141621,Trophy / Ultra-Prime,osm_dld_cadastral_enriched,0.92
1c3975c7-3f25-4045-a760-c8e9b8c03198,Mosela,mosela,Master Developer / DLD Registered,Dubai,Emirates Hills,AE,"Mosela, 7 Street, Emirates Hills, Dubai, United Arab Emirates",,Ultra-Luxury High-Rise Tower,27,216,DLD-PRJ-46027,68898 27310,25.088985,55.173106,Trophy / Ultra-Prime,osm_dld_cadastral_enriched,0.92
923a024b-28a9-4d6b-81eb-4efe7b7f28e5,Golf,golf,Master Developer / DLD Registered,Dubai,Emirates Hills,AE,"Golf, Emirates Hills, Dubai, United Arab Emirates",,Ultra-Luxury High-Rise Tower,31,248,DLD-PRJ-79342,69143 26874,25.091431,55.168744,Trophy / Ultra-Prime,osm_dld_cadastral_enriched,0.92
95f60a2f-5324-42e9-8a33-938f3dd18996,The Links West,the links west,Master Developer / DLD Registered,Dubai,Emirates Hills,AE,"The Links West, Emirates Hills, Dubai, United Arab Emirates",,Ultra-Luxury High-Rise Tower,35,280,DLD-PRJ-96199,69100 26955,25.091005,55.169551,Trophy / Ultra-Prime,osm_dld_cadastral_enriched,0.92
89fea90f-c599-4908-9138-750bbb9dde18,The Links East,the links east,Master Developer / DLD Registered,Dubai,Emirates Hills,AE,"The Links East, Emirates Hills, Dubai, United Arab Emirates",,Ultra-Luxury High-Rise Tower,35,280,DLD-PRJ-61026,69017 27003,25.090178,55.17004,Trophy / Ultra-Prime,osm_dld_cadastral_enriched,0.92
206f3c7b-7ca1-4ba5-be2a-3511ac8b2bf1,Turia,turia,Master Developer / DLD Registered,Dubai,Emirates Hills,AE,"Turia, Emirates Hills, Dubai, United Arab Emirates",,Gated Residential Society,9,72,DLD-PRJ-14760,69319 26923,25.093194,55.169234,Trophy / Ultra-Prime,osm_dld_cadastral_enriched,0.92
eff68f2e-0261-4ae5-8e0b-678c6db1533f,Polo Residence D2,polo residence d2,Master Developer / DLD Registered,Dubai,District One & Meydan (MBR City),AE,"Polo Residence D2, District One & Meydan (MBR City), Dubai, United Arab Emirates",,Luxury High-Rise Tower,4,32,DLD-PRJ-10782,75178 39674,25.151782,55.296745,Trophy / Ultra-Prime,osm_dld_cadastral_enriched,0.92
63d34c7c-dd35-4f95-b32d-778767d9e851,Polo Residence D1,polo residence d1,Master Developer / DLD Registered,Dubai,District One & Meydan (MBR City),AE,"Polo Residence D1, District One & Meydan (MBR City), Dubai, United Arab Emirates",,Luxury High-Rise Tower,4,32,DLD-PRJ-39522,75151 39696,25.151518,55.296964,Trophy / Ultra-Prime,osm_dld_cadastral_enriched,0.92
2422169c-66b7-4bc4-8615-29dfa0c7296e,Polo Residence D3,polo residence d3,Master Developer / DLD Registered,Dubai,District One & Meydan (MBR City),AE,"Polo Residence D3, District One & Meydan (MBR City), Dubai, United Arab Emirates",,Luxury High-Rise Tower,4,32,DLD-PRJ-27468,75209 39654,25.152092,55.29655,Trophy / Ultra-Prime,osm_dld_cadastral_enriched,0.92
81005097-75d7-43a4-91a3-274f416f5cd1,Polo Residence D4,polo residence d4,Master Developer / DLD Registered,Dubai,District One & Meydan (MBR City),AE,"Polo Residence D4, District One & Meydan (MBR City), Dubai, United Arab Emirates",,Luxury High-Rise Tower,4,32,DLD-PRJ-61974,75245 39635,25.152451,55.296355,Trophy / Ultra-Prime,osm_dld_cadastral_enriched,0.92
72e4ef0b-d05a-493d-abe2-d2fc2fb4cd32,Polo Residence D5,polo residence d5,Master Developer / DLD Registered,Dubai,District One & Meydan (MBR City),AE,"Polo Residence D5, District One & Meydan (MBR City), Dubai, United Arab Emirates",,Luxury High-Rise Tower,4,32,DLD-PRJ-24714,75277 39618,25.152776,55.296188,Trophy / Ultra-Prime,osm_dld_cadastral_enriched,0.92
38a4142e-800c-45ed-902a-3e61aaa9f904,Polo Residence D6,polo residence d6,Master Developer / DLD Registered,Dubai,District One & Meydan (MBR City),AE,"Polo Residence D6, District One & Meydan (MBR City), Dubai, United Arab Emirates",,Luxury High-Rise Tower,4,32,DLD-PRJ-38848,75309 39607,25.153098,55.296071,Trophy / Ultra-Prime,osm_dld_cadastral_enriched,0.92
9b9430f6-2769-4335-99e5-e4e1ea036f50,Polo Residence A1,polo residence a1,Master Developer / DLD Registered,Dubai,District One & Meydan (MBR City),AE,"Polo Residence A1, District One & Meydan (MBR City), Dubai, United Arab Emirates",,Luxury High-Rise Tower,4,32,DLD-PRJ-46718,75274 39468,25.152747,55.294689,Trophy / Ultra-Prime,osm_dld_cadastral_enriched,0.92
42caaff2-a115-4731-b8cf-fa6f885700c4,Polo Residence B1,polo residence b1,Master Developer / DLD Registered,Dubai,District One & Meydan (MBR City),AE,"Polo Residence B1, District One & Meydan (MBR City), Dubai, United Arab Emirates",,Luxury High-Rise Tower,4,32,DLD-PRJ-92554,75151 39376,25.151511,55.293768,Trophy / Ultra-Prime,osm_dld_cadastral_enriched,0.92
232f00f5-4341-4b51-97ce-28f875e168bb,Polo Residence E1,polo residence e1,Master Developer / DLD Registered,Dubai,District One & Meydan (MBR City),AE,"Polo Residence E1, District One & Meydan (MBR City), Dubai, United Arab Emirates",,Luxury High-Rise Tower,4,32,DLD-PRJ-86045,75076 39485,25.150766,55.294859,Trophy / Ultra-Prime,osm_dld_cadastral_enriched,0.92
93e97013-620c-42f9-b623-092768b5526d,Crowne Plaza Apartment Tower,crowne plaza apartment tower,Master Developer / DLD Registered,Dubai,DIFC,AE,"Crowne Plaza Apartment Tower, Sheikh Zayed Road, DIFC, Dubai, United Arab Emirates",,Ultra-Luxury High-Rise Tower,23,184,DLD-PRJ-86295,82089 38046,25.220894,55.280461,Trophy / Ultra-Prime,osm_dld_cadastral_enriched,0.92
2bb5e911-ccf3-48a3-9618-0826b7124ed3,Emerald,emerald,Master Developer / DLD Registered,Dubai,Palm Jumeirah,AE,"Emerald, Palm Jumeirah, Dubai, United Arab Emirates",,Luxury High-Rise Tower,14,112,DLD-PRJ-38398,71621 24104,25.116211,55.141043,Trophy / Ultra-Prime,osm_dld_cadastral_enriched,0.92
a6d16cc0-4c97-4c10-8849-a27fe2535415,Ruby,ruby,Master Developer / DLD Registered,Dubai,Palm Jumeirah,AE,"Ruby, Palm Jumeirah, Dubai, United Arab Emirates",,Luxury High-Rise Tower,14,112,DLD-PRJ-30904,71662 24136,25.116621,55.141368,Trophy / Ultra-Prime,osm_dld_cadastral_enriched,0.92
7639082f-c09a-47a2-b62c-40a945445e4e,Aquamarine,aquamarine,Master Developer / DLD Registered,Dubai,Palm Jumeirah,AE,"Aquamarine, Palm Jumeirah, Dubai, United Arab Emirates",,Luxury High-Rise Tower,14,112,DLD-PRJ-14120,71703 24169,25.117031,55.141694,Trophy / Ultra-Prime,osm_dld_cadastral_enriched,0.92
915068ac-8a42-4412-9d35-a865d494c73f,Burj Residences 8,burj residences 8,Master Developer / DLD Registered,Dubai,Downtown Dubai,AE,"Burj Residences 8, Downtown Dubai, Dubai, United Arab Emirates",,Ultra-Luxury High-Rise Tower,35,280,DLD-PRJ-28553,79146 37445,25.191465,55.27446,Trophy / Ultra-Prime,osm_dld_cadastral_enriched,0.92
24ff716f-ea1d-4aa1-8a00-88cf75f3d1e7,Bunyan Tower,bunyan tower,Master Developer / DLD Registered,Dubai,Dubai Marina,AE,"Bunyan Tower, Dubai Marina, Dubai, United Arab Emirates",,Luxury High-Rise Tower,2,16,DLD-PRJ-19886,68215 24745,25.082151,55.147451,Trophy / Ultra-Prime,osm_dld_cadastral_enriched,0.92
416349d5-41b3-4731-974f-7f41eb97b01b,Art 8,art 8,Master Developer / DLD Registered,Dubai,Emirates Hills,AE,"Art 8, Emirates Hills, Dubai, United Arab Emirates",,Luxury High-Rise Tower,15,120,DLD-PRJ-47464,69429 27468,25.094293,55.174686,Trophy / Ultra-Prime,osm_dld_cadastral_enriched,0.92
f0451415-5fd6-4f3a-ac84-cdef2f351802,Marina Wharf 2,marina wharf 2,Master Developer / DLD Registered,Dubai,Dubai Marina,AE,"Marina Wharf 2, Dubai Marina, Dubai, United Arab Emirates",,Ultra-Luxury High-Rise Tower,29,232,DLD-PRJ-11069,67227 23246,25.072277,55.132469,Trophy / Ultra-Prime,osm_dld_cadastral_enriched,0.92
2af6ca0f-a97a-4635-be3d-c1cca77b1c1d,Sparkle,sparkle,Master Developer / DLD Registered,Dubai,Dubai Marina,AE,"Sparkle, Dubai Marina, Dubai, United Arab Emirates",,Luxury High-Rise Tower,15,120,DLD-PRJ-24871,67188 23158,25.071881,55.131589,Trophy / Ultra-Prime,osm_dld_cadastral_enriched,0.92
49961cf1-3faa-4427-9760-37160f60de2f,Marina Wharf 1,marina wharf 1,Master Developer / DLD Registered,Dubai,Dubai Marina,AE,"Marina Wharf 1, Dubai Marina, Dubai, United Arab Emirates",,Ultra-Luxury High-Rise Tower,29,232,DLD-PRJ-74251,67251 23286,25.072519,55.132865,Trophy / Ultra-Prime,osm_dld_cadastral_enriched,0.92
3baf2a51-bd87-48c4-ad47-30b94a263a08,Continental Tower,continental tower,Master Developer / DLD Registered,Dubai,Dubai Marina,AE,"Continental Tower, Dubai Marina, Dubai, United Arab Emirates",,Ultra-Luxury High-Rise Tower,30,240,DLD-PRJ-18964,67972 23921,25.079725,55.139214,Trophy / Ultra-Prime,osm_dld_cadastral_enriched,0.92
df5fbf8f-823a-4c94-818b-fecc448b3c14,Dusit Princess Residence,dusit princess residence,Master Developer / DLD Registered,Dubai,Dubai Marina,AE,"Dusit Princess Residence, Dubai Marina, Dubai, United Arab Emirates",,Ultra-Luxury High-Rise Tower,35,280,DLD-PRJ-76030,68296 24453,25.082965,55.144537,Trophy / Ultra-Prime,osm_dld_cadastral_enriched,0.92
5ab37c88-e2ae-4c6c-b4a7-b8d7d692dfcb,Al Fattan Crystal,al fattan crystal,Master Developer / DLD Registered,Dubai,Dubai Marina,AE,"Al Fattan Crystal, Dubai Marina, Dubai, United Arab Emirates",,Ultra-Luxury High-Rise Tower,38,304,DLD-PRJ-28828,68011 23529,25.080116,55.135299,Trophy / Ultra-Prime,osm_dld_cadastral_enriched,0.92
bc4ddeac-4211-4a3b-a0aa-13557e8c05e5,The Atlantic Tower,the atlantic tower,Master Developer / DLD Registered,Dubai,Dubai Marina,AE,"The Atlantic Tower, Dubai Marina, Dubai, United Arab Emirates",,Luxury High-Rise Tower,18,144,DLD-PRJ-92888,67852 24035,25.078523,55.140354,Trophy / Ultra-Prime,osm_dld_cadastral_enriched,0.92
a1699f00-04bc-43aa-869e-37da6b0a199f,Marina View,marina view,Master Developer / DLD Registered,Dubai,Dubai Marina,AE,"Marina View, Dubai Marina, Dubai, United Arab Emirates",,Luxury High-Rise Tower,12,96,DLD-PRJ-75091,67965 24183,25.079653,55.141833,Trophy / Ultra-Prime,osm_dld_cadastral_enriched,0.92
540cd555-82a5-4ca9-b4aa-3814e46d2db8,Green Lakes 2,green lakes 2,Master Developer / DLD Registered,Dubai,Dubai Marina,AE,"Green Lakes 2, Dubai Marina, Dubai, United Arab Emirates",,Iconic Sky High-Rise Tower,40,320,DLD-PRJ-98246,67828 24872,25.07829,55.148728,Trophy / Ultra-Prime,osm_dld_cadastral_enriched,0.92
2fdb2481-3c43-405e-b04c-951acb69a0ab,Green Lakes 3,green lakes 3,Master Developer / DLD Registered,Dubai,Dubai Marina,AE,"Green Lakes 3, Dubai Marina, Dubai, United Arab Emirates",,Ultra-Luxury High-Rise Tower,35,280,DLD-PRJ-22493,67894 24857,25.07895,55.14857,Trophy / Ultra-Prime,osm_dld_cadastral_enriched,0.92
79fd6d72-b1e0-4677-a27f-5b1988d58853,Tecom,tecom,Master Developer / DLD Registered,Dubai,Emirates Hills,AE,"Tecom, Emirates Hills, Dubai, United Arab Emirates",,Luxury High-Rise Tower,16,128,DLD-PRJ-46185,69372 27542,25.093721,55.175424,Trophy / Ultra-Prime,osm_dld_cadastral_enriched,0.92
ec928cee-34b0-49c4-8b26-3662335414dd,Jumeirah Residences Marsa Al Arab,jumeirah residences marsa al arab,Master Developer / DLD Registered,Dubai,Madinat Jumeirah Living & Umm Suqeim,AE,"Jumeirah Residences Marsa Al Arab, Madinat Jumeirah Living & Umm Suqeim, Dubai, United Arab Emirates",,Luxury High-Rise Tower,10,80,DLD-PRJ-51571,74360 29175,25.143607,55.191758,Trophy / Ultra-Prime,osm_dld_cadastral_enriched,0.92
697705f5-f334-4fbd-abd6-58a3108a91c8,"1, Blue Waters Island Street",1 blue waters island street,Master Developer / DLD Registered,Dubai,Bluewaters Island,AE,"1, Blue Waters Island Street, Bluewaters Island, Dubai, United Arab Emirates",,Gated Residential Society,8,64,DLD-PRJ-76433,67924 21969,25.07925,55.1197,Trophy / Ultra-Prime,osm_dld_cadastral_enriched,0.92
504456d9-fa26-4f0c-8d93-26a3ad585260,"2, Blue Waters Island Street",2 blue waters island street,Master Developer / DLD Registered,Dubai,Bluewaters Island,AE,"2, Blue Waters Island Street, Bluewaters Island, Dubai, United Arab Emirates",,Gated Residential Society,8,64,DLD-PRJ-76002,67907 22040,25.079074,55.120404,Trophy / Ultra-Prime,osm_dld_cadastral_enriched,0.92
bd2627bc-0261-48c9-9e25-756a633c9d1f,"10, Blue Waters Island Street",10 blue waters island street,Master Developer / DLD Registered,Dubai,Bluewaters Island,AE,"10, Blue Waters Island Street, Bluewaters Island, Dubai, United Arab Emirates",,Gated Residential Society,9,72,DLD-PRJ-14068,67933 22101,25.079337,55.121011,Trophy / Ultra-Prime,osm_dld_cadastral_enriched,0.92
ea6feb84-4f4f-4dea-94fc-bf558ec1a122,"9, Blue Waters Island Street",9 blue waters island street,Master Developer / DLD Registered,Dubai,Bluewaters Island,AE,"9, Blue Waters Island Street, Bluewaters Island, Dubai, United Arab Emirates",,Luxury High-Rise Tower,13,104,DLD-PRJ-41624,67943 22150,25.079436,55.121502,Trophy / Ultra-Prime,osm_dld_cadastral_enriched,0.92
3241ca1a-14ed-4b72-8d57-268b4e10455e,"3, Blue Waters Island Street",3 blue waters island street,Master Developer / DLD Registered,Dubai,Bluewaters Island,AE,"3, Blue Waters Island Street, Bluewaters Island, Dubai, United Arab Emirates",,Gated Residential Society,9,72,DLD-PRJ-82684,67838 22111,25.078389,55.121111,Trophy / Ultra-Prime,osm_dld_cadastral_enriched,0.92
5a1e4731-09e2-4897-a4fa-d584612d93d4,"4, Blue Waters Island Street",4 blue waters island street,Master Developer / DLD Registered,Dubai,Bluewaters Island,AE,"4, Blue Waters Island Street, Bluewaters Island, Dubai, United Arab Emirates",,Gated Residential Society,9,72,DLD-PRJ-55736,67785 22176,25.077853,55.121766,Trophy / Ultra-Prime,osm_dld_cadastral_enriched,0.92
a05f767b-618f-434f-9e36-c097713ba554,"5, Blue Waters Island Street",5 blue waters island street,Master Developer / DLD Registered,Dubai,Bluewaters Island,AE,"5, Blue Waters Island Street, Bluewaters Island, Dubai, United Arab Emirates",,Gated Residential Society,9,72,DLD-PRJ-63416,67735 22241,25.077356,55.122419,Trophy / Ultra-Prime,osm_dld_cadastral_enriched,0.92
6eef1b44-b456-4535-b38e-123a4fad2ab5,"8, Blue Waters Island Street",8 blue waters island street,Master Developer / DLD Registered,Dubai,Bluewaters Island,AE,"8, Blue Waters Island Street, Bluewaters Island, Dubai, United Arab Emirates",,Luxury High-Rise Tower,15,120,DLD-PRJ-33324,67829 22243,25.07829,55.122439,Trophy / Ultra-Prime,osm_dld_cadastral_enriched,0.92
4b9bd3e9-a2fc-4a6f-9581-bbc606d23042,"7, Blue Waters Island Street",7 blue waters island street,Master Developer / DLD Registered,Dubai,Bluewaters Island,AE,"7, Blue Waters Island Street, Bluewaters Island, Dubai, United Arab Emirates",,Luxury High-Rise Tower,15,120,DLD-PRJ-10083,67787 22296,25.077876,55.122969,Trophy / Ultra-Prime,osm_dld_cadastral_enriched,0.92
a15f6417-879a-4c6d-b95c-fb6d24568ce1,"6, Blue Waters Island Street",6 blue waters island street,Master Developer / DLD Registered,Dubai,Bluewaters Island,AE,"6, Blue Waters Island Street, Bluewaters Island, Dubai, United Arab Emirates",,Luxury High-Rise Tower,13,104,DLD-PRJ-23851,67728 22324,25.077289,55.123248,Trophy / Ultra-Prime,osm_dld_cadastral_enriched,0.92
1613a532-4f7f-499b-ae07-7a8e318be65d,Five JBR,five jbr,Master Developer / DLD Registered,Dubai,Dubai Marina,AE,"Five JBR, Dubai Marina, Dubai, United Arab Emirates",,Gated Residential Society,8,64,DLD-PRJ-82485,68123 23606,25.081238,55.136064,Trophy / Ultra-Prime,osm_dld_cadastral_enriched,0.92
2f29c6a8-f24e-4c8e-ad03-58434bc6daee,The Jewels A,the jewels a,Master Developer / DLD Registered,Dubai,Dubai Marina,AE,"The Jewels A, Dubai Marina, Dubai, United Arab Emirates",,Ultra-Luxury High-Rise Tower,21,168,DLD-PRJ-19065,67138 23048,25.071387,55.130488,Trophy / Ultra-Prime,osm_dld_cadastral_enriched,0.92
340c0115-620f-43c2-bf1c-12f76e25f02a,Four Seasons Private Residences,four seasons private residences,Master Developer / DLD Registered,Dubai,"Jumeirah (1, 2, 3)",AE,"Four Seasons Private Residences, Jumeirah (1, 2, 3), Dubai, United Arab Emirates",,Luxury High-Rise Tower,6,48,DLD-PRJ-69935,79429 34058,25.194299,55.240587,Trophy / Ultra-Prime,osm_dld_cadastral_enriched,0.92
2101aafb-fbba-4004-9b8a-e609780c1265,Marina Residence 6,marina residence 6,Master Developer / DLD Registered,Dubai,Palm Jumeirah,AE,"Marina Residence 6, Palm Jumeirah, Dubai, United Arab Emirates",,Luxury High-Rise Tower,15,120,DLD-PRJ-65625,71619 23970,25.116194,55.139703,Trophy / Ultra-Prime,osm_dld_cadastral_enriched,0.92
8d21a9b4-fca8-439c-8d42-454ac0bdd9ea,Marina Residence 5,marina residence 5,Master Developer / DLD Registered,Dubai,Palm Jumeirah,AE,"Marina Residence 5, Palm Jumeirah, Dubai, United Arab Emirates",,Luxury High-Rise Tower,15,120,DLD-PRJ-86471,71657 23861,25.116577,55.138618,Trophy / Ultra-Prime,osm_dld_cadastral_enriched,0.92
b16ce554-97eb-433c-afba-4bfe585d2599,Marina Residence 4,marina residence 4,Master Developer / DLD Registered,Dubai,Palm Jumeirah,AE,"Marina Residence 4, Palm Jumeirah, Dubai, United Arab Emirates",,Luxury High-Rise Tower,15,120,DLD-PRJ-84802,71632 23750,25.116329,55.137509,Trophy / Ultra-Prime,osm_dld_cadastral_enriched,0.92
33d5890e-1c93-4411-bea4-fdf97cd7725a,Marina Residence 3,marina residence 3,Master Developer / DLD Registered,Dubai,Palm Jumeirah,AE,"Marina Residence 3, Palm Jumeirah, Dubai, United Arab Emirates",,Luxury High-Rise Tower,15,120,DLD-PRJ-57318,71469 23599,25.11469,55.135997,Trophy / Ultra-Prime,osm_dld_cadastral_enriched,0.92
8e4bbeed-44f9-4139-8aa1-2b27ac2e6c85,Marina Residence 2,marina residence 2,Master Developer / DLD Registered,Dubai,Palm Jumeirah,AE,"Marina Residence 2, Palm Jumeirah, Dubai, United Arab Emirates",,Luxury High-Rise Tower,15,120,DLD-PRJ-23630,71365 23597,25.113654,55.135976,Trophy / Ultra-Prime,osm_dld_cadastral_enriched,0.92
ebc5aeb2-81d2-4858-9156-5ae6576810d8,Marina Residence 1,marina residence 1,Master Developer / DLD Registered,Dubai,Palm Jumeirah,AE,"Marina Residence 1, Palm Jumeirah, Dubai, United Arab Emirates",,Luxury High-Rise Tower,15,120,DLD-PRJ-54595,71269 23663,25.11269,55.136633,Trophy / Ultra-Prime,osm_dld_cadastral_enriched,0.92
bdebb325-6ad9-4ae5-8c16-f401a4655a69,API Horizon Pointe,api horizon pointe,Master Developer / DLD Registered,Dubai,Sobha Hartland,AE,"API Horizon Pointe, Sobha Hartland, Dubai, United Arab Emirates",,Ultra-Luxury High-Rise Tower,27,216,DLD-PRJ-24126,78219 42253,25.182198,55.322537,Trophy / Ultra-Prime,osm_dld_cadastral_enriched,0.92
64cf56c2-1292-4c22-b412-7a403b198d9e,Aeternitas,aeternitas,Master Developer / DLD Registered,Dubai,Dubai Marina,AE,"Aeternitas, Dubai Marina, Dubai, United Arab Emirates",,Iconic Sky High-Rise Tower,65,520,DLD-PRJ-74445,68836 24942,25.088369,55.14942,Trophy / Ultra-Prime,osm_dld_cadastral_enriched,0.92
e4e4997c-2c5a-403c-9afa-db8ee3d994ee,No.9,no 9,Master Developer / DLD Registered,Dubai,Dubai Marina,AE,"No.9, Dubai Marina, Dubai, United Arab Emirates",,Ultra-Luxury High-Rise Tower,37,296,DLD-PRJ-86343,68343 24482,25.083431,55.144826,Trophy / Ultra-Prime,osm_dld_cadastral_enriched,0.92
7c9243da-9fdb-419f-87b2-42eac93575a3,52 | 42 Tower,52 42 tower,Master Developer / DLD Registered,Dubai,Dubai Marina,AE,"52 | 42 Tower, Dubai Marina, Dubai, United Arab Emirates",,Luxury High-Rise Tower,8,64,DLD-PRJ-15925,67108 22544,25.071087,55.125442,Trophy / Ultra-Prime,osm_dld_cadastral_enriched,0.92
86a21d0c-7527-4790-a65c-579c9096ac31,1/JBR,1 jbr,Master Developer / DLD Registered,Dubai,Dubai Marina,AE,"1/JBR, Dubai Marina, Dubai, United Arab Emirates",,Gated Residential Society,2,16,DLD-PRJ-49160,68387 23887,25.083871,55.138878,Trophy / Ultra-Prime,osm_dld_cadastral_enriched,0.92
2a961c60-bfc0-49c5-b2e8-8805d5be033e,迪拜房产德世迦 Fast Way Real Estate Broker,fast way real estate broker,Master Developer / DLD Registered,Dubai,District One & Meydan (MBR City),AE,"迪拜房产德世迦 Fast Way Real Estate Broker, Sobha Hartland Greens Building 3, District One & Meydan (MBR City), Dubai, United Arab Emirates",,Gated Residential Society,9,72,DLD-PRJ-57002,77669 41076,25.17669,55.310763,Trophy / Ultra-Prime,osm_dld_cadastral_enriched,0.92
1ac24696-039c-48c3-8a6b-93309d908e4d,Beach Vista 1 and 2,beach vista 1 and 2,Master Developer / DLD Registered,Dubai,Palm Jumeirah,AE,"Beach Vista 1 and 2, Palm Jumeirah, Dubai, United Arab Emirates",,Gated Residential Society,6,48,DLD-PRJ-69750,69839 23966,25.098398,55.139662,Trophy / Ultra-Prime,osm_dld_cadastral_enriched,0.92
e684c70e-28b6-4116-a751-935d98e2465d,Marina Vista,marina vista,Master Developer / DLD Registered,Dubai,Palm Jumeirah,AE,"Marina Vista, Palm Jumeirah, Dubai, United Arab Emirates",,Gated Residential Society,8,64,DLD-PRJ-86223,69828 24092,25.098286,55.140928,Trophy / Ultra-Prime,osm_dld_cadastral_enriched,0.92
9c7ab58c-287c-4ee1-a636-36fa2308c5c5,Sunrise Bay,sunrise bay,Master Developer / DLD Registered,Dubai,Palm Jumeirah,AE,"Sunrise Bay, Palm Jumeirah, Dubai, United Arab Emirates",,Gated Residential Society,6,48,DLD-PRJ-58770,69727 24003,25.097273,55.140039,Trophy / Ultra-Prime,osm_dld_cadastral_enriched,0.92
06384079-5b9d-4ab2-a59c-2bdd96babba2,Beach Mansion,beach mansion,Master Developer / DLD Registered,Dubai,Palm Jumeirah,AE,"Beach Mansion, Palm Jumeirah, Dubai, United Arab Emirates",,Ultra-Luxury Gated Villa Community,8,64,DLD-PRJ-86192,69928 24188,25.099287,55.141886,Trophy / Ultra-Prime,osm_dld_cadastral_enriched,0.92
6425fb13-8312-4aed-9dd3-ee54febb8587,Muraba Residences,muraba residences,Master Developer / DLD Registered,Dubai,Palm Jumeirah,AE,"Muraba Residences, Palm Jumeirah, Dubai, United Arab Emirates",,Luxury High-Rise Tower,10,80,DLD-PRJ-97914,72591 25417,25.125912,55.154171,Trophy / Ultra-Prime,osm_dld_cadastral_enriched,0.92
553da1fe-8051-469d-ae05-364d89dab5fc,Serenia Residences West,serenia residences west,Master Developer / DLD Registered,Dubai,Palm Jumeirah,AE,"Serenia Residences West, Palm Jumeirah, Dubai, United Arab Emirates",,Luxury High-Rise Tower,9,72,DLD-PRJ-14079,73222 25163,25.132224,55.151634,Trophy / Ultra-Prime,osm_dld_cadastral_enriched,0.92
dd6be288-b1bd-46f4-a5b2-289cad815534,Serenia Residences East,serenia residences east,Master Developer / DLD Registered,Dubai,Palm Jumeirah,AE,"Serenia Residences East, Palm Jumeirah, Dubai, United Arab Emirates",,Luxury High-Rise Tower,9,72,DLD-PRJ-30617,73164 25175,25.131641,55.151759,Trophy / Ultra-Prime,osm_dld_cadastral_enriched,0.92
fcb83b86-52be-4fa6-8364-52c88257ac56,Serenia Residences North,serenia residences north,Master Developer / DLD Registered,Dubai,Palm Jumeirah,AE,"Serenia Residences North, Palm Jumeirah, Dubai, United Arab Emirates",,Luxury High-Rise Tower,9,72,DLD-PRJ-30436,73233 25251,25.132331,55.152516,Trophy / Ultra-Prime,osm_dld_cadastral_enriched,0.92
7765181f-a3b0-4d17-a9ed-fc28af020359,Stella Maris,stella maris,Master Developer / DLD Registered,Dubai,Dubai Marina,AE,"Stella Maris, Dubai Marina, Dubai, United Arab Emirates",,Iconic Sky High-Rise Tower,54,432,DLD-PRJ-76493,66985 23244,25.069857,55.132445,Trophy / Ultra-Prime,osm_dld_cadastral_enriched,0.92
cddfc8c3-dfa2-4119-944f-0cf61e30f7b3,Panorama,panorama,Master Developer / DLD Registered,Dubai,Emirates Hills,AE,"Panorama, Emirates Hills, Dubai, United Arab Emirates",,Luxury High-Rise Tower,14,112,DLD-PRJ-45466,68768 27285,25.087689,55.172857,Trophy / Ultra-Prime,osm_dld_cadastral_enriched,0.92
79b47ccc-11f0-4b96-a262-237d72aafd43,Euro Residence,euro residence,Master Developer / DLD Registered,Dubai,Emirates Hills,AE,"Euro Residence, Emirates Hills, Dubai, United Arab Emirates",,Luxury High-Rise Tower,15,120,DLD-PRJ-26403,69314 27490,25.093146,55.174908,Trophy / Ultra-Prime,osm_dld_cadastral_enriched,0.92
d29b3d55-6116-4bb4-99be-c17447afc909,LIV Residence,liv residence,Master Developer / DLD Registered,Dubai,Dubai Marina,AE,"LIV Residence, Dubai Marina, Dubai, United Arab Emirates",,Ultra-Luxury High-Rise Tower,28,224,DLD-PRJ-47377,68095 24075,25.080958,55.140755,Trophy / Ultra-Prime,osm_dld_cadastral_enriched,0.92
9c2014c1-4713-4632-9645-794bfd414679,Grande Signature Residences,grande signature residences,Master Developer / DLD Registered,Dubai,Downtown Dubai,AE,"Grande Signature Residences, Downtown Dubai, Dubai, United Arab Emirates",,Iconic Sky High-Rise Tower,72,576,DLD-PRJ-63761,79480 37163,25.194803,55.271639,Trophy / Ultra-Prime,osm_dld_cadastral_enriched,0.92
a9495901-f012-41df-ad97-ad775435a629,Marina Pinnacle,marina pinnacle,Master Developer / DLD Registered,Dubai,Dubai Marina,AE,"Marina Pinnacle, Dubai Marina, Dubai, United Arab Emirates",,Gated Residential Society,4,32,DLD-PRJ-71363,68864 24825,25.088641,55.148258,Trophy / Ultra-Prime,osm_dld_cadastral_enriched,0.92
9f11488a-9054-4a7d-999d-7577bef78660,Elite Business Bay Residences,elite business bay residences,Master Developer / DLD Registered,Dubai,"Jumeirah (1, 2, 3)",AE,"Elite Business Bay Residences, Jumeirah (1, 2, 3), Dubai, United Arab Emirates",,Ultra-Luxury High-Rise Tower,28,224,DLD-PRJ-93587,77975 36562,25.179752,55.26563,Trophy / Ultra-Prime,osm_dld_cadastral_enriched,0.92
4fd48186-63e6-4eea-a7a0-1a6d1ae9b9cb,Mama Shelter,mama shelter,Master Developer / DLD Registered,Dubai,Downtown Dubai,AE,"Mama Shelter, Downtown Dubai, Dubai, United Arab Emirates",,Ultra-Luxury High-Rise Tower,26,208,DLD-PRJ-56173,78008 37194,25.180085,55.271942,Trophy / Ultra-Prime,osm_dld_cadastral_enriched,0.92
07255641-91c6-409b-a2ff-7c337f1c68c7,Tower 1,tower 1,Master Developer / DLD Registered,Dubai,Palm Jumeirah,AE,"Tower 1, Palm Jumeirah, Dubai, United Arab Emirates",,Ultra-Luxury High-Rise Tower,30,240,DLD-PRJ-87539,69907 24031,25.099073,55.140315,Trophy / Ultra-Prime,osm_dld_cadastral_enriched,0.92
7adb3a04-c370-4267-9615-e7db8ed935e8,Tower 2,tower 2,Master Developer / DLD Registered,Dubai,Palm Jumeirah,AE,"Tower 2, Palm Jumeirah, Dubai, United Arab Emirates",,Ultra-Luxury High-Rise Tower,23,184,DLD-PRJ-58285,69953 24087,25.099533,55.14088,Trophy / Ultra-Prime,osm_dld_cadastral_enriched,0.92
f2f13b61-43bd-4d1b-bba9-4d248a0c4204,Al Bada'a Residence,al bada a residence,Master Developer / DLD Registered,Dubai,DIFC,AE,"Al Bada'a Residence, DIFC, Dubai, United Arab Emirates",,Luxury High-Rise Tower,11,88,DLD-PRJ-65943,82022 37714,25.220229,55.277147,Trophy / Ultra-Prime,osm_dld_cadastral_enriched,0.92
c9314d42-20c7-4ed8-8844-9e6180374986,Eden house,eden house,Master Developer / DLD Registered,Dubai,DIFC,AE,"Eden house, DIFC, Dubai, United Arab Emirates",,Luxury High-Rise Tower,16,128,DLD-PRJ-58021,81978 37662,25.219782,55.276625,Trophy / Ultra-Prime,osm_dld_cadastral_enriched,0.92
2bb9122a-aa50-438e-9ed7-c49429503016,MH Building,mh building,Master Developer / DLD Registered,Dubai,DIFC,AE,"MH Building, DIFC, Dubai, United Arab Emirates",,Luxury High-Rise Tower,11,88,DLD-PRJ-70909,82076 37569,25.220761,55.275699,Trophy / Ultra-Prime,osm_dld_cadastral_enriched,0.92
ea5dd2e1-702e-4cde-b505-b1e202d0bf21,Asas Garden City 2,asas garden city 2,Master Developer / DLD Registered,Dubai,DIFC,AE,"Asas Garden City 2, DIFC, Dubai, United Arab Emirates",,Gated Residential Society,9,72,DLD-PRJ-85358,82062 37531,25.220629,55.275317,Trophy / Ultra-Prime,osm_dld_cadastral_enriched,0.92
0b43ec5b-5fbf-4ffa-9c10-bd28caa300b6,Solaire 15,solaire 15,Master Developer / DLD Registered,Dubai,DIFC,AE,"Solaire 15, DIFC, Dubai, United Arab Emirates",,Gated Residential Society,7,56,DLD-PRJ-89035,82172 37652,25.221729,55.276529,Trophy / Ultra-Prime,osm_dld_cadastral_enriched,0.92
c55d04d7-0f0a-4a74-baa5-66bd69f0b42b,BMJ One,bmj one,Master Developer / DLD Registered,Dubai,DIFC,AE,"BMJ One, DIFC, Dubai, United Arab Emirates",,Luxury High-Rise Tower,11,88,DLD-PRJ-98677,82165 37710,25.221659,55.2771,Trophy / Ultra-Prime,osm_dld_cadastral_enriched,0.92
25f08878-d134-464e-b88e-5275da67c452,Dubai Insurance Building,dubai insurance building,Master Developer / DLD Registered,Dubai,DIFC,AE,"Dubai Insurance Building, DIFC, Dubai, United Arab Emirates",,Luxury High-Rise Tower,10,80,DLD-PRJ-15892,82227 37817,25.222271,55.278171,Trophy / Ultra-Prime,osm_dld_cadastral_enriched,0.92
9245071c-7424-45ed-b2a3-c1247846a588,Al Khair 5,al khair 5,Master Developer / DLD Registered,Dubai,DIFC,AE,"Al Khair 5, DIFC, Dubai, United Arab Emirates",,Luxury High-Rise Tower,10,80,DLD-PRJ-33488,82135 37796,25.221354,55.277967,Trophy / Ultra-Prime,osm_dld_cadastral_enriched,0.92
13318788-f795-4e7c-ae1d-05e7a46a438d,Escala House,escala house,Master Developer / DLD Registered,Dubai,DIFC,AE,"Escala House, DIFC, Dubai, United Arab Emirates",,Luxury High-Rise Tower,10,80,DLD-PRJ-27301,82333 37641,25.223335,55.276411,Trophy / Ultra-Prime,osm_dld_cadastral_enriched,0.92
b336d6e7-f95d-4156-9f80-230f34ad081b,Makeen Residence,makeen residence,Master Developer / DLD Registered,Dubai,DIFC,AE,"Makeen Residence, DIFC, Dubai, United Arab Emirates",,Luxury High-Rise Tower,9,72,DLD-PRJ-89064,82290 37515,25.222909,55.27516,Trophy / Ultra-Prime,osm_dld_cadastral_enriched,0.92
502a5b72-b850-4614-8562-a1665c5fcb5f,Central 1,central 1,Master Developer / DLD Registered,Dubai,DIFC,AE,"Central 1, DIFC, Dubai, United Arab Emirates",,Luxury High-Rise Tower,10,80,DLD-PRJ-10357,82269 37500,25.222695,55.275001,Trophy / Ultra-Prime,osm_dld_cadastral_enriched,0.92
ab1c25ce-b609-444a-9607-e6e8c0375805,Bait AL Khair,bait al khair,Master Developer / DLD Registered,Dubai,DIFC,AE,"Bait AL Khair, DIFC, Dubai, United Arab Emirates",,Luxury High-Rise Tower,10,80,DLD-PRJ-73211,82241 37480,25.222418,55.274802,Trophy / Ultra-Prime,osm_dld_cadastral_enriched,0.92
003ac434-09f1-4c5b-aade-d2378fef6543,Solaire 16,solaire 16,Master Developer / DLD Registered,Dubai,DIFC,AE,"Solaire 16, DIFC, Dubai, United Arab Emirates",,Luxury High-Rise Tower,11,88,DLD-PRJ-22560,82312 37478,25.223129,55.274785,Trophy / Ultra-Prime,osm_dld_cadastral_enriched,0.92
fbefd139-23e2-44ce-8729-a879d5b52211,BMJ,bmj,Master Developer / DLD Registered,Dubai,DIFC,AE,"BMJ, DIFC, Dubai, United Arab Emirates",,Luxury High-Rise Tower,12,96,DLD-PRJ-21039,82348 37274,25.223488,55.272741,Trophy / Ultra-Prime,osm_dld_cadastral_enriched,0.92
365f47db-591b-4675-afe1-1d3362480b9b,Jumeirh Garden,jumeirh garden,Master Developer / DLD Registered,Dubai,DIFC,AE,"Jumeirh Garden, DIFC, Dubai, United Arab Emirates",,Gated Residential Society,8,64,DLD-PRJ-55129,82285 37221,25.222851,55.272212,Trophy / Ultra-Prime,osm_dld_cadastral_enriched,0.92
6262d3a7-1f36-40c8-833f-dc912538af65,Al Refaee Residence,al refaee residence,Master Developer / DLD Registered,Dubai,DIFC,AE,"Al Refaee Residence, Al Refaee residence (NRTC), DIFC, Dubai, United Arab Emirates",,Luxury High-Rise Tower,10,80,DLD-PRJ-98102,82345 37766,25.223452,55.277666,Trophy / Ultra-Prime,osm_dld_cadastral_enriched,0.92
049cbde3-1645-4816-8ff7-eb18c61045c5,Durrah Garden,durrah garden,Master Developer / DLD Registered,Dubai,DIFC,AE,"Durrah Garden, DIFC, Dubai, United Arab Emirates",,Luxury High-Rise Tower,11,88,DLD-PRJ-33419,82225 37769,25.222259,55.277696,Trophy / Ultra-Prime,osm_dld_cadastral_enriched,0.92
09296c49-9c0f-45cc-b2ae-d536e2b56628,Nobles Tower,nobles tower,Master Developer / DLD Registered,Dubai,Downtown Dubai,AE,"Nobles Tower, Downtown Dubai, Dubai, United Arab Emirates",,Iconic Sky High-Rise Tower,53,424,DLD-PRJ-67715,78461 39020,25.184611,55.290206,Trophy / Ultra-Prime,osm_dld_cadastral_enriched,0.92
b30a1327-d3e8-42e8-9beb-040789dececa,Al Rais,al rais,Master Developer / DLD Registered,Dubai,DIFC,AE,"Al Rais, DIFC, Dubai, United Arab Emirates",,Luxury High-Rise Tower,11,88,DLD-PRJ-65448,81788 37302,25.21788,55.273025,Trophy / Ultra-Prime,osm_dld_cadastral_enriched,0.92
4ce1b570-7bb7-4302-9616-eb2ed3c9ba7c,Al Khair 2,al khair 2,Master Developer / DLD Registered,Dubai,DIFC,AE,"Al Khair 2, DIFC, Dubai, United Arab Emirates",,Luxury High-Rise Tower,11,88,DLD-PRJ-76002,81769 37256,25.217699,55.272565,Trophy / Ultra-Prime,osm_dld_cadastral_enriched,0.92
c63caa62-9166-4cf1-8120-09835d5bb64d,Al Maznzil 2,al maznzil 2,Master Developer / DLD Registered,Dubai,DIFC,AE,"Al Maznzil 2, DIFC, Dubai, United Arab Emirates",,Luxury High-Rise Tower,11,88,DLD-PRJ-71116,81843 37212,25.218432,55.272124,Trophy / Ultra-Prime,osm_dld_cadastral_enriched,0.92
87dea426-5e1f-427a-862a-19f7ddaaf3b5,Al Khair 3,al khair 3,Master Developer / DLD Registered,Dubai,DIFC,AE,"Al Khair 3, DIFC, Dubai, United Arab Emirates",,Luxury High-Rise Tower,11,88,DLD-PRJ-54889,81808 37205,25.218089,55.272058,Trophy / Ultra-Prime,osm_dld_cadastral_enriched,0.92
c46d1667-89cb-431d-8f10-a8038652c9a2,Dhana 1,dhana 1,Master Developer / DLD Registered,Dubai,DIFC,AE,"Dhana 1, DIFC, Dubai, United Arab Emirates",,Luxury High-Rise Tower,11,88,DLD-PRJ-19998,81899 37273,25.218994,55.272739,Trophy / Ultra-Prime,osm_dld_cadastral_enriched,0.92
2302472a-5fdf-4a26-a961-db87a2d71180,Al Khair 4,al khair 4,Master Developer / DLD Registered,Dubai,DIFC,AE,"Al Khair 4, DIFC, Dubai, United Arab Emirates",,Luxury High-Rise Tower,10,80,DLD-PRJ-46135,82411 37995,25.224117,55.279959,Trophy / Ultra-Prime,osm_dld_cadastral_enriched,0.92
508e7698-9290-48dc-892b-4d35e9f29ed8,Almas Tower,almas tower,Master Developer / DLD Registered,Dubai,Dubai Marina,AE,"Almas Tower, Cluster D, Dubai Marina, Dubai, United Arab Emirates",,Luxury High-Rise Tower,5,40,DLD-PRJ-21185,66906 24107,25.069065,55.141078,Trophy / Ultra-Prime,osm_dld_cadastral_enriched,0.92
6326a513-cb97-4808-9b6f-995251490e6c,La Vie Residences,la vie residences,Master Developer / DLD Registered,Dubai,Dubai Marina,AE,"La Vie Residences, JBR, Dubai Marina, Dubai, United Arab Emirates",,Ultra-Luxury High-Rise Tower,36,288,DLD-PRJ-42324,67973 23436,25.079735,55.134365,Trophy / Ultra-Prime,osm_dld_cadastral_enriched,0.92
6eeefa4d-a25a-4dd2-8fba-4a30861cac65,Canal Bay,canal bay,Master Developer / DLD Registered,Dubai,Downtown Dubai,AE,"Canal Bay, Downtown Dubai, Dubai, United Arab Emirates",,Ultra-Luxury High-Rise Tower,22,176,DLD-PRJ-70381,78187 37676,25.181879,55.276768,Trophy / Ultra-Prime,osm_dld_cadastral_enriched,0.92
80f33d68-b003-4c59-8744-f1eef5add9cb,Hyde Walk by Imtiaz,hyde walk by imtiaz,Master Developer / DLD Registered,Dubai,DIFC,AE,"Hyde Walk by Imtiaz, DIFC, Dubai, United Arab Emirates",,Luxury High-Rise Tower,11,88,DLD-PRJ-88657,81999 37603,25.219995,55.276037,Trophy / Ultra-Prime,osm_dld_cadastral_enriched,0.92
b758b462-a1e0-4e07-8901-cf3b9ac14aac,Kasco Residence 1,kasco residence 1,Master Developer / DLD Registered,Dubai,DIFC,AE,"Kasco Residence 1, DIFC, Dubai, United Arab Emirates",,Luxury High-Rise Tower,10,80,DLD-PRJ-95828,82123 37571,25.221233,55.275719,Trophy / Ultra-Prime,osm_dld_cadastral_enriched,0.92
5fa510d3-3c35-49bd-ae0f-c59974f849c3,Al Salma Building,al salma building,Master Developer / DLD Registered,Dubai,DIFC,AE,"Al Salma Building, DIFC, Dubai, United Arab Emirates",,Luxury High-Rise Tower,11,88,DLD-PRJ-76371,82005 37392,25.220051,55.273922,Trophy / Ultra-Prime,osm_dld_cadastral_enriched,0.92
f171af31-6268-4d00-9d35-32fb805a9720,Al Noor Building,al noor building,Master Developer / DLD Registered,Dubai,DIFC,AE,"Al Noor Building, DIFC, Dubai, United Arab Emirates",,Luxury High-Rise Tower,11,88,DLD-PRJ-72626,82033 37413,25.220335,55.27413,Trophy / Ultra-Prime,osm_dld_cadastral_enriched,0.92
6d235647-c7f7-4f46-8032-9ce9bbb5428e,Elysium 1,elysium 1,Master Developer / DLD Registered,Dubai,DIFC,AE,"Elysium 1, DIFC, Dubai, United Arab Emirates",,Luxury High-Rise Tower,11,88,DLD-PRJ-10362,82074 37352,25.220746,55.273524,Trophy / Ultra-Prime,osm_dld_cadastral_enriched,0.92
852bce09-3f3e-42d2-a8c7-8dee4e71cf56,Residenttial Building,residenttial building,Master Developer / DLD Registered,Dubai,DIFC,AE,"Residenttial Building, DIFC, Dubai, United Arab Emirates",,Luxury High-Rise Tower,10,80,DLD-PRJ-70220,82149 37235,25.221494,55.27236,Trophy / Ultra-Prime,osm_dld_cadastral_enriched,0.92
6a4d2bd3-2188-402c-8056-b58bd2b4ae46,Meral Building,meral building,Master Developer / DLD Registered,Dubai,DIFC,AE,"Meral Building, DIFC, Dubai, United Arab Emirates",,Luxury High-Rise Tower,11,88,DLD-PRJ-11945,82150 37194,25.221504,55.271944,Trophy / Ultra-Prime,osm_dld_cadastral_enriched,0.92
156de990-23a0-4de3-85c3-427f604efb79,AL Awadhi Residence 2,al awadhi residence 2,Master Developer / DLD Registered,Dubai,DIFC,AE,"AL Awadhi Residence 2, DIFC, Dubai, United Arab Emirates",,Luxury High-Rise Tower,11,88,DLD-PRJ-22528,82217 37460,25.22217,55.274609,Trophy / Ultra-Prime,osm_dld_cadastral_enriched,0.92
226e5651-53e4-40f7-8bbf-5db79d1334e0,Karimian 2,karimian 2,Master Developer / DLD Registered,Dubai,DIFC,AE,"Karimian 2, DIFC, Dubai, United Arab Emirates",,Luxury High-Rise Tower,11,88,DLD-PRJ-16028,82280 37682,25.222806,55.276828,Trophy / Ultra-Prime,osm_dld_cadastral_enriched,0.92
c9847853-5e74-4e3f-94a6-aa035ccb2ade,Q1 Residence,q1 residence,Master Developer / DLD Registered,Dubai,DIFC,AE,"Q1 Residence, DIFC, Dubai, United Arab Emirates",,Luxury High-Rise Tower,8,64,DLD-PRJ-67138,82262 37710,25.222629,55.277104,Trophy / Ultra-Prime,osm_dld_cadastral_enriched,0.92
29ec4fbd-25ea-40bb-ba73-b1e2e6a4c850,Iliyaa 4,iliyaa 4,Master Developer / DLD Registered,Dubai,DIFC,AE,"Iliyaa 4, DIFC, Dubai, United Arab Emirates",,Gated Residential Society,8,64,DLD-PRJ-70254,82292 37731,25.222928,55.277316,Trophy / Ultra-Prime,osm_dld_cadastral_enriched,0.92
988fcd68-8286-4dbe-bb2b-39598497ec33,Talal 2,talal 2,Master Developer / DLD Registered,Dubai,DIFC,AE,"Talal 2, DIFC, Dubai, United Arab Emirates",,Luxury High-Rise Tower,11,88,DLD-PRJ-62066,82243 37738,25.222432,55.277388,Trophy / Ultra-Prime,osm_dld_cadastral_enriched,0.92
db6d24aa-1a51-4626-8196-68df41485331,A Fahad 9,a fahad 9,Master Developer / DLD Registered,Dubai,DIFC,AE,"A Fahad 9, DIFC, Dubai, United Arab Emirates",,Luxury High-Rise Tower,10,80,DLD-PRJ-36824,82398 37776,25.223983,55.277762,Trophy / Ultra-Prime,osm_dld_cadastral_enriched,0.92
a02d0378-7da6-40ed-b774-146dad96b662,Paradise Residence,paradise residence,Master Developer / DLD Registered,Dubai,DIFC,AE,"Paradise Residence, DIFC, Dubai, United Arab Emirates",,Luxury High-Rise Tower,9,72,DLD-PRJ-22966,82446 37813,25.224464,55.278133,Trophy / Ultra-Prime,osm_dld_cadastral_enriched,0.92
0f233f1a-afbb-45e2-af76-45360140d284,Al Habbai 3,al habbai 3,Master Developer / DLD Registered,Dubai,DIFC,AE,"Al Habbai 3, DIFC, Dubai, United Arab Emirates",,Luxury High-Rise Tower,10,80,DLD-PRJ-31715,82429 37708,25.224296,55.277082,Trophy / Ultra-Prime,osm_dld_cadastral_enriched,0.92
8c32ee38-04d7-4634-b2d6-84c28f03461e,Two,two,Master Developer / DLD Registered,Dubai,"Jumeirah (1, 2, 3)",AE,"Two, Jumeirah (1, 2, 3), Dubai, United Arab Emirates",,Ultra-Luxury High-Rise Tower,35,280,DLD-PRJ-73126,78569 36648,25.185696,55.266482,Trophy / Ultra-Prime,osm_dld_cadastral_enriched,0.92
5c344a7c-f06d-4e3b-86be-c7ead7304ad2,Four,four,Master Developer / DLD Registered,Dubai,"Jumeirah (1, 2, 3)",AE,"Four, Jumeirah (1, 2, 3), Dubai, United Arab Emirates",,Iconic Sky High-Rise Tower,52,416,DLD-PRJ-80893,78452 36806,25.184521,55.268064,Trophy / Ultra-Prime,osm_dld_cadastral_enriched,0.92
2de877ba-7df3-473f-8344-19ccc437323d,Five,five,Master Developer / DLD Registered,Dubai,"Jumeirah (1, 2, 3)",AE,"Five, Jumeirah (1, 2, 3), Dubai, United Arab Emirates",,Ultra-Luxury High-Rise Tower,35,280,DLD-PRJ-45927,78360 36641,25.183606,55.266418,Trophy / Ultra-Prime,osm_dld_cadastral_enriched,0.92
a5756959-7fec-43cd-b59f-87d7d7bde6ba,Five Waterfront A,five waterfront a,Master Developer / DLD Registered,Dubai,"Jumeirah (1, 2, 3)",AE,"Five Waterfront A, Jumeirah (1, 2, 3), Dubai, United Arab Emirates",,Gated Residential Society,4,32,DLD-PRJ-34555,78307 36600,25.183077,55.266004,Trophy / Ultra-Prime,osm_dld_cadastral_enriched,0.92
86d86e46-e606-457a-8cd2-a5a559243083,Three,three,Master Developer / DLD Registered,Dubai,"Jumeirah (1, 2, 3)",AE,"Three, Jumeirah (1, 2, 3), Dubai, United Arab Emirates",,Iconic Sky High-Rise Tower,49,392,DLD-PRJ-23132,78531 36881,25.185314,55.268819,Trophy / Ultra-Prime,osm_dld_cadastral_enriched,0.92
20a47414-1ec0-4178-809e-5a8141b04dcb,Paragon,paragon,Master Developer / DLD Registered,Dubai,Downtown Dubai,AE,"Paragon, Downtown Dubai, Dubai, United Arab Emirates",,Ultra-Luxury High-Rise Tower,24,192,DLD-PRJ-38711,78022 37424,25.180225,55.274249,Trophy / Ultra-Prime,osm_dld_cadastral_enriched,0.92
aad6dbf0-58ce-4e3a-aafc-ab1db2296cf8,Canal House,canal house,Master Developer / DLD Registered,Dubai,"Jumeirah (1, 2, 3)",AE,"Canal House, Al Wasl Road, Al Wasl, Jumeirah (1, 2, 3), Dubai, United Arab Emirates",,Gated Residential Society,4,32,DLD-PRJ-72865,79206 34416,25.192063,55.244168,Trophy / Ultra-Prime,osm_dld_cadastral_enriched,0.92
c2f1db04-15ca-4d79-b308-d4395127b065,Urban Oasis,urban oasis,Master Developer / DLD Registered,Dubai,"Jumeirah (1, 2, 3)",AE,"Urban Oasis, Jumeirah (1, 2, 3), Dubai, United Arab Emirates",,Gated Residential Society,4,32,DLD-PRJ-82328,78440 35919,25.184405,55.2592,Trophy / Ultra-Prime,osm_dld_cadastral_enriched,0.92
dbca966a-36b7-40fe-b7ba-994eef658ee3,Eden House The Canal,eden house the canal,Master Developer / DLD Registered,Dubai,"Jumeirah (1, 2, 3)",AE,"Eden House The Canal, Jumeirah (1, 2, 3), Dubai, United Arab Emirates",,Gated Residential Society,6,48,DLD-PRJ-19550,79582 33803,25.195826,55.238035,Trophy / Ultra-Prime,osm_dld_cadastral_enriched,0.92
76f9cd46-d195-491a-8dff-944b653554f4,Mr. C Residences Jumeirah,mr c residences jumeirah,Master Developer / DLD Registered,Dubai,"Jumeirah (1, 2, 3)",AE,"Mr. C Residences Jumeirah, Jumeirah (1, 2, 3), Dubai, United Arab Emirates",,Luxury High-Rise Tower,7,56,DLD-PRJ-50461,79354 34184,25.193543,55.241847,Trophy / Ultra-Prime,osm_dld_cadastral_enriched,0.92
ec694b81-e2ae-4f3e-b66f-d5d4b3d15f0a,Future Tower,future tower,Master Developer / DLD Registered,Dubai,"Jumeirah (1, 2, 3)",AE,"Future Tower, Jumeirah (1, 2, 3), Dubai, United Arab Emirates",,Ultra-Luxury High-Rise Tower,32,256,DLD-PRJ-63691,77965 36623,25.179653,55.266233,Trophy / Ultra-Prime,osm_dld_cadastral_enriched,0.92
2ab6ed7e-5586-4ba4-9d79-0ade7ca879d5,Jumeirah Living Business Bay,jumeirah living business bay,Master Developer / DLD Registered,Dubai,"Jumeirah (1, 2, 3)",AE,"Jumeirah Living Business Bay, Jumeirah (1, 2, 3), Dubai, United Arab Emirates",,Ultra-Luxury High-Rise Tower,36,288,DLD-PRJ-89364,78309 36507,25.183098,55.265078,Trophy / Ultra-Prime,osm_dld_cadastral_enriched,0.92
0edb468c-58fd-4813-bac9-19d840c2e414,Voleo,voleo,Master Developer / DLD Registered,Dubai,Downtown Dubai,AE,"Voleo, Downtown Dubai, Dubai, United Arab Emirates",,Ultra-Luxury High-Rise Tower,23,184,DLD-PRJ-69028,79261 38882,25.192612,55.288823,Trophy / Ultra-Prime,osm_dld_cadastral_enriched,0.92
ec2cfb48-3644-421b-8186-5661fa84ffa1,Safa Two,safa two,Master Developer / DLD Registered,Dubai,"Jumeirah (1, 2, 3)",AE,"Safa Two, Jumeirah (1, 2, 3), Dubai, United Arab Emirates",,Iconic Sky High-Rise Tower,87,696,DLD-PRJ-21628,78132 35232,25.181328,55.25232,Trophy / Ultra-Prime,osm_dld_cadastral_enriched,0.92
6589d3bc-054c-4e70-95b9-cacbebb9abe8,Mable Arch Tower,mable arch tower,Master Developer / DLD Registered,Dubai,"Jumeirah (1, 2, 3)",AE,"Mable Arch Tower, Jumeirah (1, 2, 3), Dubai, United Arab Emirates",,Iconic Sky High-Rise Tower,47,376,DLD-PRJ-48159,77977 36502,25.179774,55.265022,Trophy / Ultra-Prime,osm_dld_cadastral_enriched,0.92
f090cd0e-b186-494c-88e8-fb234ea88792,07A,07a,Master Developer / DLD Registered,Dubai,"Jumeirah (1, 2, 3)",AE,"07A, Jumeirah (1, 2, 3), Dubai, United Arab Emirates",,Luxury High-Rise Tower,10,80,DLD-PRJ-35199,78573 34808,25.18573,55.248086,Trophy / Ultra-Prime,osm_dld_cadastral_enriched,0.92
e5ab150a-f369-461f-9f1d-195a4bebb6c6,07B,07b,Master Developer / DLD Registered,Dubai,"Jumeirah (1, 2, 3)",AE,"07B, Jumeirah (1, 2, 3), Dubai, United Arab Emirates",,Luxury High-Rise Tower,10,80,DLD-PRJ-96086,78549 34861,25.185492,55.248618,Trophy / Ultra-Prime,osm_dld_cadastral_enriched,0.92
eade88dd-b248-4351-a179-746521da84c5,Century Tower,century tower,Master Developer / DLD Registered,Dubai,Downtown Dubai,AE,"Century Tower, Downtown Dubai, Dubai, United Arab Emirates",,Ultra-Luxury High-Rise Tower,26,208,DLD-PRJ-41148,78527 39306,25.185278,55.293063,Trophy / Ultra-Prime,osm_dld_cadastral_enriched,0.92
2a0ff5fd-26af-4a12-a45d-676372d19e29,Four The Plaza A,four the plaza a,Master Developer / DLD Registered,Dubai,"Jumeirah (1, 2, 3)",AE,"Four The Plaza A, Jumeirah (1, 2, 3), Dubai, United Arab Emirates",,Gated Residential Society,4,32,DLD-PRJ-78223,78414 36695,25.184141,55.26696,Trophy / Ultra-Prime,osm_dld_cadastral_enriched,0.92
39cf1acb-2f1b-4081-b505-e8e74ec26f21,Myrtle,myrtle,Master Developer / DLD Registered,Dubai,"Jumeirah (1, 2, 3)",AE,"Myrtle, Jumeirah (1, 2, 3), Dubai, United Arab Emirates",,Gated Residential Society,8,64,DLD-PRJ-35617,80621 35930,25.206218,55.259301,Trophy / Ultra-Prime,osm_dld_cadastral_enriched,0.92
49a181a4-0967-404d-adef-cae2506bbb62,Viridian,viridian,Master Developer / DLD Registered,Dubai,"Jumeirah (1, 2, 3)",AE,"Viridian, Jumeirah (1, 2, 3), Dubai, United Arab Emirates",,Gated Residential Society,8,64,DLD-PRJ-69370,80491 36159,25.204911,55.261591,Trophy / Ultra-Prime,osm_dld_cadastral_enriched,0.92
6a6c6d78-1c75-4252-aa6b-c7a05f21a8b6,Celadon 1,celadon 1,Master Developer / DLD Registered,Dubai,"Jumeirah (1, 2, 3)",AE,"Celadon 1, Jumeirah (1, 2, 3), Dubai, United Arab Emirates",,Gated Residential Society,8,64,DLD-PRJ-37292,80282 36033,25.202826,55.260332,Trophy / Ultra-Prime,osm_dld_cadastral_enriched,0.92
8fc55887-ec57-48e1-946c-8fb517fa8d98,Celadon 2,celadon 2,Master Developer / DLD Registered,Dubai,"Jumeirah (1, 2, 3)",AE,"Celadon 2, Jumeirah (1, 2, 3), Dubai, United Arab Emirates",,Gated Residential Society,8,64,DLD-PRJ-49585,80259 35981,25.202596,55.259816,Trophy / Ultra-Prime,osm_dld_cadastral_enriched,0.92
30c744b7-df3d-4b52-87bf-4dc8d8958940,Celadon 3,celadon 3,Master Developer / DLD Registered,Dubai,"Jumeirah (1, 2, 3)",AE,"Celadon 3, Jumeirah (1, 2, 3), Dubai, United Arab Emirates",,Gated Residential Society,8,64,DLD-PRJ-78929,80286 35932,25.202868,55.259329,Trophy / Ultra-Prime,osm_dld_cadastral_enriched,0.92
57339d3b-9232-4c78-9544-1d57ab24e0f7,Palace Beach Residence,palace beach residence,Master Developer / DLD Registered,Dubai,Palm Jumeirah,AE,"Palace Beach Residence, Palm Jumeirah, Dubai, United Arab Emirates",,Luxury High-Rise Tower,8,64,DLD-PRJ-35294,70074 24333,25.100748,55.143335,Trophy / Ultra-Prime,osm_dld_cadastral_enriched,0.92
e43d5880-ecf0-4197-a74c-800f44e55235,Tower 1,tower 1,Master Developer / DLD Registered,Dubai,Palm Jumeirah,AE,"Tower 1, Palm Jumeirah, Dubai, United Arab Emirates",,Iconic Sky High-Rise Tower,47,376,DLD-PRJ-87539,70041 24302,25.100419,55.143029,Trophy / Ultra-Prime,osm_dld_cadastral_enriched,0.92
b2c78729-db58-4565-adf5-91779adf53b5,Tower 2,tower 2,Master Developer / DLD Registered,Dubai,Palm Jumeirah,AE,"Tower 2, Palm Jumeirah, Dubai, United Arab Emirates",,Ultra-Luxury High-Rise Tower,32,256,DLD-PRJ-58285,70103 24349,25.101033,55.143493,Trophy / Ultra-Prime,osm_dld_cadastral_enriched,0.92
dde93b8f-ea1e-44c0-b77d-bfc6006a8cd7,Grand Bleu Tower,grand bleu tower,Master Developer / DLD Registered,Dubai,Palm Jumeirah,AE,"Grand Bleu Tower, Palm Jumeirah, Dubai, United Arab Emirates",,Luxury High-Rise Tower,8,64,DLD-PRJ-94943,70039 24160,25.100393,55.141604,Trophy / Ultra-Prime,osm_dld_cadastral_enriched,0.92
d70936f7-31ac-4635-bb6a-8ec7f65f74ea,Beach Isle,beach isle,Master Developer / DLD Registered,Dubai,Palm Jumeirah,AE,"Beach Isle, Palm Jumeirah, Dubai, United Arab Emirates",,Gated Residential Society,8,64,DLD-PRJ-29992,69933 24057,25.099337,55.140578,Trophy / Ultra-Prime,osm_dld_cadastral_enriched,0.92
c53ec4c6-2a0c-40ca-aeeb-6a284dae86a0,Marina Living,marina living,Master Developer / DLD Registered,Dubai,Dubai Marina,AE,"Marina Living, Dubai Marina, Dubai, United Arab Emirates",,Ultra-Luxury High-Rise Tower,22,176,DLD-PRJ-87225,66909 23447,25.069093,55.134478,Trophy / Ultra-Prime,osm_dld_cadastral_enriched,0.92
67de753f-1c4b-40f9-95dd-e32ce51b1763,Zafraan 4,zafraan 4,Master Developer / DLD Registered,Dubai,Downtown Dubai,AE,"Zafraan 4, Shaikh Mohammed bin Rashid Boulevard, Downtown Dubai, Dubai, United Arab Emirates",,Gated Residential Society,4,32,DLD-PRJ-42498,79059 37671,25.190591,55.276711,Trophy / Ultra-Prime,osm_dld_cadastral_enriched,0.92
09e8a15e-a9e0-44da-9b2b-5332a8075821,Zafraan 2,zafraan 2,Master Developer / DLD Registered,Dubai,Downtown Dubai,AE,"Zafraan 2, Shaikh Mohammed bin Rashid Boulevard, Downtown Dubai, Dubai, United Arab Emirates",,Gated Residential Society,4,32,DLD-PRJ-18083,79003 37637,25.19004,55.27637,Trophy / Ultra-Prime,osm_dld_cadastral_enriched,0.92
0ed70b23-9484-43f7-a3da-02f6dd4f3bc0,7 Planets Apartments,7 planets apartments,Master Developer / DLD Registered,Dubai,"Jumeirah (1, 2, 3)",AE,"7 Planets Apartments, Jumeirah (1, 2, 3), Dubai, United Arab Emirates",,Gated Residential Society,3,24,DLD-PRJ-96388,83157 36648,25.231575,55.266485,Trophy / Ultra-Prime,osm_dld_cadastral_enriched,0.92
b04e1884-3bad-4a3c-bb82-2ecd6b4b3eac,Citywalk,citywalk,Master Developer / DLD Registered,Dubai,"Jumeirah (1, 2, 3)",AE,"Citywalk, Jumeirah (1, 2, 3), Dubai, United Arab Emirates",,Gated Residential Society,1,8,DLD-PRJ-33533,80058 36370,25.200588,55.263704,Trophy / Ultra-Prime,osm_dld_cadastral_enriched,0.92
62a6c5a9-d20d-4fd8-9e65-b03958c4c0ef,Horizon Tower,horizon tower,Master Developer / DLD Registered,Dubai,Dubai Marina,AE,"Horizon Tower, Dubai Marina, Dubai, United Arab Emirates",,Luxury High-Rise Tower,2,96,DLD-PRJ-44615,67198 23715,25.071984,55.13716,Trophy / Ultra-Prime,osm_dld_cadastral_enriched,0.88
d6ba62ea-dd33-4656-af28-39db4ada5082,Marina Quays,marina quays,Master Developer / DLD Registered,Dubai,Dubai Marina,AE,"Marina Quays, Jumeirah Beach Road, Dubai Marina, Dubai, United Arab Emirates",,Gated Residential Society,0,96,DLD-PRJ-97702,67626 23625,25.076268,55.136256,Trophy / Ultra-Prime,osm_dld_cadastral_enriched,0.88
285a475f-42c3-4b7b-9118-0d35adbbb97b,Limestone House,limestone house,Master Developer / DLD Registered,Dubai,DIFC,AE,"Limestone House, DIFC, Dubai, United Arab Emirates",,Gated Residential Society,0,96,DLD-PRJ-96148,81214 37870,25.212147,55.278707,Trophy / Ultra-Prime,osm_dld_cadastral_enriched,0.88
821e30c3-245e-4f69-85de-365c6e4d54c9,Kapitbahay,kapitbahay,Master Developer / DLD Registered,Dubai,Dubai Marina,AE,"Kapitbahay, Dubai Marina, Dubai Marina, Dubai, United Arab Emirates",,Gated Residential Society,0,96,DLD-PRJ-19373,67329 23852,25.073296,55.138521,Trophy / Ultra-Prime,osm_dld_cadastral_enriched,0.88
f837a6a9-a7a1-469d-b4b8-f36559395b50,Forat,forat,Master Developer / DLD Registered,Dubai,Emirates Hills,AE,"Forat, Emirates Hills, Dubai, United Arab Emirates",,Gated Residential Society,0,96,DLD-PRJ-35119,67826 26790,25.078269,55.167909,Trophy / Ultra-Prime,osm_dld_cadastral_enriched,0.88
b6a2a59e-6b20-404b-b9b2-e334b1d953a3,Deema 2,deema 2,Master Developer / DLD Registered,Dubai,Emirates Hills,AE,"Deema 2, Emirates Hills, Dubai, United Arab Emirates",,Gated Residential Society,0,96,DLD-PRJ-46011,67660 27114,25.076609,55.171149,Trophy / Ultra-Prime,osm_dld_cadastral_enriched,0.88
ecfb773f-5be7-4125-8253-045c97ec7d27,Meadows 4,meadows 4,Master Developer / DLD Registered,Dubai,Emirates Hills,AE,"Meadows 4, Emirates Hills, Dubai, United Arab Emirates",,Gated Residential Society,0,96,DLD-PRJ-36677,66722 25718,25.067225,55.157183,Trophy / Ultra-Prime,osm_dld_cadastral_enriched,0.88
92b1e4a6-64d8-4683-bad9-a85912dea00b,Emirates Hills,emirates hills,Master Developer / DLD Registered,Dubai,Emirates Hills,AE,"Emirates Hills, Emirates Hills, Dubai, United Arab Emirates",,Gated Residential Society,0,96,DLD-PRJ-25414,67446 28212,25.07446,55.182126,Trophy / Ultra-Prime,osm_dld_cadastral_enriched,0.88
18dbae50-68de-449e-8d10-de7ea90fe303,Deema 3,deema 3,Master Developer / DLD Registered,Dubai,Emirates Hills,AE,"Deema 3, Emirates Hills, Dubai, United Arab Emirates",,Gated Residential Society,0,96,DLD-PRJ-76179,67707 27441,25.077073,55.174419,Trophy / Ultra-Prime,osm_dld_cadastral_enriched,0.88
6a3d52c1-93bd-441a-8477-408537a4f107,Deema 1,deema 1,Master Developer / DLD Registered,Dubai,Emirates Hills,AE,"Deema 1, Emirates Hills, Dubai, United Arab Emirates",,Gated Residential Society,0,96,DLD-PRJ-41482,67632 26796,25.076324,55.167964,Trophy / Ultra-Prime,osm_dld_cadastral_enriched,0.88
739a4dc7-c127-4712-9b7e-877c8678cd7b,Meadows 3,meadows 3,Master Developer / DLD Registered,Dubai,Emirates Hills,AE,"Meadows 3, Emirates Hills, Dubai, United Arab Emirates",,Gated Residential Society,0,96,DLD-PRJ-58923,67049 25712,25.070499,55.157128,Trophy / Ultra-Prime,osm_dld_cadastral_enriched,0.88
fe3ee73d-5e2d-48d9-9731-a99764c5d666,Al Safa 1,al safa 1,Master Developer / DLD Registered,Dubai,"Jumeirah (1, 2, 3)",AE,"Al Safa 1, Jumeirah (1, 2, 3), Dubai, United Arab Emirates",,Gated Residential Society,0,96,DLD-PRJ-18351,77566 33862,25.175665,55.23863,Trophy / Ultra-Prime,osm_dld_cadastral_enriched,0.88
87b53a17-bffd-4d09-84e2-079ee47fb305,Jumeirah 3,jumeirah 3,Master Developer / DLD Registered,Dubai,"Jumeirah (1, 2, 3)",AE,"Jumeirah 3, Jumeirah (1, 2, 3), Dubai, United Arab Emirates",,Gated Residential Society,0,96,DLD-PRJ-57485,78148 32934,25.181488,55.229349,Trophy / Ultra-Prime,osm_dld_cadastral_enriched,0.88
69a16aa8-8696-49de-80a8-81f0a65592c5,Umm Suqeim 1,umm suqeim 1,Master Developer / DLD Registered,Dubai,Madinat Jumeirah Living & Umm Suqeim,AE,"Umm Suqeim 1, Madinat Jumeirah Living & Umm Suqeim, Dubai, United Arab Emirates",,Gated Residential Society,0,96,DLD-PRJ-89104,76471 31685,25.164718,55.216857,Trophy / Ultra-Prime,osm_dld_cadastral_enriched,0.88
d82730bd-796e-4453-ba64-dbfab80f256d,Umm Suqeim 2,umm suqeim 2,Master Developer / DLD Registered,Dubai,Madinat Jumeirah Living & Umm Suqeim,AE,"Umm Suqeim 2, Madinat Jumeirah Living & Umm Suqeim, Dubai, United Arab Emirates",,Gated Residential Society,0,96,DLD-PRJ-31258,75081 30523,25.150812,55.205238,Trophy / Ultra-Prime,osm_dld_cadastral_enriched,0.88
a672be8c-2bb4-4444-977b-6bc37460fd14,Umm Suqeim 3,umm suqeim 3,Master Developer / DLD Registered,Dubai,Madinat Jumeirah Living & Umm Suqeim,AE,"Umm Suqeim 3, Madinat Jumeirah Living & Umm Suqeim, Dubai, United Arab Emirates",,Gated Residential Society,0,96,DLD-PRJ-29006,73754 29626,25.137543,55.19627,Trophy / Ultra-Prime,osm_dld_cadastral_enriched,0.88
6f31e829-f692-4da6-9e62-83b10d230b92,Al Seef Tower,al seef tower,Master Developer / DLD Registered,Dubai,Dubai Marina,AE,"Al Seef Tower, Dubai Marina, Dubai, United Arab Emirates",,Luxury High-Rise Tower,0,96,DLD-PRJ-79511,69033 24989,25.090332,55.149897,Trophy / Ultra-Prime,osm_dld_cadastral_enriched,0.88
acc328d3-09c2-4b35-b387-47b1111da278,Le Meridien Villas,le meridien villas,Master Developer / DLD Registered,Dubai,Dubai Marina,AE,"Le Meridien Villas, Dubai Marina, Dubai, United Arab Emirates",,Ultra-Luxury Gated Villa Community,0,96,DLD-PRJ-49680,68930 25423,25.089301,55.154237,Trophy / Ultra-Prime,osm_dld_cadastral_enriched,0.88
5ccad8e0-e6e0-45ec-bb33-b8fab240c2b2,Royal Residences - Jumeirah Zabeel Saray,royal residences jumeirah zabeel saray,Master Developer / DLD Registered,Dubai,Palm Jumeirah,AE,"Royal Residences - Jumeirah Zabeel Saray, Palm Jumeirah, Dubai, United Arab Emirates",,Luxury High-Rise Tower,0,96,DLD-PRJ-65214,69842 22598,25.098424,55.125983,Trophy / Ultra-Prime,osm_dld_cadastral_enriched,0.88
3605d39d-661a-4b84-a4b9-62f7aa90b7c7,23 Marina,23 marina,Master Developer / DLD Registered,Dubai,Dubai Marina,AE,"23 Marina, Dubai Marina, Dubai, United Arab Emirates",,Gated Residential Society,0,96,DLD-PRJ-82121,68970 25069,25.089705,55.150697,Trophy / Ultra-Prime,osm_dld_cadastral_enriched,0.88
e78f6097-e330-4612-b2d5-b3d7767f0d67,Meadows 1,meadows 1,Master Developer / DLD Registered,Dubai,Dubai Marina,AE,"Meadows 1, Dubai Marina, Dubai, United Arab Emirates",,Gated Residential Society,0,96,DLD-PRJ-79307,67340 25458,25.073407,55.154587,Trophy / Ultra-Prime,osm_dld_cadastral_enriched,0.88
3ae9782b-d233-42d0-92ce-292c99d41c64,Hattan 1,hattan 1,Master Developer / DLD Registered,Dubai,Emirates Hills,AE,"Hattan 1, Emirates Hills, Dubai, United Arab Emirates",,Gated Residential Society,0,96,DLD-PRJ-87425,67718 26459,25.07719,55.164591,Trophy / Ultra-Prime,osm_dld_cadastral_enriched,0.88
3392caf8-ca3e-4a1c-bfc0-0e8063a7d198,Dream Tower,dream tower,Master Developer / DLD Registered,Dubai,Dubai Marina,AE,"Dream Tower, Dubai Marina, Dubai, United Arab Emirates",,Luxury High-Rise Tower,0,96,DLD-PRJ-24676,67042 23584,25.070426,55.135845,Trophy / Ultra-Prime,osm_dld_cadastral_enriched,0.88
15577190-d336-474f-8c11-254c510e59dd,Marina Pearl,marina pearl,Master Developer / DLD Registered,Dubai,Dubai Marina,AE,"Marina Pearl, Dubai Marina, Dubai, United Arab Emirates",,Gated Residential Society,0,96,DLD-PRJ-34074,66965 23417,25.069653,55.134171,Trophy / Ultra-Prime,osm_dld_cadastral_enriched,0.88
4151a086-4b7e-4543-a11a-c4247345f848,JLT,jlt,Master Developer / DLD Registered,Dubai,Dubai Marina,AE,"JLT, Dubai Marina, Dubai, United Arab Emirates",,Gated Residential Society,0,96,DLD-PRJ-37182,67666 24562,25.076667,55.145622,Trophy / Ultra-Prime,osm_dld_cadastral_enriched,0.88
efcc8d7a-bdba-4bac-aa36-9b67295f9dfa,Fortune Executive,fortune executive,Master Developer / DLD Registered,Dubai,Dubai Marina,AE,"Fortune Executive, Dubai Marina, Dubai, United Arab Emirates",,Gated Residential Society,0,96,DLD-PRJ-38601,67905 24927,25.079051,55.149273,Trophy / Ultra-Prime,osm_dld_cadastral_enriched,0.88
c0bd479a-db2f-4477-8075-78dfe276cfcf,JLT,jlt,Master Developer / DLD Registered,Dubai,Dubai Marina,AE,"JLT, Dubai Marina, Dubai, United Arab Emirates",,Gated Residential Society,0,96,DLD-PRJ-37182,67796 25364,25.077966,55.153648,Trophy / Ultra-Prime,osm_dld_cadastral_enriched,0.88
992c1406-855a-4e72-b916-afe762755306,JLT,jlt,Master Developer / DLD Registered,Dubai,Dubai Marina,AE,"JLT, Dubai Marina, Dubai, United Arab Emirates",,Gated Residential Society,0,96,DLD-PRJ-37182,67683 25035,25.076837,55.150356,Trophy / Ultra-Prime,osm_dld_cadastral_enriched,0.88
52fcb8ba-5421-4daa-be25-81a2f81d7adf,JLT,jlt,Master Developer / DLD Registered,Dubai,Dubai Marina,AE,"JLT, Dubai Marina, Dubai, United Arab Emirates",,Gated Residential Society,0,96,DLD-PRJ-37182,67865 24810,25.078654,55.148109,Trophy / Ultra-Prime,osm_dld_cadastral_enriched,0.88
c81ba147-2ebe-4972-953e-d0bdb38603dc,JLT,jlt,Master Developer / DLD Registered,Dubai,Dubai Marina,AE,"JLT, Dubai Marina, Dubai, United Arab Emirates",,Gated Residential Society,0,96,DLD-PRJ-37182,68012 25287,25.080128,55.152873,Trophy / Ultra-Prime,osm_dld_cadastral_enriched,0.88
4f49b19a-46c3-49c0-883e-5341fb948e38,JLT,jlt,Master Developer / DLD Registered,Dubai,Dubai Marina,AE,"JLT, Dubai Marina, Dubai, United Arab Emirates",,Gated Residential Society,0,96,DLD-PRJ-37182,67440 24365,25.07441,55.143652,Trophy / Ultra-Prime,osm_dld_cadastral_enriched,0.88
77dff88f-2ee1-49f1-9bdf-0ec0147607d4,JLT,jlt,Master Developer / DLD Registered,Dubai,Dubai Marina,AE,"JLT, Dubai Marina, Dubai, United Arab Emirates",,Gated Residential Society,0,96,DLD-PRJ-37182,66802 23787,25.068025,55.137873,Trophy / Ultra-Prime,osm_dld_cadastral_enriched,0.88
7af5ee90-2818-4548-8aba-9aaf32c63e95,JLT,jlt,Master Developer / DLD Registered,Dubai,Dubai Marina,AE,"JLT, Dubai Marina, Dubai, United Arab Emirates",,Gated Residential Society,0,96,DLD-PRJ-37182,67043 24055,25.070437,55.140555,Trophy / Ultra-Prime,osm_dld_cadastral_enriched,0.88
b8521c43-5a6d-43ec-b668-f2d8152cad26,JLT,jlt,Master Developer / DLD Registered,Dubai,Dubai Marina,AE,"JLT, Dubai Marina, Dubai, United Arab Emirates",,Gated Residential Society,0,96,DLD-PRJ-37182,67154 24416,25.071545,55.144166,Trophy / Ultra-Prime,osm_dld_cadastral_enriched,0.88
bcfa3678-3c87-4d82-923d-1722f34754ac,JLT,jlt,Master Developer / DLD Registered,Dubai,Dubai Marina,AE,"JLT, Dubai Marina, Dubai, United Arab Emirates",,Gated Residential Society,0,96,DLD-PRJ-37182,66871 24321,25.06871,55.143216,Trophy / Ultra-Prime,osm_dld_cadastral_enriched,0.88
52a5c123-32d6-483e-b851-d4e36b570b6c,JLT,jlt,Master Developer / DLD Registered,Dubai,Dubai Marina,AE,"JLT, Dubai Marina, Dubai, United Arab Emirates",,Gated Residential Society,0,96,DLD-PRJ-37182,66656 24037,25.066568,55.140375,Trophy / Ultra-Prime,osm_dld_cadastral_enriched,0.88
485d22d0-0930-4554-b7d7-52d514aa9f62,Al Jaz 1,al jaz 1,Master Developer / DLD Registered,Dubai,Emirates Hills,AE,"Al Jaz 1, Emirates Hills, Dubai, United Arab Emirates",,Gated Residential Society,0,96,DLD-PRJ-48108,69483 27057,25.094839,55.170576,Trophy / Ultra-Prime,osm_dld_cadastral_enriched,0.88
ac3bf9b5-bcef-4eb9-b32f-a1e1efe7c4bc,Shams 3 & Shams 4,shams 3 shams 4,Master Developer / DLD Registered,Dubai,Dubai Marina,AE,"Shams 3 & Shams 4, Al Mamsha Street, Dubai Marina, Dubai, United Arab Emirates",,Gated Residential Society,0,96,DLD-PRJ-72897,67266 22971,25.072667,55.129717,Trophy / Ultra-Prime,osm_dld_cadastral_enriched,0.88
8d56b6cc-b1c2-43f3-aa54-16971bd05064,Al Khalas,al khalas,Master Developer / DLD Registered,Dubai,Palm Jumeirah,AE,"Al Khalas, Palm Jumeirah, Dubai, United Arab Emirates",,Gated Residential Society,0,96,DLD-PRJ-39295,72128 24084,25.121284,55.140841,Trophy / Ultra-Prime,osm_dld_cadastral_enriched,0.88
b1acd39b-3003-4914-8d1a-282a14845483,The Palace Of Sheikh Mohammed bin Rashid Al Maktoum,the palace of sheikh mohammed bin rashid al maktoum,Master Developer / DLD Registered,Dubai,Palm Jumeirah,AE,"The Palace Of Sheikh Mohammed bin Rashid Al Maktoum, Palm Jumeirah, Dubai, United Arab Emirates",,Gated Residential Society,0,96,DLD-PRJ-73997,70704 26095,25.107045,55.160954,Trophy / Ultra-Prime,osm_dld_cadastral_enriched,0.88
002b280b-b4c4-4f84-8d9c-78b2ee05fe6c,South Ridge,south ridge,Master Developer / DLD Registered,Dubai,Downtown Dubai,AE,"South Ridge, Downtown Dubai, Dubai, United Arab Emirates",,Gated Residential Society,0,96,DLD-PRJ-47870,78704 37805,25.187045,55.278053,Trophy / Ultra-Prime,osm_dld_cadastral_enriched,0.88
b28fbea9-f1d8-41a1-b518-66a3d0a71819,Garden Villas,garden villas,Master Developer / DLD Registered,Dubai,"Jumeirah (1, 2, 3)",AE,"Garden Villas, Jumeirah (1, 2, 3), Dubai, United Arab Emirates",,Ultra-Luxury Gated Villa Community,0,96,DLD-PRJ-56986,79961 34331,25.199612,55.243316,Trophy / Ultra-Prime,osm_dld_cadastral_enriched,0.88
82018483-90ba-47c4-b9f8-b5b6acb441cc,The Terraces,the terraces,Master Developer / DLD Registered,Dubai,"Jumeirah (1, 2, 3)",AE,"The Terraces, Jumeirah (1, 2, 3), Dubai, United Arab Emirates",,Gated Residential Society,0,96,DLD-PRJ-52967,79918 34512,25.199188,55.24512,Trophy / Ultra-Prime,osm_dld_cadastral_enriched,0.88
0898c8c3-8bd4-4b68-befa-42961891dce9,Sheikh Saoud Villas,sheikh saoud villas,Master Developer / DLD Registered,Dubai,Palm Jumeirah,AE,"Sheikh Saoud Villas, Palm Jumeirah, Dubai, United Arab Emirates",,Ultra-Luxury Gated Villa Community,0,96,DLD-PRJ-70378,70432 26981,25.104326,55.169815,Trophy / Ultra-Prime,osm_dld_cadastral_enriched,0.88
bb09c3e1-3e27-461a-bf8f-646ef5225c86,Arenco Villas 202,arenco villas 202,Master Developer / DLD Registered,Dubai,Palm Jumeirah,AE,"Arenco Villas 202, Palm Jumeirah, Dubai, United Arab Emirates",,Ultra-Luxury Gated Villa Community,0,96,DLD-PRJ-37585,70841 26801,25.108412,55.168019,Trophy / Ultra-Prime,osm_dld_cadastral_enriched,0.88
2b2e8c3b-d063-49cb-86f2-d476f37b7c7d,Cordoba Residence,cordoba residence,Master Developer / DLD Registered,Dubai,Palm Jumeirah,AE,"Cordoba Residence, Palm Jumeirah, Dubai, United Arab Emirates",,Luxury High-Rise Tower,0,96,DLD-PRJ-65158,70633 26619,25.106332,55.166194,Trophy / Ultra-Prime,osm_dld_cadastral_enriched,0.88
464956e8-995a-4c5b-b3f0-6d1ad4d0209a,Sidra Village,sidra village,Master Developer / DLD Registered,Dubai,Madinat Jumeirah Living & Umm Suqeim,AE,"Sidra Village, Madinat Jumeirah Living & Umm Suqeim, Dubai, United Arab Emirates",,Ultra-Luxury Gated Villa Community,0,96,DLD-PRJ-65010,75364 30794,25.153644,55.207945,Trophy / Ultra-Prime,osm_dld_cadastral_enriched,0.88
efcd98e5-e19a-4daf-924c-a5cd7179d8ac,Emirates Gold Club Residences,emirates gold club residences,Master Developer / DLD Registered,Dubai,Emirates Hills,AE,"Emirates Gold Club Residences, Emirates Hills, Dubai, United Arab Emirates",,Luxury High-Rise Tower,0,96,DLD-PRJ-10676,68371 25584,25.083711,55.155841,Trophy / Ultra-Prime,osm_dld_cadastral_enriched,0.88
e2231e42-e303-4fed-bd57-9abcb536aa89,Emirates Golf Club Residences,emirates golf club residences,Master Developer / DLD Registered,Dubai,Emirates Hills,AE,"Emirates Golf Club Residences, Emirates Hills, Dubai, United Arab Emirates",,Luxury High-Rise Tower,0,96,DLD-PRJ-12774,69181 26280,25.091812,55.162806,Trophy / Ultra-Prime,osm_dld_cadastral_enriched,0.88
995f1ce8-019d-43f0-83fb-3b94de5875ae,Staff,staff,Master Developer / DLD Registered,Dubai,Emirates Hills,AE,"Staff, Emirates Hills, Dubai, United Arab Emirates",,Gated Residential Society,0,96,DLD-PRJ-33173,68091 26243,25.080918,55.16244,Trophy / Ultra-Prime,osm_dld_cadastral_enriched,0.88
607478ef-6cf7-4e01-b3f7-dac13d542ea3,Deema 4,deema 4,Master Developer / DLD Registered,Dubai,Emirates Hills,AE,"Deema 4, Emirates Hills, Dubai, United Arab Emirates",,Gated Residential Society,0,96,DLD-PRJ-92570,67838 27707,25.078381,55.177072,Trophy / Ultra-Prime,osm_dld_cadastral_enriched,0.88
3f60a148-daba-4c10-87b0-c9acf277e878,Ghadeer,ghadeer,Master Developer / DLD Registered,Dubai,Emirates Hills,AE,"Ghadeer, Emirates Hills, Dubai, United Arab Emirates",,Gated Residential Society,0,96,DLD-PRJ-39815,68188 27402,25.081884,55.174022,Trophy / Ultra-Prime,osm_dld_cadastral_enriched,0.88
1c658653-f294-4c40-8ce8-e96f1d50775f,Zulal,zulal,Master Developer / DLD Registered,Dubai,Emirates Hills,AE,"Zulal, Emirates Hills, Dubai, United Arab Emirates",,Gated Residential Society,0,96,DLD-PRJ-71782,67916 27266,25.079163,55.172663,Trophy / Ultra-Prime,osm_dld_cadastral_enriched,0.88
b5a342d6-8eb2-4833-b658-74cdf4ef5693,DEWA Staff,dewa staff,Master Developer / DLD Registered,Dubai,Dubai Marina,AE,"DEWA Staff, Dubai Marina, Dubai, United Arab Emirates",,Gated Residential Society,0,96,DLD-PRJ-48630,66544 22868,25.065443,55.128687,Trophy / Ultra-Prime,osm_dld_cadastral_enriched,0.88
4ca9d168-c47b-4914-980f-708b73f91e87,Jumeriah Heights East F,jumeriah heights east f,Master Developer / DLD Registered,Dubai,Dubai Marina,AE,"Jumeriah Heights East F, Dubai Marina, Dubai, United Arab Emirates",,Luxury High-Rise Tower,0,96,DLD-PRJ-69417,66671 24941,25.066712,55.149418,Trophy / Ultra-Prime,osm_dld_cadastral_enriched,0.88
ca8901a1-9387-4961-8dbe-86932c1ccf68,Jumeirah Heights East D,jumeirah heights east d,Master Developer / DLD Registered,Dubai,Dubai Marina,AE,"Jumeirah Heights East D, Dubai Marina, Dubai, United Arab Emirates",,Luxury High-Rise Tower,0,96,DLD-PRJ-27299,66667 24825,25.066674,55.148251,Trophy / Ultra-Prime,osm_dld_cadastral_enriched,0.88
9b83bca7-2943-4e91-9578-0149cae84d84,Jumeirah Heights East E,jumeirah heights east e,Master Developer / DLD Registered,Dubai,Dubai Marina,AE,"Jumeirah Heights East E, Dubai Marina, Dubai, United Arab Emirates",,Luxury High-Rise Tower,0,96,DLD-PRJ-67834,66611 24886,25.066116,55.148869,Trophy / Ultra-Prime,osm_dld_cadastral_enriched,0.88
6e5a61d1-f00b-4f42-a78f-856c1d6abc27,Meadows 2,meadows 2,Master Developer / DLD Registered,Dubai,Dubai Marina,AE,"Meadows 2, Dubai Marina, Dubai, United Arab Emirates",,Gated Residential Society,0,96,DLD-PRJ-49317,66947 25084,25.069478,55.150844,Trophy / Ultra-Prime,osm_dld_cadastral_enriched,0.88
667b796d-93a3-4e75-89bf-21e596f5a944,Maeen,maeen,Master Developer / DLD Registered,Dubai,Emirates Hills,AE,"Maeen, Emirates Hills, Dubai, United Arab Emirates",,Gated Residential Society,0,96,DLD-PRJ-81015,68214 26948,25.08215,55.16949,Trophy / Ultra-Prime,osm_dld_cadastral_enriched,0.88
72bbc696-4134-42c2-b8bf-341b8c725fda,Falcon City of Wonders 1,falcon city of wonders 1,Master Developer / DLD Registered,Dubai,Al Barari,AE,"Falcon City of Wonders 1, Al Barari, Dubai, United Arab Emirates",,Gated Residential Society,0,96,DLD-PRJ-99838,69999 43922,25.099996,55.339221,Trophy / Ultra-Prime,osm_dld_cadastral_enriched,0.88
13ae9cc3-0e46-44c1-a067-842469250066,Polo Residence,polo residence,Master Developer / DLD Registered,Dubai,District One & Meydan (MBR City),AE,"Polo Residence, District One & Meydan (MBR City), Dubai, United Arab Emirates",,Luxury High-Rise Tower,0,96,DLD-PRJ-70750,75182 39589,25.151822,55.2959,Trophy / Ultra-Prime,osm_dld_cadastral_enriched,0.88
08ff41be-c262-4cd1-b7cc-297f474eab91,Grand Views,grand views,Master Developer / DLD Registered,Dubai,District One & Meydan (MBR City),AE,"Grand Views, District One & Meydan (MBR City), Dubai, United Arab Emirates",,Gated Residential Society,0,96,DLD-PRJ-78515,74580 40017,25.145803,55.300171,Trophy / Ultra-Prime,osm_dld_cadastral_enriched,0.88
66e12f2a-effe-4c5e-a843-c9bc54354a31,Arno,arno,Master Developer / DLD Registered,Dubai,Emirates Hills,AE,"Arno, Emirates Hills, Dubai, United Arab Emirates",,Gated Residential Society,0,96,DLD-PRJ-84419,69140 27101,25.0914,55.17101,Trophy / Ultra-Prime,osm_dld_cadastral_enriched,0.88
1dc14bc8-93d7-4908-bd7c-e333d512e89d,Travo,travo,Master Developer / DLD Registered,Dubai,Emirates Hills,AE,"Travo, Street 7, Emirates Hills, Dubai, United Arab Emirates",,Gated Residential Society,0,96,DLD-PRJ-79199,69041 27199,25.090411,55.171992,Trophy / Ultra-Prime,osm_dld_cadastral_enriched,0.88
b9bbc96d-9013-426b-96be-9fad48d7414a,The Residences,the residences,Master Developer / DLD Registered,Dubai,Downtown Dubai,AE,"The Residences, Downtown Dubai, Dubai, United Arab Emirates",,Luxury High-Rise Tower,0,96,DLD-PRJ-79893,79320 37326,25.193202,55.273265,Trophy / Ultra-Prime,osm_dld_cadastral_enriched,0.88
6d8df727-3901-4dac-9f00-d99160aacc20,Attareen Residences,attareen residences,Master Developer / DLD Registered,Dubai,Downtown Dubai,AE,"Attareen Residences, Downtown Dubai, Dubai, United Arab Emirates",,Luxury High-Rise Tower,0,96,DLD-PRJ-34303,79230 37643,25.192308,55.276438,Trophy / Ultra-Prime,osm_dld_cadastral_enriched,0.88
4b89072b-a6f7-4a83-8cd8-301c0fb13bd5,Al Tajer Residences,al tajer residences,Master Developer / DLD Registered,Dubai,Downtown Dubai,AE,"Al Tajer Residences, Downtown Dubai, Dubai, United Arab Emirates",,Luxury High-Rise Tower,0,96,DLD-PRJ-15627,79350 37750,25.193508,55.27751,Trophy / Ultra-Prime,osm_dld_cadastral_enriched,0.88
2218b1d8-e1f1-4361-b61c-d8edabd9e0f6,BLVD Crescent,blvd crescent,Master Developer / DLD Registered,Dubai,Downtown Dubai,AE,"BLVD Crescent, Downtown Dubai, Dubai, United Arab Emirates",,Gated Residential Society,0,96,DLD-PRJ-24582,79155 37071,25.191559,55.27071,Trophy / Ultra-Prime,osm_dld_cadastral_enriched,0.88
ded41444-822d-439d-bad3-5eda795fca0d,BLVD Heights,blvd heights,Master Developer / DLD Registered,Dubai,"Jumeirah (1, 2, 3)",AE,"BLVD Heights, Jumeirah (1, 2, 3), Dubai, United Arab Emirates",,Luxury High-Rise Tower,0,96,DLD-PRJ-66868,79264 36986,25.192649,55.269863,Trophy / Ultra-Prime,osm_dld_cadastral_enriched,0.88
5785968e-759f-4d81-a8fe-9f34a3bc1c0b,Mon Reve,mon reve,Master Developer / DLD Registered,Dubai,Downtown Dubai,AE,"Mon Reve, Downtown Dubai, Dubai, United Arab Emirates",,Gated Residential Society,0,96,DLD-PRJ-82102,79400 38276,25.194004,55.282767,Trophy / Ultra-Prime,osm_dld_cadastral_enriched,0.88
9c98cd11-dc24-4566-a777-84d416f8db03,The Old Town Residences A,the old town residences a,Master Developer / DLD Registered,Dubai,Downtown Dubai,AE,"The Old Town Residences A, Downtown Dubai, Dubai, United Arab Emirates",,Luxury High-Rise Tower,0,96,DLD-PRJ-74408,79089 37817,25.190892,55.278178,Trophy / Ultra-Prime,osm_dld_cadastral_enriched,0.88
25f802aa-5e67-486e-9ea3-73b014f619fa,Al Hikma Tower,al hikma tower,Master Developer / DLD Registered,Dubai,"Jumeirah (1, 2, 3)",AE,"Al Hikma Tower, Jumeirah (1, 2, 3), Dubai, United Arab Emirates",,Luxury High-Rise Tower,0,96,DLD-PRJ-48700,79922 36823,25.199223,55.268236,Trophy / Ultra-Prime,osm_dld_cadastral_enriched,0.88
3eb4fd2b-80af-43ba-b37f-88e108095d37,Al Habtoor City Residential,al habtoor city residential,Master Developer / DLD Registered,Dubai,"Jumeirah (1, 2, 3)",AE,"Al Habtoor City Residential, Jumeirah (1, 2, 3), Dubai, United Arab Emirates",,Gated Residential Society,0,96,DLD-PRJ-86227,78312 35579,25.183128,55.255791,Trophy / Ultra-Prime,osm_dld_cadastral_enriched,0.88
7eb6646d-83e7-41e6-b5a8-b9254915af5d,Residence 22,residence 22,Master Developer / DLD Registered,Dubai,Downtown Dubai,AE,"Residence 22, Downtown Dubai, Dubai, United Arab Emirates",,Luxury High-Rise Tower,0,96,DLD-PRJ-23570,79228 38842,25.19229,55.288428,Trophy / Ultra-Prime,osm_dld_cadastral_enriched,0.88
8571fe1e-25ab-4eac-be4c-6f2366410a4f,Reva Residences,reva residences,Master Developer / DLD Registered,Dubai,Downtown Dubai,AE,"Reva Residences, Marasi Dr, Downtown Dubai, Dubai, United Arab Emirates",,Luxury High-Rise Tower,0,96,DLD-PRJ-19288,78781 38308,25.187812,55.283089,Trophy / Ultra-Prime,osm_dld_cadastral_enriched,0.88
50df0412-7926-4746-a08e-2e8393f0db86,The Views 2,the views 2,Master Developer / DLD Registered,Dubai,Emirates Hills,AE,"The Views 2, Emirates Hills, Dubai, United Arab Emirates",,Gated Residential Society,0,96,DLD-PRJ-95916,69319 26717,25.093195,55.167172,Trophy / Ultra-Prime,osm_dld_cadastral_enriched,0.88
0ca66fac-6728-4488-859a-ed29f14f758c,The Views 1,the views 1,Master Developer / DLD Registered,Dubai,Emirates Hills,AE,"The Views 1, Emirates Hills, Dubai, United Arab Emirates",,Gated Residential Society,0,96,DLD-PRJ-72558,69373 26660,25.093738,55.166601,Trophy / Ultra-Prime,osm_dld_cadastral_enriched,0.88
dc6d6574-77ef-4e59-b1b7-f95619bcb837,Tanaro,tanaro,Master Developer / DLD Registered,Dubai,Emirates Hills,AE,"Tanaro, Emirates Hills, Dubai, United Arab Emirates",,Gated Residential Society,0,96,DLD-PRJ-98879,68864 27181,25.088644,55.171819,Trophy / Ultra-Prime,osm_dld_cadastral_enriched,0.88
6164f2bf-d465-4dca-86da-fbbaf8c57efb,Canal Villas,canal villas,Master Developer / DLD Registered,Dubai,Emirates Hills,AE,"Canal Villas, Emirates Hills, Dubai, United Arab Emirates",,Ultra-Luxury Gated Villa Community,0,96,DLD-PRJ-22989,69206 26877,25.092062,55.168777,Trophy / Ultra-Prime,osm_dld_cadastral_enriched,0.88
c618c4d2-9935-47c1-a2af-18aa5bb9f365,Polo Residence A2,polo residence a2,Master Developer / DLD Registered,Dubai,District One & Meydan (MBR City),AE,"Polo Residence A2, District One & Meydan (MBR City), Dubai, United Arab Emirates",,Luxury High-Rise Tower,0,96,DLD-PRJ-26371,75253 39439,25.152538,55.294396,Trophy / Ultra-Prime,osm_dld_cadastral_enriched,0.88
b54a4bda-bf57-4063-a64b-df87b761c6ba,Polo Residence A3,polo residence a3,Master Developer / DLD Registered,Dubai,District One & Meydan (MBR City),AE,"Polo Residence A3, District One & Meydan (MBR City), Dubai, United Arab Emirates",,Luxury High-Rise Tower,0,96,DLD-PRJ-85443,75232 39412,25.152322,55.294125,Trophy / Ultra-Prime,osm_dld_cadastral_enriched,0.88
d63cbd0b-0709-4458-9d5c-b140ac63ac2c,Polo Residence B2,polo residence b2,Master Developer / DLD Registered,Dubai,District One & Meydan (MBR City),AE,"Polo Residence B2, District One & Meydan (MBR City), Dubai, United Arab Emirates",,Luxury High-Rise Tower,0,96,DLD-PRJ-77815,75119 39391,25.151192,55.293913,Trophy / Ultra-Prime,osm_dld_cadastral_enriched,0.88
586f4a02-426a-4c15-9050-eb6b4d527317,Polo Residence B3,polo residence b3,Master Developer / DLD Registered,Dubai,District One & Meydan (MBR City),AE,"Polo Residence B3, District One & Meydan (MBR City), Dubai, United Arab Emirates",,Luxury High-Rise Tower,0,96,DLD-PRJ-85887,75087 39405,25.150873,55.294054,Trophy / Ultra-Prime,osm_dld_cadastral_enriched,0.88
863d83a1-dde9-40b4-ac02-cff2ff16e40b,Polo Residence B5,polo residence b5,Master Developer / DLD Registered,Dubai,District One & Meydan (MBR City),AE,"Polo Residence B5, District One & Meydan (MBR City), Dubai, United Arab Emirates",,Luxury High-Rise Tower,0,96,DLD-PRJ-29264,75025 39430,25.150253,55.294301,Trophy / Ultra-Prime,osm_dld_cadastral_enriched,0.88
d722510e-9023-4f08-a62d-a35cabcf93aa,Polo Residence A4,polo residence a4,Master Developer / DLD Registered,Dubai,District One & Meydan (MBR City),AE,"Polo Residence A4, District One & Meydan (MBR City), Dubai, United Arab Emirates",,Luxury High-Rise Tower,0,96,DLD-PRJ-14674,75208 39381,25.152089,55.293819,Trophy / Ultra-Prime,osm_dld_cadastral_enriched,0.88
abe3a1cd-18de-4831-b39f-5d14cd5c09ec,Polo Residence B4,polo residence b4,Master Developer / DLD Registered,Dubai,District One & Meydan (MBR City),AE,"Polo Residence B4, District One & Meydan (MBR City), Dubai, United Arab Emirates",,Luxury High-Rise Tower,0,96,DLD-PRJ-63411,75056 39419,25.15057,55.294192,Trophy / Ultra-Prime,osm_dld_cadastral_enriched,0.88
9f756094-fdd6-4ece-a0f8-88379c4c48ef,Polo Residence E5,polo residence e5,Master Developer / DLD Registered,Dubai,District One & Meydan (MBR City),AE,"Polo Residence E5, District One & Meydan (MBR City), Dubai, United Arab Emirates",,Luxury High-Rise Tower,0,96,DLD-PRJ-94137,75115 39632,25.151158,55.296325,Trophy / Ultra-Prime,osm_dld_cadastral_enriched,0.88
d456cff5-d5a5-4d2f-a532-d042e804b395,Polo Residence E2,polo residence e2,Master Developer / DLD Registered,Dubai,District One & Meydan (MBR City),AE,"Polo Residence E2, District One & Meydan (MBR City), Dubai, United Arab Emirates",,Luxury High-Rise Tower,0,96,DLD-PRJ-86452,75085 39524,25.150855,55.295246,Trophy / Ultra-Prime,osm_dld_cadastral_enriched,0.88
19099525-e83d-4607-b171-c5e4764f7044,Polo Residence E3,polo residence e3,Master Developer / DLD Registered,Dubai,District One & Meydan (MBR City),AE,"Polo Residence E3, District One & Meydan (MBR City), Dubai, United Arab Emirates",,Luxury High-Rise Tower,0,96,DLD-PRJ-28797,75093 39561,25.150939,55.295613,Trophy / Ultra-Prime,osm_dld_cadastral_enriched,0.88
c5e08767-1b35-4b8d-bb7b-5d915185b3b2,Polo Residence E4,polo residence e4,Master Developer / DLD Registered,Dubai,District One & Meydan (MBR City),AE,"Polo Residence E4, District One & Meydan (MBR City), Dubai, United Arab Emirates",,Luxury High-Rise Tower,0,96,DLD-PRJ-44271,75105 39595,25.151053,55.295953,Trophy / Ultra-Prime,osm_dld_cadastral_enriched,0.88
7bffe128-ad23-40ec-b24c-adce02dc8356,Verve Villas,verve villas,Master Developer / DLD Registered,Dubai,Madinat Jumeirah Living & Umm Suqeim,AE,"Verve Villas, Madinat Jumeirah Living & Umm Suqeim, Dubai, United Arab Emirates",,Ultra-Luxury Gated Villa Community,0,96,DLD-PRJ-76675,73638 30280,25.136382,55.202807,Trophy / Ultra-Prime,osm_dld_cadastral_enriched,0.88
c98cf51b-27ea-4ca1-9d96-4436961902d8,Two,two,Master Developer / DLD Registered,Dubai,Emirates Hills,AE,"Two, Al Tabee'a 2 Street, Emirates Hills, Dubai, United Arab Emirates",,Gated Residential Society,0,96,DLD-PRJ-81989,69495 27856,25.094954,55.17857,Trophy / Ultra-Prime,osm_dld_cadastral_enriched,0.88
16e48b37-cd8d-4611-8cbf-89962c877058,Al Hala Complex,al hala complex,Master Developer / DLD Registered,Dubai,"Jumeirah (1, 2, 3)",AE,"Al Hala Complex, Street 19, Jumeirah (1, 2, 3), Dubai, United Arab Emirates",,Gated Residential Society,0,96,DLD-PRJ-82166,77478 33833,25.174781,55.238331,Trophy / Ultra-Prime,osm_dld_cadastral_enriched,0.88
adc42b66-97d8-4315-994d-20ef43f65e07,Splendour Villas,splendour villas,Master Developer / DLD Registered,Dubai,"Jumeirah (1, 2, 3)",AE,"Splendour Villas, Jumeirah (1, 2, 3), Dubai, United Arab Emirates",,Ultra-Luxury Gated Villa Community,0,96,DLD-PRJ-21793,77144 33470,25.171446,55.234708,Trophy / Ultra-Prime,osm_dld_cadastral_enriched,0.88
30f367d1-a9f8-4b2c-9c2c-4d58d28ba25b,Al Jaz Compound,al jaz compound,Master Developer / DLD Registered,Dubai,Emirates Hills,AE,"Al Jaz Compound, Emirates Hills, Dubai, United Arab Emirates",,Gated Residential Society,0,96,DLD-PRJ-29220,69479 27121,25.094795,55.171213,Trophy / Ultra-Prime,osm_dld_cadastral_enriched,0.88
fb017058-8790-489f-9d64-e8d4650bbd4e,Al Sidr compound,al sidr compound,Master Developer / DLD Registered,Dubai,Emirates Hills,AE,"Al Sidr compound, Emirates Hills, Dubai, United Arab Emirates",,Gated Residential Society,0,96,DLD-PRJ-97607,69491 26901,25.094915,55.169015,Trophy / Ultra-Prime,osm_dld_cadastral_enriched,0.88
0c40d426-fae9-434a-a8f4-651d2f9769b9,"Ashjar, Dubai",ashjar dubai,Master Developer / DLD Registered,Dubai,Al Barari,AE,"Ashjar, Dubai, Al Barari, Dubai, United Arab Emirates",,Gated Residential Society,0,96,DLD-PRJ-97291,70007 41546,25.100079,55.315466,Trophy / Ultra-Prime,osm_dld_cadastral_enriched,0.88
c8726017-5685-4241-ac4d-758a04225c0a,Pearl Jumeirah,pearl jumeirah,Master Developer / DLD Registered,Dubai,Port De La Mer & Pearl Jumeirah,AE,"Pearl Jumeirah, Port De La Mer & Pearl Jumeirah, Dubai, United Arab Emirates",,Gated Residential Society,0,96,DLD-PRJ-99338,84451 35842,25.244516,55.258424,Trophy / Ultra-Prime,osm_dld_cadastral_enriched,0.88
6390dd8d-a2c2-46f1-8a91-5941dc2d277b,Dolphin Tower,dolphin tower,Master Developer / DLD Registered,Dubai,Downtown Dubai,AE,"Dolphin Tower, Downtown Dubai, Dubai, United Arab Emirates",,Luxury High-Rise Tower,0,96,DLD-PRJ-68344,78308 38306,25.183083,55.283063,Trophy / Ultra-Prime,osm_dld_cadastral_enriched,0.88
e79f115f-669a-4209-a344-655d238d4eac,Mayfair Residency,mayfair residency,Master Developer / DLD Registered,Dubai,Downtown Dubai,AE,"Mayfair Residency, Downtown Dubai, Dubai, United Arab Emirates",,Gated Residential Society,0,96,DLD-PRJ-73360,78182 37725,25.181826,55.277252,Trophy / Ultra-Prime,osm_dld_cadastral_enriched,0.88
eb26b2f2-6ee3-42e6-ae61-5dc888b3fc34,Marina Arcade Tower,marina arcade tower,Master Developer / DLD Registered,Dubai,Dubai Marina,AE,"Marina Arcade Tower, Dubai Marina, Dubai, United Arab Emirates",,Luxury High-Rise Tower,0,96,DLD-PRJ-90488,69003 25032,25.090034,55.150322,Trophy / Ultra-Prime,osm_dld_cadastral_enriched,0.88
ff5da21f-9dbd-4f50-8f69-050769d549aa,Rosebay Living,rosebay living,Master Developer / DLD Registered,Dubai,District One & Meydan (MBR City),AE,"Rosebay Living, District One & Meydan (MBR City), Dubai, United Arab Emirates",,Gated Residential Society,0,96,DLD-PRJ-72864,75501 39043,25.155014,55.290434,Trophy / Ultra-Prime,osm_dld_cadastral_enriched,0.88
d2f6bbf9-69bc-421d-9127-f3135c8107f0,The Galleries at Meydan Avenue,the galleries at meydan avenue,Master Developer / DLD Registered,Dubai,District One & Meydan (MBR City),AE,"The Galleries at Meydan Avenue, District One & Meydan (MBR City), Dubai, United Arab Emirates",,Gated Residential Society,0,96,DLD-PRJ-39074,75781 39462,25.157819,55.294629,Trophy / Ultra-Prime,osm_dld_cadastral_enriched,0.88
4adc7e1a-99da-43c3-a677-4bab6f8b82a4,Maydan Avenue Residence 1,maydan avenue residence 1,Master Developer / DLD Registered,Dubai,District One & Meydan (MBR City),AE,"Maydan Avenue Residence 1, District One & Meydan (MBR City), Dubai, United Arab Emirates",,Luxury High-Rise Tower,0,96,DLD-PRJ-71708,75358 38976,25.153588,55.289768,Trophy / Ultra-Prime,osm_dld_cadastral_enriched,0.88
f0ae9ee8-9874-4afa-8bc4-904a6a27acf4,Dar Mira,dar mira,Master Developer / DLD Registered,Dubai,District One & Meydan (MBR City),AE,"Dar Mira, District One & Meydan (MBR City), Dubai, United Arab Emirates",,Gated Residential Society,0,96,DLD-PRJ-94637,75442 39111,25.154422,55.291111,Trophy / Ultra-Prime,osm_dld_cadastral_enriched,0.88
b0550a44-5882-47fb-b754-6d1919ef0f2f,Manazel Nad Al Sheba,manazel nad al sheba,Master Developer / DLD Registered,Dubai,District One & Meydan (MBR City),AE,"Manazel Nad Al Sheba, District One & Meydan (MBR City), Dubai, United Arab Emirates",,Gated Residential Society,0,96,DLD-PRJ-45248,75462 39281,25.154625,55.292819,Trophy / Ultra-Prime,osm_dld_cadastral_enriched,0.88
c584e759-fdea-4640-befc-1dd886473707,Club Vista Mare,club vista mare,Master Developer / DLD Registered,Dubai,Palm Jumeirah,AE,"Club Vista Mare, Palm Jumeirah, Dubai, United Arab Emirates",,Gated Residential Society,0,96,DLD-PRJ-30520,71501 24211,25.115018,55.142114,Trophy / Ultra-Prime,osm_dld_cadastral_enriched,0.88
359d0e80-dc7e-4d84-8637-15a7df2f8102,Shoreline Apartments,shoreline apartments,Master Developer / DLD Registered,Dubai,Palm Jumeirah,AE,"Shoreline Apartments, Palm Jumeirah, Dubai, United Arab Emirates",,Gated Residential Society,0,96,DLD-PRJ-15598,71300 24276,25.113003,55.142765,Trophy / Ultra-Prime,osm_dld_cadastral_enriched,0.88
57922034-cb6f-40c3-9e7c-780a9bec505b,Shoreline Apartments,shoreline apartments,Master Developer / DLD Registered,Dubai,Palm Jumeirah,AE,"Shoreline Apartments, Palm Jumeirah, Dubai, United Arab Emirates",,Gated Residential Society,0,96,DLD-PRJ-15598,70778 24797,25.10779,55.14797,Trophy / Ultra-Prime,osm_dld_cadastral_enriched,0.88
5d0ae406-7d8e-43d2-ad54-1ef7ea1f594c,Golden Mile,golden mile,Master Developer / DLD Registered,Dubai,Palm Jumeirah,AE,"Golden Mile, Palm Jumeirah, Dubai, United Arab Emirates",,Gated Residential Society,0,96,DLD-PRJ-85165,71127 24151,25.111279,55.141517,Trophy / Ultra-Prime,osm_dld_cadastral_enriched,0.88
14a73521-f600-4914-9923-61edc5f217b5,Palm Views West,palm views west,Master Developer / DLD Registered,Dubai,Palm Jumeirah,AE,"Palm Views West, Palm Jumeirah, Dubai, United Arab Emirates",,Gated Residential Society,0,96,DLD-PRJ-12813,71563 23572,25.115631,55.135728,Trophy / Ultra-Prime,osm_dld_cadastral_enriched,0.88
5e276907-f056-48a3-8b11-275ec1dc9ce3,Palm Views East,palm views east,Master Developer / DLD Registered,Dubai,Palm Jumeirah,AE,"Palm Views East, Palm Jumeirah, Dubai, United Arab Emirates",,Gated Residential Society,0,96,DLD-PRJ-62285,71649 23649,25.116497,55.136499,Trophy / Ultra-Prime,osm_dld_cadastral_enriched,0.88
101ac8fd-ee0d-4827-b3b5-9bfbe0091a70,Residence 1,residence 1,Master Developer / DLD Registered,Dubai,District One & Meydan (MBR City),AE,"Residence 1, District One & Meydan (MBR City), Dubai, United Arab Emirates",,Luxury High-Rise Tower,0,96,DLD-PRJ-81675,75799 38615,25.157995,55.28615,Trophy / Ultra-Prime,osm_dld_cadastral_enriched,0.88
c8419df3-b9be-4f21-aa2b-57799037b2b3,UPSIDE Living by SRG,upside living by srg,Master Developer / DLD Registered,Dubai,Downtown Dubai,AE,"UPSIDE Living by SRG, Downtown Dubai, Dubai, United Arab Emirates",,Gated Residential Society,0,96,DLD-PRJ-60666,78491 38963,25.184915,55.289637,Trophy / Ultra-Prime,osm_dld_cadastral_enriched,0.88
a63e3169-4fae-43c0-b503-b603d8ec3e28,Azmy Villa,azmy villa,Master Developer / DLD Registered,Dubai,"Jumeirah (1, 2, 3)",AE,"Azmy Villa, Jumeirah (1, 2, 3), Dubai, United Arab Emirates",,Ultra-Luxury Gated Villa Community,0,96,DLD-PRJ-94232,82118 33372,25.22119,55.233726,Trophy / Ultra-Prime,osm_dld_cadastral_enriched,0.88
3809d9e8-8d3b-4432-ad10-74ed998db563,Al Noor Tower,al noor tower,Master Developer / DLD Registered,Dubai,Downtown Dubai,AE,"Al Noor Tower, Downtown Dubai, Dubai, United Arab Emirates",,Luxury High-Rise Tower,0,96,DLD-PRJ-17245,79152 38585,25.191526,55.285855,Trophy / Ultra-Prime,osm_dld_cadastral_enriched,0.88
0252f0cc-3f8d-4917-9bdc-5ee3e340f097,Bahwan Tower,bahwan tower,Master Developer / DLD Registered,Dubai,Downtown Dubai,AE,"Bahwan Tower, Downtown Dubai, Dubai, United Arab Emirates",,Luxury High-Rise Tower,0,96,DLD-PRJ-89253,79038 37086,25.190388,55.270861,Trophy / Ultra-Prime,osm_dld_cadastral_enriched,0.88
7f054c26-11ec-46ee-a5e7-405026893484,Marsa Al Arab,marsa al arab,Master Developer / DLD Registered,Dubai,Madinat Jumeirah Living & Umm Suqeim,AE,"Marsa Al Arab, Madinat Jumeirah Living & Umm Suqeim, Dubai, United Arab Emirates",,Gated Residential Society,0,96,DLD-PRJ-95834,74441 29032,25.14442,55.190321,Trophy / Ultra-Prime,osm_dld_cadastral_enriched,0.88
a0882b24-8220-4ebf-b69a-b866abb5a412,Aryana 5 Star Hotel,aryana 5 star hotel,Master Developer / DLD Registered,Dubai,District One & Meydan (MBR City),AE,"Aryana 5 Star Hotel, District One & Meydan (MBR City), Dubai, United Arab Emirates",,Gated Residential Society,0,96,DLD-PRJ-48504,77893 40981,25.178939,55.309814,Trophy / Ultra-Prime,osm_dld_cadastral_enriched,0.88
d60abb3d-b959-45b9-80f6-55f5aa708115,One Park Avenue,one park avenue,Master Developer / DLD Registered,Dubai,District One & Meydan (MBR City),AE,"One Park Avenue, District One & Meydan (MBR City), Dubai, United Arab Emirates",,Gated Residential Society,0,96,DLD-PRJ-71686,77866 40888,25.178665,55.308881,Trophy / Ultra-Prime,osm_dld_cadastral_enriched,0.88
2742e427-88d2-4a88-8d3c-dfaab3329e9f,Gemini Splendor,gemini splendor,Master Developer / DLD Registered,Dubai,District One & Meydan (MBR City),AE,"Gemini Splendor, District One & Meydan (MBR City), Dubai, United Arab Emirates",,Gated Residential Society,0,96,DLD-PRJ-55869,77784 41310,25.177849,55.313101,Trophy / Ultra-Prime,osm_dld_cadastral_enriched,0.88
144b5bab-26b0-47b4-bef5-5dfb2547c3a7,The Terraces,the terraces,Master Developer / DLD Registered,Dubai,District One & Meydan (MBR City),AE,"The Terraces, District One & Meydan (MBR City), Dubai, United Arab Emirates",,Gated Residential Society,0,96,DLD-PRJ-82664,77728 41164,25.177282,55.311641,Trophy / Ultra-Prime,osm_dld_cadastral_enriched,0.88
ae557ebe-d502-46ad-9c5c-c4475e3208d2,Centurion Onyx,centurion onyx,Master Developer / DLD Registered,Dubai,District One & Meydan (MBR City),AE,"Centurion Onyx, District One & Meydan (MBR City), Dubai, United Arab Emirates",,Gated Residential Society,0,96,DLD-PRJ-65146,76482 40541,25.164823,55.305411,Trophy / Ultra-Prime,osm_dld_cadastral_enriched,0.88
6c110835-51bb-49c1-ad1f-52814031e0d1,Bright Corner,bright corner,Master Developer / DLD Registered,Dubai,District One & Meydan (MBR City),AE,"Bright Corner, District One & Meydan (MBR City), Dubai, United Arab Emirates",,Gated Residential Society,0,96,DLD-PRJ-39353,76585 40700,25.16586,55.307008,Trophy / Ultra-Prime,osm_dld_cadastral_enriched,0.88
c7fc435a-c590-4fd2-ac1b-88109e653053,Royal Manor,royal manor,Master Developer / DLD Registered,Dubai,District One & Meydan (MBR City),AE,"Royal Manor, District One & Meydan (MBR City), Dubai, United Arab Emirates",,Gated Residential Society,0,96,DLD-PRJ-25451,76580 40746,25.165807,55.307469,Trophy / Ultra-Prime,osm_dld_cadastral_enriched,0.88
2bc36854-ee1c-4eea-ae53-aa35d18b891f,Taupe Residence,taupe residence,Master Developer / DLD Registered,Dubai,District One & Meydan (MBR City),AE,"Taupe Residence, District One & Meydan (MBR City), Dubai, United Arab Emirates",,Luxury High-Rise Tower,0,96,DLD-PRJ-55598,76642 40851,25.166425,55.308511,Trophy / Ultra-Prime,osm_dld_cadastral_enriched,0.88
d008410b-8aed-4a7d-8aaf-2ade4595106d,The Derby Residence 3,the derby residence 3,Master Developer / DLD Registered,Dubai,District One & Meydan (MBR City),AE,"The Derby Residence 3, District One & Meydan (MBR City), Dubai, United Arab Emirates",,Luxury High-Rise Tower,0,96,DLD-PRJ-94403,76323 40257,25.163234,55.302574,Trophy / Ultra-Prime,osm_dld_cadastral_enriched,0.88
b78cdb37-5b6a-48c5-b0cd-07d3411981c9,The Derby Residence 2,the derby residence 2,Master Developer / DLD Registered,Dubai,District One & Meydan (MBR City),AE,"The Derby Residence 2, District One & Meydan (MBR City), Dubai, United Arab Emirates",,Luxury High-Rise Tower,0,96,DLD-PRJ-62498,76314 40228,25.163149,55.30228,Trophy / Ultra-Prime,osm_dld_cadastral_enriched,0.88
c628d683-74a2-43f5-8283-c34fc01f789e,The Derby Residence 1,the derby residence 1,Master Developer / DLD Registered,Dubai,District One & Meydan (MBR City),AE,"The Derby Residence 1, District One & Meydan (MBR City), Dubai, United Arab Emirates",,Luxury High-Rise Tower,0,96,DLD-PRJ-76639,76304 40196,25.163045,55.301968,Trophy / Ultra-Prime,osm_dld_cadastral_enriched,0.88
c68150f5-801e-4671-a7df-1b596e6a07b5,Injazzat Residence,injazzat residence,Master Developer / DLD Registered,Dubai,District One & Meydan (MBR City),AE,"Injazzat Residence, District One & Meydan (MBR City), Dubai, United Arab Emirates",,Luxury High-Rise Tower,0,96,DLD-PRJ-10105,75822 39522,25.158226,55.295222,Trophy / Ultra-Prime,osm_dld_cadastral_enriched,0.88
8cd25e66-f32a-489e-8ca1-972076d40273,WR-08,wr 08,Master Developer / DLD Registered,Dubai,Al Barari,AE,"WR-08, Al Barari, Dubai, United Arab Emirates",,Gated Residential Society,0,96,DLD-PRJ-64228,70152 43897,25.101522,55.338974,Trophy / Ultra-Prime,osm_dld_cadastral_enriched,0.88
cc2fff46-994d-465d-b350-c257b59bb1da,Marquise Square Tower,marquise square tower,Master Developer / DLD Registered,Dubai,Downtown Dubai,AE,"Marquise Square Tower, Downtown Dubai, Dubai, United Arab Emirates",,Luxury High-Rise Tower,0,96,DLD-PRJ-10321,78527 37624,25.185272,55.276246,Trophy / Ultra-Prime,osm_dld_cadastral_enriched,0.88
ba3f95c2-7a83-439e-aa81-45b4f8e065fd,Canal Front Residences,canal front residences,Master Developer / DLD Registered,Dubai,"Jumeirah (1, 2, 3)",AE,"Canal Front Residences, Jumeirah (1, 2, 3), Dubai, United Arab Emirates",,Luxury High-Rise Tower,0,96,DLD-PRJ-78982,78545 34927,25.185455,55.249272,Trophy / Ultra-Prime,osm_dld_cadastral_enriched,0.88
b6e09e68-12e4-4869-9b86-9a9cd1e5374a,Canal Front Residences,canal front residences,Master Developer / DLD Registered,Dubai,"Jumeirah (1, 2, 3)",AE,"Canal Front Residences, Jumeirah (1, 2, 3), Dubai, United Arab Emirates",,Luxury High-Rise Tower,0,96,DLD-PRJ-78982,78657 34693,25.186572,55.246931,Trophy / Ultra-Prime,osm_dld_cadastral_enriched,0.88
b5159fd7-c770-4927-96f4-b76bee313b9e,Canal Front Residences,canal front residences,Master Developer / DLD Registered,Dubai,"Jumeirah (1, 2, 3)",AE,"Canal Front Residences, Jumeirah (1, 2, 3), Dubai, United Arab Emirates",,Luxury High-Rise Tower,0,96,DLD-PRJ-78982,78958 34541,25.189583,55.245411,Trophy / Ultra-Prime,osm_dld_cadastral_enriched,0.88
80701078-f033-44f7-8989-7c760772f808,The Greens,the greens,Master Developer / DLD Registered,Dubai,Emirates Hills,AE,"The Greens, Emirates Hills, Dubai, United Arab Emirates",,Gated Residential Society,0,96,DLD-PRJ-90952,69341 27137,25.093415,55.171379,Trophy / Ultra-Prime,osm_dld_cadastral_enriched,0.88
cc5fe5ea-0717-49b7-90fb-9b9b1296c788,The Views,the views,Master Developer / DLD Registered,Dubai,Emirates Hills,AE,"The Views, Emirates Hills, Dubai, United Arab Emirates",,Gated Residential Society,0,96,DLD-PRJ-36400,69157 26963,25.091573,55.169632,Trophy / Ultra-Prime,osm_dld_cadastral_enriched,0.88
a1b2236a-d610-4e63-bf05-fc500373629f,Dutco Greens Residence,dutco greens residence,Master Developer / DLD Registered,Dubai,Emirates Hills,AE,"Dutco Greens Residence, Emirates Hills, Dubai, United Arab Emirates",,Luxury High-Rise Tower,0,96,DLD-PRJ-45638,69275 26750,25.092755,55.167504,Trophy / Ultra-Prime,osm_dld_cadastral_enriched,0.88
a26187de-e4de-4229-8459-728166a36f5a,Al Manara,al manara,Master Developer / DLD Registered,Dubai,Madinat Jumeirah Living & Umm Suqeim,AE,"Al Manara, Madinat Jumeirah Living & Umm Suqeim, Dubai, United Arab Emirates",,Gated Residential Society,0,96,DLD-PRJ-16610,74436 31353,25.144362,55.213535,Trophy / Ultra-Prime,osm_dld_cadastral_enriched,0.88
835dddb8-1228-4a32-aa0d-7048e2449abc,Art 14 XIV,art 14 xiv,Master Developer / DLD Registered,Dubai,Downtown Dubai,AE,"Art 14 XIV, Downtown Dubai, Dubai, United Arab Emirates",,Gated Residential Society,0,96,DLD-PRJ-97958,78853 38322,25.188534,55.283227,Trophy / Ultra-Prime,osm_dld_cadastral_enriched,0.88
c0a028bb-307c-46bd-aed2-e9cef36f9f75,Majestic Tower,majestic tower,Master Developer / DLD Registered,Dubai,Downtown Dubai,AE,"Majestic Tower, Downtown Dubai, Dubai, United Arab Emirates",,Luxury High-Rise Tower,0,96,DLD-PRJ-22541,78427 38135,25.18428,55.281353,Trophy / Ultra-Prime,osm_dld_cadastral_enriched,0.88
e929bc8e-c453-4342-a9f7-a0ff3d863a34,Jumeirah Beach Residence,jumeirah beach residence,Master Developer / DLD Registered,Dubai,Dubai Marina,AE,"Jumeirah Beach Residence, Dubai Marina, Dubai, United Arab Emirates",,Luxury High-Rise Tower,0,96,DLD-PRJ-87641,67771 23483,25.077715,55.134831,Trophy / Ultra-Prime,osm_dld_cadastral_enriched,0.88
67f71a21-20bf-4332-8fc3-931033f922ea,Dubai International Financial Centre,dubai international financial centre,Master Developer / DLD Registered,Dubai,Downtown Dubai,AE,"Dubai International Financial Centre, Downtown Dubai, Dubai, United Arab Emirates",,Gated Residential Society,0,96,DLD-PRJ-88203,80891 37859,25.208919,55.27859,Trophy / Ultra-Prime,osm_dld_cadastral_enriched,0.88
0a262404-c8fd-42e7-ad80-f80781d8f5f3,Majan,majan,Master Developer / DLD Registered,Dubai,Al Barari,AE,"Majan, Al Barari, Dubai, United Arab Emirates",,Gated Residential Society,0,96,DLD-PRJ-21775,69020 41987,25.0902,55.319875,Trophy / Ultra-Prime,osm_dld_cadastral_enriched,0.88
ef486924-6273-4da7-a5a6-a23de3782f68,Al Barari,al barari,Master Developer / DLD Registered,Dubai,Al Barari,AE,"Al Barari, Al Barari, Dubai, United Arab Emirates",,Gated Residential Society,0,96,DLD-PRJ-96123,69809 41624,25.098095,55.316247,Trophy / Ultra-Prime,osm_dld_cadastral_enriched,0.88
b6efa820-647c-4045-a0e7-eaa296ea16dc,Dubai Marina,dubai marina,Master Developer / DLD Registered,Dubai,Dubai Marina,AE,"Dubai Marina, Dubai Marina, Dubai, United Arab Emirates",,Gated Residential Society,0,96,DLD-PRJ-67315,67821 23936,25.078219,55.139364,Trophy / Ultra-Prime,osm_dld_cadastral_enriched,0.88
c4547514-ace7-4079-94e5-c2895a89ad40,Act Tower,act tower,Master Developer / DLD Registered,Dubai,Downtown Dubai,AE,"Act Tower, Downtown Dubai, Dubai, United Arab Emirates",,Luxury High-Rise Tower,0,96,DLD-PRJ-92205,79280 37150,25.192804,55.271501,Trophy / Ultra-Prime,osm_dld_cadastral_enriched,0.88
d76e8c49-eeab-40e7-9c5e-fd1f879149ac,XXII CARAT Club Villas,xxii carat club villas,Master Developer / DLD Registered,Dubai,Palm Jumeirah,AE,"XXII CARAT Club Villas, Palm Jumeirah, Dubai, United Arab Emirates",,Ultra-Luxury Gated Villa Community,0,96,DLD-PRJ-54801,69884 23080,25.098846,55.1308,Trophy / Ultra-Prime,osm_dld_cadastral_enriched,0.88
a89aaa53-1561-4cb6-869c-c9822d1fda5b,Volante 1 & 2,volante 1 2,Master Developer / DLD Registered,Dubai,Downtown Dubai,AE,"Volante 1 & 2, Downtown Dubai, Dubai, United Arab Emirates",,Gated Residential Society,0,96,DLD-PRJ-38718,78265 37184,25.182651,55.271843,Trophy / Ultra-Prime,osm_dld_cadastral_enriched,0.88
0605facf-4f7d-4550-a3c5-9977c59a8171,Dawson House,dawson house,Master Developer / DLD Registered,Dubai,District One & Meydan (MBR City),AE,"Dawson House, District One & Meydan (MBR City), Dubai, United Arab Emirates",,Gated Residential Society,0,96,DLD-PRJ-25869,75549 39247,25.155496,55.292478,Trophy / Ultra-Prime,osm_dld_cadastral_enriched,0.88
9975c6d4-2f3a-407f-a73d-50321cdda3f8,Bahwan Residence,bahwan residence,Master Developer / DLD Registered,Dubai,District One & Meydan (MBR City),AE,"Bahwan Residence, District One & Meydan (MBR City), Dubai, United Arab Emirates",,Luxury High-Rise Tower,0,96,DLD-PRJ-56805,75544 39279,25.155446,55.292794,Trophy / Ultra-Prime,osm_dld_cadastral_enriched,0.88
4d10ccd4-c85f-4034-857a-d0c01f36c345,Saad Bahwan 2,saad bahwan 2,Master Developer / DLD Registered,Dubai,District One & Meydan (MBR City),AE,"Saad Bahwan 2, District One & Meydan (MBR City), Dubai, United Arab Emirates",,Gated Residential Society,0,96,DLD-PRJ-90796,75539 39312,25.155392,55.293126,Trophy / Ultra-Prime,osm_dld_cadastral_enriched,0.88
499fbc11-e76d-44f3-bc08-8def190e7155,Saad Bahwan 1,saad bahwan 1,Master Developer / DLD Registered,Dubai,District One & Meydan (MBR City),AE,"Saad Bahwan 1, District One & Meydan (MBR City), Dubai, United Arab Emirates",,Gated Residential Society,0,96,DLD-PRJ-50033,75534 39345,25.155349,55.293454,Trophy / Ultra-Prime,osm_dld_cadastral_enriched,0.88
046babfa-0f03-4f13-b78e-bb6257f71dc8,Mashroom,mashroom,Master Developer / DLD Registered,Dubai,District One & Meydan (MBR City),AE,"Mashroom, District One & Meydan (MBR City), Dubai, United Arab Emirates",,Gated Residential Society,0,96,DLD-PRJ-42955,75534 39099,25.155341,55.290993,Trophy / Ultra-Prime,osm_dld_cadastral_enriched,0.88
d6a897ae-0535-427c-9173-38f4f48be74d,Cluster 5,cluster 5,Master Developer / DLD Registered,Dubai,Dubai Marina,AE,"Cluster 5, Dubai Marina, Dubai, United Arab Emirates",,Gated Residential Society,0,96,DLD-PRJ-45187,66518 25168,25.065189,55.151683,Trophy / Ultra-Prime,osm_dld_cadastral_enriched,0.88
b4545035-a16e-4600-8b32-3d625e3c846c,Nad Al Sheba 1,nad al sheba 1,Master Developer / DLD Registered,Dubai,District One & Meydan (MBR City),AE,"Nad Al Sheba 1, District One & Meydan (MBR City), Dubai, United Arab Emirates",,Gated Residential Society,0,96,DLD-PRJ-71823,75560 41187,25.155601,55.311876,Trophy / Ultra-Prime,osm_dld_cadastral_enriched,0.88
fb73abd5-62c8-40ef-bfbe-5e23cdaddfae,Canal Cove Village,canal cove village,Master Developer / DLD Registered,Dubai,Palm Jumeirah,AE,"Canal Cove Village, Palm Jumeirah, Dubai, United Arab Emirates",,Ultra-Luxury Gated Villa Community,0,96,DLD-PRJ-95170,72083 23001,25.12083,55.130018,Trophy / Ultra-Prime,osm_dld_cadastral_enriched,0.88
070f42c3-8b83-4458-b55a-9d8c351d3a57,Jude Residence,jude residence,Master Developer / DLD Registered,Dubai,District One & Meydan (MBR City),AE,"Jude Residence, District One & Meydan (MBR City), Dubai, United Arab Emirates",,Luxury High-Rise Tower,0,96,DLD-PRJ-47331,76451 40540,25.164516,55.305403,Trophy / Ultra-Prime,osm_dld_cadastral_enriched,0.88
fceef9f5-f65f-4db7-a7b9-6710b5a72dbb,Falmingo Residence,falmingo residence,Master Developer / DLD Registered,Dubai,District One & Meydan (MBR City),AE,"Falmingo Residence, District One & Meydan (MBR City), Dubai, United Arab Emirates",,Luxury High-Rise Tower,0,96,DLD-PRJ-27748,76248 40061,25.162486,55.300618,Trophy / Ultra-Prime,osm_dld_cadastral_enriched,0.88
50ab0273-bed3-4b1d-b9d5-cd46a31d270a,Godolphin Building,godolphin building,Master Developer / DLD Registered,Dubai,District One & Meydan (MBR City),AE,"Godolphin Building, District One & Meydan (MBR City), Dubai, United Arab Emirates",,Gated Residential Society,0,96,DLD-PRJ-84977,76301 40027,25.163018,55.300279,Trophy / Ultra-Prime,osm_dld_cadastral_enriched,0.88
78cbbd07-f51e-4ff5-84e2-19fb727de516,Residence 4,residence 4,Master Developer / DLD Registered,Dubai,District One & Meydan (MBR City),AE,"Residence 4, District One & Meydan (MBR City), Dubai, United Arab Emirates",,Luxury High-Rise Tower,0,96,DLD-PRJ-40922,75755 38433,25.157551,55.284331,Trophy / Ultra-Prime,osm_dld_cadastral_enriched,0.88
3e9ee925-5ecf-4ac5-899c-4cfd6a9e072b,Residence 2,residence 2,Master Developer / DLD Registered,Dubai,District One & Meydan (MBR City),AE,"Residence 2, District One & Meydan (MBR City), Dubai, United Arab Emirates",,Luxury High-Rise Tower,0,96,DLD-PRJ-73713,75807 38566,25.158076,55.285665,Trophy / Ultra-Prime,osm_dld_cadastral_enriched,0.88
551c3910-4a55-4218-890e-48f36038eae6,Residence 3,residence 3,Master Developer / DLD Registered,Dubai,District One & Meydan (MBR City),AE,"Residence 3, District One & Meydan (MBR City), Dubai, United Arab Emirates",,Luxury High-Rise Tower,0,96,DLD-PRJ-25188,75814 38519,25.158149,55.285194,Trophy / Ultra-Prime,osm_dld_cadastral_enriched,0.88
495abafc-e019-4147-befd-eb435c637453,Residence 17,residence 17,Master Developer / DLD Registered,Dubai,District One & Meydan (MBR City),AE,"Residence 17, District One & Meydan (MBR City), Dubai, United Arab Emirates",,Luxury High-Rise Tower,0,96,DLD-PRJ-14509,75827 38681,25.158271,55.286819,Trophy / Ultra-Prime,osm_dld_cadastral_enriched,0.88
162ea187-cbc3-4c77-a36a-7e1ebd9de586,Residence 18,residence 18,Master Developer / DLD Registered,Dubai,District One & Meydan (MBR City),AE,"Residence 18, District One & Meydan (MBR City), Dubai, United Arab Emirates",,Luxury High-Rise Tower,0,96,DLD-PRJ-17346,75864 38722,25.158641,55.287227,Trophy / Ultra-Prime,osm_dld_cadastral_enriched,0.88
425c8f33-a28b-4103-bdfe-a411796d2906,Residence 19,residence 19,Master Developer / DLD Registered,Dubai,District One & Meydan (MBR City),AE,"Residence 19, District One & Meydan (MBR City), Dubai, United Arab Emirates",,Luxury High-Rise Tower,0,96,DLD-PRJ-84660,75897 38754,25.158971,55.287543,Trophy / Ultra-Prime,osm_dld_cadastral_enriched,0.88
de95e580-f4c7-4a3c-b4e5-7e0e04fe08ac,Residence 20,residence 20,Master Developer / DLD Registered,Dubai,District One & Meydan (MBR City),AE,"Residence 20, District One & Meydan (MBR City), Dubai, United Arab Emirates",,Luxury High-Rise Tower,0,96,DLD-PRJ-83002,75930 38787,25.159305,55.287875,Trophy / Ultra-Prime,osm_dld_cadastral_enriched,0.88
a68752f5-a30f-4885-89f0-cb1832b764cc,Residence 21,residence 21,Master Developer / DLD Registered,Dubai,District One & Meydan (MBR City),AE,"Residence 21, District One & Meydan (MBR City), Dubai, United Arab Emirates",,Luxury High-Rise Tower,0,96,DLD-PRJ-89604,75963 38823,25.159638,55.288233,Trophy / Ultra-Prime,osm_dld_cadastral_enriched,0.88
ca3d7cb7-bf92-4b8c-aa6b-106c5868a779,Residence 22,residence 22,Master Developer / DLD Registered,Dubai,District One & Meydan (MBR City),AE,"Residence 22, District One & Meydan (MBR City), Dubai, United Arab Emirates",,Luxury High-Rise Tower,0,96,DLD-PRJ-13542,75992 38862,25.159922,55.288625,Trophy / Ultra-Prime,osm_dld_cadastral_enriched,0.88
1a302776-bd4a-4c5e-a6f5-d247e11a1aae,Residence 23,residence 23,Master Developer / DLD Registered,Dubai,District One & Meydan (MBR City),AE,"Residence 23, District One & Meydan (MBR City), Dubai, United Arab Emirates",,Luxury High-Rise Tower,0,96,DLD-PRJ-84606,76020 38917,25.160209,55.289178,Trophy / Ultra-Prime,osm_dld_cadastral_enriched,0.88
fe7a2bae-9849-4d75-b4fb-b1fe1a02a269,Residence 24,residence 24,Master Developer / DLD Registered,Dubai,District One & Meydan (MBR City),AE,"Residence 24, District One & Meydan (MBR City), Dubai, United Arab Emirates",,Luxury High-Rise Tower,0,96,DLD-PRJ-90436,76038 38964,25.160381,55.289645,Trophy / Ultra-Prime,osm_dld_cadastral_enriched,0.88
3badeaea-ab08-4f64-937c-8f7ef635087c,Residence 25,residence 25,Master Developer / DLD Registered,Dubai,District One & Meydan (MBR City),AE,"Residence 25, District One & Meydan (MBR City), Dubai, United Arab Emirates",,Luxury High-Rise Tower,0,96,DLD-PRJ-95397,76064 39013,25.160643,55.290134,Trophy / Ultra-Prime,osm_dld_cadastral_enriched,0.88
83cb1942-6cd0-4b95-b189-52d135bf576d,Residence 26,residence 26,Master Developer / DLD Registered,Dubai,District One & Meydan (MBR City),AE,"Residence 26, District One & Meydan (MBR City), Dubai, United Arab Emirates",,Luxury High-Rise Tower,0,96,DLD-PRJ-81141,76103 39058,25.161037,55.29059,Trophy / Ultra-Prime,osm_dld_cadastral_enriched,0.88
1e744dda-da9d-4935-84a6-f31368dcf82b,Residence 27,residence 27,Master Developer / DLD Registered,Dubai,District One & Meydan (MBR City),AE,"Residence 27, District One & Meydan (MBR City), Dubai, United Arab Emirates",,Luxury High-Rise Tower,0,96,DLD-PRJ-62677,76144 39087,25.161449,55.290879,Trophy / Ultra-Prime,osm_dld_cadastral_enriched,0.88
b9da7e26-fa21-4961-bbd6-204c64aee903,Residence 28,residence 28,Master Developer / DLD Registered,Dubai,District One & Meydan (MBR City),AE,"Residence 28, District One & Meydan (MBR City), Dubai, United Arab Emirates",,Luxury High-Rise Tower,0,96,DLD-PRJ-20822,76188 39107,25.161889,55.291076,Trophy / Ultra-Prime,osm_dld_cadastral_enriched,0.88
5ae72a0a-36af-4f76-ac3b-01af4d0bcf8c,Residence 29,residence 29,Master Developer / DLD Registered,Dubai,District One & Meydan (MBR City),AE,"Residence 29, District One & Meydan (MBR City), Dubai, United Arab Emirates",,Luxury High-Rise Tower,0,96,DLD-PRJ-11184,76233 39121,25.162338,55.291212,Trophy / Ultra-Prime,osm_dld_cadastral_enriched,0.88
98579f3f-48a2-4ff4-b0dd-f9c4f035a7cc,Residence 30,residence 30,Master Developer / DLD Registered,Dubai,District One & Meydan (MBR City),AE,"Residence 30, District One & Meydan (MBR City), Dubai, United Arab Emirates",,Luxury High-Rise Tower,0,96,DLD-PRJ-73357,76277 39134,25.162773,55.291342,Trophy / Ultra-Prime,osm_dld_cadastral_enriched,0.88
30e2435f-bdd5-43fd-8962-9ccb8cad33a5,Residence 31,residence 31,Master Developer / DLD Registered,Dubai,District One & Meydan (MBR City),AE,"Residence 31, District One & Meydan (MBR City), Dubai, United Arab Emirates",,Luxury High-Rise Tower,0,96,DLD-PRJ-34616,76320 39148,25.163208,55.291483,Trophy / Ultra-Prime,osm_dld_cadastral_enriched,0.88
f574141a-0387-4d27-9507-12663e567029,"Desert Leaf, Al Barari Residences, Dubai",desert leaf al barari residences dubai,Master Developer / DLD Registered,Dubai,Al Barari,AE,"Desert Leaf, Al Barari Residences, Dubai, Al Barari, Dubai, United Arab Emirates",,Luxury High-Rise Tower,0,96,DLD-PRJ-70488,70087 40994,25.100872,55.309942,Trophy / Ultra-Prime,osm_dld_cadastral_enriched,0.88
7c3cba65-3b61-4044-a143-6a5d56e13bb0,"Jasmine Leaf, Al Barari Residence, Dubai",jasmine leaf al barari residence dubai,Master Developer / DLD Registered,Dubai,Al Barari,AE,"Jasmine Leaf, Al Barari Residence, Dubai, Al Barari, Dubai, United Arab Emirates",,Luxury High-Rise Tower,0,96,DLD-PRJ-90718,69626 40889,25.096265,55.308895,Trophy / Ultra-Prime,osm_dld_cadastral_enriched,0.88
cc93f00a-b367-4bd4-ae79-8ed1d92e5eab,"Silk Leaf, Al Barari Residences, Dubai",silk leaf al barari residences dubai,Master Developer / DLD Registered,Dubai,Al Barari,AE,"Silk Leaf, Al Barari Residences, Dubai, Al Barari, Dubai, United Arab Emirates",,Luxury High-Rise Tower,0,96,DLD-PRJ-21692,69898 40595,25.098989,55.305953,Trophy / Ultra-Prime,osm_dld_cadastral_enriched,0.88
3f92e025-935b-4cca-a0ec-78080e2394e6,Jumeirah Heights,jumeirah heights,Master Developer / DLD Registered,Dubai,Dubai Marina,AE,"Jumeirah Heights, Dubai Marina, Dubai, United Arab Emirates",,Luxury High-Rise Tower,0,96,DLD-PRJ-61595,66545 24486,25.065458,55.144863,Trophy / Ultra-Prime,osm_dld_cadastral_enriched,0.88
edc5afd1-603c-4459-a759-a7040f56126c,Dubai Internet City,dubai internet city,Master Developer / DLD Registered,Dubai,Palm Jumeirah,AE,"Dubai Internet City, Palm Jumeirah, Dubai, United Arab Emirates",,Gated Residential Society,0,96,DLD-PRJ-63992,69561 26249,25.095617,55.162498,Trophy / Ultra-Prime,osm_dld_cadastral_enriched,0.88
3c501791-5dcb-490d-a2ef-b885a8c4fa0e,Mohammed Bin Rashid City,mohammed bin rashid city,Master Developer / DLD Registered,Dubai,District One & Meydan (MBR City),AE,"Mohammed Bin Rashid City, District One & Meydan (MBR City), Dubai, United Arab Emirates",,Gated Residential Society,0,96,DLD-PRJ-72770,76416 38447,25.164161,55.284472,Trophy / Ultra-Prime,osm_dld_cadastral_enriched,0.88
286ac313-4e72-43e2-845a-b78c68ff7ae9,Dubai Harbour,dubai harbour,Master Developer / DLD Registered,Dubai,Palm Jumeirah,AE,"Dubai Harbour, Palm Jumeirah, Dubai, United Arab Emirates",,Gated Residential Society,0,96,DLD-PRJ-60182,69563 23797,25.095638,55.137977,Trophy / Ultra-Prime,osm_dld_cadastral_enriched,0.88
64d8c417-e19f-4e1b-9ab6-07fac4c9e74e,Meydan,meydan,Master Developer / DLD Registered,Dubai,District One & Meydan (MBR City),AE,"Meydan, District One & Meydan (MBR City), Dubai, United Arab Emirates",,Gated Residential Society,0,96,DLD-PRJ-36114,76266 40803,25.162666,55.308031,Trophy / Ultra-Prime,osm_dld_cadastral_enriched,0.88
223bf1b7-0e45-49a4-851d-9cd07331d3f1,Dubai World Trade Centre,dubai world trade centre,Master Developer / DLD Registered,Dubai,DIFC,AE,"Dubai World Trade Centre, DIFC, Dubai, United Arab Emirates",,Gated Residential Society,0,96,DLD-PRJ-16741,82331 38718,25.22332,55.287181,Trophy / Ultra-Prime,osm_dld_cadastral_enriched,0.88
21db525f-4e59-4c8c-9183-3442903b3623,Hotel,hotel,Master Developer / DLD Registered,Dubai,District One & Meydan (MBR City),AE,"Hotel, District One & Meydan (MBR City), Dubai, United Arab Emirates",,Gated Residential Society,0,96,DLD-PRJ-63407,77458 41329,25.174586,55.313291,Trophy / Ultra-Prime,osm_dld_cadastral_enriched,0.88
9a80e7f2-cf00-4dcc-ae90-dd4d73568f8b,Vera Residences,vera residences,Master Developer / DLD Registered,Dubai,Downtown Dubai,AE,"Vera Residences, Marasi Dr, Downtown Dubai, Dubai, United Arab Emirates",,Luxury High-Rise Tower,0,96,DLD-PRJ-43104,78699 38271,25.186995,55.282714,Trophy / Ultra-Prime,osm_dld_cadastral_enriched,0.88
8198d0c3-3f48-4cd9-a580-b88be61d2671,The Old Town Residences B,the old town residences b,Master Developer / DLD Registered,Dubai,Downtown Dubai,AE,"The Old Town Residences B, Downtown Dubai, Dubai, United Arab Emirates",,Luxury High-Rise Tower,0,96,DLD-PRJ-51819,78917 37494,25.189171,55.274941,Trophy / Ultra-Prime,osm_dld_cadastral_enriched,0.88
15885dc9-203d-4bbf-9153-c9994da04c01,Marsa Al Arab Villas,marsa al arab villas,Master Developer / DLD Registered,Dubai,Madinat Jumeirah Living & Umm Suqeim,AE,"Marsa Al Arab Villas, Madinat Jumeirah Living & Umm Suqeim, Dubai, United Arab Emirates",,Ultra-Luxury Gated Villa Community,0,96,DLD-PRJ-33118,74708 28905,25.147084,55.189055,Trophy / Ultra-Prime,osm_dld_cadastral_enriched,0.88
36baedd8-46dc-4a16-ac27-ba4648ca6e17,Villa Amalfi,villa amalfi,Master Developer / DLD Registered,Dubai,"Jumeirah (1, 2, 3)",AE,"Villa Amalfi, Jumeirah (1, 2, 3), Dubai, United Arab Emirates",,Ultra-Luxury Gated Villa Community,0,96,DLD-PRJ-96278,81467 33693,25.214679,55.236938,Trophy / Ultra-Prime,osm_dld_cadastral_enriched,0.88
a5711f0b-ba0e-4a5f-9520-80e61b3cbaad,Lagoon Views,lagoon views,Master Developer / DLD Registered,Dubai,District One & Meydan (MBR City),AE,"Lagoon Views, District One & Meydan (MBR City), Dubai, United Arab Emirates",,Gated Residential Society,0,96,DLD-PRJ-68585,75537 38198,25.155372,55.281985,Trophy / Ultra-Prime,osm_dld_cadastral_enriched,0.88
fe221238-bed9-42ac-b94c-13272ff11fc0,Park Island,park island,Master Developer / DLD Registered,Dubai,Dubai Marina,AE,"Park Island, Dubai Marina, Dubai, United Arab Emirates",,Gated Residential Society,0,96,DLD-PRJ-11827,68210 24188,25.082108,55.141882,Trophy / Ultra-Prime,osm_dld_cadastral_enriched,0.88
d595009d-ba08-471d-9975-2a588107f8a4,Botanica Tower,botanica tower,Master Developer / DLD Registered,Dubai,Dubai Marina,AE,"Botanica Tower, Dubai Marina, Dubai, United Arab Emirates",,Luxury High-Rise Tower,0,96,DLD-PRJ-87236,68523 24230,25.08524,55.142303,Trophy / Ultra-Prime,osm_dld_cadastral_enriched,0.88
c27ca745-46b6-453d-b737-8811c2f65820,Marina Residences 4,marina residences 4,Master Developer / DLD Registered,Dubai,Palm Jumeirah,AE,"Marina Residences 4, Palm Jumeirah, Dubai, United Arab Emirates",,Luxury High-Rise Tower,0,96,DLD-PRJ-19167,71619 23877,25.116194,55.138772,Trophy / Ultra-Prime,osm_dld_cadastral_enriched,0.88
4ac109ee-1a35-468a-b3c8-89a049b35da0,Marina Residences 1,marina residences 1,Master Developer / DLD Registered,Dubai,Palm Jumeirah,AE,"Marina Residences 1, Palm Jumeirah, Dubai, United Arab Emirates",,Luxury High-Rise Tower,0,96,DLD-PRJ-58365,71358 23653,25.113581,55.136533,Trophy / Ultra-Prime,osm_dld_cadastral_enriched,0.88
ee299464-e73d-44db-b9e2-c832dad0f28e,Prime Views,prime views,Master Developer / DLD Registered,Dubai,District One & Meydan (MBR City),AE,"Prime Views, District One & Meydan (MBR City), Dubai, United Arab Emirates",,Gated Residential Society,0,96,DLD-PRJ-34134,75694 39414,25.156949,55.294144,Trophy / Ultra-Prime,osm_dld_cadastral_enriched,0.88
3b32c6d0-62fd-4ebb-bdf9-34b3e722ebca,Dubai Media City,dubai media city,Master Developer / DLD Registered,Dubai,Palm Jumeirah,AE,"Dubai Media City, Palm Jumeirah, Dubai, United Arab Emirates",,Gated Residential Society,0,96,DLD-PRJ-54806,69660 25986,25.096604,55.159866,Trophy / Ultra-Prime,osm_dld_cadastral_enriched,0.88
0e068100-84d4-4864-81ce-a3cfec18c4bb,Golden Mile,golden mile,Master Developer / DLD Registered,Dubai,Palm Jumeirah,AE,"Golden Mile, Palm Jumeirah, Dubai, United Arab Emirates",,Gated Residential Society,0,96,DLD-PRJ-85165,70693 24732,25.106939,55.147329,Trophy / Ultra-Prime,osm_dld_cadastral_enriched,0.88
10529198-26ad-41c3-a659-cd7a4deb5cd9,MAG 214,mag 214,MAG Property Development,Dubai,Dubai Marina,AE,"MAG 214, Dubai Marina, Dubai, United Arab Emirates",,Iconic Sky High-Rise Tower,41,328,DLD-PRJ-85426,67717 24759,25.077171,55.147595,Grade A Luxury,osm_dld_cadastral_enriched,0.99
eeecdad9-5f8a-4d46-9681-3fe7048ad732,La Riviera Tower,la riviera tower,Azizi Developments,Dubai,Dubai Marina,AE,"La Riviera Tower, Dubai Marina, Dubai, United Arab Emirates",,Ultra-Luxury High-Rise Tower,37,296,DLD-PRJ-15932,67316 23843,25.073167,55.138432,Grade A Luxury,osm_dld_cadastral_enriched,0.99
a02c30e5-77fa-4ba3-adf2-d9af6e712794,The Gardens,the gardens,Nakheel,Dubai,Al Furjan & Discovery Gardens,AE,"The Gardens, Al Furjan & Discovery Gardens, Dubai, United Arab Emirates",,Gated Residential Society,3,24,DLD-PRJ-48438,64003 23319,25.040031,55.133192,Grade A Luxury,osm_dld_cadastral_enriched,0.99
ff369b7b-cd8e-40ef-ac45-f087d0af4c10,The Gardens,the gardens,Nakheel,Dubai,Al Furjan & Discovery Gardens,AE,"The Gardens, Al Furjan & Discovery Gardens, Dubai, United Arab Emirates",,Gated Residential Society,3,24,DLD-PRJ-48438,63971 22601,25.039719,55.126018,Grade A Luxury,osm_dld_cadastral_enriched,0.99
0b0e496a-bdb1-4a81-9565-36164c91111b,The Gardens,the gardens,Nakheel,Dubai,Al Furjan & Discovery Gardens,AE,"The Gardens, Al Furjan & Discovery Gardens, Dubai, United Arab Emirates",,Gated Residential Society,3,24,DLD-PRJ-48438,63939 22953,25.039396,55.129539,Grade A Luxury,osm_dld_cadastral_enriched,0.99
206d5700-ab49-4796-99ad-a237bd7609f7,The Gardens,the gardens,Nakheel,Dubai,Al Furjan & Discovery Gardens,AE,"The Gardens, Al Furjan & Discovery Gardens, Dubai, United Arab Emirates",,Gated Residential Society,3,24,DLD-PRJ-48438,64231 23341,25.042318,55.133418,Grade A Luxury,osm_dld_cadastral_enriched,0.99
435da3c2-b8fa-4cd3-a524-940c5fabf6ff,The Gardens,the gardens,Nakheel,Dubai,Al Furjan & Discovery Gardens,AE,"The Gardens, Al Furjan & Discovery Gardens, Dubai, United Arab Emirates",,Gated Residential Society,3,24,DLD-PRJ-48438,64149 23079,25.041497,55.130793,Grade A Luxury,osm_dld_cadastral_enriched,0.99
6e26a47e-34da-4cee-a5a5-c711e6475876,The Gardens 8,the gardens 8,Nakheel,Dubai,Al Furjan & Discovery Gardens,AE,"The Gardens 8, Al Furjan & Discovery Gardens, Dubai, United Arab Emirates",,Luxury High-Rise Tower,10,80,DLD-PRJ-35395,64530 23189,25.045304,55.131896,Grade A Luxury,osm_dld_cadastral_enriched,0.99
f941f1bc-b0e3-4f55-8b7d-c33eab8b01ad,The Gardens 1,the gardens 1,Nakheel,Dubai,Al Furjan & Discovery Gardens,AE,"The Gardens 1, Al Furjan & Discovery Gardens, Dubai, United Arab Emirates",,Luxury High-Rise Tower,10,80,DLD-PRJ-95557,64489 23159,25.044895,55.1316,Grade A Luxury,osm_dld_cadastral_enriched,0.99
2e4534e4-81da-4fe8-8fd4-6d44a918ddad,The Gardens 4,the gardens 4,Nakheel,Dubai,Al Furjan & Discovery Gardens,AE,"The Gardens 4, Al Furjan & Discovery Gardens, Dubai, United Arab Emirates",,Luxury High-Rise Tower,10,80,DLD-PRJ-54837,64659 22931,25.046594,55.129319,Grade A Luxury,osm_dld_cadastral_enriched,0.99
e701b055-3a40-4bdd-b52f-e554e4843676,The Gardens 2,the gardens 2,Nakheel,Dubai,Al Furjan & Discovery Gardens,AE,"The Gardens 2, Al Furjan & Discovery Gardens, Dubai, United Arab Emirates",,Luxury High-Rise Tower,10,80,DLD-PRJ-98765,64526 23093,25.04526,55.130935,Grade A Luxury,osm_dld_cadastral_enriched,0.99
4c950a73-5b65-4dcb-b928-71bd99d43b45,The Gardens 5,the gardens 5,Nakheel,Dubai,Al Furjan & Discovery Gardens,AE,"The Gardens 5, Al Furjan & Discovery Gardens, Dubai, United Arab Emirates",,Luxury High-Rise Tower,10,80,DLD-PRJ-43939,64690 22964,25.046904,55.129645,Grade A Luxury,osm_dld_cadastral_enriched,0.99
37026208-8257-4519-93aa-496851ba6782,The Gardens,the gardens,Nakheel,Dubai,Al Furjan & Discovery Gardens,AE,"The Gardens, Al Furjan & Discovery Gardens, Dubai, United Arab Emirates",,Gated Residential Society,3,24,DLD-PRJ-48438,64368 22966,25.043683,55.129666,Grade A Luxury,osm_dld_cadastral_enriched,0.99
6ef534a0-3f8c-46b5-9532-f4fa52707d1e,The Gardens 7,the gardens 7,Nakheel,Dubai,Al Furjan & Discovery Gardens,AE,"The Gardens 7, Al Furjan & Discovery Gardens, Dubai, United Arab Emirates",,Luxury High-Rise Tower,10,80,DLD-PRJ-56747,64578 23134,25.045783,55.131343,Grade A Luxury,osm_dld_cadastral_enriched,0.99
a9531121-075e-4150-a0b5-8eb0892d129c,The Gardens 3,the gardens 3,Nakheel,Dubai,Al Furjan & Discovery Gardens,AE,"The Gardens 3, Al Furjan & Discovery Gardens, Dubai, United Arab Emirates",,Luxury High-Rise Tower,10,80,DLD-PRJ-37973,64604 22990,25.04604,55.129905,Grade A Luxury,osm_dld_cadastral_enriched,0.99
58f7ed9c-feb2-4646-9eb3-7a40f22357cc,The Gardens 6,the gardens 6,Nakheel,Dubai,Al Furjan & Discovery Gardens,AE,"The Gardens 6, Al Furjan & Discovery Gardens, Dubai, United Arab Emirates",,Luxury High-Rise Tower,10,80,DLD-PRJ-78639,64646 23035,25.046463,55.130358,Grade A Luxury,osm_dld_cadastral_enriched,0.99
eceb159b-3dba-413e-9930-60859d541dd6,La Riviera estate,la riviera estate,Azizi Developments,Dubai,Jumeirah Village Circle (JVC),AE,"La Riviera estate, Jumeirah Village Circle (JVC), Dubai, United Arab Emirates",,Gated Residential Society,3,24,DLD-PRJ-72640,66317 30235,25.063173,55.202355,Grade A Luxury,osm_dld_cadastral_enriched,0.99
97e574ca-b716-4fb7-9ba8-ef42f8ea033f,Ruby Residence,ruby residence,Deyaar Development,Dubai,Dubai Silicon Oasis & Liwan,AE,"Ruby Residence, 69 Street, Dubai Silicon Oasis & Liwan, Dubai, United Arab Emirates",,Luxury High-Rise Tower,9,72,DLD-PRJ-73952,71483 49038,25.114839,55.390388,Grade A Luxury,osm_dld_cadastral_enriched,0.99
4a5551f0-8025-4b2c-9a13-1bb5dc0d46fc,Wasl Vita,wasl vita,Wasl Properties,Dubai,"Jumeirah (1, 2, 3)",AE,"Wasl Vita, Al Wasl Road, Jumeirah (1, 2, 3), Dubai, United Arab Emirates",,Gated Residential Society,2,16,DLD-PRJ-43630,81026 35547,25.210266,55.255479,Grade A Luxury,osm_dld_cadastral_enriched,0.99
d2c56062-3b5e-4186-aa47-6120e3c7eb18,dar wasl,dar wasl,Wasl Properties,Dubai,"Jumeirah (1, 2, 3)",AE,"dar wasl, شارع الوصل, Jumeirah (1, 2, 3), Dubai, United Arab Emirates",,Gated Residential Society,3,24,DLD-PRJ-68985,79446 34579,25.194462,55.245795,Grade A Luxury,osm_dld_cadastral_enriched,0.99
90228f58-0a06-412b-b50b-cedbd00d27d1,Glitz Residence 1,glitz residence 1,Danube Properties,Dubai,Tilal Al Ghaf,AE,"Glitz Residence 1, Tilal Al Ghaf, Dubai, United Arab Emirates",,Luxury High-Rise Tower,9,72,DLD-PRJ-77717,64189 34741,25.041894,55.247417,Grade A Luxury,osm_dld_cadastral_enriched,0.99
de0ff544-8af4-4726-b438-3fd4d08f809d,Glitz Residence 2,glitz residence 2,Danube Properties,Dubai,Tilal Al Ghaf,AE,"Glitz Residence 2, Tilal Al Ghaf, Dubai, United Arab Emirates",,Luxury High-Rise Tower,9,72,DLD-PRJ-80041,64244 34834,25.04245,55.248345,Grade A Luxury,osm_dld_cadastral_enriched,0.99
a9bf4fda-774a-4e67-83a3-05b3f1821095,Binghatti Point,binghatti point,Binghatti Developers,Dubai,Dubai Silicon Oasis & Liwan,AE,"Binghatti Point, Dubai Silicon Oasis & Liwan, Dubai, United Arab Emirates",,Luxury High-Rise Tower,14,112,DLD-PRJ-93779,72164 47324,25.121647,55.373241,Grade A Luxury,osm_dld_cadastral_enriched,0.99
345a16ed-4114-4e73-9f96-46359f98d5c3,Binghatti Gardens,binghatti gardens,Binghatti Developers,Dubai,Dubai Silicon Oasis & Liwan,AE,"Binghatti Gardens, 54 Street, Dubai Silicon Oasis & Liwan, Dubai, United Arab Emirates",,Luxury High-Rise Tower,13,104,DLD-PRJ-64597,72366 47706,25.123666,55.377062,Grade A Luxury,osm_dld_cadastral_enriched,0.99
6aa00b80-5ae8-412a-88da-190a842beab3,Binghatti Terraces,binghatti terraces,Binghatti Developers,Dubai,Dubai Silicon Oasis & Liwan,AE,"Binghatti Terraces, 90 Street, Dubai Silicon Oasis & Liwan, Dubai, United Arab Emirates",,Luxury High-Rise Tower,10,80,DLD-PRJ-20938,72515 50158,25.125151,55.401582,Grade A Luxury,osm_dld_cadastral_enriched,0.99
5a61f5df-7709-4f96-a159-1cce4a79ab49,Binghatti Residence,binghatti residence,Binghatti Developers,Dubai,Dubai Silicon Oasis & Liwan,AE,"Binghatti Residence, 90 Street, Dubai Silicon Oasis & Liwan, Dubai, United Arab Emirates",,Luxury High-Rise Tower,9,72,DLD-PRJ-68063,72607 50250,25.126077,55.402506,Grade A Luxury,osm_dld_cadastral_enriched,0.99
de7e5ccb-3104-425d-91c5-3989b4ed4590,The Gardens,the gardens,Nakheel,Dubai,Al Furjan & Discovery Gardens,AE,"The Gardens, Al Furjan & Discovery Gardens, Dubai, United Arab Emirates",,Gated Residential Society,3,24,DLD-PRJ-48438,64197 22531,25.04198,55.125319,Grade A Luxury,osm_dld_cadastral_enriched,0.99
56be52c6-272a-44e0-b9a6-4eede756fb9a,DAMAC Heights,damac heights,DAMAC Properties,Dubai,Dubai Marina,AE,"DAMAC Heights, Dubai Marina, Dubai, United Arab Emirates",,Iconic Sky High-Rise Tower,86,688,DLD-PRJ-52853,68738 24555,25.087387,55.145555,Grade A Luxury,osm_dld_cadastral_enriched,0.99
0d03d827-40a7-4f30-8620-203fd248e366,The Gardens,the gardens,Nakheel,Dubai,Al Furjan & Discovery Gardens,AE,"The Gardens, Al Furjan & Discovery Gardens, Dubai, United Arab Emirates",,Gated Residential Society,3,24,DLD-PRJ-48438,64639 22845,25.046392,55.128453,Grade A Luxury,osm_dld_cadastral_enriched,0.99
32d579f7-2912-440c-a6ac-d140c52f1a29,The Gardens,the gardens,Nakheel,Dubai,Al Furjan & Discovery Gardens,AE,"The Gardens, Al Furjan & Discovery Gardens, Dubai, United Arab Emirates",,Gated Residential Society,3,24,DLD-PRJ-48438,64421 22668,25.044217,55.12668,Grade A Luxury,osm_dld_cadastral_enriched,0.99
d33a00dd-365c-4c13-b700-d7fa3058e361,The Gardens,the gardens,Nakheel,Dubai,Al Furjan & Discovery Gardens,AE,"The Gardens, Al Furjan & Discovery Gardens, Dubai, United Arab Emirates",,Gated Residential Society,3,24,DLD-PRJ-48438,64626 22545,25.046266,55.125454,Grade A Luxury,osm_dld_cadastral_enriched,0.99
f4fd3f43-5afb-439e-8039-30edf368889f,Binghatti Views,binghatti views,Binghatti Developers,Dubai,Dubai Silicon Oasis & Liwan,AE,"Binghatti Views, 54 Street, Dubai Silicon Oasis & Liwan, Dubai, United Arab Emirates",,Luxury High-Rise Tower,14,112,DLD-PRJ-10653,72303 47626,25.123034,55.376267,Grade A Luxury,osm_dld_cadastral_enriched,0.99
837cf5c2-71b1-456d-af6e-a149b6298a24,Azizi Riviera 2,azizi riviera 2,Azizi Developments,Dubai,District One & Meydan (MBR City),AE,"Azizi Riviera 2, District One & Meydan (MBR City), Dubai, United Arab Emirates",,Luxury High-Rise Tower,11,88,DLD-PRJ-72106,77430 39808,25.174303,55.298088,Grade A Luxury,osm_dld_cadastral_enriched,0.99
316a35ba-6a8c-4355-b772-d83449202bf1,Azizi Riviera 3,azizi riviera 3,Azizi Developments,Dubai,District One & Meydan (MBR City),AE,"Azizi Riviera 3, District One & Meydan (MBR City), Dubai, United Arab Emirates",,Luxury High-Rise Tower,10,80,DLD-PRJ-86492,77407 39900,25.174077,55.299008,Grade A Luxury,osm_dld_cadastral_enriched,0.99
96bd8eaa-79ac-4bd9-9c15-868672028904,Azizi Riviera 5,azizi riviera 5,Azizi Developments,Dubai,District One & Meydan (MBR City),AE,"Azizi Riviera 5, District One & Meydan (MBR City), Dubai, United Arab Emirates",,Luxury High-Rise Tower,10,80,DLD-PRJ-20504,77379 40053,25.173793,55.300531,Grade A Luxury,osm_dld_cadastral_enriched,0.99
3e366a37-5c4e-4051-8494-d0996616a8a7,Azizi Riviera 6,azizi riviera 6,Azizi Developments,Dubai,District One & Meydan (MBR City),AE,"Azizi Riviera 6, District One & Meydan (MBR City), Dubai, United Arab Emirates",,Luxury High-Rise Tower,10,80,DLD-PRJ-62550,77368 40130,25.173685,55.301306,Grade A Luxury,osm_dld_cadastral_enriched,0.99
bf2504ae-9b81-4ed4-80a3-aff18a5e733b,Azizi Riviera 7,azizi riviera 7,Azizi Developments,Dubai,District One & Meydan (MBR City),AE,"Azizi Riviera 7, District One & Meydan (MBR City), Dubai, United Arab Emirates",,Luxury High-Rise Tower,10,80,DLD-PRJ-41369,77358 40219,25.173582,55.30219,Grade A Luxury,osm_dld_cadastral_enriched,0.99
934a8801-828d-4259-ab9b-03d723637620,Azizi Riviera 8,azizi riviera 8,Azizi Developments,Dubai,District One & Meydan (MBR City),AE,"Azizi Riviera 8, District One & Meydan (MBR City), Dubai, United Arab Emirates",,Luxury High-Rise Tower,10,80,DLD-PRJ-93766,77281 40318,25.172817,55.303189,Grade A Luxury,osm_dld_cadastral_enriched,0.99
cf524caa-b9e2-4640-9696-22e100da1cf9,Azizi Riviera 17,azizi riviera 17,Azizi Developments,Dubai,District One & Meydan (MBR City),AE,"Azizi Riviera 17, District One & Meydan (MBR City), Dubai, United Arab Emirates",,Gated Residential Society,8,64,DLD-PRJ-33612,77304 40223,25.173041,55.302231,Grade A Luxury,osm_dld_cadastral_enriched,0.99
3916f6ef-a052-4743-b063-560d47b2f7dc,Azizi Riviera 18,azizi riviera 18,Azizi Developments,Dubai,District One & Meydan (MBR City),AE,"Azizi Riviera 18, District One & Meydan (MBR City), Dubai, United Arab Emirates",,Gated Residential Society,9,72,DLD-PRJ-17287,77316 40110,25.173161,55.301105,Grade A Luxury,osm_dld_cadastral_enriched,0.99
9f344e7e-e798-4960-920d-4513cc905dac,Azizi Riviera 4,azizi riviera 4,Azizi Developments,Dubai,District One & Meydan (MBR City),AE,"Azizi Riviera 4, District One & Meydan (MBR City), Dubai, United Arab Emirates",,Luxury High-Rise Tower,10,80,DLD-PRJ-56316,77320 40012,25.1732,55.300122,Grade A Luxury,osm_dld_cadastral_enriched,0.99
f8b6d368-eab0-421e-9a2b-22c2deed9a02,Azizi Riviera 1,azizi riviera 1,Azizi Developments,Dubai,District One & Meydan (MBR City),AE,"Azizi Riviera 1, District One & Meydan (MBR City), Dubai, United Arab Emirates",,Luxury High-Rise Tower,11,88,DLD-PRJ-52074,77318 39869,25.173188,55.298694,Grade A Luxury,osm_dld_cadastral_enriched,0.99
66c25fac-92c7-453b-876f-32914557b77e,Azizi Riviera 15,azizi riviera 15,Azizi Developments,Dubai,District One & Meydan (MBR City),AE,"Azizi Riviera 15, District One & Meydan (MBR City), Dubai, United Arab Emirates",,Gated Residential Society,9,72,DLD-PRJ-36657,77282 40102,25.172823,55.301025,Grade A Luxury,osm_dld_cadastral_enriched,0.99
3ee24ff4-fbda-4559-a859-49d426736137,Azizi Riviera 16,azizi riviera 16,Azizi Developments,Dubai,District One & Meydan (MBR City),AE,"Azizi Riviera 16, District One & Meydan (MBR City), Dubai, United Arab Emirates",,Luxury High-Rise Tower,10,80,DLD-PRJ-86505,77268 40220,25.172685,55.302203,Grade A Luxury,osm_dld_cadastral_enriched,0.99
43125c41-95c6-4580-b92f-da936e3ebfa8,Azizi Riviera 14,azizi riviera 14,Azizi Developments,Dubai,District One & Meydan (MBR City),AE,"Azizi Riviera 14, District One & Meydan (MBR City), Dubai, United Arab Emirates",,Gated Residential Society,9,72,DLD-PRJ-27441,77181 40214,25.17182,55.30214,Grade A Luxury,osm_dld_cadastral_enriched,0.99
8678e796-687a-4965-b521-cf16e5786689,Azizi Riviera 9,azizi riviera 9,Azizi Developments,Dubai,District One & Meydan (MBR City),AE,"Azizi Riviera 9, District One & Meydan (MBR City), Dubai, United Arab Emirates",,Gated Residential Society,9,72,DLD-PRJ-98122,77138 40314,25.171381,55.303141,Grade A Luxury,osm_dld_cadastral_enriched,0.99
e9e61be5-bc88-47df-a1a2-cf6a4037dc57,Glamz by Danube,glamz by danube,Danube Properties,Dubai,Al Furjan & Discovery Gardens,AE,"Glamz by Danube, Al Furjan & Discovery Gardens, Dubai, United Arab Emirates",,Gated Residential Society,5,40,DLD-PRJ-89750,63350 24175,25.033505,55.141757,Grade A Luxury,osm_dld_cadastral_enriched,0.99
b2981669-e203-42fd-810e-3a0ea606b4a3,Starz by Danube,starz by danube,Danube Properties,Dubai,Al Furjan & Discovery Gardens,AE,"Starz by Danube, Al Furjan & Discovery Gardens, Dubai, United Arab Emirates",,Gated Residential Society,2,16,DLD-PRJ-29003,63200 24064,25.032005,55.140643,Grade A Luxury,osm_dld_cadastral_enriched,0.99
69c1b909-9e4f-4aa9-afef-f7215ae78906,Shaista by Azizi,shaista by azizi,Azizi Developments,Dubai,Al Furjan & Discovery Gardens,AE,"Shaista by Azizi, Al Furjan & Discovery Gardens, Dubai, United Arab Emirates",,Gated Residential Society,3,24,DLD-PRJ-56163,63032 24026,25.030327,55.140261,Grade A Luxury,osm_dld_cadastral_enriched,0.99
3b9f0768-8247-447c-9340-b2f9a9b9b788,Samia by Azizi,samia by azizi,Azizi Developments,Dubai,Al Furjan & Discovery Gardens,AE,"Samia by Azizi, Al Furjan & Discovery Gardens, Dubai, United Arab Emirates",,Luxury High-Rise Tower,14,112,DLD-PRJ-89647,62581 23889,25.025813,55.138897,Grade A Luxury,osm_dld_cadastral_enriched,0.99
2d2b4b3d-7444-4d09-b664-74cd5e0c5063,Azizi Feirouz Residence,azizi feirouz residence,Azizi Developments,Dubai,Al Furjan & Discovery Gardens,AE,"Azizi Feirouz Residence, Al Furjan & Discovery Gardens, Dubai, United Arab Emirates",,Luxury High-Rise Tower,12,96,DLD-PRJ-58817,63311 24744,25.033111,55.147443,Grade A Luxury,osm_dld_cadastral_enriched,0.99
d7f78b1d-ebe2-47a7-bb10-6e5f0943ca7d,Azizi Yasamine Residence,azizi yasamine residence,Azizi Developments,Dubai,Al Furjan & Discovery Gardens,AE,"Azizi Yasamine Residence, Al Furjan & Discovery Gardens, Dubai, United Arab Emirates",,Luxury High-Rise Tower,12,96,DLD-PRJ-66397,63340 24703,25.033401,55.147039,Grade A Luxury,osm_dld_cadastral_enriched,0.99
99701857-5981-498f-bcf1-a58799ca3e83,Azizi Iris Residence,azizi iris residence,Azizi Developments,Dubai,Al Furjan & Discovery Gardens,AE,"Azizi Iris Residence, Al Furjan & Discovery Gardens, Dubai, United Arab Emirates",,Luxury High-Rise Tower,12,96,DLD-PRJ-81502,63199 24899,25.031991,55.148995,Grade A Luxury,osm_dld_cadastral_enriched,0.99
a0686204-e392-4985-b46f-35ec72fe7258,Azizi Orchid Residence,azizi orchid residence,Azizi Developments,Dubai,Al Furjan & Discovery Gardens,AE,"Azizi Orchid Residence, Al Furjan & Discovery Gardens, Dubai, United Arab Emirates",,Luxury High-Rise Tower,12,96,DLD-PRJ-36453,63170 24938,25.031705,55.149385,Grade A Luxury,osm_dld_cadastral_enriched,0.99
59b74607-24f8-4a21-a954-f0682db9f8d7,Azizi Liatris Residence,azizi liatris residence,Azizi Developments,Dubai,Al Furjan & Discovery Gardens,AE,"Azizi Liatris Residence, Al Furjan & Discovery Gardens, Dubai, United Arab Emirates",,Luxury High-Rise Tower,12,96,DLD-PRJ-22042,63138 24981,25.031385,55.149813,Grade A Luxury,osm_dld_cadastral_enriched,0.99
667395e0-f41a-4772-bac5-54d1fb60be96,Azizi Tulip Residence,azizi tulip residence,Azizi Developments,Dubai,Al Furjan & Discovery Gardens,AE,"Azizi Tulip Residence, Al Furjan & Discovery Gardens, Dubai, United Arab Emirates",,Luxury High-Rise Tower,12,96,DLD-PRJ-77361,62869 25349,25.028693,55.153492,Grade A Luxury,osm_dld_cadastral_enriched,0.99
1a8e8a80-1f05-45f7-90ea-d7eed0c193f4,Azizi Freesia Residence,azizi freesia residence,Azizi Developments,Dubai,Al Furjan & Discovery Gardens,AE,"Azizi Freesia Residence, Al Furjan & Discovery Gardens, Dubai, United Arab Emirates",,Luxury High-Rise Tower,12,96,DLD-PRJ-59339,62670 25620,25.026709,55.156202,Grade A Luxury,osm_dld_cadastral_enriched,0.99
eb4ab1c4-5861-41ea-ab5f-16539a6f540f,Azizi Daisy Residence,azizi daisy residence,Azizi Developments,Dubai,Al Furjan & Discovery Gardens,AE,"Azizi Daisy Residence, Al Furjan & Discovery Gardens, Dubai, United Arab Emirates",,Luxury High-Rise Tower,12,96,DLD-PRJ-35803,62703 25575,25.027034,55.155756,Grade A Luxury,osm_dld_cadastral_enriched,0.99
51558bc6-d399-4309-8f8d-b7cd37e0dff6,Damac Maison Majestine,damac maison majestine,DAMAC Properties,Dubai,Downtown Dubai,AE,"Damac Maison Majestine, Downtown Dubai, Dubai, United Arab Emirates",,Luxury High-Rise Tower,19,152,DLD-PRJ-88733,78649 38204,25.186498,55.282046,Grade A Luxury,osm_dld_cadastral_enriched,0.99
60113eb5-9813-41c0-8f7b-580beb2d7e53,Binghatti Gate,binghatti gate,Binghatti Developers,Dubai,Jumeirah Village Circle (JVC),AE,"Binghatti Gate, Jumeirah Village Circle (JVC), Dubai, United Arab Emirates",,Gated Residential Society,9,72,DLD-PRJ-91334,66269 29926,25.062699,55.199263,Grade A Luxury,osm_dld_cadastral_enriched,0.99
c94abf57-fe91-4929-920d-8b9829d919dd,Binghatti Platinum,binghatti platinum,Binghatti Developers,Dubai,Dubai Silicon Oasis & Liwan,AE,"Binghatti Platinum, 92 Street, Dubai Silicon Oasis & Liwan, Dubai, United Arab Emirates",,Luxury High-Rise Tower,12,96,DLD-PRJ-72508,71343 48757,25.113438,55.387575,Grade A Luxury,osm_dld_cadastral_enriched,0.99
d04a201d-f6e5-46df-9b4f-579f877ad416,Binghatti Diamonds,binghatti diamonds,Binghatti Developers,Dubai,Dubai Silicon Oasis & Liwan,AE,"Binghatti Diamonds, 92 Street, Dubai Silicon Oasis & Liwan, Dubai, United Arab Emirates",,Luxury High-Rise Tower,12,96,DLD-PRJ-12693,71402 48671,25.11403,55.386714,Grade A Luxury,osm_dld_cadastral_enriched,0.99
1bf5d44f-b1e9-4594-ae9c-a9feb0f1ec1b,Binghatti Stars,binghatti stars,Binghatti Developers,Dubai,Dubai Silicon Oasis & Liwan,AE,"Binghatti Stars, Dubai Silicon Oasis & Liwan, Dubai, United Arab Emirates",,Luxury High-Rise Tower,16,128,DLD-PRJ-96846,71253 47610,25.112536,55.376102,Grade A Luxury,osm_dld_cadastral_enriched,0.99
ffb21d2f-79e1-4b57-a9c7-a219db80cab7,Binghatti Horizons,binghatti horizons,Binghatti Developers,Dubai,Dubai Silicon Oasis & Liwan,AE,"Binghatti Horizons, 97 Street, Dubai Silicon Oasis & Liwan, Dubai, United Arab Emirates",,Luxury High-Rise Tower,14,112,DLD-PRJ-23708,72059 47268,25.120593,55.372683,Grade A Luxury,osm_dld_cadastral_enriched,0.99
d790b6b2-2912-4bf0-88a2-ec99b6c5696a,Azizi Riviera 10,azizi riviera 10,Azizi Developments,Dubai,District One & Meydan (MBR City),AE,"Azizi Riviera 10, District One & Meydan (MBR City), Dubai, United Arab Emirates",,Luxury High-Rise Tower,10,80,DLD-PRJ-64622,77118 40238,25.171188,55.302383,Grade A Luxury,osm_dld_cadastral_enriched,0.99
59c51879-3c53-47b7-aee0-f208cfba7703,Azizi Riviera 11,azizi riviera 11,Azizi Developments,Dubai,District One & Meydan (MBR City),AE,"Azizi Riviera 11, District One & Meydan (MBR City), Dubai, United Arab Emirates",,Luxury High-Rise Tower,10,80,DLD-PRJ-62457,77125 40169,25.171252,55.301694,Grade A Luxury,osm_dld_cadastral_enriched,0.99
5efb1718-4b81-46e8-a44e-47b3dcc17984,Azizi Riviera 12,azizi riviera 12,Azizi Developments,Dubai,District One & Meydan (MBR City),AE,"Azizi Riviera 12, District One & Meydan (MBR City), Dubai, United Arab Emirates",,Luxury High-Rise Tower,10,80,DLD-PRJ-23612,77134 40090,25.171348,55.300902,Grade A Luxury,osm_dld_cadastral_enriched,0.99
b227c466-4313-457b-8950-b24146dfced7,Azizi Riviera 23,azizi riviera 23,Azizi Developments,Dubai,District One & Meydan (MBR City),AE,"Azizi Riviera 23, District One & Meydan (MBR City), Dubai, United Arab Emirates",,Luxury High-Rise Tower,11,88,DLD-PRJ-13755,77344 40689,25.173448,55.3069,Grade A Luxury,osm_dld_cadastral_enriched,0.99
a8a8e32d-fef3-455c-8340-a497e9887671,Azizi Riviera 22,azizi riviera 22,Azizi Developments,Dubai,District One & Meydan (MBR City),AE,"Azizi Riviera 22, District One & Meydan (MBR City), Dubai, United Arab Emirates",,Luxury High-Rise Tower,11,88,DLD-PRJ-43591,77342 40607,25.173422,55.30607,Grade A Luxury,osm_dld_cadastral_enriched,0.99
03ba38bf-4977-4a32-ac31-ef02f6e86de3,Azizi Riviera 21,azizi riviera 21,Azizi Developments,Dubai,District One & Meydan (MBR City),AE,"Azizi Riviera 21, District One & Meydan (MBR City), Dubai, United Arab Emirates",,Luxury High-Rise Tower,11,88,DLD-PRJ-96635,77340 40526,25.173407,55.305261,Grade A Luxury,osm_dld_cadastral_enriched,0.99
6797e87d-c5d4-44d4-a3bc-62572e313780,Azizi Riviera 20,azizi riviera 20,Azizi Developments,Dubai,District One & Meydan (MBR City),AE,"Azizi Riviera 20, District One & Meydan (MBR City), Dubai, United Arab Emirates",,Luxury High-Rise Tower,11,88,DLD-PRJ-25042,77342 40442,25.173421,55.30443,Grade A Luxury,osm_dld_cadastral_enriched,0.99
c1bee19d-86fc-4128-b30d-d00fd6b02c95,Azizi Riviera 26,azizi riviera 26,Azizi Developments,Dubai,District One & Meydan (MBR City),AE,"Azizi Riviera 26, District One & Meydan (MBR City), Dubai, United Arab Emirates",,Gated Residential Society,9,72,DLD-PRJ-57508,77286 40508,25.172861,55.305089,Grade A Luxury,osm_dld_cadastral_enriched,0.99
88d32031-196f-41c3-8ef5-95198895bad2,Azizi Riviera 25,azizi riviera 25,Azizi Developments,Dubai,District One & Meydan (MBR City),AE,"Azizi Riviera 25, District One & Meydan (MBR City), Dubai, United Arab Emirates",,Gated Residential Society,9,72,DLD-PRJ-88264,77289 40627,25.172893,55.306271,Grade A Luxury,osm_dld_cadastral_enriched,0.99
57af2e95-6e68-44e1-9508-e901d89c370f,Azizi Riviera 28,azizi riviera 28,Azizi Developments,Dubai,District One & Meydan (MBR City),AE,"Azizi Riviera 28, District One & Meydan (MBR City), Dubai, United Arab Emirates",,Gated Residential Society,9,72,DLD-PRJ-21136,77252 40630,25.172526,55.306304,Grade A Luxury,osm_dld_cadastral_enriched,0.99
dec36363-b3a4-4a6b-9eab-2b5c21090869,Azizi Riviera 27,azizi riviera 27,Azizi Developments,Dubai,District One & Meydan (MBR City),AE,"Azizi Riviera 27, District One & Meydan (MBR City), Dubai, United Arab Emirates",,Gated Residential Society,9,72,DLD-PRJ-41888,77253 40508,25.172533,55.305083,Grade A Luxury,osm_dld_cadastral_enriched,0.99
8bc87062-3268-4a2a-9240-d8d5d4f3cb58,Azizi Riviera 19,azizi riviera 19,Azizi Developments,Dubai,District One & Meydan (MBR City),AE,"Azizi Riviera 19, District One & Meydan (MBR City), Dubai, United Arab Emirates",,Luxury High-Rise Tower,10,80,DLD-PRJ-78113,77277 40413,25.172773,55.304132,Grade A Luxury,osm_dld_cadastral_enriched,0.99
a6046cd8-07f0-4f66-aba6-f17715f2ad61,Azizi Riviera 34,azizi riviera 34,Azizi Developments,Dubai,District One & Meydan (MBR City),AE,"Azizi Riviera 34, District One & Meydan (MBR City), Dubai, United Arab Emirates",,Gated Residential Society,9,72,DLD-PRJ-52131,77165 40507,25.171654,55.305072,Grade A Luxury,osm_dld_cadastral_enriched,0.99
18064275-da4c-4a85-8096-1dc2f78fcdf5,Azizi Riviera 35,azizi riviera 35,Azizi Developments,Dubai,District One & Meydan (MBR City),AE,"Azizi Riviera 35, District One & Meydan (MBR City), Dubai, United Arab Emirates",,Gated Residential Society,9,72,DLD-PRJ-37656,77165 40633,25.171659,55.306338,Grade A Luxury,osm_dld_cadastral_enriched,0.99
7bd28ce0-14fb-4a81-b38f-832129b97304,Azizi Riviera 29,azizi riviera 29,Azizi Developments,Dubai,District One & Meydan (MBR City),AE,"Azizi Riviera 29, District One & Meydan (MBR City), Dubai, United Arab Emirates",,Gated Residential Society,9,72,DLD-PRJ-84439,77135 40736,25.171356,55.307365,Grade A Luxury,osm_dld_cadastral_enriched,0.99
f82904bc-07a3-4f06-b060-14108ca0d41a,Azizi Riviera 30,azizi riviera 30,Azizi Developments,Dubai,District One & Meydan (MBR City),AE,"Azizi Riviera 30, District One & Meydan (MBR City), Dubai, United Arab Emirates",,Luxury High-Rise Tower,11,88,DLD-PRJ-18726,77110 40663,25.171107,55.306632,Grade A Luxury,osm_dld_cadastral_enriched,0.99
5583fca6-47c4-4ec2-bd88-cd070b95d49c,Azizi Riviera 31,azizi riviera 31,Azizi Developments,Dubai,District One & Meydan (MBR City),AE,"Azizi Riviera 31, District One & Meydan (MBR City), Dubai, United Arab Emirates",,Luxury High-Rise Tower,11,88,DLD-PRJ-97002,77110 40594,25.171107,55.305947,Grade A Luxury,osm_dld_cadastral_enriched,0.99
38c567f4-98df-4bd5-ad64-5fea3c2d79e7,Azizi Riviera 32,azizi riviera 32,Azizi Developments,Dubai,District One & Meydan (MBR City),AE,"Azizi Riviera 32, District One & Meydan (MBR City), Dubai, United Arab Emirates",,Gated Residential Society,8,64,DLD-PRJ-79235,77109 40497,25.1711,55.304977,Grade A Luxury,osm_dld_cadastral_enriched,0.99
46676a61-4ec6-4abc-805c-a2e99eaaacd0,Azizi Riviera 33,azizi riviera 33,Azizi Developments,Dubai,District One & Meydan (MBR City),AE,"Azizi Riviera 33, District One & Meydan (MBR City), Dubai, United Arab Emirates",,Gated Residential Society,9,72,DLD-PRJ-40312,77131 40409,25.171315,55.304092,Grade A Luxury,osm_dld_cadastral_enriched,0.99
68acfbf0-0b29-4174-8262-26b694145b94,Binghatti Sapphires,binghatti sapphires,Binghatti Developers,Dubai,Dubai Silicon Oasis & Liwan,AE,"Binghatti Sapphires, 62 Street, Dubai Silicon Oasis & Liwan, Dubai, United Arab Emirates",,Luxury High-Rise Tower,12,96,DLD-PRJ-13277,71653 47266,25.11653,55.372663,Grade A Luxury,osm_dld_cadastral_enriched,0.99
83d60b08-d10c-4964-96e6-51e23e0c9011,Azizi Riviera 13,azizi riviera 13,Azizi Developments,Dubai,District One & Meydan (MBR City),AE,"Azizi Riviera 13, District One & Meydan (MBR City), Dubai, United Arab Emirates",,Gated Residential Society,9,72,DLD-PRJ-21870,77194 40089,25.171945,55.300893,Grade A Luxury,osm_dld_cadastral_enriched,0.99
601df5e6-36a7-42ea-b056-d3542476cce2,Azizi Riviera 24,azizi riviera 24,Azizi Developments,Dubai,District One & Meydan (MBR City),AE,"Azizi Riviera 24, District One & Meydan (MBR City), Dubai, United Arab Emirates",,Luxury High-Rise Tower,10,80,DLD-PRJ-62049,77277 40722,25.172777,55.307226,Grade A Luxury,osm_dld_cadastral_enriched,0.99
64872f36-5daa-4a8e-8c31-aa6e193af9b3,Azizi Riviera 46,azizi riviera 46,Azizi Developments,Dubai,District One & Meydan (MBR City),AE,"Azizi Riviera 46, District One & Meydan (MBR City), Dubai, United Arab Emirates",,Luxury High-Rise Tower,11,88,DLD-PRJ-37897,77193 41016,25.171938,55.310161,Grade A Luxury,osm_dld_cadastral_enriched,0.99
d167b415-b9b0-49a7-bf32-10986a0ab360,Azizi Riviera 47,azizi riviera 47,Azizi Developments,Dubai,District One & Meydan (MBR City),AE,"Azizi Riviera 47, District One & Meydan (MBR City), Dubai, United Arab Emirates",,Gated Residential Society,9,72,DLD-PRJ-45886,77210 41189,25.172108,55.311898,Grade A Luxury,osm_dld_cadastral_enriched,0.99
15fef62d-a199-478b-9ab9-c59b277ffad0,Azizi Riviera 41,azizi riviera 41,Azizi Developments,Dubai,District One & Meydan (MBR City),AE,"Azizi Riviera 41, District One & Meydan (MBR City), Dubai, United Arab Emirates",,Luxury High-Rise Tower,11,88,DLD-PRJ-59646,77324 41135,25.173249,55.311356,Grade A Luxury,osm_dld_cadastral_enriched,0.99
406a02d7-2261-499e-8b53-f137e6e1c229,Azizi Riviera 45,azizi riviera 45,Azizi Developments,Dubai,District One & Meydan (MBR City),AE,"Azizi Riviera 45, District One & Meydan (MBR City), Dubai, United Arab Emirates",,Luxury High-Rise Tower,10,80,DLD-PRJ-89773,77286 41036,25.172864,55.310365,Grade A Luxury,osm_dld_cadastral_enriched,0.99
894ee018-e71f-433e-9fbc-15c74f42eb72,Azizi Riviera 42,azizi riviera 42,Azizi Developments,Dubai,District One & Meydan (MBR City),AE,"Azizi Riviera 42, District One & Meydan (MBR City), Dubai, United Arab Emirates",,Luxury High-Rise Tower,10,80,DLD-PRJ-93378,77320 41028,25.1732,55.310282,Grade A Luxury,osm_dld_cadastral_enriched,0.99
c2b83af7-07b8-437f-8cd7-6ee680f72212,Azizi Riviera 43,azizi riviera 43,Azizi Developments,Dubai,District One & Meydan (MBR City),AE,"Azizi Riviera 43, District One & Meydan (MBR City), Dubai, United Arab Emirates",,Luxury High-Rise Tower,10,80,DLD-PRJ-25846,77306 40920,25.173063,55.309208,Grade A Luxury,osm_dld_cadastral_enriched,0.99
5f6206c0-35a9-495d-8955-d099e107f0a1,Azizi Riviera 44,azizi riviera 44,Azizi Developments,Dubai,District One & Meydan (MBR City),AE,"Azizi Riviera 44, District One & Meydan (MBR City), Dubai, United Arab Emirates",,Luxury High-Rise Tower,10,80,DLD-PRJ-46749,77271 40924,25.172711,55.309243,Grade A Luxury,osm_dld_cadastral_enriched,0.99
44f0b502-95bb-4f3e-9a85-023c39c6dace,Azizi Riviera 37,azizi riviera 37,Azizi Developments,Dubai,District One & Meydan (MBR City),AE,"Azizi Riviera 37, District One & Meydan (MBR City), Dubai, United Arab Emirates",,Luxury High-Rise Tower,11,88,DLD-PRJ-68324,77351 40838,25.173514,55.308387,Grade A Luxury,osm_dld_cadastral_enriched,0.99
72682674-72df-4c77-96f7-e9859364ad26,Azizi Riviera 38,azizi riviera 38,Azizi Developments,Dubai,District One & Meydan (MBR City),AE,"Azizi Riviera 38, District One & Meydan (MBR City), Dubai, United Arab Emirates",,Luxury High-Rise Tower,11,88,DLD-PRJ-14641,77359 40919,25.173593,55.309193,Grade A Luxury,osm_dld_cadastral_enriched,0.99
641f45b5-bdb2-4938-a695-04aa123f1414,Azizi Riviera 39,azizi riviera 39,Azizi Developments,Dubai,District One & Meydan (MBR City),AE,"Azizi Riviera 39, District One & Meydan (MBR City), Dubai, United Arab Emirates",,Luxury High-Rise Tower,11,88,DLD-PRJ-42046,77374 41000,25.173742,55.310007,Grade A Luxury,osm_dld_cadastral_enriched,0.99
18d56765-6cbd-4907-a312-4b0c2c07988c,Azizi Riviera 40,azizi riviera 40,Azizi Developments,Dubai,District One & Meydan (MBR City),AE,"Azizi Riviera 40, District One & Meydan (MBR City), Dubai, United Arab Emirates",,Luxury High-Rise Tower,12,96,DLD-PRJ-32245,77388 41074,25.173881,55.310742,Grade A Luxury,osm_dld_cadastral_enriched,0.99
9427ef8b-7017-47b8-90f1-3655cefe6843,Azizi Riviera 36,azizi riviera 36,Azizi Developments,Dubai,District One & Meydan (MBR City),AE,"Azizi Riviera 36, District One & Meydan (MBR City), Dubai, United Arab Emirates",,Luxury High-Rise Tower,10,80,DLD-PRJ-52041,77282 40816,25.172829,55.308163,Grade A Luxury,osm_dld_cadastral_enriched,0.99
74f3d2cb-a0e0-474b-83f9-99add52df153,Azizi Riviera 48,azizi riviera 48,Azizi Developments,Dubai,District One & Meydan (MBR City),AE,"Azizi Riviera 48, District One & Meydan (MBR City), Dubai, United Arab Emirates",,Luxury High-Rise Tower,11,88,DLD-PRJ-35640,77220 41248,25.172201,55.31249,Grade A Luxury,osm_dld_cadastral_enriched,0.99
ec267e3c-52f4-4f21-91a0-f39a966ea7a8,Binghatti Corner,binghatti corner,Binghatti Developers,Dubai,Jumeirah Village Circle (JVC),AE,"Binghatti Corner, Jumeirah Village Circle (JVC), Dubai, United Arab Emirates",,Ultra-Luxury High-Rise Tower,35,280,DLD-PRJ-15506,66395 30154,25.063952,55.201541,Grade A Luxury,osm_dld_cadastral_enriched,0.99
e8655c53-88d6-43ba-ab54-7930561a591e,Binghatti Heights,binghatti heights,Binghatti Developers,Dubai,Jumeirah Village Circle (JVC),AE,"Binghatti Heights, Jumeirah Village Circle (JVC), Dubai, United Arab Emirates",,Ultra-Luxury High-Rise Tower,35,280,DLD-PRJ-88811,66474 30198,25.06474,55.201988,Grade A Luxury,osm_dld_cadastral_enriched,0.99
0d1ca39e-56c3-4d72-a8e6-759e2740b8a2,Burj Binghatti Jacob & Co Residences,burj binghatti jacob co residences,Binghatti Developers,Dubai,Downtown Dubai,AE,"Burj Binghatti Jacob & Co Residences, Downtown Dubai, Dubai, United Arab Emirates",,Iconic Sky High-Rise Tower,41,328,DLD-PRJ-24074,78681 39301,25.18681,55.293014,Grade A Luxury,osm_dld_cadastral_enriched,0.99
280712c5-815c-43cf-bfd6-e740537c6fcb,Damac Merano Tower,damac merano tower,DAMAC Properties,Dubai,"Jumeirah (1, 2, 3)",AE,"Damac Merano Tower, Jumeirah (1, 2, 3), Dubai, United Arab Emirates",,Ultra-Luxury High-Rise Tower,30,240,DLD-PRJ-20616,78519 36040,25.185198,55.260404,Grade A Luxury,osm_dld_cadastral_enriched,0.99
7f1722bc-8572-4b4e-8afc-874f1a93b8bc,Wasl Square,wasl square,Wasl Properties,Dubai,"Jumeirah (1, 2, 3)",AE,"Wasl Square, Jumeirah (1, 2, 3), Dubai, United Arab Emirates",,Gated Residential Society,0,96,DLD-PRJ-98905,78543 33905,25.185432,55.239055,Grade A Luxury,osm_dld_cadastral_enriched,0.96
7040437b-4287-416a-a1cb-66a8bc09056a,MAG 218,mag 218,MAG Property Development,Dubai,Dubai Marina,AE,"MAG 218, شارع المرسى, Dubai Marina, Dubai, United Arab Emirates",,Gated Residential Society,0,96,DLD-PRJ-54127,68803 24903,25.088037,55.149035,Grade A Luxury,osm_dld_cadastral_enriched,0.96
f180b1b1-0df0-4326-8c67-538853fccb5f,Al Nakheel 2,al nakheel 2,Nakheel,Dubai,Emirates Hills,AE,"Al Nakheel 2, Emirates Hills, Dubai, United Arab Emirates",,Gated Residential Society,0,96,DLD-PRJ-89081,69448 27009,25.094487,55.170098,Grade A Luxury,osm_dld_cadastral_enriched,0.96
af05055c-2c68-44b1-b4ce-61265d988b49,Al Nakheel 1,al nakheel 1,Nakheel,Dubai,Emirates Hills,AE,"Al Nakheel 1, Emirates Hills, Dubai, United Arab Emirates",,Gated Residential Society,0,96,DLD-PRJ-57287,69391 26948,25.093916,55.169482,Grade A Luxury,osm_dld_cadastral_enriched,0.96
e379733f-f6ee-425e-a3a5-7608fe6c58ea,Al Nakheel 3,al nakheel 3,Nakheel,Dubai,Emirates Hills,AE,"Al Nakheel 3, Emirates Hills, Dubai, United Arab Emirates",,Gated Residential Society,0,96,DLD-PRJ-32418,69390 27071,25.093909,55.170719,Grade A Luxury,osm_dld_cadastral_enriched,0.96
66c347b4-e20e-4bef-89ea-c1c38297c735,Al Nakheel 4,al nakheel 4,Nakheel,Dubai,Emirates Hills,AE,"Al Nakheel 4, Emirates Hills, Dubai, United Arab Emirates",,Gated Residential Society,0,96,DLD-PRJ-13869,69332 27007,25.093325,55.170075,Grade A Luxury,osm_dld_cadastral_enriched,0.96
8537fc31-5f21-41c1-b18c-834a377ed42d,Discovery Gardens,discovery gardens,Nakheel,Dubai,Al Furjan & Discovery Gardens,AE,"Discovery Gardens, Al Furjan & Discovery Gardens, Dubai, United Arab Emirates",,Gated Residential Society,0,96,DLD-PRJ-90815,63816 24470,25.038168,55.144705,Grade A Luxury,osm_dld_cadastral_enriched,0.96
c3513eab-b0b7-4398-96aa-4984b7a6a5fe,Damac Residence,damac residence,DAMAC Properties,Dubai,Jumeirah Village Triangle (JVT),AE,"Damac Residence, Jumeirah Village Triangle (JVT), Dubai, United Arab Emirates",,Luxury High-Rise Tower,0,96,DLD-PRJ-76997,64286 28876,25.042861,55.188762,Grade A Luxury,osm_dld_cadastral_enriched,0.96
816be674-4346-4a18-b08e-0b822d6028be,DAMAC Paramount Hotel & Residence,damac paramount hotel residence,DAMAC Properties,Dubai,Downtown Dubai,AE,"DAMAC Paramount Hotel & Residence, Downtown Dubai, Dubai, United Arab Emirates",,Luxury High-Rise Tower,0,96,DLD-PRJ-54047,78593 39171,25.185936,55.291716,Grade A Luxury,osm_dld_cadastral_enriched,0.96
6b80068f-e30c-4aeb-be8a-302e7c10dff0,"The Turf, Damac Hills, Dubai",the turf damac hills dubai,DAMAC Properties,Dubai,Tilal Al Ghaf,AE,"The Turf, Damac Hills, Dubai, Tilal Al Ghaf, Dubai, United Arab Emirates",,Gated Residential Society,0,96,DLD-PRJ-87013,62085 35476,25.020852,55.254764,Grade A Luxury,osm_dld_cadastral_enriched,0.96
ec3a8505-ce41-4129-b812-9c6d046f2ac6,"Longview, Damac Hills, Dubai",longview damac hills dubai,DAMAC Properties,Dubai,Damac Hills & Lagoons,AE,"Longview, Damac Hills, Dubai, Damac Hills & Lagoons, Dubai, United Arab Emirates",,Gated Residential Society,0,96,DLD-PRJ-15363,62267 35783,25.022676,55.257832,Grade A Luxury,osm_dld_cadastral_enriched,0.96
bb14878f-419e-46ed-8a36-27fdf7315642,"The Field, Damac Hills, Dubai",the field damac hills dubai,DAMAC Properties,Dubai,Damac Hills & Lagoons,AE,"The Field, Damac Hills, Dubai, Damac Hills & Lagoons, Dubai, United Arab Emirates",,Gated Residential Society,0,96,DLD-PRJ-64907,62644 36087,25.026449,55.260876,Grade A Luxury,osm_dld_cadastral_enriched,0.96
55cb00bb-1485-4e56-a52d-b9a564b27a4b,"Rockwood, Damac Hills, Dubai",rockwood damac hills dubai,DAMAC Properties,Dubai,Damac Hills & Lagoons,AE,"Rockwood, Damac Hills, Dubai, Damac Hills & Lagoons, Dubai, United Arab Emirates",,Gated Residential Society,0,96,DLD-PRJ-55084,61883 35980,25.018833,55.25981,Grade A Luxury,osm_dld_cadastral_enriched,0.96
cc942c5b-b9e5-4b38-8e16-df36bf74d6bd,"Rochester, Damac Hills, Dubai",rochester damac hills dubai,DAMAC Properties,Dubai,Damac Hills & Lagoons,AE,"Rochester, Damac Hills, Dubai, Damac Hills & Lagoons, Dubai, United Arab Emirates",,Gated Residential Society,0,96,DLD-PRJ-37048,61601 35897,25.016016,55.258976,Grade A Luxury,osm_dld_cadastral_enriched,0.96
ab99ec82-1901-48bd-9bf8-6046ef22339f,"Pelham Villas, Damac Hills, Dubai",pelham villas damac hills dubai,DAMAC Properties,Dubai,Damac Hills & Lagoons,AE,"Pelham Villas, Damac Hills, Dubai, Damac Hills & Lagoons, Dubai, United Arab Emirates",,Ultra-Luxury Gated Villa Community,0,96,DLD-PRJ-58939,61336 35981,25.013365,55.259813,Grade A Luxury,osm_dld_cadastral_enriched,0.96
37f3ef4b-dcfa-4360-bfbe-77de3979fa82,Al Badia Hillside Village,al badia hillside village,Al Futtaim Group,Dubai,Dubai Festival City & Culture Village,AE,"Al Badia Hillside Village, Al Badia Hillside Village, Dubai Festival City & Culture Village, Dubai, United Arab Emirates",,Ultra-Luxury Gated Villa Community,0,96,DLD-PRJ-36772,82040 46294,25.220409,55.362942,Grade A Luxury,osm_dld_cadastral_enriched,0.96
1d38fd30-7e6b-48ef-bc1f-56545732d08e,Al Badia Hillside Village,al badia hillside village,Al Futtaim Group,Dubai,Dubai Festival City & Culture Village,AE,"Al Badia Hillside Village, Al Badia Hillside Village, Dubai Festival City & Culture Village, Dubai, United Arab Emirates",,Ultra-Luxury Gated Villa Community,0,96,DLD-PRJ-36772,82159 46038,25.221592,55.360388,Grade A Luxury,osm_dld_cadastral_enriched,0.96
9b2ed50e-c6c3-4d05-9875-a9aac81b22b5,Emirates Gardens by DAMAC,emirates gardens by damac,DAMAC Properties,Dubai,Jumeirah Village Circle (JVC),AE,"Emirates Gardens by DAMAC, 14 Street, Jumeirah Village Circle (JVC), Dubai, United Arab Emirates",,Gated Residential Society,0,96,DLD-PRJ-53942,65207 31500,25.052079,55.215003,Grade A Luxury,osm_dld_cadastral_enriched,0.96
a903f0a3-75e4-4c26-bd06-00e8e500e42c,Dreamz by Danube,dreamz by danube,Danube Properties,Dubai,Al Furjan & Discovery Gardens,AE,"Dreamz by Danube, Al Furjan & Discovery Gardens, Dubai, United Arab Emirates",,Gated Residential Society,0,96,DLD-PRJ-25863,62531 23712,25.025318,55.137121,Grade A Luxury,osm_dld_cadastral_enriched,0.96
c8214a15-891d-417e-9b5c-7615766b6a7c,"Topanga, Damac Hills, Dubai",topanga damac hills dubai,DAMAC Properties,Dubai,Damac Hills & Lagoons,AE,"Topanga, Damac Hills, Dubai, Damac Hills & Lagoons, Dubai, United Arab Emirates",,Gated Residential Society,0,96,DLD-PRJ-38378,62451 36181,25.024516,55.261811,Grade A Luxury,osm_dld_cadastral_enriched,0.96
9cd70de0-39be-4c96-9739-f5ef36e6f441,"Richmond, Damac Hills, Dubai",richmond damac hills dubai,DAMAC Properties,Dubai,Damac Hills & Lagoons,AE,"Richmond, Damac Hills, Dubai, Damac Hills & Lagoons, Dubai, United Arab Emirates",,Gated Residential Society,0,96,DLD-PRJ-41515,62181 36232,25.02182,55.262323,Grade A Luxury,osm_dld_cadastral_enriched,0.96
548ae14b-f614-48df-8996-b4ff8ed609c5,"Trinity Villas, Damac Hills, Dubai",trinity villas damac hills dubai,DAMAC Properties,Dubai,Damac Hills & Lagoons,AE,"Trinity Villas, Damac Hills, Dubai, Damac Hills & Lagoons, Dubai, United Arab Emirates",,Ultra-Luxury Gated Villa Community,0,96,DLD-PRJ-17758,61198 35660,25.011982,55.256606,Grade A Luxury,osm_dld_cadastral_enriched,0.96
4773463d-ecb1-41ed-a80c-8e63f236ce23,Wasl square villas,wasl square villas,Wasl Properties,Dubai,"Jumeirah (1, 2, 3)",AE,"Wasl square villas, Jumeirah (1, 2, 3), Dubai, United Arab Emirates",,Ultra-Luxury Gated Villa Community,0,96,DLD-PRJ-55651,78486 34070,25.184866,55.240707,Grade A Luxury,osm_dld_cadastral_enriched,0.96
08d0c828-e500-42d4-a69a-90a28a0a924e,Al Wasl Village,al wasl village,Wasl Properties,Dubai,Madinat Jumeirah Living & Umm Suqeim,AE,"Al Wasl Village, Madinat Jumeirah Living & Umm Suqeim, Dubai, United Arab Emirates",,Ultra-Luxury Gated Villa Community,0,96,DLD-PRJ-95371,76437 32426,25.164373,55.224261,Grade A Luxury,osm_dld_cadastral_enriched,0.96
4284b8df-7750-48fb-9445-a3778aa4cef6,The Gardens Apartments,the gardens apartments,Nakheel,Dubai,Al Furjan & Discovery Gardens,AE,"The Gardens Apartments, Al Furjan & Discovery Gardens, Dubai, United Arab Emirates",,Gated Residential Society,0,96,DLD-PRJ-15254,64587 23065,25.045877,55.130659,Grade A Luxury,osm_dld_cadastral_enriched,0.96
5fe2dff6-880f-4c54-b06e-5d57cf903396,Millennium Binghatti Residence,millennium binghatti residence,Binghatti Developers,Dubai,"Jumeirah (1, 2, 3)",AE,"Millennium Binghatti Residence, Jumeirah (1, 2, 3), Dubai, United Arab Emirates",,Luxury High-Rise Tower,0,96,DLD-PRJ-89847,78083 36915,25.180834,55.269156,Grade A Luxury,osm_dld_cadastral_enriched,0.96
032682a2-831d-46e2-bcca-e5a43e782cc7,Binghatti Canal,binghatti canal,Binghatti Developers,Dubai,Downtown Dubai,AE,"Binghatti Canal, Downtown Dubai, Dubai, United Arab Emirates",,Gated Residential Society,0,96,DLD-PRJ-20698,78608 38617,25.186088,55.286172,Grade A Luxury,osm_dld_cadastral_enriched,0.96
1fc55d75-a419-4979-aab4-1b734f76bdac,Al Wasl Building,al wasl building,Wasl Properties,Dubai,Al Mamzar & Waterfront Towers,AE,"Al Wasl Building, Al Mamzar & Waterfront Towers, Dubai, United Arab Emirates",,Gated Residential Society,0,96,DLD-PRJ-69446,89002 47174,25.290024,55.37175,Grade A Luxury,osm_dld_cadastral_enriched,0.96
c032ede6-8835-4e5b-ba9b-94ed2bdaaef6,"The Mansions, Jumeirah Islands",the mansions jumeirah islands,Nakheel,Dubai,The Meadows & Springs,AE,"The Mansions, Jumeirah Islands, The Meadows & Springs, Dubai, United Arab Emirates",,Ultra-Luxury Gated Villa Community,0,96,DLD-PRJ-24561,65195 26100,25.05195,55.161007,Grade A Luxury,osm_dld_cadastral_enriched,0.96
5eabab83-67dd-41b8-90bd-7241a59de341,"District 3, Jumeirah Park",district 3 jumeirah park,Nakheel,Dubai,Al Furjan & Discovery Gardens,AE,"District 3, Jumeirah Park, Al Furjan & Discovery Gardens, Dubai, United Arab Emirates",,Gated Residential Society,0,96,DLD-PRJ-42169,65041 24694,25.050415,55.146943,Grade A Luxury,osm_dld_cadastral_enriched,0.96
db094d41-9674-4873-abdc-1e6bd06743a7,"District 4, Jumeirah Park",district 4 jumeirah park,Nakheel,Dubai,Al Furjan & Discovery Gardens,AE,"District 4, Jumeirah Park, Al Furjan & Discovery Gardens, Dubai, United Arab Emirates",,Gated Residential Society,0,96,DLD-PRJ-58730,65131 25277,25.051315,55.152777,Grade A Luxury,osm_dld_cadastral_enriched,0.96
6b289ef9-0eae-4b6f-aa3b-f424ab8bc726,"District 5, Jumeirah Park",district 5 jumeirah park,Nakheel,Dubai,The Meadows & Springs,AE,"District 5, Jumeirah Park, The Meadows & Springs, Dubai, United Arab Emirates",,Gated Residential Society,0,96,DLD-PRJ-85704,64571 25501,25.045715,55.155012,Grade A Luxury,osm_dld_cadastral_enriched,0.96
8cb0993e-dd1c-4a48-8050-ba7a4b5320ca,"District 6, Jumeirah Park",district 6 jumeirah park,Nakheel,Dubai,The Meadows & Springs,AE,"District 6, Jumeirah Park, The Meadows & Springs, Dubai, United Arab Emirates",,Gated Residential Society,0,96,DLD-PRJ-11366,64592 26082,25.045923,55.160825,Grade A Luxury,osm_dld_cadastral_enriched,0.96
1fb852a1-0a44-4e02-acea-61ba616252bd,"District 9, Jumeirah Park",district 9 jumeirah park,Nakheel,Dubai,The Meadows & Springs,AE,"District 9, Jumeirah Park, The Meadows & Springs, Dubai, United Arab Emirates",,Gated Residential Society,0,96,DLD-PRJ-52576,64601 26991,25.046019,55.16991,Grade A Luxury,osm_dld_cadastral_enriched,0.96
5baa7213-ff18-4da9-a767-f9b7e732ee5a,Nakheel Circle Villas,nakheel circle villas,Nakheel,Dubai,Jumeirah Village Circle (JVC),AE,"Nakheel Circle Villas, Jumeirah Village Circle (JVC), Dubai, United Arab Emirates",,Ultra-Luxury Gated Villa Community,0,96,DLD-PRJ-92595,65658 30799,25.056589,55.207998,Grade A Luxury,osm_dld_cadastral_enriched,0.96
ec2a28f6-0d1e-42a0-a9d1-a05f7af668b5,"Palma Residences, Palm Jumeirah",palma residences palm jumeirah,Nakheel,Dubai,Palm Jumeirah,AE,"Palma Residences, Palm Jumeirah, Palm Jumeirah, Dubai, United Arab Emirates",,Luxury High-Rise Tower,0,96,DLD-PRJ-73648,71280 24696,25.112809,55.146965,Grade A Luxury,osm_dld_cadastral_enriched,0.96
d4559b22-b83b-4db2-a575-c5a906443208,"Signature Villas Frond K, Palm Jumeirah",signature villas frond k palm jumeirah,Nakheel,Dubai,Palm Jumeirah,AE,"Signature Villas Frond K, Palm Jumeirah, Palm Jumeirah, Dubai, United Arab Emirates",,Ultra-Luxury Gated Villa Community,0,96,DLD-PRJ-19826,71775 22208,25.117759,55.122086,Grade A Luxury,osm_dld_cadastral_enriched,0.96
86d26313-09f7-49e7-967f-a6fb18384cbf,"Signature Villas Frond L, Palm Jumeirah",signature villas frond l palm jumeirah,Nakheel,Dubai,Palm Jumeirah,AE,"Signature Villas Frond L, Palm Jumeirah, Palm Jumeirah, Dubai, United Arab Emirates",,Ultra-Luxury Gated Villa Community,0,96,DLD-PRJ-39860,71447 22318,25.114474,55.123188,Grade A Luxury,osm_dld_cadastral_enriched,0.96
fd978a9b-4f93-428c-8048-5a29989db78c,"Signature Villas Frond M, Palm Jumeirah",signature villas frond m palm jumeirah,Nakheel,Dubai,Palm Jumeirah,AE,"Signature Villas Frond M, Palm Jumeirah, Palm Jumeirah, Dubai, United Arab Emirates",,Ultra-Luxury Gated Villa Community,0,96,DLD-PRJ-52301,71195 22576,25.111953,55.125767,Grade A Luxury,osm_dld_cadastral_enriched,0.96
048d58d7-9303-4048-a1d7-6a1aae979045,"Signature Villas Frond N, Palm Jumeirah",signature villas frond n palm jumeirah,Nakheel,Dubai,Palm Jumeirah,AE,"Signature Villas Frond N, Palm Jumeirah, Palm Jumeirah, Dubai, United Arab Emirates",,Ultra-Luxury Gated Villa Community,0,96,DLD-PRJ-87741,71102 22841,25.11103,55.128417,Grade A Luxury,osm_dld_cadastral_enriched,0.96
9e046417-5935-48a7-907e-5d7ea109b094,"Signature Villas Frond O, Palm Jumeirah",signature villas frond o palm jumeirah,Nakheel,Dubai,Palm Jumeirah,AE,"Signature Villas Frond O, Palm Jumeirah, Palm Jumeirah, Dubai, United Arab Emirates",,Ultra-Luxury Gated Villa Community,0,96,DLD-PRJ-65599,71075 23127,25.110758,55.131272,Grade A Luxury,osm_dld_cadastral_enriched,0.96
69563ddb-6a4c-471a-8407-69cd72df4dfd,"Signature Villas Frond P, Palm Jumeirah",signature villas frond p palm jumeirah,Nakheel,Dubai,Palm Jumeirah,AE,"Signature Villas Frond P, Palm Jumeirah, Palm Jumeirah, Dubai, United Arab Emirates",,Ultra-Luxury Gated Villa Community,0,96,DLD-PRJ-29535,71138 23332,25.111384,55.133329,Grade A Luxury,osm_dld_cadastral_enriched,0.96
f691e81f-490a-48ef-a5ec-f90a376a606b,"Signature Villas Frond J, Palm Jumeirah",signature villas frond j palm jumeirah,Nakheel,Dubai,Palm Jumeirah,AE,"Signature Villas Frond J, Palm Jumeirah, Palm Jumeirah, Dubai, United Arab Emirates",,Ultra-Luxury Gated Villa Community,0,96,DLD-PRJ-47696,72172 22266,25.121727,55.122669,Grade A Luxury,osm_dld_cadastral_enriched,0.96
80060a8a-0ba7-43e2-a475-d40dfe4e4141,"Signature Villas Frond G, Palm Jumeirah",signature villas frond g palm jumeirah,Nakheel,Dubai,Palm Jumeirah,AE,"Signature Villas Frond G, Palm Jumeirah, Palm Jumeirah, Dubai, United Arab Emirates",,Ultra-Luxury Gated Villa Community,0,96,DLD-PRJ-27749,72836 22734,25.128364,55.127342,Grade A Luxury,osm_dld_cadastral_enriched,0.96
664d25ea-7efa-4dfc-a2ff-e196138c287c,"Signature Villas Frond F, Palm Jumeirah",signature villas frond f palm jumeirah,Nakheel,Dubai,Palm Jumeirah,AE,"Signature Villas Frond F, Palm Jumeirah, Palm Jumeirah, Dubai, United Arab Emirates",,Ultra-Luxury Gated Villa Community,0,96,DLD-PRJ-33998,72834 23156,25.128348,55.131566,Grade A Luxury,osm_dld_cadastral_enriched,0.96
6be67ac8-0e68-4f1b-99a4-7c394c6e3c3f,"Signature Villas Frond E, Palm Jumeirah",signature villas frond e palm jumeirah,Nakheel,Dubai,Palm Jumeirah,AE,"Signature Villas Frond E, Palm Jumeirah, Palm Jumeirah, Dubai, United Arab Emirates",,Ultra-Luxury Gated Villa Community,0,96,DLD-PRJ-59957,72828 23538,25.12829,55.135387,Grade A Luxury,osm_dld_cadastral_enriched,0.96
1bb3f2a8-a2c1-416b-8d04-b6c7717853f8,"Signature Villas Frond D, Palm Jumeirah",signature villas frond d palm jumeirah,Nakheel,Dubai,Palm Jumeirah,AE,"Signature Villas Frond D, Palm Jumeirah, Palm Jumeirah, Dubai, United Arab Emirates",,Ultra-Luxury Gated Villa Community,0,96,DLD-PRJ-46070,72628 23853,25.126282,55.13853,Grade A Luxury,osm_dld_cadastral_enriched,0.96
b67c0b97-eb39-4ac0-a7a9-944eb4351ba9,"Signature Villas Frond C, Palm Jumeirah",signature villas frond c palm jumeirah,Nakheel,Dubai,Palm Jumeirah,AE,"Signature Villas Frond C, Palm Jumeirah, Palm Jumeirah, Dubai, United Arab Emirates",,Ultra-Luxury Gated Villa Community,0,96,DLD-PRJ-18038,72379 23998,25.123796,55.139988,Grade A Luxury,osm_dld_cadastral_enriched,0.96
395823a6-e5a6-4b49-8e2e-61121ee84be4,"Signature Villas Frond B, Palm Jumeirah",signature villas frond b palm jumeirah,Nakheel,Dubai,Palm Jumeirah,AE,"Signature Villas Frond B, Palm Jumeirah, Palm Jumeirah, Dubai, United Arab Emirates",,Ultra-Luxury Gated Villa Community,0,96,DLD-PRJ-63177,72129 24083,25.121291,55.140831,Grade A Luxury,osm_dld_cadastral_enriched,0.96
4733ec2b-3ff3-4017-9bad-017feafe6748,"Signature Villas Frond A, Palm Jumeirah",signature villas frond a palm jumeirah,Nakheel,Dubai,Palm Jumeirah,AE,"Signature Villas Frond A, Palm Jumeirah, Palm Jumeirah, Dubai, United Arab Emirates",,Ultra-Luxury Gated Villa Community,0,96,DLD-PRJ-45967,71904 24123,25.119043,55.141237,Grade A Luxury,osm_dld_cadastral_enriched,0.96
2ee6810e-b9f3-498f-a700-98f2225bfadf,"Phoenix Villas, Damac Hills, Dubai",phoenix villas damac hills dubai,DAMAC Properties,Dubai,Damac Hills & Lagoons,AE,"Phoenix Villas, Damac Hills, Dubai, Damac Hills & Lagoons, Dubai, United Arab Emirates",,Ultra-Luxury Gated Villa Community,0,96,DLD-PRJ-69725,61901 35508,25.019011,55.255083,Grade A Luxury,osm_dld_cadastral_enriched,0.96
4801cd78-ff05-4f17-aec7-307abe988535,"Calero, Damac Hills, Dubai",calero damac hills dubai,DAMAC Properties,Dubai,Tilal Al Ghaf,AE,"Calero, Damac Hills, Dubai, Tilal Al Ghaf, Dubai, United Arab Emirates",,Gated Residential Society,0,96,DLD-PRJ-54611,61749 35394,25.017495,55.253949,Grade A Luxury,osm_dld_cadastral_enriched,0.96
93adc505-692c-4ceb-859b-b98950fc6f5d,Palm Jumeirah,palm jumeirah,Nakheel,Dubai,Palm Jumeirah,AE,"Palm Jumeirah, Palm Jumeirah, Dubai, United Arab Emirates",,Gated Residential Society,0,96,DLD-PRJ-94890,72774 25152,25.127745,55.151522,Grade A Luxury,osm_dld_cadastral_enriched,0.96
97f3b532-ac36-4ae1-8c82-659d10fe5fe5,Binghatti Crest,binghatti crest,Binghatti Developers,Dubai,Jumeirah Golf Estates,AE,"Binghatti Crest, Jumeirah Golf Estates, Dubai, United Arab Emirates",,Gated Residential Society,0,96,DLD-PRJ-63986,64893 30675,25.048939,55.206753,Grade A Luxury,osm_dld_cadastral_enriched,0.96
c750b167-129b-464c-8d2e-e89ba19f668f,Azizi Riviera 49,azizi riviera 49,Azizi Developments,Dubai,District One & Meydan (MBR City),AE,"Azizi Riviera 49, District One & Meydan (MBR City), Dubai, United Arab Emirates",,Gated Residential Society,0,96,DLD-PRJ-97290,77221 41370,25.172214,55.313706,Grade A Luxury,osm_dld_cadastral_enriched,0.96
d9bedd40-9748-4a72-9575-02aef0e585cf,Azizi Riviera 50,azizi riviera 50,Azizi Developments,Dubai,District One & Meydan (MBR City),AE,"Azizi Riviera 50, District One & Meydan (MBR City), Dubai, United Arab Emirates",,Gated Residential Society,0,96,DLD-PRJ-10651,77353 41338,25.173532,55.313386,Grade A Luxury,osm_dld_cadastral_enriched,0.96
3ad20729-8cfb-46f7-a396-16431863333c,Azizi Riviera 51,azizi riviera 51,Azizi Developments,Dubai,District One & Meydan (MBR City),AE,"Azizi Riviera 51, District One & Meydan (MBR City), Dubai, United Arab Emirates",,Gated Residential Society,0,96,DLD-PRJ-39891,77539 41436,25.1754,55.31436,Grade A Luxury,osm_dld_cadastral_enriched,0.96
70b22992-4bcc-4624-84b0-956fd8f0d6ea,Azizi Riviera 52,azizi riviera 52,Azizi Developments,Dubai,District One & Meydan (MBR City),AE,"Azizi Riviera 52, District One & Meydan (MBR City), Dubai, United Arab Emirates",,Gated Residential Society,0,96,DLD-PRJ-51597,77570 41503,25.175709,55.315034,Grade A Luxury,osm_dld_cadastral_enriched,0.96
4ec196ae-04c4-4c0e-af9a-b0f5347be1b7,Azizi Riviera 53,azizi riviera 53,Azizi Developments,Dubai,District One & Meydan (MBR City),AE,"Azizi Riviera 53, District One & Meydan (MBR City), Dubai, United Arab Emirates",,Gated Residential Society,0,96,DLD-PRJ-84979,77637 41622,25.176374,55.316221,Grade A Luxury,osm_dld_cadastral_enriched,0.96
bd93f275-30b7-4618-b946-4557cd38aeb5,Azizi Riviera 55,azizi riviera 55,Azizi Developments,Dubai,District One & Meydan (MBR City),AE,"Azizi Riviera 55, District One & Meydan (MBR City), Dubai, United Arab Emirates",,Gated Residential Society,0,96,DLD-PRJ-98786,77591 41709,25.175918,55.31709,Grade A Luxury,osm_dld_cadastral_enriched,0.96
698e7440-dfb1-42c6-ad21-6e5fc8d9db62,Azizi Riviera 56,azizi riviera 56,Azizi Developments,Dubai,District One & Meydan (MBR City),AE,"Azizi Riviera 56, District One & Meydan (MBR City), Dubai, United Arab Emirates",,Gated Residential Society,0,96,DLD-PRJ-66714,77539 41626,25.175394,55.316267,Grade A Luxury,osm_dld_cadastral_enriched,0.96
8cd8563a-ddcf-443e-90f4-b5b880a2a32e,Azizi Riviera 54,azizi riviera 54,Azizi Developments,Dubai,District One & Meydan (MBR City),AE,"Azizi Riviera 54, District One & Meydan (MBR City), Dubai, United Arab Emirates",,Gated Residential Society,0,96,DLD-PRJ-68374,77661 41768,25.176614,55.317683,Grade A Luxury,osm_dld_cadastral_enriched,0.96
10ed0614-dd1c-41a0-8bc1-0d47aa410a49,Azizi Riviera 63,azizi riviera 63,Azizi Developments,Dubai,District One & Meydan (MBR City),AE,"Azizi Riviera 63, District One & Meydan (MBR City), Dubai, United Arab Emirates",,Gated Residential Society,0,96,DLD-PRJ-98485,77350 41435,25.173506,55.314351,Grade A Luxury,osm_dld_cadastral_enriched,0.96
a65d3d3f-dbed-4696-9642-1c689058b9cd,Azizi Riviera 65,azizi riviera 65,Azizi Developments,Dubai,District One & Meydan (MBR City),AE,"Azizi Riviera 65, District One & Meydan (MBR City), Dubai, United Arab Emirates",,Gated Residential Society,0,96,DLD-PRJ-57300,77307 41449,25.173076,55.314499,Grade A Luxury,osm_dld_cadastral_enriched,0.96
de88349e-73d7-4a32-9d35-86c21918af5c,Azizi Riviera 67,azizi riviera 67,Azizi Developments,Dubai,District One & Meydan (MBR City),AE,"Azizi Riviera 67, District One & Meydan (MBR City), Dubai, United Arab Emirates",,Gated Residential Society,0,96,DLD-PRJ-33422,77246 41470,25.172463,55.314709,Grade A Luxury,osm_dld_cadastral_enriched,0.96
69bdcb9a-98b9-409c-972b-7311f5409916,Azizi Riviera 69,azizi riviera 69,Azizi Developments,Dubai,District One & Meydan (MBR City),AE,"Azizi Riviera 69, District One & Meydan (MBR City), Dubai, United Arab Emirates",,Gated Residential Society,0,96,DLD-PRJ-10223,77216 41480,25.172164,55.314806,Grade A Luxury,osm_dld_cadastral_enriched,0.96
cc7cd4d6-b294-47de-aaa0-d1284efe59e1,Azizi Riviera 66,azizi riviera 66,Azizi Developments,Dubai,District One & Meydan (MBR City),AE,"Azizi Riviera 66, District One & Meydan (MBR City), Dubai, United Arab Emirates",,Gated Residential Society,0,96,DLD-PRJ-63541,77301 41580,25.173011,55.31581,Grade A Luxury,osm_dld_cadastral_enriched,0.96
0d02d7c0-35eb-43d2-b2af-5f4125a7364f,Azizi Riviera 68,azizi riviera 68,Azizi Developments,Dubai,District One & Meydan (MBR City),AE,"Azizi Riviera 68, District One & Meydan (MBR City), Dubai, United Arab Emirates",,Gated Residential Society,0,96,DLD-PRJ-76586,77270 41595,25.17271,55.315956,Grade A Luxury,osm_dld_cadastral_enriched,0.96
7042e5dd-371b-408c-9f23-5d432bb320e3,Azizi Riviera 62,azizi riviera 62,Azizi Developments,Dubai,District One & Meydan (MBR City),AE,"Azizi Riviera 62, District One & Meydan (MBR City), Dubai, United Arab Emirates",,Gated Residential Society,0,96,DLD-PRJ-42988,77390 41515,25.173908,55.315154,Grade A Luxury,osm_dld_cadastral_enriched,0.96
381fb2a1-ac69-4048-b57e-c54cb80616ac,Azizi Riviera 64,azizi riviera 64,Azizi Developments,Dubai,District One & Meydan (MBR City),AE,"Azizi Riviera 64, District One & Meydan (MBR City), Dubai, United Arab Emirates",,Gated Residential Society,0,96,DLD-PRJ-69065,77349 41536,25.173493,55.315364,Grade A Luxury,osm_dld_cadastral_enriched,0.96
20353be9-3c19-4b33-a6e8-4b1c4dddc37f,Azizi Riviera 61,azizi riviera 61,Azizi Developments,Dubai,District One & Meydan (MBR City),AE,"Azizi Riviera 61, District One & Meydan (MBR City), Dubai, United Arab Emirates",,Gated Residential Society,0,96,DLD-PRJ-79416,77421 41440,25.174211,55.314404,Grade A Luxury,osm_dld_cadastral_enriched,0.96
554a55ca-682f-4faa-83ec-8b9980a9eac9,Azizi Riviera 59,azizi riviera 59,Azizi Developments,Dubai,District One & Meydan (MBR City),AE,"Azizi Riviera 59, District One & Meydan (MBR City), Dubai, United Arab Emirates",,Gated Residential Society,0,96,DLD-PRJ-71409,77460 41437,25.174603,55.314378,Grade A Luxury,osm_dld_cadastral_enriched,0.96
550ba43d-c9a1-4c8e-89fe-21fa9a68baaf,Azizi Riviera 58,azizi riviera 58,Azizi Developments,Dubai,District One & Meydan (MBR City),AE,"Azizi Riviera 58, District One & Meydan (MBR City), Dubai, United Arab Emirates",,Gated Residential Society,0,96,DLD-PRJ-46812,77496 41510,25.174969,55.315103,Grade A Luxury,osm_dld_cadastral_enriched,0.96
48f86119-5544-4100-a582-7ca0a1cf6b9a,Azizi Riviera 60,azizi riviera 60,Azizi Developments,Dubai,District One & Meydan (MBR City),AE,"Azizi Riviera 60, District One & Meydan (MBR City), Dubai, United Arab Emirates",,Gated Residential Society,0,96,DLD-PRJ-25256,77464 41521,25.174645,55.315218,Grade A Luxury,osm_dld_cadastral_enriched,0.96
d1f5604c-aec7-44b4-a2ab-e00213825781,Lawnz by Danube,lawnz by danube,Danube Properties,Dubai,International City & Warsan,AE,"Lawnz by Danube, International City & Warsan, Dubai, United Arab Emirates",,Gated Residential Society,0,96,DLD-PRJ-18097,75333 51004,25.153336,55.410049,Grade A Luxury,osm_dld_cadastral_enriched,0.96
b1b82c35-0491-4102-a1d5-82f037d3559d,Binghatti Apex,binghatti apex,Binghatti Developers,Dubai,Jumeirah Village Circle (JVC),AE,"Binghatti Apex, Jumeirah Village Circle (JVC), Dubai, United Arab Emirates",,Gated Residential Society,0,96,DLD-PRJ-55654,66525 30214,25.065257,55.202148,Grade A Luxury,osm_dld_cadastral_enriched,0.96
46529e9b-62b6-4e49-8a36-8e15af2ee2e9,"Al Badia Hillside Village, Dubai Festival City",al badia hillside village dubai festival city,Al Futtaim Group,Dubai,Dubai Festival City & Culture Village,AE,"Al Badia Hillside Village, Dubai Festival City, Dubai Festival City & Culture Village, Dubai, United Arab Emirates",,Ultra-Luxury Gated Villa Community,0,96,DLD-PRJ-91673,82097 46169,25.220976,55.361695,Grade A Luxury,osm_dld_cadastral_enriched,0.96
be9dc5ea-21d9-48e9-94e6-9be338429e62,The Gardens,the gardens,Nakheel,Dubai,Greater Dubai Urban Corridor,AE,"The Gardens, Greater Dubai Urban Corridor, Dubai, United Arab Emirates",,Gated Residential Society,3,24,DLD-PRJ-12941,63954 22319,25.039542,55.123196,Grade A Luxury,osm_dld_cadastral_enriched,0.98
a8ba381c-b320-4379-bc3c-e0d30c297220,The Gardens,the gardens,Nakheel,Dubai,Greater Dubai Urban Corridor,AE,"The Gardens, Greater Dubai Urban Corridor, Dubai, United Arab Emirates",,Gated Residential Society,3,24,DLD-PRJ-12941,64240 22322,25.042407,55.123225,Grade A Luxury,osm_dld_cadastral_enriched,0.98
ccf02af0-d515-42bc-8906-37f0f148e769,The Gardens,the gardens,Nakheel,Dubai,Greater Dubai Urban Corridor,AE,"The Gardens, Greater Dubai Urban Corridor, Dubai, United Arab Emirates",,Gated Residential Society,3,24,DLD-PRJ-12941,64468 22314,25.044686,55.123148,Grade A Luxury,osm_dld_cadastral_enriched,0.98
adc9d579-a2a3-4fb7-b042-95cd90e937b0,The Gardens,the gardens,Nakheel,Dubai,Greater Dubai Urban Corridor,AE,"The Gardens, Greater Dubai Urban Corridor, Dubai, United Arab Emirates",,Gated Residential Society,3,24,DLD-PRJ-12941,64252 22055,25.042525,55.120555,Grade A Luxury,osm_dld_cadastral_enriched,0.98
20bedae9-b571-434a-b9bb-4d80f3c75876,Mont Rose,mont rose,Deyaar Development,Dubai,Greater Dubai Urban Corridor,AE,"Mont Rose, Science Park, Greater Dubai Urban Corridor, Dubai, United Arab Emirates",,Ultra-Luxury High-Rise Tower,20,160,DLD-PRJ-78768,66934 34582,25.069347,55.245827,Grade A Luxury,osm_dld_cadastral_enriched,0.98
4087a9a0-b8de-4a7f-8864-9c6b968c6fa4,Azizi Plaza,azizi plaza,Azizi Developments,Dubai,Greater Dubai Urban Corridor,AE,"Azizi Plaza, Greater Dubai Urban Corridor, Dubai, United Arab Emirates",,Gated Residential Society,5,40,DLD-PRJ-94025,62179 23895,25.0218,55.13896,Grade A Luxury,osm_dld_cadastral_enriched,0.98
f121ebdd-f0c5-4917-9542-730d05244d72,Azizi Farishta,azizi farishta,Azizi Developments,Dubai,Greater Dubai Urban Corridor,AE,"Azizi Farishta, Greater Dubai Urban Corridor, Dubai, United Arab Emirates",,Luxury High-Rise Tower,14,112,DLD-PRJ-12131,62408 23892,25.024085,55.138928,Grade A Luxury,osm_dld_cadastral_enriched,0.98
8a11d863-ab1e-4c38-b2e7-2c17b645991c,Star by Azizi,star by azizi,Azizi Developments,Dubai,Greater Dubai Urban Corridor,AE,"Star by Azizi, Greater Dubai Urban Corridor, Dubai, United Arab Emirates",,Luxury High-Rise Tower,15,120,DLD-PRJ-20605,62491 23891,25.024911,55.13892,Grade A Luxury,osm_dld_cadastral_enriched,0.98
0b3494c7-5491-4a66-b20a-9d932938dc9b,Montrell by Azizi,montrell by azizi,Azizi Developments,Dubai,Greater Dubai Urban Corridor,AE,"Montrell by Azizi, Greater Dubai Urban Corridor, Dubai, United Arab Emirates",,Luxury High-Rise Tower,10,80,DLD-PRJ-50118,61803 22950,25.018038,55.129508,Grade A Luxury,osm_dld_cadastral_enriched,0.98
d35725e8-fd0a-4aa3-ba36-1a7c217d5ee3,Binghatti Jewels,binghatti jewels,Binghatti Developers,Dubai,Greater Dubai Urban Corridor,AE,"Binghatti Jewels, Greater Dubai Urban Corridor, Dubai, United Arab Emirates",,Luxury High-Rise Tower,13,104,DLD-PRJ-95793,71579 46484,25.115798,55.364841,Grade A Luxury,osm_dld_cadastral_enriched,0.98
e3d419df-5da3-4755-9fba-2c7394bf8995,Binghatti Pearls,binghatti pearls,Binghatti Developers,Dubai,Greater Dubai Urban Corridor,AE,"Binghatti Pearls, 88 Street, Greater Dubai Urban Corridor, Dubai, United Arab Emirates",,Luxury High-Rise Tower,14,112,DLD-PRJ-82897,70830 47669,25.108306,55.376699,Grade A Luxury,osm_dld_cadastral_enriched,0.98
cec1c8fd-6d84-4706-8a12-5e760a45423f,Binghatti Crystals,binghatti crystals,Binghatti Developers,Dubai,Greater Dubai Urban Corridor,AE,"Binghatti Crystals, 88 Street, Greater Dubai Urban Corridor, Dubai, United Arab Emirates",,Luxury High-Rise Tower,12,96,DLD-PRJ-71074,70742 47848,25.107424,55.378481,Grade A Luxury,osm_dld_cadastral_enriched,0.98
33a49968-078b-4d41-b859-b441a2b62824,Wasl Port View 7,wasl port view 7,Wasl Properties,Dubai,Greater Dubai Urban Corridor,AE,"Wasl Port View 7, Al Mina road, Greater Dubai Urban Corridor, Dubai, United Arab Emirates",,Gated Residential Society,7,56,DLD-PRJ-68806,84731 37676,25.247319,55.276768,Grade A Luxury,osm_dld_cadastral_enriched,0.98
39a222c2-e5f8-4364-b613-2665c8289d80,Wasl South Oasis,wasl south oasis,Wasl Properties,Dubai,Greater Dubai Urban Corridor,AE,"Wasl South Oasis, Greater Dubai Urban Corridor, Dubai, United Arab Emirates",,Gated Residential Society,3,24,DLD-PRJ-17840,87767 50407,25.277676,55.404075,Grade A Luxury,osm_dld_cadastral_enriched,0.98
7f5647ad-25f5-4428-8a89-489738edc749,Al Wasl Building,al wasl building,Wasl Properties,Dubai,Greater Dubai Urban Corridor,AE,"Al Wasl Building, Greater Dubai Urban Corridor, Dubai, United Arab Emirates",,Gated Residential Society,0,96,DLD-PRJ-32983,88939 47357,25.289393,55.373579,Grade A Luxury,osm_dld_cadastral_enriched,0.94
11d20be6-3411-4042-81c7-5815b49fa162,Nakheel 1000 Villas,nakheel 1000 villas,Nakheel,Dubai,Greater Dubai Urban Corridor,AE,"Nakheel 1000 Villas, Greater Dubai Urban Corridor, Dubai, United Arab Emirates",,Ultra-Luxury Gated Villa Community,0,96,DLD-PRJ-77050,75729 47997,25.157293,55.379979,Grade A Luxury,osm_dld_cadastral_enriched,0.94
9aaddc44-de43-4fd7-916e-e1d8ebec04b6,MAG 5 Boulevard - By MAG Group,mag 5 boulevard by mag group,MAG Property Development,Dubai,Greater Dubai Urban Corridor,AE,"MAG 5 Boulevard - By MAG Group, Greater Dubai Urban Corridor, Dubai, United Arab Emirates",,Gated Residential Society,0,96,DLD-PRJ-37824,55026 33052,24.950269,55.230529,Grade A Luxury,osm_dld_cadastral_enriched,0.94
47bc5b51-d3a8-4539-b51e-f62e8d686279,MAG 545,mag 545,MAG Property Development,Dubai,Greater Dubai Urban Corridor,AE,"MAG 545, Greater Dubai Urban Corridor, Dubai, United Arab Emirates",,Gated Residential Society,0,96,DLD-PRJ-76125,54888 32999,24.948884,55.229995,Grade A Luxury,osm_dld_cadastral_enriched,0.94
37a7b6a3-e7b6-49bc-a1b2-f7a17df41c1a,MAG 550,mag 550,MAG Property Development,Dubai,Greater Dubai Urban Corridor,AE,"MAG 550, Greater Dubai Urban Corridor, Dubai, United Arab Emirates",,Gated Residential Society,0,96,DLD-PRJ-24002,54948 33004,24.949481,55.230041,Grade A Luxury,osm_dld_cadastral_enriched,0.94
4ebb6d27-200d-4c1e-8744-f1faf8ea45ba,MAG 555,mag 555,MAG Property Development,Dubai,Greater Dubai Urban Corridor,AE,"MAG 555, Greater Dubai Urban Corridor, Dubai, United Arab Emirates",,Gated Residential Society,0,96,DLD-PRJ-46317,55010 32991,24.950106,55.229917,Grade A Luxury,osm_dld_cadastral_enriched,0.94
d71d0d98-d988-4529-ad0b-a77143f3abee,MAG 560,mag 560,MAG Property Development,Dubai,Greater Dubai Urban Corridor,AE,"MAG 560, Greater Dubai Urban Corridor, Dubai, United Arab Emirates",,Gated Residential Society,0,96,DLD-PRJ-42404,55063 32985,24.950639,55.229851,Grade A Luxury,osm_dld_cadastral_enriched,0.94
0b0f4b9e-dbdc-4921-87e8-270f36895c06,MAG 565,mag 565,MAG Property Development,Dubai,Greater Dubai Urban Corridor,AE,"MAG 565, Greater Dubai Urban Corridor, Dubai, United Arab Emirates",,Gated Residential Society,0,96,DLD-PRJ-87886,55116 32962,24.951161,55.229625,Grade A Luxury,osm_dld_cadastral_enriched,0.94
5d2618c7-ec2e-4db7-b1f9-ce0df8974c7e,MAG 540,mag 540,MAG Property Development,Dubai,Greater Dubai Urban Corridor,AE,"MAG 540, Greater Dubai Urban Corridor, Dubai, United Arab Emirates",,Gated Residential Society,0,96,DLD-PRJ-95446,54872 33096,24.948722,55.230965,Grade A Luxury,osm_dld_cadastral_enriched,0.94
5c3457ce-fefb-41dc-8eaf-afdbaf0234d5,MAG 535,mag 535,MAG Property Development,Dubai,Greater Dubai Urban Corridor,AE,"MAG 535, Greater Dubai Urban Corridor, Dubai, United Arab Emirates",,Gated Residential Society,0,96,DLD-PRJ-66728,54857 33154,24.948577,55.231549,Grade A Luxury,osm_dld_cadastral_enriched,0.94
bcedab8f-8bb7-46ff-bdee-dfcec9319652,MAG 530,mag 530,MAG Property Development,Dubai,Greater Dubai Urban Corridor,AE,"MAG 530, Greater Dubai Urban Corridor, Dubai, United Arab Emirates",,Gated Residential Society,0,96,DLD-PRJ-37668,54913 33171,24.949134,55.231719,Grade A Luxury,osm_dld_cadastral_enriched,0.94
b567dd5c-862c-42b9-a746-0b4f23b5b2eb,MAG 525,mag 525,MAG Property Development,Dubai,Greater Dubai Urban Corridor,AE,"MAG 525, Greater Dubai Urban Corridor, Dubai, United Arab Emirates",,Gated Residential Society,0,96,DLD-PRJ-76997,54991 33136,24.949918,55.231364,Grade A Luxury,osm_dld_cadastral_enriched,0.94
4080798d-c9cb-4dab-a7aa-5d188116ce43,MAG 520,mag 520,MAG Property Development,Dubai,Greater Dubai Urban Corridor,AE,"MAG 520, Greater Dubai Urban Corridor, Dubai, United Arab Emirates",,Gated Residential Society,0,96,DLD-PRJ-25699,55039 33103,24.950397,55.231039,Grade A Luxury,osm_dld_cadastral_enriched,0.94
491d6de1-a089-4b63-9f75-d6208f1000d8,MAG 515,mag 515,MAG Property Development,Dubai,Greater Dubai Urban Corridor,AE,"MAG 515, Greater Dubai Urban Corridor, Dubai, United Arab Emirates",,Gated Residential Society,0,96,DLD-PRJ-42755,55093 33067,24.950931,55.23068,Grade A Luxury,osm_dld_cadastral_enriched,0.94
1c95bc25-79c4-4d7f-8ec0-3d8c0296d979,MAG 510,mag 510,MAG Property Development,Dubai,Greater Dubai Urban Corridor,AE,"MAG 510, Greater Dubai Urban Corridor, Dubai, United Arab Emirates",,Gated Residential Society,0,96,DLD-PRJ-71692,55141 33034,24.951412,55.230348,Grade A Luxury,osm_dld_cadastral_enriched,0.94
13e7ed0f-a743-4815-b3c6-af35fced9cdd,MAG 505,mag 505,MAG Property Development,Dubai,Greater Dubai Urban Corridor,AE,"MAG 505, Greater Dubai Urban Corridor, Dubai, United Arab Emirates",,Gated Residential Society,0,96,DLD-PRJ-89113,55188 33002,24.951887,55.230026,Grade A Luxury,osm_dld_cadastral_enriched,0.94
ff346d32-5d85-4bd4-9d32-c1ddf6811042,Wasl Port Views,wasl port views,Wasl Properties,Dubai,Greater Dubai Urban Corridor,AE,"Wasl Port Views, شارع الميناء, Greater Dubai Urban Corridor, Dubai, United Arab Emirates",,Gated Residential Society,0,96,DLD-PRJ-68718,84684 37510,25.246842,55.275104,Grade A Luxury,osm_dld_cadastral_enriched,0.94
013515bc-f11f-4f9b-941e-4c51a6a51987,"District 1, Jumeirah Park",district 1 jumeirah park,Nakheel,Dubai,Greater Dubai Urban Corridor,AE,"District 1, Jumeirah Park, Greater Dubai Urban Corridor, Dubai, United Arab Emirates",,Gated Residential Society,0,96,DLD-PRJ-72599,65546 24288,25.055466,55.142881,Grade A Luxury,osm_dld_cadastral_enriched,0.94
3cc57b4c-ce55-4331-a9ac-ee767eaec51e,"District 2, Jumeirah Park",district 2 jumeirah park,Nakheel,Dubai,Greater Dubai Urban Corridor,AE,"District 2, Jumeirah Park, Greater Dubai Urban Corridor, Dubai, United Arab Emirates",,Gated Residential Society,0,96,DLD-PRJ-96758,65657 24634,25.056576,55.146347,Grade A Luxury,osm_dld_cadastral_enriched,0.94
5f7dd7a7-cffe-462f-8414-a516d240510b,"District 7, Jumeirah Park",district 7 jumeirah park,Nakheel,Dubai,Greater Dubai Urban Corridor,AE,"District 7, Jumeirah Park, Greater Dubai Urban Corridor, Dubai, United Arab Emirates",,Gated Residential Society,0,96,DLD-PRJ-17071,64014 26392,25.040148,55.163923,Grade A Luxury,osm_dld_cadastral_enriched,0.94
604f4989-8a60-4ffa-96aa-7685f4f0c78c,"District 8, Jumeirah Park",district 8 jumeirah park,Nakheel,Dubai,Greater Dubai Urban Corridor,AE,"District 8, Jumeirah Park, Greater Dubai Urban Corridor, Dubai, United Arab Emirates",,Gated Residential Society,0,96,DLD-PRJ-33766,63772 26578,25.03772,55.165787,Grade A Luxury,osm_dld_cadastral_enriched,0.94
d3b86d54-9f8f-4d0e-a039-4269bb1740bc,"Akoya Albizia, Damac Hills 2, Dubai",akoya albizia damac hills 2 dubai,DAMAC Properties,Dubai,Greater Dubai Urban Corridor,AE,"Akoya Albizia, Damac Hills 2, Dubai, Greater Dubai Urban Corridor, Dubai, United Arab Emirates",,Gated Residential Society,0,96,DLD-PRJ-80201,58350 47693,24.983501,55.376938,Grade A Luxury,osm_dld_cadastral_enriched,0.94
eab998d5-1dd4-4354-af42-e95da2522759,"Akoya Amargo, Damac Hills 2, Dubai",akoya amargo damac hills 2 dubai,DAMAC Properties,Dubai,Greater Dubai Urban Corridor,AE,"Akoya Amargo, Damac Hills 2, Dubai, Greater Dubai Urban Corridor, Dubai, United Arab Emirates",,Gated Residential Society,0,96,DLD-PRJ-88949,58689 47806,24.986894,55.378067,Grade A Luxury,osm_dld_cadastral_enriched,0.94
2be567b2-9818-4ba8-aa2e-186012fee14b,"Akoya Avencia, Damac Hills 2, Dubai",akoya avencia damac hills 2 dubai,DAMAC Properties,Dubai,Greater Dubai Urban Corridor,AE,"Akoya Avencia, Damac Hills 2, Dubai, Greater Dubai Urban Corridor, Dubai, United Arab Emirates",,Gated Residential Society,0,96,DLD-PRJ-97266,58414 48031,24.984147,55.380319,Grade A Luxury,osm_dld_cadastral_enriched,0.94
51aae23d-df67-40d6-b801-3ae4f8732d21,"Akoya Victoria, Damac Hills 2, Dubai",akoya victoria damac hills 2 dubai,DAMAC Properties,Dubai,Greater Dubai Urban Corridor,AE,"Akoya Victoria, Damac Hills 2, Dubai, Greater Dubai Urban Corridor, Dubai, United Arab Emirates",,Gated Residential Society,0,96,DLD-PRJ-31890,58204 48309,24.982044,55.383098,Grade A Luxury,osm_dld_cadastral_enriched,0.94
44dbcfd2-9e66-4945-9afe-ac80686a987c,"Akoya Basswood, Damac Hills 2, Dubai",akoya basswood damac hills 2 dubai,DAMAC Properties,Dubai,Greater Dubai Urban Corridor,AE,"Akoya Basswood, Damac Hills 2, Dubai, Greater Dubai Urban Corridor, Dubai, United Arab Emirates",,Gated Residential Society,0,96,DLD-PRJ-67566,57916 48014,24.97916,55.380142,Grade A Luxury,osm_dld_cadastral_enriched,0.94
f7f7d0af-12a0-4cf6-af8a-f335986d35b8,"Akoya Mimosa, Damac Hills 2, Dubai",akoya mimosa damac hills 2 dubai,DAMAC Properties,Dubai,Greater Dubai Urban Corridor,AE,"Akoya Mimosa, Damac Hills 2, Dubai, Greater Dubai Urban Corridor, Dubai, United Arab Emirates",,Gated Residential Society,0,96,DLD-PRJ-43780,57858 48414,24.978586,55.384141,Grade A Luxury,osm_dld_cadastral_enriched,0.94
2c4323e9-3d11-48ce-b422-841db50f638d,"Akoya Vardon, Damac Hills 2, Dubai",akoya vardon damac hills 2 dubai,DAMAC Properties,Dubai,Greater Dubai Urban Corridor,AE,"Akoya Vardon, Damac Hills 2, Dubai, Greater Dubai Urban Corridor, Dubai, United Arab Emirates",,Gated Residential Society,0,96,DLD-PRJ-36276,59152 47919,24.991525,55.379193,Grade A Luxury,osm_dld_cadastral_enriched,0.94
e4508ca6-8576-4a47-951f-0f987161421b,"Akoya Sanctuary, Damac Hills 2, Dubai",akoya sanctuary damac hills 2 dubai,DAMAC Properties,Dubai,Greater Dubai Urban Corridor,AE,"Akoya Sanctuary, Damac Hills 2, Dubai, Greater Dubai Urban Corridor, Dubai, United Arab Emirates",,Ultra-Luxury Gated Villa Community,0,96,DLD-PRJ-22366,59066 47291,24.990666,55.372913,Grade A Luxury,osm_dld_cadastral_enriched,0.94
400d7016-2414-4cfa-b2c4-3fd9a3ab6efd,"Akoya Amazonia, Damac Hills 2, Dubai",akoya amazonia damac hills 2 dubai,DAMAC Properties,Dubai,Greater Dubai Urban Corridor,AE,"Akoya Amazonia, Damac Hills 2, Dubai, Greater Dubai Urban Corridor, Dubai, United Arab Emirates",,Gated Residential Society,0,96,DLD-PRJ-38462,59208 47530,24.992083,55.375306,Grade A Luxury,osm_dld_cadastral_enriched,0.94
f9340903-d43a-4ada-aef9-bfa26f17c1f8,"Akoya Pacifica, Damac Hills 2, Dubai",akoya pacifica damac hills 2 dubai,DAMAC Properties,Dubai,Greater Dubai Urban Corridor,AE,"Akoya Pacifica, Damac Hills 2, Dubai, Greater Dubai Urban Corridor, Dubai, United Arab Emirates",,Gated Residential Society,0,96,DLD-PRJ-42341,59592 47223,24.995927,55.372238,Grade A Luxury,osm_dld_cadastral_enriched,0.94
6e3be8ce-b745-4087-b7d8-16b7eeb7abe0,"Akoya Acuna, Damac Hills 2, Dubai",akoya acuna damac hills 2 dubai,DAMAC Properties,Dubai,Greater Dubai Urban Corridor,AE,"Akoya Acuna, Damac Hills 2, Dubai, Greater Dubai Urban Corridor, Dubai, United Arab Emirates",,Gated Residential Society,0,96,DLD-PRJ-53487,59806 47247,24.99806,55.372475,Grade A Luxury,osm_dld_cadastral_enriched,0.94
20038bfe-57cc-4386-967e-055884a67daa,"Akoya Centaury, Damac Hills 2, Dubai",akoya centaury damac hills 2 dubai,DAMAC Properties,Dubai,Greater Dubai Urban Corridor,AE,"Akoya Centaury, Damac Hills 2, Dubai, Greater Dubai Urban Corridor, Dubai, United Arab Emirates",,Gated Residential Society,0,96,DLD-PRJ-59849,59719 47532,24.997193,55.375321,Grade A Luxury,osm_dld_cadastral_enriched,0.94
bc3a104e-4166-4f55-9724-a1e6178c5a1b,"Akoya Janusia, Damac Hills 2, Dubai",akoya janusia damac hills 2 dubai,DAMAC Properties,Dubai,Greater Dubai Urban Corridor,AE,"Akoya Janusia, Damac Hills 2, Dubai, Greater Dubai Urban Corridor, Dubai, United Arab Emirates",,Gated Residential Society,0,96,DLD-PRJ-11270,59724 48023,24.997243,55.380232,Grade A Luxury,osm_dld_cadastral_enriched,0.94
ae017e62-94a6-4418-9335-e86581603591,"Akoya Sycamore, Damac Hills 2, Dubai",akoya sycamore damac hills 2 dubai,DAMAC Properties,Dubai,Greater Dubai Urban Corridor,AE,"Akoya Sycamore, Damac Hills 2, Dubai, Greater Dubai Urban Corridor, Dubai, United Arab Emirates",,Gated Residential Society,0,96,DLD-PRJ-29202,59628 48504,24.996284,55.385043,Grade A Luxury,osm_dld_cadastral_enriched,0.94
be85a6a6-761d-4489-ad8b-237a1ef5df8a,"Akoya Claret, Damac Hills 2, Dubai",akoya claret damac hills 2 dubai,DAMAC Properties,Dubai,Greater Dubai Urban Corridor,AE,"Akoya Claret, Damac Hills 2, Dubai, Greater Dubai Urban Corridor, Dubai, United Arab Emirates",,Gated Residential Society,0,96,DLD-PRJ-27475,59724 49196,24.997244,55.391961,Grade A Luxury,osm_dld_cadastral_enriched,0.94
e04cb0fd-8b1a-4240-af9d-be0151dd3fbc,"Akoya Juniper, Damac Hills 2, Dubai",akoya juniper damac hills 2 dubai,DAMAC Properties,Dubai,Greater Dubai Urban Corridor,AE,"Akoya Juniper, Damac Hills 2, Dubai, Greater Dubai Urban Corridor, Dubai, United Arab Emirates",,Gated Residential Society,0,96,DLD-PRJ-78401,59680 49748,24.996807,55.397485,Grade A Luxury,osm_dld_cadastral_enriched,0.94
030dfb14-0f98-4ecb-be12-8490e7cace98,"Akoya Primrose, Damac Hills 2, Dubai",akoya primrose damac hills 2 dubai,DAMAC Properties,Dubai,Greater Dubai Urban Corridor,AE,"Akoya Primrose, Damac Hills 2, Dubai, Greater Dubai Urban Corridor, Dubai, United Arab Emirates",,Gated Residential Society,0,96,DLD-PRJ-12696,59410 49801,24.994109,55.398012,Grade A Luxury,osm_dld_cadastral_enriched,0.94
2aaaa4eb-7149-490d-b8c5-3d190a313f37,"Akoya Odora, Damac Hills 2, Dubai",akoya odora damac hills 2 dubai,DAMAC Properties,Dubai,Greater Dubai Urban Corridor,AE,"Akoya Odora, Damac Hills 2, Dubai, Greater Dubai Urban Corridor, Dubai, United Arab Emirates",,Gated Residential Society,0,96,DLD-PRJ-10059,59355 49514,24.993553,55.395141,Grade A Luxury,osm_dld_cadastral_enriched,0.94
855e8098-73e2-40ad-8e73-fa75f321c65e,"Akoya Zinnia, Damac Hills 2, Dubai",akoya zinnia damac hills 2 dubai,DAMAC Properties,Dubai,Greater Dubai Urban Corridor,AE,"Akoya Zinnia, Damac Hills 2, Dubai, Greater Dubai Urban Corridor, Dubai, United Arab Emirates",,Gated Residential Society,0,96,DLD-PRJ-48822,59447 49115,24.994471,55.39115,Grade A Luxury,osm_dld_cadastral_enriched,0.94
affebc67-b055-473b-a989-9646a000da0e,"Akoya Aquilegia, Damac Hills 2, Dubai",akoya aquilegia damac hills 2 dubai,DAMAC Properties,Dubai,Greater Dubai Urban Corridor,AE,"Akoya Aquilegia, Damac Hills 2, Dubai, Greater Dubai Urban Corridor, Dubai, United Arab Emirates",,Gated Residential Society,0,96,DLD-PRJ-11934,59180 48640,24.991807,55.386408,Grade A Luxury,osm_dld_cadastral_enriched,0.94
b2f29f60-a5a5-4173-9899-f4380da2612f,"Akoya Trixis, Damac Hills 2, Dubai",akoya trixis damac hills 2 dubai,DAMAC Properties,Dubai,Greater Dubai Urban Corridor,AE,"Akoya Trixis, Damac Hills 2, Dubai, Greater Dubai Urban Corridor, Dubai, United Arab Emirates",,Gated Residential Society,0,96,DLD-PRJ-52781,59507 47941,24.995075,55.379416,Grade A Luxury,osm_dld_cadastral_enriched,0.94
ec81aa35-98b2-4900-8a02-557ff76cb4fd,"Akoya Aster, Damac Hills 2, Dubai",akoya aster damac hills 2 dubai,DAMAC Properties,Dubai,Greater Dubai Urban Corridor,AE,"Akoya Aster, Damac Hills 2, Dubai, Greater Dubai Urban Corridor, Dubai, United Arab Emirates",,Gated Residential Society,0,96,DLD-PRJ-14673,58819 49798,24.988193,55.397989,Grade A Luxury,osm_dld_cadastral_enriched,0.94
ffdebe4c-7df3-4b8e-bb19-07f3f4d757e3,"Akoya Coursetia, Damac Hills 2, Dubai",akoya coursetia damac hills 2 dubai,DAMAC Properties,Dubai,Greater Dubai Urban Corridor,AE,"Akoya Coursetia, Damac Hills 2, Dubai, Greater Dubai Urban Corridor, Dubai, United Arab Emirates",,Gated Residential Society,0,96,DLD-PRJ-68651,58656 49626,24.986564,55.396267,Grade A Luxury,osm_dld_cadastral_enriched,0.94
55cf9975-4d8c-4fd6-9a10-b1868a73f3ac,"Akoya Mulberry, Damac Hills 2, Dubai",akoya mulberry damac hills 2 dubai,DAMAC Properties,Dubai,Greater Dubai Urban Corridor,AE,"Akoya Mulberry, Damac Hills 2, Dubai, Greater Dubai Urban Corridor, Dubai, United Arab Emirates",,Gated Residential Society,0,96,DLD-PRJ-47840,58968 49364,24.989681,55.393645,Grade A Luxury,osm_dld_cadastral_enriched,0.94
1a1309da-49d9-4155-824b-8705efc72b9a,Wasl Link,wasl link,Wasl Properties,Dubai,Greater Dubai Urban Corridor,AE,"Wasl Link, Greater Dubai Urban Corridor, Dubai, United Arab Emirates",,Gated Residential Society,0,96,DLD-PRJ-74188,87979 51244,25.279797,55.412446,Grade A Luxury,osm_dld_cadastral_enriched,0.94
2e450fde-7bd2-4e9b-91d5-1b66eb8e944c,Grey Building,grey building,Master Developer / DLD Registered,Dubai,Al Sufouh & Media City,AE,"Grey Building, Al Sufouh & Media City, Dubai, United Arab Emirates",,Gated Residential Society,4,32,DLD-PRJ-92676,71614 29466,25.116142,55.194664,Grade A Luxury,osm_dld_cadastral_enriched,0.92
9b7d29a0-c658-4a9f-bf2b-c839f6b84d35,Ascana Building,ascana building,Master Developer / DLD Registered,Dubai,Al Sufouh & Media City,AE,"Ascana Building, Al Sufouh & Media City, Dubai, United Arab Emirates",,Gated Residential Society,7,56,DLD-PRJ-91903,71390 29062,25.113907,55.190622,Grade A Luxury,osm_dld_cadastral_enriched,0.92
149bfd76-4766-4c60-bb42-5a103cb46410,Marlowe House 2,marlowe house 2,Master Developer / DLD Registered,Dubai,Tilal Al Ghaf,AE,"Marlowe House 2, Marlowe Street, Tilal Al Ghaf, Dubai, United Arab Emirates",,Gated Residential Society,4,32,DLD-PRJ-39053,64458 34702,25.044583,55.247027,Grade A Luxury,osm_dld_cadastral_enriched,0.92
9173586d-2827-4938-bc67-3aad98ba4d3f,Marlowe House 1,marlowe house 1,Master Developer / DLD Registered,Dubai,Tilal Al Ghaf,AE,"Marlowe House 1, Marlowe Street, Tilal Al Ghaf, Dubai, United Arab Emirates",,Gated Residential Society,4,32,DLD-PRJ-97014,64477 34654,25.044775,55.246544,Grade A Luxury,osm_dld_cadastral_enriched,0.92
f8c77aa7-0d49-4b3a-bf77-33569cda5f93,Widcombe House 2,widcombe house 2,Master Developer / DLD Registered,Dubai,Tilal Al Ghaf,AE,"Widcombe House 2, Widcombe Street, Tilal Al Ghaf, Dubai, United Arab Emirates",,Gated Residential Society,4,32,DLD-PRJ-33993,64446 34520,25.044463,55.245209,Grade A Luxury,osm_dld_cadastral_enriched,0.92
d7cd39b3-f195-4e89-92c6-e84ac077dcb1,Claverton House 1,claverton house 1,Master Developer / DLD Registered,Dubai,Tilal Al Ghaf,AE,"Claverton House 1, Claverton Street, Tilal Al Ghaf, Dubai, United Arab Emirates",,Gated Residential Society,4,32,DLD-PRJ-39887,64327 34496,25.043272,55.244969,Grade A Luxury,osm_dld_cadastral_enriched,0.92
a3511948-b5df-40f9-8cf6-061491dac26f,Claverton House 2,claverton house 2,Master Developer / DLD Registered,Dubai,Tilal Al Ghaf,AE,"Claverton House 2, Claverton Street, Tilal Al Ghaf, Dubai, United Arab Emirates",,Gated Residential Society,4,32,DLD-PRJ-86676,64371 34492,25.043719,55.244924,Grade A Luxury,osm_dld_cadastral_enriched,0.92
58e001c2-c5ee-4ae9-8ad7-d2b1539dad3e,Weston Court 1,weston court 1,Master Developer / DLD Registered,Dubai,Tilal Al Ghaf,AE,"Weston Court 1, Weston Street, Tilal Al Ghaf, Dubai, United Arab Emirates",,Gated Residential Society,4,32,DLD-PRJ-81856,64495 34814,25.044955,55.248143,Grade A Luxury,osm_dld_cadastral_enriched,0.92
c61f7d4e-d004-4a1a-95ba-7aad76801c81,Easton Court,easton court,Master Developer / DLD Registered,Dubai,"Arabian Ranches (I, II, III)",AE,"Easton Court, Easton Street, Arabian Ranches (I, II, III), Dubai, United Arab Emirates",,Gated Residential Society,4,32,DLD-PRJ-78066,64694 35000,25.046948,55.25,Grade A Luxury,osm_dld_cadastral_enriched,0.92
466fdcaf-f2df-4dd6-aa0b-6bf9784bcf71,Abbey Crescent 2,abbey crescent 2,Master Developer / DLD Registered,Dubai,Tilal Al Ghaf,AE,"Abbey Crescent 2, Up Town Motor City, Tilal Al Ghaf, Dubai, United Arab Emirates",,Gated Residential Society,6,48,DLD-PRJ-58416,64424 34821,25.044247,55.248216,Grade A Luxury,osm_dld_cadastral_enriched,0.92
604c6ff3-5427-49b5-aafb-b64ec8653edb,Abbey Crescent 1,abbey crescent 1,Master Developer / DLD Registered,Dubai,Tilal Al Ghaf,AE,"Abbey Crescent 1, Up Town Motor City, Tilal Al Ghaf, Dubai, United Arab Emirates",,Gated Residential Society,6,48,DLD-PRJ-73489,64449 34884,25.04449,55.248843,Grade A Luxury,osm_dld_cadastral_enriched,0.92
f8ffaa9f-8243-4f8a-a001-f1a8791a64b6,Barton House 1,barton house 1,Master Developer / DLD Registered,Dubai,Tilal Al Ghaf,AE,"Barton House 1, Barton Street, Tilal Al Ghaf, Dubai, United Arab Emirates",,Gated Residential Society,4,32,DLD-PRJ-82917,64491 34247,25.044919,55.242474,Grade A Luxury,osm_dld_cadastral_enriched,0.92
d4a8cfd2-29b9-4f36-b783-2ca0b1ecb184,Windsor Crescent,windsor crescent,Master Developer / DLD Registered,Dubai,Tilal Al Ghaf,AE,"Windsor Crescent, Claverton Street, Tilal Al Ghaf, Dubai, United Arab Emirates",,Gated Residential Society,3,24,DLD-PRJ-17465,64389 34316,25.043898,55.243164,Grade A Luxury,osm_dld_cadastral_enriched,0.92
13b893d3-2d8a-422d-b24c-e5902573075c,Al Hassani Tower,al hassani tower,Master Developer / DLD Registered,Dubai,"The Views, Greens & Lakes",AE,"Al Hassani Tower, The Views, Greens & Lakes, Dubai, United Arab Emirates",,Luxury High-Rise Tower,15,120,DLD-PRJ-90635,69628 27867,25.096285,55.178676,Grade A Luxury,osm_dld_cadastral_enriched,0.92
e94baf54-d5be-4216-91a5-0e7ebb66350b,Al Saraya Apartments,al saraya apartments,Master Developer / DLD Registered,Dubai,"The Views, Greens & Lakes",AE,"Al Saraya Apartments, The Views, Greens & Lakes, Dubai, United Arab Emirates",,Luxury High-Rise Tower,13,104,DLD-PRJ-88498,69626 28020,25.096264,55.180208,Grade A Luxury,osm_dld_cadastral_enriched,0.92
f8bc2ab9-ad7e-44d8-859d-a9f9d9dd619a,Madison Residency,madison residency,Master Developer / DLD Registered,Dubai,"The Views, Greens & Lakes",AE,"Madison Residency, The Views, Greens & Lakes, Dubai, United Arab Emirates",,Ultra-Luxury High-Rise Tower,26,208,DLD-PRJ-29405,70030 27511,25.100309,55.17511,Grade A Luxury,osm_dld_cadastral_enriched,0.92
0ed7a339-946f-48fb-8e3f-23e9685b2af8,Green View 3,green view 3,Master Developer / DLD Registered,Dubai,"The Views, Greens & Lakes",AE,"Green View 3, The Views, Greens & Lakes, Dubai, United Arab Emirates",,Luxury High-Rise Tower,13,104,DLD-PRJ-87073,69607 27899,25.096073,55.178992,Grade A Luxury,osm_dld_cadastral_enriched,0.92
690804cf-0436-4c1c-ab7a-704ed37ee185,Rose 6,rose 6,Master Developer / DLD Registered,Dubai,"The Views, Greens & Lakes",AE,"Rose 6, The Views, Greens & Lakes, Dubai, United Arab Emirates",,Luxury High-Rise Tower,14,112,DLD-PRJ-72178,69632 27161,25.096329,55.171619,Grade A Luxury,osm_dld_cadastral_enriched,0.92
625ceb54-26c9-4d71-a3f0-63cf33b57115,Green View 2,green view 2,Master Developer / DLD Registered,Dubai,"The Views, Greens & Lakes",AE,"Green View 2, The Views, Greens & Lakes, Dubai, United Arab Emirates",,Luxury High-Rise Tower,13,104,DLD-PRJ-72024,69659 27940,25.096598,55.179405,Grade A Luxury,osm_dld_cadastral_enriched,0.92
f01cde92-95a5-4899-aef3-91b661345fbb,Art IV,art iv,Master Developer / DLD Registered,Dubai,"The Views, Greens & Lakes",AE,"Art IV, The Views, Greens & Lakes, Dubai, United Arab Emirates",,Luxury High-Rise Tower,14,112,DLD-PRJ-69742,69568 27240,25.095683,55.172409,Grade A Luxury,osm_dld_cadastral_enriched,0.92
c9f6a2ec-decb-4df0-bc3a-3fcf780bc0f5,Bin Fardan,bin fardan,Master Developer / DLD Registered,Dubai,"The Views, Greens & Lakes",AE,"Bin Fardan, The Views, Greens & Lakes, Dubai, United Arab Emirates",,Luxury High-Rise Tower,12,96,DLD-PRJ-30156,69684 27974,25.096842,55.179748,Grade A Luxury,osm_dld_cadastral_enriched,0.92
54f0add7-f33b-4563-b119-847cc5bed6c1,Miknas Plaza,miknas plaza,Master Developer / DLD Registered,Dubai,"The Views, Greens & Lakes",AE,"Miknas Plaza, The Views, Greens & Lakes, Dubai, United Arab Emirates",,Luxury High-Rise Tower,15,120,DLD-PRJ-28122,69802 28039,25.098029,55.180393,Grade A Luxury,osm_dld_cadastral_enriched,0.92
c1e983fc-2cd6-479b-824d-17ce1fbe1665,Art XII,art xii,Master Developer / DLD Registered,Dubai,"The Views, Greens & Lakes",AE,"Art XII, Al Rabee'a 2 Street, The Views, Greens & Lakes, Dubai, United Arab Emirates",,Luxury High-Rise Tower,15,120,DLD-PRJ-70211,70104 27700,25.101047,55.177,Grade A Luxury,osm_dld_cadastral_enriched,0.92
5dd5d298-cdf1-4473-8324-af5a19687ef8,Green View Residence 1,green view residence 1,Master Developer / DLD Registered,Dubai,"The Views, Greens & Lakes",AE,"Green View Residence 1, The Views, Greens & Lakes, Dubai, United Arab Emirates",,Luxury High-Rise Tower,15,120,DLD-PRJ-91725,69765 28059,25.097653,55.180599,Grade A Luxury,osm_dld_cadastral_enriched,0.92
bd31f058-4b7e-40d1-9fac-bcdb8ae803dd,Elegance House,elegance house,Master Developer / DLD Registered,Dubai,"The Views, Greens & Lakes",AE,"Elegance House, Barsha Heights, The Views, Greens & Lakes, Dubai, United Arab Emirates",,Luxury High-Rise Tower,13,104,DLD-PRJ-82884,70024 27648,25.100245,55.176486,Grade A Luxury,osm_dld_cadastral_enriched,0.92
0a3f3874-67c1-444b-948f-32a4549392d9,Al Shahed Tower,al shahed tower,Master Developer / DLD Registered,Dubai,"The Views, Greens & Lakes",AE,"Al Shahed Tower, The Views, Greens & Lakes, Dubai, United Arab Emirates",,Luxury High-Rise Tower,15,120,DLD-PRJ-94232,70014 27826,25.100146,55.178265,Grade A Luxury,osm_dld_cadastral_enriched,0.92
e57f8e7c-8587-4024-8d75-774a4b5ab95c,Al Hatoon Tower,al hatoon tower,Master Developer / DLD Registered,Dubai,"The Views, Greens & Lakes",AE,"Al Hatoon Tower, The Views, Greens & Lakes, Dubai, United Arab Emirates",,Luxury High-Rise Tower,15,120,DLD-PRJ-75015,70056 27813,25.100565,55.178138,Grade A Luxury,osm_dld_cadastral_enriched,0.92
c85b08f9-055f-4b19-b9c7-c0a98854ac14,Al Mashael Building,al mashael building,Master Developer / DLD Registered,Dubai,"The Views, Greens & Lakes",AE,"Al Mashael Building, Al thanyah first, The Views, Greens & Lakes, Dubai, United Arab Emirates",,Luxury High-Rise Tower,16,128,DLD-PRJ-67118,69505 27428,25.095057,55.174281,Grade A Luxury,osm_dld_cadastral_enriched,0.92
751bcbeb-1000-4d2f-b51b-3c1a36b10418,Mohammed Sultan Belshalat Building,mohammed sultan belshalat building,Master Developer / DLD Registered,Dubai,"The Views, Greens & Lakes",AE,"Mohammed Sultan Belshalat Building, The Views, Greens & Lakes, Dubai, United Arab Emirates",,Luxury High-Rise Tower,15,120,DLD-PRJ-31183,69536 27468,25.095369,55.174681,Grade A Luxury,osm_dld_cadastral_enriched,0.92
1086eb71-00fe-4220-987f-c3d3ba25707e,Al Moosawi Oriental,al moosawi oriental,Master Developer / DLD Registered,Dubai,"The Views, Greens & Lakes",AE,"Al Moosawi Oriental, The Views, Greens & Lakes, Dubai, United Arab Emirates",,Luxury High-Rise Tower,15,120,DLD-PRJ-73295,69564 27328,25.095645,55.173282,Grade A Luxury,osm_dld_cadastral_enriched,0.92
22eb924f-90cd-4dd1-8c5c-f826326d5601,Vista Tower,vista tower,Master Developer / DLD Registered,Dubai,"The Views, Greens & Lakes",AE,"Vista Tower, The Views, Greens & Lakes, Dubai, United Arab Emirates",,Ultra-Luxury High-Rise Tower,28,224,DLD-PRJ-90809,69650 27608,25.096501,55.176086,Grade A Luxury,osm_dld_cadastral_enriched,0.92
59c6571f-2268-456b-815c-88caa43ae5b4,Oasis Residence,oasis residence,Master Developer / DLD Registered,Dubai,"The Views, Greens & Lakes",AE,"Oasis Residence, The Views, Greens & Lakes, Dubai, United Arab Emirates",,Luxury High-Rise Tower,15,120,DLD-PRJ-74101,69579 27368,25.095796,55.173688,Grade A Luxury,osm_dld_cadastral_enriched,0.92
19c3545c-6cd7-4faa-89c9-302bee9400c8,Al Warsan Tower,al warsan tower,Master Developer / DLD Registered,Dubai,"The Views, Greens & Lakes",AE,"Al Warsan Tower, The Views, Greens & Lakes, Dubai, United Arab Emirates",,Ultra-Luxury High-Rise Tower,28,224,DLD-PRJ-48203,70139 27896,25.101394,55.178969,Grade A Luxury,osm_dld_cadastral_enriched,0.92
6113d9e4-2c5d-4df1-91a8-05102d7be21a,Hessa Home,hessa home,Master Developer / DLD Registered,Dubai,Za'abeel & Wasl1,AE,"Hessa Home, Za'abeel & Wasl1, Dubai, United Arab Emirates",,Luxury High-Rise Tower,12,96,DLD-PRJ-47585,83267 41258,25.232677,55.312583,Grade A Luxury,osm_dld_cadastral_enriched,0.92
51683f05-aa48-4b41-9d12-0c029a62afd4,Dickens Circus 3,dickens circus 3,Master Developer / DLD Registered,Dubai,Tilal Al Ghaf,AE,"Dickens Circus 3, Dickens Street, Tilal Al Ghaf, Dubai, United Arab Emirates",,Gated Residential Society,6,48,DLD-PRJ-43715,64364 34673,25.043646,55.246739,Grade A Luxury,osm_dld_cadastral_enriched,0.92
c44d1a47-9282-4433-91fb-222019ad668b,Dickens Circus 2,dickens circus 2,Master Developer / DLD Registered,Dubai,Tilal Al Ghaf,AE,"Dickens Circus 2, Dickens Street, Tilal Al Ghaf, Dubai, United Arab Emirates",,Gated Residential Society,6,48,DLD-PRJ-69049,64392 34602,25.043926,55.246027,Grade A Luxury,osm_dld_cadastral_enriched,0.92
40bb5b85-8556-451a-a22f-318a6b93cee2,Dickens Circus 1,dickens circus 1,Master Developer / DLD Registered,Dubai,Tilal Al Ghaf,AE,"Dickens Circus 1, Dickens Street, Tilal Al Ghaf, Dubai, United Arab Emirates",,Gated Residential Society,6,48,DLD-PRJ-29477,64325 34607,25.043251,55.246071,Grade A Luxury,osm_dld_cadastral_enriched,0.92
7f317ec3-02b3-425f-a45d-edc6a0c6e8bd,Shakespeare Circus 2,shakespeare circus 2,Master Developer / DLD Registered,Dubai,"Arabian Ranches (I, II, III)",AE,"Shakespeare Circus 2, Shakespeare Street, Arabian Ranches (I, II, III), Dubai, United Arab Emirates",,Gated Residential Society,6,48,DLD-PRJ-54895,64587 35022,25.045876,55.250223,Grade A Luxury,osm_dld_cadastral_enriched,0.92
593fbf92-18dc-4701-b87c-ef1a2808ee07,Widcombe House 1,widcombe house 1,Master Developer / DLD Registered,Dubai,Tilal Al Ghaf,AE,"Widcombe House 1, Widcombe Street, Tilal Al Ghaf, Dubai, United Arab Emirates",,Gated Residential Society,4,32,DLD-PRJ-70683,64440 34453,25.044402,55.244531,Grade A Luxury,osm_dld_cadastral_enriched,0.92
06647474-7e1b-4fae-8dc3-2286b27abb49,Desert Charm,desert charm,Master Developer / DLD Registered,Dubai,Al Sufouh & Media City,AE,"Desert Charm, 38 Street, Al Sufouh & Media City, Dubai, United Arab Emirates",,Gated Residential Society,7,56,DLD-PRJ-13471,71261 28982,25.112615,55.189827,Grade A Luxury,osm_dld_cadastral_enriched,0.92
4906ea33-2063-4c6e-af9d-1669d99d8447,Capitol Tower,capitol tower,Master Developer / DLD Registered,Dubai,"The Views, Greens & Lakes",AE,"Capitol Tower, The Views, Greens & Lakes, Dubai, United Arab Emirates",,Luxury High-Rise Tower,17,136,DLD-PRJ-77124,70071 27857,25.100716,55.178574,Grade A Luxury,osm_dld_cadastral_enriched,0.92
ded692a2-2afd-4256-bfba-0962740bd408,Coral International Hotel,coral international hotel,Master Developer / DLD Registered,Dubai,Jumeirah Golf Estates,AE,"Coral International Hotel, Jumeirah Golf Estates, Dubai, United Arab Emirates",,Ultra-Luxury High-Rise Tower,23,184,DLD-PRJ-32319,64227 32214,25.042272,55.222148,Grade A Luxury,osm_dld_cadastral_enriched,0.92
fcf59204-2651-4ece-8113-cbe9dff26a5c,Kensington Royale,kensington royale,Master Developer / DLD Registered,Dubai,Jumeirah Golf Estates,AE,"Kensington Royale, Jumeirah Golf Estates, Dubai, United Arab Emirates",,Luxury High-Rise Tower,19,152,DLD-PRJ-44861,64270 32259,25.042706,55.222599,Grade A Luxury,osm_dld_cadastral_enriched,0.92
09b1030c-a958-4ec1-b079-31477fbc606b,Red Residence,red residence,Master Developer / DLD Registered,Dubai,Jumeirah Golf Estates,AE,"Red Residence, Jumeirah Golf Estates, Dubai, United Arab Emirates",,Ultra-Luxury High-Rise Tower,23,184,DLD-PRJ-82383,64039 32323,25.040397,55.223239,Grade A Luxury,osm_dld_cadastral_enriched,0.92
fc845a7a-7021-46d7-b5ad-9c6df695c18b,Elite Sport Residence 5,elite sport residence 5,Master Developer / DLD Registered,Dubai,Jumeirah Golf Estates,AE,"Elite Sport Residence 5, Jumeirah Golf Estates, Dubai, United Arab Emirates",,Ultra-Luxury High-Rise Tower,25,200,DLD-PRJ-52501,64071 32194,25.040715,55.221946,Grade A Luxury,osm_dld_cadastral_enriched,0.92
438f2576-a66e-4c42-a805-af6da6994c52,The Cube,the cube,Master Developer / DLD Registered,Dubai,Jumeirah Golf Estates,AE,"The Cube, Jumeirah Golf Estates, Dubai, United Arab Emirates",,Ultra-Luxury High-Rise Tower,24,192,DLD-PRJ-99345,64377 31973,25.043777,55.219738,Grade A Luxury,osm_dld_cadastral_enriched,0.92
a9b096c8-65c4-4bbe-893f-a0c85cb2cf40,Stadium Point,stadium point,Master Developer / DLD Registered,Dubai,Jumeirah Golf Estates,AE,"Stadium Point, Jumeirah Golf Estates, Dubai, United Arab Emirates",,Ultra-Luxury High-Rise Tower,20,160,DLD-PRJ-47965,64468 31904,25.044683,55.219044,Grade A Luxury,osm_dld_cadastral_enriched,0.92
57d06d51-0fae-489d-ac07-b65db8584431,Lootah Bldg,lootah bldg,Master Developer / DLD Registered,Dubai,Jumeirah Golf Estates,AE,"Lootah Bldg, Sheikh Mohammed bin Zayed Road, Jumeirah Golf Estates, Dubai, United Arab Emirates",,Ultra-Luxury High-Rise Tower,24,192,DLD-PRJ-14257,64491 32748,25.044916,55.22748,Grade A Luxury,osm_dld_cadastral_enriched,0.92
bea51684-56fe-4099-a21a-7476beb1d818,Bermuda Views,bermuda views,Master Developer / DLD Registered,Dubai,Jumeirah Golf Estates,AE,"Bermuda Views, Jumeirah Golf Estates, Dubai, United Arab Emirates",,Luxury High-Rise Tower,16,128,DLD-PRJ-97844,63151 32363,25.031517,55.223637,Grade A Luxury,osm_dld_cadastral_enriched,0.92
dcb2b1b6-4f4c-48d9-b3a7-5565d8a1b08f,Giovanni Boutique Suites,giovanni boutique suites,Master Developer / DLD Registered,Dubai,Jumeirah Golf Estates,AE,"Giovanni Boutique Suites, Jumeirah Golf Estates, Dubai, United Arab Emirates",,Ultra-Luxury High-Rise Tower,21,168,DLD-PRJ-42615,63198 32299,25.031985,55.222993,Grade A Luxury,osm_dld_cadastral_enriched,0.92
ca147389-4726-4823-8035-5f79b2493af5,Royal Residence 1,royal residence 1,Master Developer / DLD Registered,Dubai,Jumeirah Golf Estates,AE,"Royal Residence 1, Jumeirah Golf Estates, Dubai, United Arab Emirates",,Luxury High-Rise Tower,15,120,DLD-PRJ-52908,63262 32233,25.032624,55.222337,Grade A Luxury,osm_dld_cadastral_enriched,0.92
3d03314b-50f3-42a8-a9df-bbe7d34fdc97,Royal Residence 2,royal residence 2,Master Developer / DLD Registered,Dubai,Jumeirah Golf Estates,AE,"Royal Residence 2, Jumeirah Golf Estates, Dubai, United Arab Emirates",,Luxury High-Rise Tower,14,112,DLD-PRJ-26961,63293 32293,25.032936,55.222937,Grade A Luxury,osm_dld_cadastral_enriched,0.92
56eb4a2a-6da3-4989-90eb-1585c989652a,Elite Sports Residence 9,elite sports residence 9,Master Developer / DLD Registered,Dubai,Jumeirah Golf Estates,AE,"Elite Sports Residence 9, Jumeirah Golf Estates, Dubai, United Arab Emirates",,Ultra-Luxury High-Rise Tower,23,184,DLD-PRJ-21936,63435 32276,25.03436,55.222762,Grade A Luxury,osm_dld_cadastral_enriched,0.92
4dd68bff-c64d-463c-b3a3-0ce32b89be9c,Eagle Heights,eagle heights,Master Developer / DLD Registered,Dubai,Jumeirah Golf Estates,AE,"Eagle Heights, Jumeirah Golf Estates, Dubai, United Arab Emirates",,Luxury High-Rise Tower,14,112,DLD-PRJ-55623,63651 32091,25.036513,55.220911,Grade A Luxury,osm_dld_cadastral_enriched,0.92
f72195f6-3cba-4f5e-ae4c-8b4fa7e8794c,Mediterranean Tower,mediterranean tower,Master Developer / DLD Registered,Dubai,Jumeirah Golf Estates,AE,"Mediterranean Tower, Jumeirah Golf Estates, Dubai, United Arab Emirates",,Luxury High-Rise Tower,12,96,DLD-PRJ-98004,63699 32239,25.037,55.22239,Grade A Luxury,osm_dld_cadastral_enriched,0.92
18bb76c8-aa1a-474b-920f-2675cf5b0a34,Classic European Tower,classic european tower,Master Developer / DLD Registered,Dubai,Jumeirah Golf Estates,AE,"Classic European Tower, Jumeirah Golf Estates, Dubai, United Arab Emirates",,Luxury High-Rise Tower,12,96,DLD-PRJ-69647,63761 32191,25.037616,55.221914,Grade A Luxury,osm_dld_cadastral_enriched,0.92
7838b94d-2e5b-4190-96e6-b7aafb2ee4cb,Venetian Tower,venetian tower,Master Developer / DLD Registered,Dubai,Jumeirah Golf Estates,AE,"Venetian Tower, Jumeirah Golf Estates, Dubai, United Arab Emirates",,Ultra-Luxury High-Rise Tower,20,160,DLD-PRJ-12214,63828 32141,25.038288,55.221419,Grade A Luxury,osm_dld_cadastral_enriched,0.92
69e88fbf-7187-49f0-b78c-133e920fe08b,The Arena Appartments,the arena appartments,Master Developer / DLD Registered,Dubai,Jumeirah Golf Estates,AE,"The Arena Appartments, Jumeirah Golf Estates, Dubai, United Arab Emirates",,Luxury High-Rise Tower,12,96,DLD-PRJ-24401,63798 32022,25.037986,55.22023,Grade A Luxury,osm_dld_cadastral_enriched,0.92
fd52bb7e-773f-4002-b849-2948abb83b93,The Matrix,the matrix,Master Developer / DLD Registered,Dubai,Jumeirah Golf Estates,AE,"The Matrix, Jumeirah Golf Estates, Dubai, United Arab Emirates",,Ultra-Luxury High-Rise Tower,32,256,DLD-PRJ-81923,63917 32075,25.03918,55.220759,Grade A Luxury,osm_dld_cadastral_enriched,0.92
9abed15f-419c-475f-9041-26fa74be5b9a,The Spirit Tower,the spirit tower,Master Developer / DLD Registered,Dubai,Jumeirah Golf Estates,AE,"The Spirit Tower, Jumeirah Golf Estates, Dubai, United Arab Emirates",,Luxury High-Rise Tower,19,152,DLD-PRJ-42628,64021 31838,25.040215,55.218384,Grade A Luxury,osm_dld_cadastral_enriched,0.92
b2dd348f-9ff0-4d59-b2c8-6c75de9c5d60,Oasis,oasis,Master Developer / DLD Registered,Dubai,Jumeirah Golf Estates,AE,"Oasis, Jumeirah Golf Estates, Dubai, United Arab Emirates",,Luxury High-Rise Tower,17,136,DLD-PRJ-65513,64017 32003,25.040178,55.220031,Grade A Luxury,osm_dld_cadastral_enriched,0.92
b71157e9-28fd-47b3-87a2-3ad2de56b5fb,Eden Gardens,eden gardens,Master Developer / DLD Registered,Dubai,Jumeirah Golf Estates,AE,"Eden Gardens, Jumeirah Golf Estates, Dubai, United Arab Emirates",,Ultra-Luxury High-Rise Tower,30,240,DLD-PRJ-23187,63893 32008,25.038939,55.220089,Grade A Luxury,osm_dld_cadastral_enriched,0.92
5caf45c7-f81a-4f4e-bb98-08c79e44e08e,Champions,champions,Master Developer / DLD Registered,Dubai,Jumeirah Golf Estates,AE,"Champions, Jumeirah Golf Estates, Dubai, United Arab Emirates",,Ultra-Luxury High-Rise Tower,20,160,DLD-PRJ-12705,63994 31902,25.039948,55.219021,Grade A Luxury,osm_dld_cadastral_enriched,0.92
f48d7d2b-c6e5-44e6-9b4d-8eb7a5a2ebc4,The Medalist,the medalist,Master Developer / DLD Registered,Dubai,Jumeirah Golf Estates,AE,"The Medalist, Jumeirah Golf Estates, Dubai, United Arab Emirates",,Luxury High-Rise Tower,14,112,DLD-PRJ-19206,63897 31819,25.038976,55.218198,Grade A Luxury,osm_dld_cadastral_enriched,0.92
f7c565c2-6cc9-4d0d-9bec-8094f5117b30,Classic Soccer Tower,classic soccer tower,Master Developer / DLD Registered,Dubai,Jumeirah Golf Estates,AE,"Classic Soccer Tower, Jumeirah Golf Estates, Dubai, United Arab Emirates",,Luxury High-Rise Tower,15,120,DLD-PRJ-59038,63939 31741,25.03939,55.21742,Grade A Luxury,osm_dld_cadastral_enriched,0.92
1f9d15ef-e1bd-4b29-ac5c-c59548803214,Global Golf Residence 2,global golf residence 2,Master Developer / DLD Registered,Dubai,Jumeirah Golf Estates,AE,"Global Golf Residence 2, Jumeirah Golf Estates, Dubai, United Arab Emirates",,Ultra-Luxury High-Rise Tower,25,200,DLD-PRJ-22610,63963 31810,25.039631,55.218106,Grade A Luxury,osm_dld_cadastral_enriched,0.92
08f4f471-34f0-47b9-8746-79c764deb0d3,Oasis,oasis,Master Developer / DLD Registered,Dubai,Jumeirah Golf Estates,AE,"Oasis, Jumeirah Golf Estates, Dubai, United Arab Emirates",,Ultra-Luxury High-Rise Tower,28,224,DLD-PRJ-65513,64063 31706,25.040632,55.217066,Grade A Luxury,osm_dld_cadastral_enriched,0.92
4f409f2c-fb64-4421-a230-d48766996731,Hub Canal 1,hub canal 1,Master Developer / DLD Registered,Dubai,Jumeirah Golf Estates,AE,"Hub Canal 1, Jumeirah Golf Estates, Dubai, United Arab Emirates",,Luxury High-Rise Tower,16,128,DLD-PRJ-79295,64288 31786,25.042883,55.217866,Grade A Luxury,osm_dld_cadastral_enriched,0.92
c7d9a5ed-adfe-402e-a62f-55bcf724fea3,Hub Canal 2,hub canal 2,Master Developer / DLD Registered,Dubai,Jumeirah Golf Estates,AE,"Hub Canal 2, Jumeirah Golf Estates, Dubai, United Arab Emirates",,Luxury High-Rise Tower,16,128,DLD-PRJ-73434,64227 31754,25.042279,55.217549,Grade A Luxury,osm_dld_cadastral_enriched,0.92
d3f38cd8-addb-4c5d-b72a-f493a23ad31b,Hamza Tower,hamza tower,Master Developer / DLD Registered,Dubai,Jumeirah Golf Estates,AE,"Hamza Tower, Jumeirah Golf Estates, Dubai, United Arab Emirates",,Luxury High-Rise Tower,16,128,DLD-PRJ-72171,64443 31494,25.044439,55.21494,Grade A Luxury,osm_dld_cadastral_enriched,0.92
e5ab2267-9b85-4947-a361-af2e2aebb522,Zenith,zenith,Master Developer / DLD Registered,Dubai,Jumeirah Golf Estates,AE,"Zenith, Jumeirah Golf Estates, Dubai, United Arab Emirates",,Luxury High-Rise Tower,18,144,DLD-PRJ-29006,64405 31526,25.044055,55.215265,Grade A Luxury,osm_dld_cadastral_enriched,0.92
59b4f12b-c534-4f14-8dad-3489f6658875,Olympic Park,olympic park,Master Developer / DLD Registered,Dubai,Jumeirah Golf Estates,AE,"Olympic Park, Jumeirah Golf Estates, Dubai, United Arab Emirates",,Luxury High-Rise Tower,15,120,DLD-PRJ-78716,64291 31570,25.042914,55.215703,Grade A Luxury,osm_dld_cadastral_enriched,0.92
014b0d0a-0f7f-4891-866d-25a8c99e6b15,Ice Hockey Tower,ice hockey tower,Master Developer / DLD Registered,Dubai,Jumeirah Golf Estates,AE,"Ice Hockey Tower, Jumeirah Golf Estates, Dubai, United Arab Emirates",,Luxury High-Rise Tower,15,120,DLD-PRJ-84231,64243 30572,25.042437,55.205721,Grade A Luxury,osm_dld_cadastral_enriched,0.92
ede586a8-0ad2-4033-b69e-323df79325b3,Tennis Tower,tennis tower,Master Developer / DLD Registered,Dubai,Jumeirah Golf Estates,AE,"Tennis Tower, Jumeirah Golf Estates, Dubai, United Arab Emirates",,Luxury High-Rise Tower,15,120,DLD-PRJ-10506,64189 30546,25.041892,55.205469,Grade A Luxury,osm_dld_cadastral_enriched,0.92
eddf7d9f-5498-4001-a4ab-d7502e49cf81,Cricket Tower,cricket tower,Master Developer / DLD Registered,Dubai,Jumeirah Golf Estates,AE,"Cricket Tower, Jumeirah Golf Estates, Dubai, United Arab Emirates",,Luxury High-Rise Tower,15,120,DLD-PRJ-19016,64135 30522,25.041356,55.20523,Grade A Luxury,osm_dld_cadastral_enriched,0.92
2aae6a75-0d5f-451f-80bf-2feb20b07898,Wimbledon Tower,wimbledon tower,Master Developer / DLD Registered,Dubai,Jumeirah Golf Estates,AE,"Wimbledon Tower, Jumeirah Golf Estates, Dubai, United Arab Emirates",,Luxury High-Rise Tower,15,120,DLD-PRJ-26884,64159 30464,25.041591,55.204649,Grade A Luxury,osm_dld_cadastral_enriched,0.92
c522b8bd-843e-45a3-a259-e94b4614bd0b,The Diamond,the diamond,Master Developer / DLD Registered,Dubai,Jumeirah Golf Estates,AE,"The Diamond, Jumeirah Golf Estates, Dubai, United Arab Emirates",,Luxury High-Rise Tower,14,112,DLD-PRJ-70849,64081 30426,25.040817,55.204269,Grade A Luxury,osm_dld_cadastral_enriched,0.92
67d3aeed-e77b-46a0-8e9c-26ed04971c3d,Golf Tower,golf tower,Master Developer / DLD Registered,Dubai,Jumeirah Golf Estates,AE,"Golf Tower, Jumeirah Golf Estates, Dubai, United Arab Emirates",,Luxury High-Rise Tower,15,120,DLD-PRJ-78443,64058 30486,25.040581,55.204865,Grade A Luxury,osm_dld_cadastral_enriched,0.92
ff5142a8-5c5f-4776-817d-0e4c535c520e,Uniestate Sports Tower,uniestate sports tower,Master Developer / DLD Registered,Dubai,Jumeirah Golf Estates,AE,"Uniestate Sports Tower, Jumeirah Golf Estates, Dubai, United Arab Emirates",,Luxury High-Rise Tower,17,136,DLD-PRJ-66044,63970 30393,25.039702,55.203937,Grade A Luxury,osm_dld_cadastral_enriched,0.92
85784afc-a8a1-4e40-9c5b-66886998ac81,Elite Sports Residence 7,elite sports residence 7,Master Developer / DLD Registered,Dubai,Jumeirah Golf Estates,AE,"Elite Sports Residence 7, Jumeirah Golf Estates, Dubai, United Arab Emirates",,Luxury High-Rise Tower,17,136,DLD-PRJ-93166,63887 30485,25.03888,55.204853,Grade A Luxury,osm_dld_cadastral_enriched,0.92
31f10eb7-4c87-462a-bd46-5c4c331a8c22,Champions,champions,Master Developer / DLD Registered,Dubai,Jumeirah Golf Estates,AE,"Champions, Jumeirah Golf Estates, Dubai, United Arab Emirates",,Luxury High-Rise Tower,16,128,DLD-PRJ-12705,63867 30447,25.038677,55.204472,Grade A Luxury,osm_dld_cadastral_enriched,0.92
44ed1ffd-5bb0-4826-b5aa-49e8db876ce7,Frankfurt Sports Tower,frankfurt sports tower,Master Developer / DLD Registered,Dubai,Jumeirah Golf Estates,AE,"Frankfurt Sports Tower, Jumeirah Golf Estates, Dubai, United Arab Emirates",,Luxury High-Rise Tower,15,120,DLD-PRJ-75653,63833 30493,25.03834,55.204932,Grade A Luxury,osm_dld_cadastral_enriched,0.92
ff6a22dc-a6ac-4a3b-b396-c571fd31e13d,Golf View Residence,golf view residence,Master Developer / DLD Registered,Dubai,Jumeirah Golf Estates,AE,"Golf View Residence, Jumeirah Golf Estates, Dubai, United Arab Emirates",,Luxury High-Rise Tower,15,120,DLD-PRJ-93682,63728 30588,25.037287,55.205885,Grade A Luxury,osm_dld_cadastral_enriched,0.92
651159f1-17b1-411a-bc3c-d080702c8d61,Elite 8 sports city,elite 8 sports city,Master Developer / DLD Registered,Dubai,Jumeirah Golf Estates,AE,"Elite 8 sports city, Golf Course Drive, Jumeirah Golf Estates, Dubai, United Arab Emirates",,Ultra-Luxury High-Rise Tower,23,184,DLD-PRJ-69773,63982 30466,25.039829,55.204665,Grade A Luxury,osm_dld_cadastral_enriched,0.92
a344f434-cc0b-454c-b8ca-2a434c86f670,Elite Sports Residence 10,elite sports residence 10,Master Developer / DLD Registered,Dubai,Jumeirah Golf Estates,AE,"Elite Sports Residence 10, فيكتوري دريف, Jumeirah Golf Estates, Dubai, United Arab Emirates",,Luxury High-Rise Tower,19,152,DLD-PRJ-67080,63620 30630,25.036204,55.206303,Grade A Luxury,osm_dld_cadastral_enriched,0.92
e9f5a6db-d36f-4ad8-90d8-383d54e2f24f,Global Golf Residence 1,global golf residence 1,Master Developer / DLD Registered,Dubai,Jumeirah Golf Estates,AE,"Global Golf Residence 1, Jumeirah Golf Estates, Dubai, United Arab Emirates",,Ultra-Luxury High-Rise Tower,23,184,DLD-PRJ-15183,64005 31753,25.040053,55.217533,Grade A Luxury,osm_dld_cadastral_enriched,0.92
78a0a8fe-f6d8-47d6-8d5b-9c44c3130f77,Lakeside,lakeside,Master Developer / DLD Registered,Dubai,Jumeirah Golf Estates,AE,"Lakeside, Jumeirah Golf Estates, Dubai, United Arab Emirates",,Ultra-Luxury High-Rise Tower,25,200,DLD-PRJ-94709,63687 30088,25.036874,55.200889,Grade A Luxury,osm_dld_cadastral_enriched,0.92
ae2d393f-173a-4b67-83ba-b0c1d27ebc24,The Crescent,the crescent,Master Developer / DLD Registered,Dubai,Jumeirah Golf Estates,AE,"The Crescent, Jumeirah Golf Estates, Dubai, United Arab Emirates",,Ultra-Luxury High-Rise Tower,21,168,DLD-PRJ-25151,63379 30212,25.033797,55.202125,Grade A Luxury,osm_dld_cadastral_enriched,0.92
d2d54b6e-5b91-4ae7-8010-53de8f4e47ed,The Centrum 1,the centrum 1,Master Developer / DLD Registered,Dubai,Jumeirah Golf Estates,AE,"The Centrum 1, Jumeirah Golf Estates, Dubai, United Arab Emirates",,Ultra-Luxury High-Rise Tower,28,224,DLD-PRJ-46702,63941 29360,25.03941,55.193603,Grade A Luxury,osm_dld_cadastral_enriched,0.92
35b6acd6-61a3-4a13-8cc1-467f90a74aa4,The Centrum 2,the centrum 2,Master Developer / DLD Registered,Dubai,Jumeirah Golf Estates,AE,"The Centrum 2, Jumeirah Golf Estates, Dubai, United Arab Emirates",,Ultra-Luxury High-Rise Tower,22,176,DLD-PRJ-23168,63980 29347,25.039804,55.193476,Grade A Luxury,osm_dld_cadastral_enriched,0.92
506f71f9-8266-40e5-9301-7b39c89767bc,The Centrum 3,the centrum 3,Master Developer / DLD Registered,Dubai,Jumeirah Golf Estates,AE,"The Centrum 3, Jumeirah Golf Estates, Dubai, United Arab Emirates",,Ultra-Luxury High-Rise Tower,22,176,DLD-PRJ-84990,64021 29334,25.040211,55.193342,Grade A Luxury,osm_dld_cadastral_enriched,0.92
ffdef810-421d-455e-8de9-05bf3271e4df,The Centrum 4,the centrum 4,Master Developer / DLD Registered,Dubai,Jumeirah Golf Estates,AE,"The Centrum 4, Jumeirah Golf Estates, Dubai, United Arab Emirates",,Ultra-Luxury High-Rise Tower,28,224,DLD-PRJ-24479,64053 29323,25.040536,55.193234,Grade A Luxury,osm_dld_cadastral_enriched,0.92
c9188c73-d643-49c6-bd88-02699489fd4e,Wadi Tower,wadi tower,Master Developer / DLD Registered,Dubai,"Arabian Ranches (I, II, III)",AE,"Wadi Tower, Arabian Ranches (I, II, III), Dubai, United Arab Emirates",,Ultra-Luxury High-Rise Tower,35,280,DLD-PRJ-99886,68181 42766,25.081818,55.327661,Grade A Luxury,osm_dld_cadastral_enriched,0.92
a6e3d5a8-1b17-46b3-b574-ddb7557179a4,Al Barsha Palace,al barsha palace,Master Developer / DLD Registered,Dubai,Al Sufouh & Media City,AE,"Al Barsha Palace, Al Sufouh & Media City, Dubai, United Arab Emirates",,Gated Residential Society,6,48,DLD-PRJ-23322,70726 28197,25.107267,55.181978,Grade A Luxury,osm_dld_cadastral_enriched,0.92
fefb875a-1a8d-4f21-8532-fe157db9762d,Stella Tower,stella tower,Master Developer / DLD Registered,Dubai,"The Views, Greens & Lakes",AE,"Stella Tower, The Views, Greens & Lakes, Dubai, United Arab Emirates",,Luxury High-Rise Tower,15,120,DLD-PRJ-77245,69673 27128,25.09673,55.171286,Grade A Luxury,osm_dld_cadastral_enriched,0.92
ea38e347-bfb4-42dd-bcd6-dece80c44037,Wind West Home,wind west home,Master Developer / DLD Registered,Dubai,"The Views, Greens & Lakes",AE,"Wind West Home, The Views, Greens & Lakes, Dubai, United Arab Emirates",,Luxury High-Rise Tower,15,120,DLD-PRJ-80415,70025 27865,25.100252,55.178652,Grade A Luxury,osm_dld_cadastral_enriched,0.92
deec176f-21e9-4a8e-84f3-3cb6177b74b9,Hercules,hercules,Master Developer / DLD Registered,Dubai,"Arabian Ranches (I, II, III)",AE,"Hercules, Arabian Ranches (I, II, III), Dubai, United Arab Emirates",,Luxury High-Rise Tower,12,96,DLD-PRJ-93446,68839 40309,25.088396,55.303093,Grade A Luxury,osm_dld_cadastral_enriched,0.92
16b1fa4d-901b-4a79-b41f-f675bd7507e2,Cleopatra,cleopatra,Master Developer / DLD Registered,Dubai,"Arabian Ranches (I, II, III)",AE,"Cleopatra, Arabian Ranches (I, II, III), Dubai, United Arab Emirates",,Luxury High-Rise Tower,13,104,DLD-PRJ-65405,68895 40349,25.08896,55.303492,Grade A Luxury,osm_dld_cadastral_enriched,0.92
f7ed2aa5-b16b-4d8e-93fe-4bced271f264,Safa Tower,safa tower,Master Developer / DLD Registered,Dubai,"Arabian Ranches (I, II, III)",AE,"Safa Tower, Arabian Ranches (I, II, III), Dubai, United Arab Emirates",,Ultra-Luxury High-Rise Tower,39,312,DLD-PRJ-85809,68614 41150,25.086145,55.311501,Grade A Luxury,osm_dld_cadastral_enriched,0.92
dc58bc00-5432-44fd-aca1-af4d92158354,API Tower,api tower,Master Developer / DLD Registered,Dubai,"The Views, Greens & Lakes",AE,"API Tower, The Views, Greens & Lakes, Dubai, United Arab Emirates",,Ultra-Luxury High-Rise Tower,23,184,DLD-PRJ-43954,69670 27466,25.096703,55.174667,Grade A Luxury,osm_dld_cadastral_enriched,0.92
b4593985-e9e8-4ba4-95b6-8a8d8ac375af,Al Meers Tower,al meers tower,Master Developer / DLD Registered,Dubai,"The Views, Greens & Lakes",AE,"Al Meers Tower, The Views, Greens & Lakes, Dubai, United Arab Emirates",,Luxury High-Rise Tower,13,104,DLD-PRJ-10501,69859 27927,25.098599,55.179272,Grade A Luxury,osm_dld_cadastral_enriched,0.92
a7efc939-87bf-4aee-b281-08a1028cb5b9,Tiger Tower,tiger tower,Master Developer / DLD Registered,Dubai,Jumeirah Golf Estates,AE,"Tiger Tower, Jumeirah Golf Estates, Dubai, United Arab Emirates",,Ultra-Luxury High-Rise Tower,31,248,DLD-PRJ-55631,64328 29361,25.043288,55.193619,Grade A Luxury,osm_dld_cadastral_enriched,0.92
a0119e32-faaa-4a59-af4f-325479d3355b,API Barsha Heights,api barsha heights,Master Developer / DLD Registered,Dubai,"The Views, Greens & Lakes",AE,"API Barsha Heights, The Views, Greens & Lakes, Dubai, United Arab Emirates",,Ultra-Luxury High-Rise Tower,25,200,DLD-PRJ-47532,69714 27756,25.097147,55.177562,Grade A Luxury,osm_dld_cadastral_enriched,0.92
eeb0393e-ca22-4164-a654-071808f00394,aljaziah building,aljaziah building,Master Developer / DLD Registered,Dubai,Jumeirah Golf Estates,AE,"aljaziah building, Jumeirah Golf Estates, Dubai, United Arab Emirates",,Gated Residential Society,1,8,DLD-PRJ-37804,64927 31234,25.049276,55.212349,Grade A Luxury,osm_dld_cadastral_enriched,0.92
025b6e2f-e9f5-4d4b-8cc2-e2bc67652d56,Lilac Residence,lilac residence,Master Developer / DLD Registered,Dubai,Dubai Festival City & Culture Village,AE,"Lilac Residence, Dubai Festival City & Culture Village, Dubai, United Arab Emirates",,Luxury High-Rise Tower,1,8,DLD-PRJ-30190,81584 42261,25.215845,55.322614,Grade A Luxury,osm_dld_cadastral_enriched,0.92
bb2f951c-ac71-4442-a2f3-b5baacba0537,Jaddaf Star,jaddaf star,Master Developer / DLD Registered,Dubai,Dubai Festival City & Culture Village,AE,"Jaddaf Star, Dubai Festival City & Culture Village, Dubai, United Arab Emirates",,Luxury High-Rise Tower,18,144,DLD-PRJ-18721,81866 42552,25.218666,55.325527,Grade A Luxury,osm_dld_cadastral_enriched,0.92
adb6de63-941b-4654-8836-7805075e5407,Riah,riah,Master Developer / DLD Registered,Dubai,Dubai Festival City & Culture Village,AE,"Riah, Dubai Festival City & Culture Village, Dubai, United Arab Emirates",,Ultra-Luxury High-Rise Tower,20,160,DLD-PRJ-74313,82409 43984,25.224096,55.339845,Grade A Luxury,osm_dld_cadastral_enriched,0.92
46fc4d4f-ffb7-41ee-9a0f-266e4f3c293a,ameeras building,ameeras building,Master Developer / DLD Registered,Dubai,Dubai Festival City & Culture Village,AE,"ameeras building, Dubai Festival City & Culture Village, Dubai, United Arab Emirates",,Gated Residential Society,9,72,DLD-PRJ-83265,82641 44083,25.226412,55.340837,Grade A Luxury,osm_dld_cadastral_enriched,0.92
0ad02cb0-9894-4ed6-a8e5-0e9f18c3ce8a,Rose Home,rose home,Master Developer / DLD Registered,Dubai,Za'abeel & Wasl1,AE,"Rose Home, Za'abeel & Wasl1, Dubai, United Arab Emirates",,Luxury High-Rise Tower,12,96,DLD-PRJ-94570,83330 41431,25.233308,55.314313,Grade A Luxury,osm_dld_cadastral_enriched,0.92
24d02b2f-6286-4f86-b201-ef70445119c7,Khansaheb Residence,khansaheb residence,Master Developer / DLD Registered,Dubai,Dubai Festival City & Culture Village,AE,"Khansaheb Residence, Dubai Festival City & Culture Village, Dubai, United Arab Emirates",,Luxury High-Rise Tower,13,104,DLD-PRJ-39038,81755 42412,25.217551,55.324122,Grade A Luxury,osm_dld_cadastral_enriched,0.92
c1ac18e7-2bf1-4de6-b52e-715314995b46,Acacia A,acacia a,Master Developer / DLD Registered,Dubai,Dubai Hills Estate,AE,"Acacia A, Dubai Hills Estate, Dubai, United Arab Emirates",,Gated Residential Society,9,72,DLD-PRJ-20193,70962 34468,25.10963,55.244687,Grade A Luxury,osm_dld_cadastral_enriched,0.92
23bf6e11-4f91-4e37-bf79-4e41e1dbe78c,Acacia B,acacia b,Master Developer / DLD Registered,Dubai,Dubai Hills Estate,AE,"Acacia B, Dubai Hills Estate, Dubai, United Arab Emirates",,Gated Residential Society,9,72,DLD-PRJ-26669,71035 34555,25.110351,55.245551,Grade A Luxury,osm_dld_cadastral_enriched,0.92
75ffa657-d2c2-4028-80a0-aa2695f353c6,Acacia C,acacia c,Master Developer / DLD Registered,Dubai,Dubai Hills Estate,AE,"Acacia C, Dubai Hills Estate, Dubai, United Arab Emirates",,Gated Residential Society,9,72,DLD-PRJ-12414,71117 34608,25.111178,55.246084,Grade A Luxury,osm_dld_cadastral_enriched,0.92
051dd7ed-7745-4644-8a1f-7dcb096c9da6,Park Heights 2,park heights 2,Master Developer / DLD Registered,Dubai,Dubai Hills Estate,AE,"Park Heights 2, Dubai Hills Estate, Dubai, United Arab Emirates",,Luxury High-Rise Tower,19,152,DLD-PRJ-84317,71328 34699,25.113281,55.246996,Grade A Luxury,osm_dld_cadastral_enriched,0.92
12df739e-2efc-4123-91ba-5cc2672f9252,Nimir Tower,nimir tower,Master Developer / DLD Registered,Dubai,"The Views, Greens & Lakes",AE,"Nimir Tower, The Views, Greens & Lakes, Dubai, United Arab Emirates",,Luxury High-Rise Tower,15,120,DLD-PRJ-77333,69598 27983,25.095985,55.17983,Grade A Luxury,osm_dld_cadastral_enriched,0.92
deaeefb8-c6cf-4e92-b34f-d5e7bf659348,Al Shaiba,al shaiba,Master Developer / DLD Registered,Dubai,"The Views, Greens & Lakes",AE,"Al Shaiba, The Views, Greens & Lakes, Dubai, United Arab Emirates",,Iconic Sky High-Rise Tower,40,320,DLD-PRJ-12106,69725 27083,25.097254,55.170834,Grade A Luxury,osm_dld_cadastral_enriched,0.92
a1054401-2985-4c1e-963e-4b4c1ae95c51,Al Noor,al noor,Master Developer / DLD Registered,Dubai,"The Views, Greens & Lakes",AE,"Al Noor, The Views, Greens & Lakes, Dubai, United Arab Emirates",,Luxury High-Rise Tower,16,128,DLD-PRJ-55057,69834 27194,25.098341,55.171948,Grade A Luxury,osm_dld_cadastral_enriched,0.92
95fb0871-a7ce-4314-8f80-08fbb77ddbb5,East Coast Building,east coast building,Master Developer / DLD Registered,Dubai,"The Views, Greens & Lakes",AE,"East Coast Building, The Views, Greens & Lakes, Dubai, United Arab Emirates",,Luxury High-Rise Tower,15,120,DLD-PRJ-82299,69935 27889,25.099356,55.178894,Grade A Luxury,osm_dld_cadastral_enriched,0.92
4c81f6f5-2eef-4316-954e-7bc628cf9da5,Hilliana Tower,hilliana tower,Master Developer / DLD Registered,Dubai,Al Sufouh & Media City,AE,"Hilliana Tower, Al Sufouh & Media City, Dubai, United Arab Emirates",,Luxury High-Rise Tower,2,16,DLD-PRJ-14587,71102 27805,25.111028,55.178057,Grade A Luxury,osm_dld_cadastral_enriched,0.92
49bc131b-2f96-4d52-88b1-b2cc5a90f404,Abyaar Tower,abyaar tower,Master Developer / DLD Registered,Dubai,Al Sufouh & Media City,AE,"Abyaar Tower, Al Sufouh & Media City, Dubai, United Arab Emirates",,Iconic Sky High-Rise Tower,40,320,DLD-PRJ-54216,71035 27754,25.110355,55.177548,Grade A Luxury,osm_dld_cadastral_enriched,0.92
b0d4c370-6909-46bc-95b1-5ec11a5d244a,Sol Avenue,sol avenue,Master Developer / DLD Registered,Dubai,Business Bay,AE,"Sol Avenue, Business Bay, Dubai, United Arab Emirates",,Ultra-Luxury High-Rise Tower,20,160,DLD-PRJ-65397,77965 37499,25.179653,55.274996,Grade A Luxury,osm_dld_cadastral_enriched,0.92
b8873971-7e8a-4a55-80bf-f42360284c50,Grayton House,grayton house,Master Developer / DLD Registered,Dubai,Dubai Festival City & Culture Village,AE,"Grayton House, Dubai Festival City & Culture Village, Dubai, United Arab Emirates",,Gated Residential Society,8,64,DLD-PRJ-39431,82934 43684,25.229346,55.336842,Grade A Luxury,osm_dld_cadastral_enriched,0.92
0412bc42-32c9-4f2a-bb8f-e54d8d7144cf,Amrico Building,amrico building,Master Developer / DLD Registered,Dubai,Dubai Festival City & Culture Village,AE,"Amrico Building, Dubai Festival City & Culture Village, Dubai, United Arab Emirates",,Luxury High-Rise Tower,10,80,DLD-PRJ-56280,82818 43558,25.228188,55.335585,Grade A Luxury,osm_dld_cadastral_enriched,0.92
db7b278c-749e-498f-8a09-d82f6cc7b1ff,Taraf 2 Residence,taraf 2 residence,Master Developer / DLD Registered,Dubai,Jumeirah Golf Estates,AE,"Taraf 2 Residence, D56, Jumeirah Golf Estates, Dubai, United Arab Emirates",,Luxury High-Rise Tower,6,48,DLD-PRJ-74376,64917 29444,25.049179,55.194449,Grade A Luxury,osm_dld_cadastral_enriched,0.92
7b9f2e89-6eb2-4115-88eb-f593fc12930a,You&Co,you co,Master Developer / DLD Registered,Dubai,Jumeirah Golf Estates,AE,"You&Co, Jumeirah Golf Estates, Dubai, United Arab Emirates",,Gated Residential Society,9,72,DLD-PRJ-13517,62558 29077,25.025585,55.190776,Grade A Luxury,osm_dld_cadastral_enriched,0.92
8990daaf-ffc4-4b37-84c1-3c91f091edc2,Laya Heights,laya heights,Master Developer / DLD Registered,Dubai,Tilal Al Ghaf,AE,"Laya Heights, Tilal Al Ghaf, Dubai, United Arab Emirates",,Luxury High-Rise Tower,9,72,DLD-PRJ-25374,64114 34593,25.041149,55.245938,Grade A Luxury,osm_dld_cadastral_enriched,0.92
048dacd5-2383-427a-94f5-c0509b6ca685,Saleh Building,saleh building,Master Developer / DLD Registered,Dubai,Dubai Festival City & Culture Village,AE,"Saleh Building, Dubai Festival City & Culture Village, Dubai, United Arab Emirates",,Luxury High-Rise Tower,15,120,DLD-PRJ-26794,82342 43013,25.223428,55.33014,Grade A Luxury,osm_dld_cadastral_enriched,0.92
f96108cb-fa56-4ddb-b3a7-58a0caa61fb6,Park Central,park central,Master Developer / DLD Registered,Dubai,Business Bay,AE,"Park Central, Business Bay, Dubai, United Arab Emirates",,Luxury High-Rise Tower,16,128,DLD-PRJ-54364,77900 37111,25.179002,55.271119,Grade A Luxury,osm_dld_cadastral_enriched,0.92
edd7e8cf-078e-4426-83fc-566c782d49be,Central 1,central 1,Master Developer / DLD Registered,Dubai,Business Bay,AE,"Central 1, Business Bay, Dubai, United Arab Emirates",,Luxury High-Rise Tower,18,144,DLD-PRJ-63035,77829 37047,25.178296,55.270473,Grade A Luxury,osm_dld_cadastral_enriched,0.92
6926f0b5-0c34-4466-9f31-043538d66a6d,VYB,vyb,Master Developer / DLD Registered,Dubai,Business Bay,AE,"VYB, Business Bay, Dubai, United Arab Emirates",,Ultra-Luxury High-Rise Tower,21,168,DLD-PRJ-28329,77768 37351,25.177681,55.273513,Grade A Luxury,osm_dld_cadastral_enriched,0.92
753f83e4-b016-4d40-9d32-d92b3901459c,Al Fahad,al fahad,Master Developer / DLD Registered,Dubai,"The Views, Greens & Lakes",AE,"Al Fahad, The Views, Greens & Lakes, Dubai, United Arab Emirates",,Ultra-Luxury High-Rise Tower,24,192,DLD-PRJ-13385,70127 27814,25.101276,55.178145,Grade A Luxury,osm_dld_cadastral_enriched,0.92
09d1af15-1297-48ed-87eb-432cfbafaf0b,Liberty Lane,liberty lane,Master Developer / DLD Registered,Dubai,Al Sufouh & Media City,AE,"Liberty Lane, Hessa St, Al Sufouh & Media City, Dubai, United Arab Emirates",,Gated Residential Society,3,24,DLD-PRJ-48945,70968 27238,25.109688,55.172383,Grade A Luxury,osm_dld_cadastral_enriched,0.92
4c035bd9-eda1-4e47-b44f-ccd12e25a867,Imperial Residence,imperial residence,Master Developer / DLD Registered,Dubai,Jumeirah Golf Estates,AE,"Imperial Residence, Jumeirah Golf Estates, Dubai, United Arab Emirates",,Ultra-Luxury High-Rise Tower,29,232,DLD-PRJ-70299,64791 29530,25.04791,55.195305,Grade A Luxury,osm_dld_cadastral_enriched,0.92
f4e8c4d8-a146-4842-9089-3828bda0df2d,Lago Vista,lago vista,Master Developer / DLD Registered,Dubai,Jumeirah Golf Estates,AE,"Lago Vista, Jumeirah Golf Estates, Dubai, United Arab Emirates",,Gated Residential Society,24,96,DLD-PRJ-80625,63514 30181,25.035143,55.20181,Grade A Luxury,osm_dld_cadastral_enriched,0.88
67b58588-989e-4bd1-a965-f5b2d88d440a,One Za'abeel,one za abeel,Master Developer / DLD Registered,Dubai,Za'abeel & Wasl1,AE,"One Za'abeel, Za'abeel & Wasl1, Dubai, United Arab Emirates",,Gated Residential Society,68,96,DLD-PRJ-64390,82711 39216,25.227119,55.292167,Grade A Luxury,osm_dld_cadastral_enriched,0.88
d53c2d7b-25d1-4f5f-8fae-0322d5277cfb,Socio,socio,Master Developer / DLD Registered,Dubai,Dubai Hills Estate,AE,"Socio, Dubai Hills Estate, Dubai, United Arab Emirates",,Gated Residential Society,13,96,DLD-PRJ-17880,71358 34833,25.11359,55.248337,Grade A Luxury,osm_dld_cadastral_enriched,0.88
709f0b41-4a65-45ac-9299-1ca33b524c3e,Jumeirah Golf Estates,jumeirah golf estates,Master Developer / DLD Registered,Dubai,Jumeirah Golf Estates,AE,"Jumeirah Golf Estates, Jumeirah Golf Estates, Dubai, United Arab Emirates",,Ultra-Luxury Gated Villa Community,0,96,DLD-PRJ-56193,61998 30048,25.019989,55.200489,Grade A Luxury,osm_dld_cadastral_enriched,0.88
d44fb543-11ee-49a4-a773-efdab5b1507c,Olivara Residences & Park,olivara residences park,Master Developer / DLD Registered,Dubai,Tilal Al Ghaf,AE,"Olivara Residences & Park, شارع حصة, Tilal Al Ghaf, Dubai, United Arab Emirates",,Luxury High-Rise Tower,0,96,DLD-PRJ-89819,63135 33853,25.031359,55.238533,Grade A Luxury,osm_dld_cadastral_enriched,0.88
bb4a9fc9-2c03-42e9-89b8-d55bfd35405c,La Rosa Residence,la rosa residence,Master Developer / DLD Registered,Dubai,Al Sufouh & Media City,AE,"La Rosa Residence, شارع البرشاء 1, Al Sufouh & Media City, Dubai, United Arab Emirates",,Luxury High-Rise Tower,0,96,DLD-PRJ-46608,71310 29340,25.113108,55.193402,Grade A Luxury,osm_dld_cadastral_enriched,0.88
4e055a1a-0965-4bf9-a3cf-f1afac755bf6,Springs 1,springs 1,Master Developer / DLD Registered,Dubai,The Meadows & Springs,AE,"Springs 1, The Meadows & Springs, Dubai, United Arab Emirates",,Gated Residential Society,0,96,DLD-PRJ-61178,66116 26062,25.061164,55.160621,Grade A Luxury,osm_dld_cadastral_enriched,0.88
4ea4e163-188f-48e3-9b6d-b6763e1e4603,Meadows 6,meadows 6,Master Developer / DLD Registered,Dubai,The Meadows & Springs,AE,"Meadows 6, The Meadows & Springs, Dubai, United Arab Emirates",,Gated Residential Society,0,96,DLD-PRJ-44990,65888 27060,25.058885,55.170604,Grade A Luxury,osm_dld_cadastral_enriched,0.88
81347a6e-a63b-4a58-94b2-1e13f016412c,Springs 3,springs 3,Master Developer / DLD Registered,Dubai,The Meadows & Springs,AE,"Springs 3, The Meadows & Springs, Dubai, United Arab Emirates",,Gated Residential Society,0,96,DLD-PRJ-73307,65788 27449,25.05789,55.174499,Grade A Luxury,osm_dld_cadastral_enriched,0.88
2a2bb7be-1d7c-4e40-86ee-db8c08fdaab4,Springs 11,springs 11,Master Developer / DLD Registered,Dubai,The Meadows & Springs,AE,"Springs 11, The Meadows & Springs, Dubai, United Arab Emirates",,Gated Residential Society,0,96,DLD-PRJ-21660,65580 27726,25.055809,55.177265,Grade A Luxury,osm_dld_cadastral_enriched,0.88
ee7c6fc8-acb6-43c2-adb6-baff900562a1,Springs 2,springs 2,Master Developer / DLD Registered,Dubai,The Meadows & Springs,AE,"Springs 2, The Meadows & Springs, Dubai, United Arab Emirates",,Gated Residential Society,0,96,DLD-PRJ-90869,65734 26640,25.057347,55.166406,Grade A Luxury,osm_dld_cadastral_enriched,0.88
6e2deb8c-f336-4daa-8d75-f4bb5582fe73,Springs 10,springs 10,Master Developer / DLD Registered,Dubai,The Meadows & Springs,AE,"Springs 10, The Meadows & Springs, Dubai, United Arab Emirates",,Gated Residential Society,0,96,DLD-PRJ-68086,65778 28112,25.057782,55.181123,Grade A Luxury,osm_dld_cadastral_enriched,0.88
785e94c1-dded-4602-a6f8-0d5462ebbbf4,Springs 15,springs 15,Master Developer / DLD Registered,Dubai,The Meadows & Springs,AE,"Springs 15, The Meadows & Springs, Dubai, United Arab Emirates",,Gated Residential Society,0,96,DLD-PRJ-37156,65146 27944,25.051469,55.179442,Grade A Luxury,osm_dld_cadastral_enriched,0.88
e37239c4-f103-484c-ab1a-ba903a9db356,Meadows 7,meadows 7,Master Developer / DLD Registered,Dubai,The Meadows & Springs,AE,"Meadows 7, The Meadows & Springs, Dubai, United Arab Emirates",,Gated Residential Society,0,96,DLD-PRJ-75133,66202 27755,25.062023,55.177559,Grade A Luxury,osm_dld_cadastral_enriched,0.88
d4e4d481-6d13-4ffd-bb70-71a2f97c87f7,Springs 9,springs 9,Master Developer / DLD Registered,Dubai,The Meadows & Springs,AE,"Springs 9, The Meadows & Springs, Dubai, United Arab Emirates",,Gated Residential Society,0,96,DLD-PRJ-79247,65880 28532,25.058803,55.185321,Grade A Luxury,osm_dld_cadastral_enriched,0.88
97d92de7-4652-4729-9054-c96ef7e88650,Springs 14,springs 14,Master Developer / DLD Registered,Dubai,The Meadows & Springs,AE,"Springs 14, The Meadows & Springs, Dubai, United Arab Emirates",,Gated Residential Society,0,96,DLD-PRJ-38950,65224 27371,25.052243,55.173711,Grade A Luxury,osm_dld_cadastral_enriched,0.88
679ea3ed-31ef-40ad-8042-8e4c4836c7ff,Meadows 9,meadows 9,Master Developer / DLD Registered,Dubai,The Meadows & Springs,AE,"Meadows 9, The Meadows & Springs, Dubai, United Arab Emirates",,Gated Residential Society,0,96,DLD-PRJ-89652,64558 27407,25.045589,55.174071,Grade A Luxury,osm_dld_cadastral_enriched,0.88
aa1f56c0-10c1-46c3-a03d-be0ac9c6423e,Springs 4,springs 4,Master Developer / DLD Registered,Dubai,The Meadows & Springs,AE,"Springs 4, The Meadows & Springs, Dubai, United Arab Emirates",,Gated Residential Society,0,96,DLD-PRJ-63952,66104 28171,25.06104,55.181717,Grade A Luxury,osm_dld_cadastral_enriched,0.88
07aae6a4-0d55-445d-91e9-272bf07942fe,Springs 12,springs 12,Master Developer / DLD Registered,Dubai,The Meadows & Springs,AE,"Springs 12, The Meadows & Springs, Dubai, United Arab Emirates",,Gated Residential Society,0,96,DLD-PRJ-62364,65445 28347,25.054456,55.183479,Grade A Luxury,osm_dld_cadastral_enriched,0.88
be11bfec-95cc-4ef2-9344-554e5da4f72e,Springs 5,springs 5,Master Developer / DLD Registered,Dubai,The Meadows & Springs,AE,"Springs 5, The Meadows & Springs, Dubai, United Arab Emirates",,Gated Residential Society,0,96,DLD-PRJ-63722,66407 28738,25.064075,55.187387,Grade A Luxury,osm_dld_cadastral_enriched,0.88
d7fc11c9-18e8-44fa-bbc0-d101a8dc606d,Meadows 5,meadows 5,Master Developer / DLD Registered,Dubai,The Meadows & Springs,AE,"Meadows 5, The Meadows & Springs, Dubai, United Arab Emirates",,Gated Residential Society,0,96,DLD-PRJ-26162,66237 26330,25.062376,55.163307,Grade A Luxury,osm_dld_cadastral_enriched,0.88
2ac3a896-3a2d-4c8f-b840-56900bcf9871,Springs 6,springs 6,Master Developer / DLD Registered,Dubai,The Meadows & Springs,AE,"Springs 6, The Meadows & Springs, Dubai, United Arab Emirates",,Gated Residential Society,0,96,DLD-PRJ-39549,66815 28963,25.068158,55.189632,Grade A Luxury,osm_dld_cadastral_enriched,0.88
524d3c1e-68e0-446c-b071-08cf29af687c,The Meadows 8,the meadows 8,Master Developer / DLD Registered,Dubai,The Meadows & Springs,AE,"The Meadows 8, The Meadows & Springs, Dubai, United Arab Emirates",,Gated Residential Society,0,96,DLD-PRJ-62993,66419 28401,25.0642,55.184014,Grade A Luxury,osm_dld_cadastral_enriched,0.88
6d12b48e-b2b0-4179-8cd2-73fd3a8fa0b5,Springs 8,springs 8,Master Developer / DLD Registered,Dubai,The Meadows & Springs,AE,"Springs 8, The Meadows & Springs, Dubai, United Arab Emirates",,Gated Residential Society,0,96,DLD-PRJ-56612,66038 28874,25.060386,55.188748,Grade A Luxury,osm_dld_cadastral_enriched,0.88
a3d79b9f-860e-4851-90d5-4ae1349d2b1d,Esmeralda Village,esmeralda village,Master Developer / DLD Registered,Dubai,Jumeirah Golf Estates,AE,"Esmeralda Village, Jumeirah Golf Estates, Dubai, United Arab Emirates",,Ultra-Luxury Gated Villa Community,0,96,DLD-PRJ-59602,62966 31346,25.029665,55.213465,Grade A Luxury,osm_dld_cadastral_enriched,0.88
05b21a32-1052-4a1f-9698-82fc633a7f4d,Novelia Village,novelia village,Master Developer / DLD Registered,Dubai,Jumeirah Golf Estates,AE,"Novelia Village, Jumeirah Golf Estates, Dubai, United Arab Emirates",,Ultra-Luxury Gated Villa Community,0,96,DLD-PRJ-47697,63272 31137,25.032728,55.211378,Grade A Luxury,osm_dld_cadastral_enriched,0.88
73c1fc70-cc46-4b1b-b198-0545fbfe6900,Carmen Village,carmen village,Master Developer / DLD Registered,Dubai,Jumeirah Golf Estates,AE,"Carmen Village, Jumeirah Golf Estates, Dubai, United Arab Emirates",,Ultra-Luxury Gated Villa Community,0,96,DLD-PRJ-13167,63471 31501,25.034713,55.215014,Grade A Luxury,osm_dld_cadastral_enriched,0.88
25ec3791-af67-4327-bdc3-8b9bda08e2f9,Lime Tree Valley,lime tree valley,Master Developer / DLD Registered,Dubai,Jumeirah Golf Estates,AE,"Lime Tree Valley, Jumeirah Golf Estates, Dubai, United Arab Emirates",,Gated Residential Society,0,96,DLD-PRJ-79936,61571 29817,25.01571,55.198177,Grade A Luxury,osm_dld_cadastral_enriched,0.88
9d329869-0f06-4f0b-9c15-ea43b93ccc80,Estella Village,estella village,Master Developer / DLD Registered,Dubai,Jumeirah Golf Estates,AE,"Estella Village, Jumeirah Golf Estates, Dubai, United Arab Emirates",,Ultra-Luxury Gated Villa Community,0,96,DLD-PRJ-74982,63565 31785,25.035655,55.217859,Grade A Luxury,osm_dld_cadastral_enriched,0.88
fc44da74-94c7-40f2-bd13-5a197f8967db,Carmen Village North,carmen village north,Master Developer / DLD Registered,Dubai,Jumeirah Golf Estates,AE,"Carmen Village North, Jumeirah Golf Estates, Dubai, United Arab Emirates",,Ultra-Luxury Gated Villa Community,0,96,DLD-PRJ-94654,63786 31408,25.037862,55.214086,Grade A Luxury,osm_dld_cadastral_enriched,0.88
2f6c1c0d-a6ee-4315-8822-53ee40ed3270,Victory Heights II,victory heights ii,Master Developer / DLD Registered,Dubai,Jumeirah Golf Estates,AE,"Victory Heights II, Jumeirah Golf Estates, Dubai, United Arab Emirates",,Luxury High-Rise Tower,0,96,DLD-PRJ-24146,63610 31031,25.036109,55.21032,Grade A Luxury,osm_dld_cadastral_enriched,0.88
0583ccbb-c152-40e6-aa44-1936567159d4,Green Community Motor City,green community motor city,Master Developer / DLD Registered,Dubai,Tilal Al Ghaf,AE,"Green Community Motor City, Tilal Al Ghaf, Dubai, United Arab Emirates",,Gated Residential Society,0,96,DLD-PRJ-55117,63969 33554,25.039693,55.235542,Grade A Luxury,osm_dld_cadastral_enriched,0.88
05d2c14d-ebb2-4455-813c-68b074c13603,Al Jaz 2,al jaz 2,Master Developer / DLD Registered,Dubai,"The Views, Greens & Lakes",AE,"Al Jaz 2, The Views, Greens & Lakes, Dubai, United Arab Emirates",,Gated Residential Society,0,96,DLD-PRJ-71779,69540 27123,25.095409,55.17123,Grade A Luxury,osm_dld_cadastral_enriched,0.88
7da45af7-324d-4de0-a944-dbc3d9f04e36,Meera Complex,meera complex,Master Developer / DLD Registered,Dubai,Al Sufouh & Media City,AE,"Meera Complex, Al Sufouh & Media City, Dubai, United Arab Emirates",,Gated Residential Society,0,96,DLD-PRJ-57817,70507 27056,25.105076,55.170561,Grade A Luxury,osm_dld_cadastral_enriched,0.88
53c8a9d2-35f6-4cb5-aad6-860ec4160c72,La Residence,la residence,Master Developer / DLD Registered,Dubai,Al Sufouh & Media City,AE,"La Residence, Al Sufouh & Media City, Dubai, United Arab Emirates",,Luxury High-Rise Tower,0,96,DLD-PRJ-36793,70924 29389,25.109248,55.193896,Grade A Luxury,osm_dld_cadastral_enriched,0.88
93ac6713-9799-475f-9369-edff45f2fc62,Bayti 33,bayti 33,Master Developer / DLD Registered,Dubai,Al Sufouh & Media City,AE,"Bayti 33, 41 Street, Al Sufouh & Media City, Dubai, United Arab Emirates",,Gated Residential Society,0,96,DLD-PRJ-60679,70661 28477,25.106617,55.18477,Grade A Luxury,osm_dld_cadastral_enriched,0.88
b84a71ee-05f5-4a5c-b492-c25fb9aa5553,Palma Spring Village,palma spring village,Master Developer / DLD Registered,Dubai,Al Sufouh & Media City,AE,"Palma Spring Village, Al Sufouh & Media City, Dubai, United Arab Emirates",,Ultra-Luxury Gated Villa Community,0,96,DLD-PRJ-99334,70807 27618,25.108079,55.176185,Grade A Luxury,osm_dld_cadastral_enriched,0.88
576bcbaa-5e0f-4014-8c35-c3e31890feab,Al Reem 1,al reem 1,Master Developer / DLD Registered,Dubai,"Arabian Ranches (I, II, III)",AE,"Al Reem 1, Arabian Ranches (I, II, III), Dubai, United Arab Emirates",,Gated Residential Society,0,96,DLD-PRJ-23532,65968 39577,25.059684,55.295774,Grade A Luxury,osm_dld_cadastral_enriched,0.88
6027f423-f304-4a43-9f6b-d286f4132633,Al Reem 2,al reem 2,Master Developer / DLD Registered,Dubai,"Arabian Ranches (I, II, III)",AE,"Al Reem 2, Arabian Ranches (I, II, III), Dubai, United Arab Emirates",,Gated Residential Society,0,96,DLD-PRJ-59506,65589 39071,25.055896,55.290712,Grade A Luxury,osm_dld_cadastral_enriched,0.88
71e0d083-fdc6-4a57-8943-8c920eb82a7b,Al Reem 3,al reem 3,Master Developer / DLD Registered,Dubai,"Arabian Ranches (I, II, III)",AE,"Al Reem 3, Arabian Ranches (I, II, III), Dubai, United Arab Emirates",,Gated Residential Society,0,96,DLD-PRJ-14020,65943 38957,25.059436,55.289575,Grade A Luxury,osm_dld_cadastral_enriched,0.88
24c709d2-e126-4ee5-905b-8b14bd0cf8b2,Terra Nova,terra nova,Master Developer / DLD Registered,Dubai,"Arabian Ranches (I, II, III)",AE,"Terra Nova, Arabian Ranches (I, II, III), Dubai, United Arab Emirates",,Gated Residential Society,0,96,DLD-PRJ-12417,65074 38102,25.050746,55.281021,Grade A Luxury,osm_dld_cadastral_enriched,0.88
cb1bc053-8149-40d2-bfee-8c67e84ab578,Al Mahra,al mahra,Master Developer / DLD Registered,Dubai,"Arabian Ranches (I, II, III)",AE,"Al Mahra, Arabian Ranches (I, II, III), Dubai, United Arab Emirates",,Gated Residential Society,0,96,DLD-PRJ-19077,64869 37590,25.048695,55.275903,Grade A Luxury,osm_dld_cadastral_enriched,0.88
3ae85c1a-3a4e-4785-a212-9b7d72427981,Mirador,mirador,Master Developer / DLD Registered,Dubai,"Arabian Ranches (I, II, III)",AE,"Mirador, Arabian Ranches (I, II, III), Dubai, United Arab Emirates",,Gated Residential Society,0,96,DLD-PRJ-25131,65518 38410,25.055183,55.284107,Grade A Luxury,osm_dld_cadastral_enriched,0.88
1e7e818f-cede-45dc-96ff-83aaa015a887,Savannah,savannah,Master Developer / DLD Registered,Dubai,"Arabian Ranches (I, II, III)",AE,"Savannah, Arabian Ranches (I, II, III), Dubai, United Arab Emirates",,Gated Residential Society,0,96,DLD-PRJ-79250,65546 37676,25.055461,55.276764,Grade A Luxury,osm_dld_cadastral_enriched,0.88
4cfc2f04-71e6-4e26-9016-cc6143121b76,Alma 2,alma 2,Master Developer / DLD Registered,Dubai,"Arabian Ranches (I, II, III)",AE,"Alma 2, Arabian Ranches (I, II, III), Dubai, United Arab Emirates",,Gated Residential Society,0,96,DLD-PRJ-66258,65446 37282,25.054466,55.272826,Grade A Luxury,osm_dld_cadastral_enriched,0.88
9b37f4c2-4970-4795-90f4-a8d0d1098daf,Alma 1,alma 1,Master Developer / DLD Registered,Dubai,"Arabian Ranches (I, II, III)",AE,"Alma 1, Arabian Ranches (I, II, III), Dubai, United Arab Emirates",,Gated Residential Society,0,96,DLD-PRJ-41381,65359 36875,25.053594,55.268752,Grade A Luxury,osm_dld_cadastral_enriched,0.88
f51f32c0-6a0e-4b7a-b8e0-40925cadfd85,La Avenida 2,la avenida 2,Master Developer / DLD Registered,Dubai,"Arabian Ranches (I, II, III)",AE,"La Avenida 2, Arabian Ranches (I, II, III), Dubai, United Arab Emirates",,Gated Residential Society,0,96,DLD-PRJ-88354,65182 36910,25.051824,55.269102,Grade A Luxury,osm_dld_cadastral_enriched,0.88
7c6071d6-0c4d-47ce-b6a7-2d6b7dcb2cbb,Golf Homes,golf homes,Master Developer / DLD Registered,Dubai,"Arabian Ranches (I, II, III)",AE,"Golf Homes, Arabian Ranches (I, II, III), Dubai, United Arab Emirates",,Gated Residential Society,0,96,DLD-PRJ-49389,64873 35970,25.048734,55.259708,Grade A Luxury,osm_dld_cadastral_enriched,0.88
291e4ad9-e9c9-4e62-8f6b-519ef31b6ce7,Hattan,hattan,Master Developer / DLD Registered,Dubai,"Arabian Ranches (I, II, III)",AE,"Hattan, Arabian Ranches (I, II, III), Dubai, United Arab Emirates",,Gated Residential Society,0,96,DLD-PRJ-14073,64675 36693,25.046759,55.266935,Grade A Luxury,osm_dld_cadastral_enriched,0.88
ad2e663e-13df-4b1b-9995-67fef5b2a190,Westar Terrace,westar terrace,Master Developer / DLD Registered,Dubai,Jumeirah Golf Estates,AE,"Westar Terrace, Jumeirah Golf Estates, Dubai, United Arab Emirates",,Gated Residential Society,0,96,DLD-PRJ-50076,64966 31381,25.049667,55.213815,Grade A Luxury,osm_dld_cadastral_enriched,0.88
5e9e1dfc-1e7c-44eb-89aa-04b903f90ef6,Indigo Ville 3,indigo ville 3,Master Developer / DLD Registered,Dubai,Jumeirah Golf Estates,AE,"Indigo Ville 3, Jumeirah Golf Estates, Dubai, United Arab Emirates",,Gated Residential Society,0,96,DLD-PRJ-27690,64944 31436,25.049441,55.214361,Grade A Luxury,osm_dld_cadastral_enriched,0.88
a4995f69-652a-4cef-82eb-f1663e34b360,Arabian Tower,arabian tower,Master Developer / DLD Registered,Dubai,Jumeirah Golf Estates,AE,"Arabian Tower, Jumeirah Golf Estates, Dubai, United Arab Emirates",,Luxury High-Rise Tower,0,96,DLD-PRJ-99095,63564 32345,25.035643,55.223452,Grade A Luxury,osm_dld_cadastral_enriched,0.88
8aa56eae-f417-4617-bd50-cc434c175614,Spanish Andalusian Tower,spanish andalusian tower,Master Developer / DLD Registered,Dubai,Jumeirah Golf Estates,AE,"Spanish Andalusian Tower, Jumeirah Golf Estates, Dubai, United Arab Emirates",,Luxury High-Rise Tower,0,96,DLD-PRJ-98544,63626 32294,25.03626,55.222945,Grade A Luxury,osm_dld_cadastral_enriched,0.88
c8d463c2-716f-49e2-8102-f91a7a89236b,Canal Residence West,canal residence west,Master Developer / DLD Registered,Dubai,Jumeirah Golf Estates,AE,"Canal Residence West, Jumeirah Golf Estates, Dubai, United Arab Emirates",,Luxury High-Rise Tower,0,96,DLD-PRJ-30786,63765 32189,25.037657,55.221899,Grade A Luxury,osm_dld_cadastral_enriched,0.88
912371c0-0441-485e-bd60-2f9ab4436f21,Calida Village,calida village,Master Developer / DLD Registered,Dubai,Jumeirah Golf Estates,AE,"Calida Village, Jumeirah Golf Estates, Dubai, United Arab Emirates",,Ultra-Luxury Gated Villa Community,0,96,DLD-PRJ-48399,64035 30988,25.040353,55.209887,Grade A Luxury,osm_dld_cadastral_enriched,0.88
49055c55-620c-4500-9047-a7d2b661f383,Morella Village,morella village,Master Developer / DLD Registered,Dubai,Jumeirah Golf Estates,AE,"Morella Village, Jumeirah Golf Estates, Dubai, United Arab Emirates",,Ultra-Luxury Gated Villa Community,0,96,DLD-PRJ-65532,63766 30753,25.037669,55.207533,Grade A Luxury,osm_dld_cadastral_enriched,0.88
ab2bf233-3e1f-4396-b5e3-5fbc1712c0ba,Orange Lake,orange lake,Master Developer / DLD Registered,Dubai,Jumeirah Golf Estates,AE,"Orange Lake, Jumeirah Golf Estates, Dubai, United Arab Emirates",,Gated Residential Society,0,96,DLD-PRJ-36597,62778 30414,25.02778,55.204149,Grade A Luxury,osm_dld_cadastral_enriched,0.88
90b5f205-d566-4f3c-9753-d7b11891fe60,Whispering Pines,whispering pines,Master Developer / DLD Registered,Dubai,Jumeirah Golf Estates,AE,"Whispering Pines, Jumeirah Golf Estates, Dubai, United Arab Emirates",,Gated Residential Society,0,96,DLD-PRJ-11253,62511 29795,25.025117,55.197955,Grade A Luxury,osm_dld_cadastral_enriched,0.88
8e5b05f8-db8e-446f-bd74-5f5df24adbdf,Olive Point,olive point,Master Developer / DLD Registered,Dubai,Jumeirah Golf Estates,AE,"Olive Point, Jumeirah Golf Estates, Dubai, United Arab Emirates",,Gated Residential Society,0,96,DLD-PRJ-56395,62541 29496,25.025418,55.194968,Grade A Luxury,osm_dld_cadastral_enriched,0.88
52bb6ca3-87f9-49f8-9af3-1f4d168f75ce,Hera Tower,hera tower,Master Developer / DLD Registered,Dubai,Jumeirah Golf Estates,AE,"Hera Tower, Jumeirah Golf Estates, Dubai, United Arab Emirates",,Luxury High-Rise Tower,0,96,DLD-PRJ-21175,64051 32241,25.040516,55.222419,Grade A Luxury,osm_dld_cadastral_enriched,0.88
9147fe67-35be-4023-b16c-eb8429207446,The Destiny 1,the destiny 1,Master Developer / DLD Registered,Dubai,Jumeirah Golf Estates,AE,"The Destiny 1, Jumeirah Golf Estates, Dubai, United Arab Emirates",,Gated Residential Society,0,96,DLD-PRJ-60346,64199 31670,25.04199,55.216701,Grade A Luxury,osm_dld_cadastral_enriched,0.88
3cd45302-f33b-4d9c-9c2b-eb921c439355,The Destiny 2,the destiny 2,Master Developer / DLD Registered,Dubai,Jumeirah Golf Estates,AE,"The Destiny 2, Jumeirah Golf Estates, Dubai, United Arab Emirates",,Gated Residential Society,0,96,DLD-PRJ-71371,64132 31676,25.041327,55.216762,Grade A Luxury,osm_dld_cadastral_enriched,0.88
edf78797-ec3a-4f9a-a2db-2b3bacc0cdeb,Al Thamam 28,al thamam 28,Master Developer / DLD Registered,Dubai,Damac Hills & Lagoons,AE,"Al Thamam 28, Al Thammam, Damac Hills & Lagoons, Dubai, United Arab Emirates",,Gated Residential Society,0,96,DLD-PRJ-37352,60414 34779,25.004142,55.247799,Grade A Luxury,osm_dld_cadastral_enriched,0.88
470773c1-f96a-4f76-b0ae-07d59ce4144b,Al Thamam 14,al thamam 14,Master Developer / DLD Registered,Dubai,Damac Hills & Lagoons,AE,"Al Thamam 14, Al Thammam, Damac Hills & Lagoons, Dubai, United Arab Emirates",,Gated Residential Society,0,96,DLD-PRJ-87892,60743 34957,25.007432,55.24958,Grade A Luxury,osm_dld_cadastral_enriched,0.88
c2d323a6-901a-4d93-8704-1c69b04dedf7,Al Thamam 6,al thamam 6,Master Developer / DLD Registered,Dubai,Damac Hills & Lagoons,AE,"Al Thamam 6, Al Thammam, Damac Hills & Lagoons, Dubai, United Arab Emirates",,Gated Residential Society,0,96,DLD-PRJ-31393,60687 35164,25.006874,55.251644,Grade A Luxury,osm_dld_cadastral_enriched,0.88
235fc026-ea73-42cf-883c-eba67da032c9,Al Thamam 16,al thamam 16,Master Developer / DLD Registered,Dubai,Damac Hills & Lagoons,AE,"Al Thamam 16, Al Thammam, Damac Hills & Lagoons, Dubai, United Arab Emirates",,Gated Residential Society,0,96,DLD-PRJ-16923,60670 34954,25.006709,55.249542,Grade A Luxury,osm_dld_cadastral_enriched,0.88
ffcb3a20-d2d9-46d0-9c87-c5fcc3f2a09f,Al Thamam 20,al thamam 20,Master Developer / DLD Registered,Dubai,Damac Hills & Lagoons,AE,"Al Thamam 20, Al Thamam, Damac Hills & Lagoons, Dubai, United Arab Emirates",,Gated Residential Society,0,96,DLD-PRJ-98933,60608 34800,25.006087,55.24801,Grade A Luxury,osm_dld_cadastral_enriched,0.88
86e12f98-25ec-4185-ade2-43ee46dcada3,Al Thamam 8,al thamam 8,Master Developer / DLD Registered,Dubai,Damac Hills & Lagoons,AE,"Al Thamam 8, Al Thammam, Damac Hills & Lagoons, Dubai, United Arab Emirates",,Gated Residential Society,0,96,DLD-PRJ-27019,60759 35172,25.007594,55.251727,Grade A Luxury,osm_dld_cadastral_enriched,0.88
3241a091-45ba-421c-8cd3-9a8def049aa9,Al Thamam 26,al thamam 26,Master Developer / DLD Registered,Dubai,Damac Hills & Lagoons,AE,"Al Thamam 26, Al Thammam, Damac Hills & Lagoons, Dubai, United Arab Emirates",,Gated Residential Society,0,96,DLD-PRJ-18063,60449 34728,25.004499,55.247282,Grade A Luxury,osm_dld_cadastral_enriched,0.88
c9ee4e5d-2c76-4d10-8087-73b96a746b99,Remraam 1,remraam 1,Master Developer / DLD Registered,Dubai,Damac Hills & Lagoons,AE,"Remraam 1, Damac Hills & Lagoons, Dubai, United Arab Emirates",,Gated Residential Society,0,96,DLD-PRJ-45386,60559 34952,25.005593,55.249528,Grade A Luxury,osm_dld_cadastral_enriched,0.88
c4580dca-aa0f-475e-bdea-be414669d96c,Remraam,remraam,Master Developer / DLD Registered,Dubai,Damac Hills & Lagoons,AE,"Remraam, Damac Hills & Lagoons, Dubai, United Arab Emirates",,Gated Residential Society,0,96,DLD-PRJ-19427,60182 34777,25.001823,55.247772,Grade A Luxury,osm_dld_cadastral_enriched,0.88
b33133f1-4489-4a00-8d72-f8a237407ac4,Remraam 4,remraam 4,Master Developer / DLD Registered,Dubai,Damac Hills & Lagoons,AE,"Remraam 4, Damac Hills & Lagoons, Dubai, United Arab Emirates",,Gated Residential Society,0,96,DLD-PRJ-52640,60076 34195,25.000769,55.241951,Grade A Luxury,osm_dld_cadastral_enriched,0.88
ef4a709a-5afb-433f-884e-1f1594f7faaf,Remraam 2,remraam 2,Master Developer / DLD Registered,Dubai,Damac Hills & Lagoons,AE,"Remraam 2, Damac Hills & Lagoons, Dubai, United Arab Emirates",,Gated Residential Society,0,96,DLD-PRJ-62338,60226 35316,25.002267,55.253168,Grade A Luxury,osm_dld_cadastral_enriched,0.88
18317a3c-f5bf-4029-be59-a7f684786e17,Remraam 3,remraam 3,Master Developer / DLD Registered,Dubai,Damac Hills & Lagoons,AE,"Remraam 3, Damac Hills & Lagoons, Dubai, United Arab Emirates",,Gated Residential Society,0,96,DLD-PRJ-51459,59754 34793,24.997541,55.247937,Grade A Luxury,osm_dld_cadastral_enriched,0.88
4a2e081d-9af3-419e-88a2-8d610bc7b8fe,Saheel,saheel,Master Developer / DLD Registered,Dubai,"Arabian Ranches (I, II, III)",AE,"Saheel, Arabian Ranches (I, II, III), Dubai, United Arab Emirates",,Gated Residential Society,0,96,DLD-PRJ-38901,65210 36023,25.052104,55.260238,Grade A Luxury,osm_dld_cadastral_enriched,0.88
2ffb52c9-0085-485e-a68c-5927d382ea8a,Al Nassem,al nassem,Master Developer / DLD Registered,Dubai,Damac Hills & Lagoons,AE,"Al Nassem, Damac Hills & Lagoons, Dubai, United Arab Emirates",,Gated Residential Society,0,96,DLD-PRJ-55652,62197 37476,25.021973,55.274763,Grade A Luxury,osm_dld_cadastral_enriched,0.88
3f7d558e-57cf-4882-9b2f-3ce63b30de14,Rahat,rahat,Master Developer / DLD Registered,Dubai,Damac Hills & Lagoons,AE,"Rahat, Damac Hills & Lagoons, Dubai, United Arab Emirates",,Gated Residential Society,0,96,DLD-PRJ-59421,62309 37035,25.023092,55.270359,Grade A Luxury,osm_dld_cadastral_enriched,0.88
2d076a9d-9644-4f4a-8f93-086e09329538,Arabella 1,arabella 1,Master Developer / DLD Registered,Dubai,Damac Hills & Lagoons,AE,"Arabella 1, Damac Hills & Lagoons, Dubai, United Arab Emirates",,Gated Residential Society,0,96,DLD-PRJ-80368,61706 37178,25.017062,55.27179,Grade A Luxury,osm_dld_cadastral_enriched,0.88
8d53b52b-a943-4dd2-b410-f890067f884c,Silver Springs,silver springs,Master Developer / DLD Registered,Dubai,Damac Hills & Lagoons,AE,"Silver Springs, Damac Hills & Lagoons, Dubai, United Arab Emirates",,Gated Residential Society,0,96,DLD-PRJ-79991,63096 35586,25.030967,55.255861,Grade A Luxury,osm_dld_cadastral_enriched,0.88
a8d402b8-edd3-4180-9f48-5eb90a04f2d2,Queen Meadows,queen meadows,Master Developer / DLD Registered,Dubai,Damac Hills & Lagoons,AE,"Queen Meadows, Damac Hills & Lagoons, Dubai, United Arab Emirates",,Gated Residential Society,0,96,DLD-PRJ-71283,63258 35998,25.032583,55.259983,Grade A Luxury,osm_dld_cadastral_enriched,0.88
8395c0c8-17fd-456a-b053-897a62dd3c68,Greenwoods,greenwoods,Master Developer / DLD Registered,Dubai,Damac Hills & Lagoons,AE,"Greenwoods, Damac Hills & Lagoons, Dubai, United Arab Emirates",,Gated Residential Society,0,96,DLD-PRJ-30928,63063 36320,25.030635,55.263203,Grade A Luxury,osm_dld_cadastral_enriched,0.88
bafe0a97-28e5-432b-b499-9a047d6c2934,Whitefield,whitefield,Master Developer / DLD Registered,Dubai,Tilal Al Ghaf,AE,"Whitefield, Tilal Al Ghaf, Dubai, United Arab Emirates",,Gated Residential Society,0,96,DLD-PRJ-11754,62707 34984,25.027071,55.249847,Grade A Luxury,osm_dld_cadastral_enriched,0.88
681dc984-ba55-45bd-8b1f-5827ccbbd29d,Brookfield,brookfield,Master Developer / DLD Registered,Dubai,Tilal Al Ghaf,AE,"Brookfield, Tilal Al Ghaf, Dubai, United Arab Emirates",,Gated Residential Society,0,96,DLD-PRJ-99535,62479 34595,25.024795,55.245953,Grade A Luxury,osm_dld_cadastral_enriched,0.88
9be9afa4-dc03-4d50-b337-c66b519e0b3b,Veneto Villas,veneto villas,Master Developer / DLD Registered,Dubai,Damac Hills & Lagoons,AE,"Veneto Villas, Damac Hills & Lagoons, Dubai, United Arab Emirates",,Ultra-Luxury Gated Villa Community,0,96,DLD-PRJ-64959,62885 35826,25.02885,55.258269,Grade A Luxury,osm_dld_cadastral_enriched,0.88
6d030f12-b99c-414d-b2d9-7795bc9941ff,Casa Villas,casa villas,Master Developer / DLD Registered,Dubai,Damac Hills & Lagoons,AE,"Casa Villas, Damac Hills & Lagoons, Dubai, United Arab Emirates",,Ultra-Luxury Gated Villa Community,0,96,DLD-PRJ-49722,63563 36613,25.035636,55.266134,Grade A Luxury,osm_dld_cadastral_enriched,0.88
e8c38e7c-2ba6-4d85-8b92-06548afc5d8a,Samara,samara,Master Developer / DLD Registered,Dubai,Damac Hills & Lagoons,AE,"Samara, Damac Hills & Lagoons, Dubai, United Arab Emirates",,Gated Residential Society,0,96,DLD-PRJ-14591,63203 36793,25.032036,55.267932,Grade A Luxury,osm_dld_cadastral_enriched,0.88
70607aee-bf4f-4d51-a894-ac8c5c80eb50,Palma Village,palma village,Master Developer / DLD Registered,Dubai,Damac Hills & Lagoons,AE,"Palma Village, Damac Hills & Lagoons, Dubai, United Arab Emirates",,Ultra-Luxury Gated Villa Community,0,96,DLD-PRJ-93959,63843 36967,25.038438,55.269678,Grade A Luxury,osm_dld_cadastral_enriched,0.88
cc435a3a-196a-427f-8e01-899d150ab992,Lila Village,lila village,Master Developer / DLD Registered,Dubai,Damac Hills & Lagoons,AE,"Lila Village, Damac Hills & Lagoons, Dubai, United Arab Emirates",,Ultra-Luxury Gated Villa Community,0,96,DLD-PRJ-67034,64026 37355,25.040263,55.273556,Grade A Luxury,osm_dld_cadastral_enriched,0.88
254c6074-23d3-4e07-ab27-ebd403a62a81,Azalea,azalea,Master Developer / DLD Registered,Dubai,Damac Hills & Lagoons,AE,"Azalea, Damac Hills & Lagoons, Dubai, United Arab Emirates",,Gated Residential Society,0,96,DLD-PRJ-94184,62918 37329,25.029183,55.273299,Grade A Luxury,osm_dld_cadastral_enriched,0.88
0ed0d1b3-be65-4895-962f-f460ee187db0,Dubai Sustainable City,dubai sustainable city,Master Developer / DLD Registered,Dubai,Damac Hills & Lagoons,AE,"Dubai Sustainable City, Damac Hills & Lagoons, Dubai, United Arab Emirates",,Gated Residential Society,0,96,DLD-PRJ-65466,62959 37838,25.029598,55.278388,Grade A Luxury,osm_dld_cadastral_enriched,0.88
9048f125-d39d-4c6f-a72a-b9fb621125b6,Sienna Views,sienna views,Master Developer / DLD Registered,Dubai,Jumeirah Golf Estates,AE,"Sienna Views, Jumeirah Golf Estates, Dubai, United Arab Emirates",,Gated Residential Society,0,96,DLD-PRJ-90428,61762 31045,25.017621,55.210456,Grade A Luxury,osm_dld_cadastral_enriched,0.88
1e286997-2fb2-4f31-82d7-2f8ffdbd2c2d,Flame Tree Ridge,flame tree ridge,Master Developer / DLD Registered,Dubai,Jumeirah Golf Estates,AE,"Flame Tree Ridge, Jumeirah Golf Estates, Dubai, United Arab Emirates",,Gated Residential Society,0,96,DLD-PRJ-57280,61679 30405,25.016799,55.204056,Grade A Luxury,osm_dld_cadastral_enriched,0.88
8711ab9a-e051-4e30-ab41-1f3b5152594b,Orange Grove,orange grove,Master Developer / DLD Registered,Dubai,Jumeirah Golf Estates,AE,"Orange Grove, Jumeirah Golf Estates, Dubai, United Arab Emirates",,Gated Residential Society,0,96,DLD-PRJ-39878,62549 30733,25.025493,55.207334,Grade A Luxury,osm_dld_cadastral_enriched,0.88
f31c84c3-0c2b-46c1-9be3-1c8346a6902f,Wildflower,wildflower,Master Developer / DLD Registered,Dubai,Jumeirah Golf Estates,AE,"Wildflower, Jumeirah Golf Estates, Dubai, United Arab Emirates",,Gated Residential Society,0,96,DLD-PRJ-26593,61740 29541,25.017408,55.195415,Grade A Luxury,osm_dld_cadastral_enriched,0.88
b2df230c-cc1c-4ced-9798-e772c89f4a04,The Sundials,the sundials,Master Developer / DLD Registered,Dubai,Jumeirah Golf Estates,AE,"The Sundials, Jumeirah Golf Estates, Dubai, United Arab Emirates",,Gated Residential Society,0,96,DLD-PRJ-32877,61845 29070,25.018459,55.190702,Grade A Luxury,osm_dld_cadastral_enriched,0.88
07435c0a-2236-448d-b421-b9d3fdb20c3b,Amber Way,amber way,Master Developer / DLD Registered,Dubai,Jumeirah Golf Estates,AE,"Amber Way, Jumeirah Golf Estates, Dubai, United Arab Emirates",,Gated Residential Society,0,96,DLD-PRJ-47744,62267 30615,25.02267,55.206153,Grade A Luxury,osm_dld_cadastral_enriched,0.88
886c5c69-b299-4c48-a061-7622a97bf628,Fireside,fireside,Master Developer / DLD Registered,Dubai,Jumeirah Golf Estates,AE,"Fireside, Jumeirah Golf Estates, Dubai, United Arab Emirates",,Gated Residential Society,0,96,DLD-PRJ-37757,61996 30484,25.019961,55.204849,Grade A Luxury,osm_dld_cadastral_enriched,0.88
cc8aba9d-1fba-4830-980c-21aa1e492746,Alvorada 1,alvorada 1,Master Developer / DLD Registered,Dubai,Damac Hills & Lagoons,AE,"Alvorada 1, Damac Hills & Lagoons, Dubai, United Arab Emirates",,Gated Residential Society,0,96,DLD-PRJ-22563,64342 35739,25.043427,55.2574,Grade A Luxury,osm_dld_cadastral_enriched,0.88
2d01f7c7-8836-4b87-8fd4-955ee62387ba,Alvorada 2,alvorada 2,Master Developer / DLD Registered,Dubai,Damac Hills & Lagoons,AE,"Alvorada 2, Damac Hills & Lagoons, Dubai, United Arab Emirates",,Gated Residential Society,0,96,DLD-PRJ-74511,64330 36119,25.043306,55.261192,Grade A Luxury,osm_dld_cadastral_enriched,0.88
cc369eee-69c6-450d-878c-dfd22e9e8b0f,Alvorada 3,alvorada 3,Master Developer / DLD Registered,Dubai,Damac Hills & Lagoons,AE,"Alvorada 3, Damac Hills & Lagoons, Dubai, United Arab Emirates",,Gated Residential Society,0,96,DLD-PRJ-65183,64418 36446,25.044186,55.264466,Grade A Luxury,osm_dld_cadastral_enriched,0.88
b87e5cf8-756c-4bdc-bd9b-d62c50c0562c,Alvorada 4,alvorada 4,Master Developer / DLD Registered,Dubai,Damac Hills & Lagoons,AE,"Alvorada 4, Damac Hills & Lagoons, Dubai, United Arab Emirates",,Gated Residential Society,0,96,DLD-PRJ-46765,64401 36907,25.044011,55.269071,Grade A Luxury,osm_dld_cadastral_enriched,0.88
62aef074-578f-4b24-aa8e-e69a5dbbb61e,Palmera 1,palmera 1,Master Developer / DLD Registered,Dubai,Damac Hills & Lagoons,AE,"Palmera 1, Damac Hills & Lagoons, Dubai, United Arab Emirates",,Gated Residential Society,0,96,DLD-PRJ-67463,64192 36584,25.041924,55.265845,Grade A Luxury,osm_dld_cadastral_enriched,0.88
a7ed0174-8a58-4122-9e41-8aad19b3fdd0,Palmera 2,palmera 2,Master Developer / DLD Registered,Dubai,Damac Hills & Lagoons,AE,"Palmera 2, Damac Hills & Lagoons, Dubai, United Arab Emirates",,Gated Residential Society,0,96,DLD-PRJ-16726,64028 36215,25.040282,55.262156,Grade A Luxury,osm_dld_cadastral_enriched,0.88
47c8967d-d07d-48e3-a775-6dd516b41f47,Palmera 3,palmera 3,Master Developer / DLD Registered,Dubai,Damac Hills & Lagoons,AE,"Palmera 3, Damac Hills & Lagoons, Dubai, United Arab Emirates",,Gated Residential Society,0,96,DLD-PRJ-17798,63949 35822,25.039498,55.25823,Grade A Luxury,osm_dld_cadastral_enriched,0.88
7764cbc6-62b8-4986-ab1c-2ec76cd70a1d,Palmera 4,palmera 4,Master Developer / DLD Registered,Dubai,Damac Hills & Lagoons,AE,"Palmera 4, Damac Hills & Lagoons, Dubai, United Arab Emirates",,Gated Residential Society,0,96,DLD-PRJ-40917,64178 35637,25.041784,55.256379,Grade A Luxury,osm_dld_cadastral_enriched,0.88
920eb697-ddc7-4c0c-8058-817dc33046ba,Reem,reem,Master Developer / DLD Registered,Dubai,Damac Hills & Lagoons,AE,"Reem, Damac Hills & Lagoons, Dubai, United Arab Emirates",,Gated Residential Society,0,96,DLD-PRJ-25764,63159 37569,25.031598,55.275691,Grade A Luxury,osm_dld_cadastral_enriched,0.88
c7ad4a82-44a9-49b6-9afe-bf307ba6c63f,Camelia I,camelia i,Master Developer / DLD Registered,Dubai,Damac Hills & Lagoons,AE,"Camelia I, Damac Hills & Lagoons, Dubai, United Arab Emirates",,Gated Residential Society,0,96,DLD-PRJ-71546,63448 37802,25.03449,55.278022,Grade A Luxury,osm_dld_cadastral_enriched,0.88
9c489ba6-0d03-44a7-99d0-4d97adf17fc3,Mirador La Colección 1,mirador la coleccion 1,Master Developer / DLD Registered,Dubai,"Arabian Ranches (I, II, III)",AE,"Mirador La Colección 1, Arabian Ranches (I, II, III), Dubai, United Arab Emirates",,Gated Residential Society,0,96,DLD-PRJ-89818,64640 36120,25.046403,55.261209,Grade A Luxury,osm_dld_cadastral_enriched,0.88
b8201afe-d35e-44f2-8ba7-180df385dcf8,Mirador La Colección 2,mirador la coleccion 2,Master Developer / DLD Registered,Dubai,"Arabian Ranches (I, II, III)",AE,"Mirador La Colección 2, Arabian Ranches (I, II, III), Dubai, United Arab Emirates",,Gated Residential Society,0,96,DLD-PRJ-94454,64569 35567,25.045693,55.255675,Grade A Luxury,osm_dld_cadastral_enriched,0.88
8a0ab948-5b2d-4a58-9cad-f27dac91281e,La Avenida 1,la avenida 1,Master Developer / DLD Registered,Dubai,"Arabian Ranches (I, II, III)",AE,"La Avenida 1, Arabian Ranches (I, II, III), Dubai, United Arab Emirates",,Gated Residential Society,0,96,DLD-PRJ-74708,65281 37303,25.052817,55.273033,Grade A Luxury,osm_dld_cadastral_enriched,0.88
48ea14c9-fff0-45d8-8e39-9750163271d9,Alfa Residence,alfa residence,Master Developer / DLD Registered,Dubai,Jumeirah Golf Estates,AE,"Alfa Residence, Bijada Boulevard South, Jumeirah Golf Estates, Dubai, United Arab Emirates",,Luxury High-Rise Tower,0,96,DLD-PRJ-46350,64751 30887,25.047516,55.208875,Grade A Luxury,osm_dld_cadastral_enriched,0.88
7201dd0d-39d7-4256-957f-2b56970bc8e4,Al Waleed Real Estate - Oud Metha 3,al waleed real estate oud metha 3,Master Developer / DLD Registered,Dubai,Za'abeel & Wasl1,AE,"Al Waleed Real Estate - Oud Metha 3, 13B Street, Za'abeel & Wasl1, Dubai, United Arab Emirates",,Gated Residential Society,0,96,DLD-PRJ-54987,83748 40805,25.237482,55.308058,Grade A Luxury,osm_dld_cadastral_enriched,0.88
050aa728-126f-4508-b2e9-4f1480eaf7bb,Flamingo Villas,flamingo villas,Master Developer / DLD Registered,Dubai,Al Sufouh & Media City,AE,"Flamingo Villas, Al Sufouh & Media City, Dubai, United Arab Emirates",,Ultra-Luxury Gated Villa Community,0,96,DLD-PRJ-92103,70506 27404,25.105063,55.174045,Grade A Luxury,osm_dld_cadastral_enriched,0.88
5ed15eb4-5cf7-410f-9745-9cab968ea4ae,Al Kazim Building,al kazim building,Master Developer / DLD Registered,Dubai,Al Sufouh & Media City,AE,"Al Kazim Building, Al Sufouh & Media City, Dubai, United Arab Emirates",,Gated Residential Society,0,96,DLD-PRJ-14355,71037 27931,25.11038,55.179313,Grade A Luxury,osm_dld_cadastral_enriched,0.88
c95be01e-04aa-4bf7-8623-4ad76728f052,Mohammed Bin Rashid City District 11,mohammed bin rashid city district 11,Master Developer / DLD Registered,Dubai,Meydan District 11 & Nad Al Sheba,AE,"Mohammed Bin Rashid City District 11, Meydan District 11 & Nad Al Sheba, Dubai, United Arab Emirates",,Gated Residential Society,0,96,DLD-PRJ-45242,72226 45121,25.122261,55.351215,Grade A Luxury,osm_dld_cadastral_enriched,0.88
8a70af63-49ba-4fd4-bf93-779e37db4e04,Al Salam B,al salam b,Master Developer / DLD Registered,Dubai,Damac Hills & Lagoons,AE,"Al Salam B, Damac Hills & Lagoons, Dubai, United Arab Emirates",,Gated Residential Society,0,96,DLD-PRJ-83335,62578 37217,25.025784,55.27218,Grade A Luxury,osm_dld_cadastral_enriched,0.88
42e7ca89-6439-4b93-8152-7ae10681a182,Al Salam A,al salam a,Master Developer / DLD Registered,Dubai,Damac Hills & Lagoons,AE,"Al Salam A, Damac Hills & Lagoons, Dubai, United Arab Emirates",,Gated Residential Society,0,96,DLD-PRJ-89594,62483 37126,25.024835,55.271263,Grade A Luxury,osm_dld_cadastral_enriched,0.88
6c24578f-5140-428b-b21c-392e57ff6b7f,Block 5A,block 5a,Master Developer / DLD Registered,Dubai,Jumeirah Golf Estates,AE,"Block 5A, Jumeirah Golf Estates, Dubai, United Arab Emirates",,Gated Residential Society,0,96,DLD-PRJ-59567,64720 29053,25.047207,55.190534,Grade A Luxury,osm_dld_cadastral_enriched,0.88
883415f1-4614-4366-9656-e95c7caf2489,Block 5B,block 5b,Master Developer / DLD Registered,Dubai,Jumeirah Golf Estates,AE,"Block 5B, Jumeirah Golf Estates, Dubai, United Arab Emirates",,Gated Residential Society,0,96,DLD-PRJ-45667,64918 29087,25.049183,55.190874,Grade A Luxury,osm_dld_cadastral_enriched,0.88
a450b012-79be-4332-a877-8497c2e21487,Block 5D,block 5d,Master Developer / DLD Registered,Dubai,Jumeirah Golf Estates,AE,"Block 5D, Jumeirah Golf Estates, Dubai, United Arab Emirates",,Gated Residential Society,0,96,DLD-PRJ-49581,64736 29168,25.04736,55.19168,Grade A Luxury,osm_dld_cadastral_enriched,0.88
733b3243-afde-446a-9ffa-b1cf4aa8e3e9,Block 5E,block 5e,Master Developer / DLD Registered,Dubai,Jumeirah Golf Estates,AE,"Block 5E, Jumeirah Golf Estates, Dubai, United Arab Emirates",,Gated Residential Society,0,96,DLD-PRJ-70792,64891 29151,25.048911,55.191511,Grade A Luxury,osm_dld_cadastral_enriched,0.88
59a0151c-534c-4b27-8777-7e882e4aa2da,Block 5F,block 5f,Master Developer / DLD Registered,Dubai,Jumeirah Golf Estates,AE,"Block 5F, Jumeirah Golf Estates, Dubai, United Arab Emirates",,Gated Residential Society,0,96,DLD-PRJ-51762,64864 29239,25.048644,55.192395,Grade A Luxury,osm_dld_cadastral_enriched,0.88
61c69c04-7452-424a-99f0-1884863140d2,Block 5G,block 5g,Master Developer / DLD Registered,Dubai,Jumeirah Golf Estates,AE,"Block 5G, Jumeirah Golf Estates, Dubai, United Arab Emirates",,Gated Residential Society,0,96,DLD-PRJ-17038,64894 29306,25.048947,55.193064,Grade A Luxury,osm_dld_cadastral_enriched,0.88
c97f297c-d424-440b-8dbf-ab2792cfd5c2,District 5,district 5,Master Developer / DLD Registered,Dubai,Jumeirah Golf Estates,AE,"District 5, Jumeirah Golf Estates, Dubai, United Arab Emirates",,Gated Residential Society,0,96,DLD-PRJ-31791,64896 29193,25.048969,55.191938,Grade A Luxury,osm_dld_cadastral_enriched,0.88
2148014d-ad47-49fb-b47f-a1e9e752f2ad,Aliya Building,aliya building,Master Developer / DLD Registered,Dubai,Za'abeel & Wasl1,AE,"Aliya Building, 145 Sheikh Rashid Road, Za'abeel & Wasl1, Dubai, United Arab Emirates",,Gated Residential Society,0,96,DLD-PRJ-45323,83742 40098,25.237429,55.300982,Grade A Luxury,osm_dld_cadastral_enriched,0.88
a66f723f-258e-4c4f-80a3-01dc3c7ffcea,Al Ramth 55,al ramth 55,Master Developer / DLD Registered,Dubai,Damac Hills & Lagoons,AE,"Al Ramth 55, شارع الرمث, Damac Hills & Lagoons, Dubai, United Arab Emirates",,Gated Residential Society,0,96,DLD-PRJ-89317,60523 35557,25.005232,55.255571,Grade A Luxury,osm_dld_cadastral_enriched,0.88
5903e848-6cfb-491a-9cf7-55737c458540,Al Salam E,al salam e,Master Developer / DLD Registered,Dubai,Damac Hills & Lagoons,AE,"Al Salam E, Damac Hills & Lagoons, Dubai, United Arab Emirates",,Gated Residential Society,0,96,DLD-PRJ-25825,62808 36797,25.028088,55.267975,Grade A Luxury,osm_dld_cadastral_enriched,0.88
563bf9cb-7bfe-4889-8776-b642c939212b,Al Salam D,al salam d,Master Developer / DLD Registered,Dubai,Damac Hills & Lagoons,AE,"Al Salam D, Damac Hills & Lagoons, Dubai, United Arab Emirates",,Gated Residential Society,0,96,DLD-PRJ-73844,62691 36973,25.026917,55.26973,Grade A Luxury,osm_dld_cadastral_enriched,0.88
a9a43dc0-f89d-4269-845b-6be317eb14f2,Al Salam C,al salam c,Master Developer / DLD Registered,Dubai,Damac Hills & Lagoons,AE,"Al Salam C, Damac Hills & Lagoons, Dubai, United Arab Emirates",,Gated Residential Society,0,96,DLD-PRJ-96074,62610 36904,25.026106,55.269047,Grade A Luxury,osm_dld_cadastral_enriched,0.88
dbde8aed-8010-403f-9e8d-9755e097dc66,All Metal Industries Labour Accommodation,all metal industries labour accommodation,Master Developer / DLD Registered,Dubai,Dubai Hills Estate,AE,"All Metal Industries Labour Accommodation, Street 7a, Dubai Hills Estate, Dubai, United Arab Emirates",,Gated Residential Society,0,96,DLD-PRJ-80337,72643 33290,25.126435,55.232906,Grade A Luxury,osm_dld_cadastral_enriched,0.88
83356376-cae1-49df-a6e3-1e269b93e75b,Dulsco Village,dulsco village,Master Developer / DLD Registered,Dubai,Dubai Hills Estate,AE,"Dulsco Village, Street 7a, Dubai Hills Estate, Dubai, United Arab Emirates",,Ultra-Luxury Gated Villa Community,0,96,DLD-PRJ-68549,72619 33319,25.126196,55.233195,Grade A Luxury,osm_dld_cadastral_enriched,0.88
2fbb42cf-11a8-4217-ab93-42c14bf6ca7c,Al Fahad Tower,al fahad tower,Master Developer / DLD Registered,Dubai,"The Views, Greens & Lakes",AE,"Al Fahad Tower, The Views, Greens & Lakes, Dubai, United Arab Emirates",,Luxury High-Rise Tower,0,96,DLD-PRJ-33922,69763 27774,25.097634,55.177742,Grade A Luxury,osm_dld_cadastral_enriched,0.88
29ae5e7e-7078-4d8b-9cae-145cf6db9746,Creekside 18,creekside 18,Master Developer / DLD Registered,Dubai,Dubai Creek Harbour,AE,"Creekside 18, Dubai Creek Harbour, Dubai, United Arab Emirates",,Gated Residential Society,0,96,DLD-PRJ-84224,80406 44465,25.204061,55.344657,Grade A Luxury,osm_dld_cadastral_enriched,0.88
411be480-a49e-4ec1-87e3-dd0e3ec1e407,Harbour Views,harbour views,Master Developer / DLD Registered,Dubai,Dubai Creek Harbour,AE,"Harbour Views, Dubai Creek Harbour, Dubai, United Arab Emirates",,Gated Residential Society,0,96,DLD-PRJ-62556,80547 44523,25.205476,55.34523,Grade A Luxury,osm_dld_cadastral_enriched,0.88
6c1faed6-74aa-4bc5-a973-f04ebd692008,Ramadan Kareem,ramadan kareem,Master Developer / DLD Registered,Dubai,Dubai Hills Estate,AE,"Ramadan Kareem, Street 28, Dubai Hills Estate, Dubai, United Arab Emirates",,Gated Residential Society,0,96,DLD-PRJ-11275,73365 35487,25.133655,55.25487,Grade A Luxury,osm_dld_cadastral_enriched,0.88
6d63bb68-1566-4701-8eb9-ebbbb5c952ed,AL Rayami Group Staff Accommodations,al rayami group staff accommodations,Master Developer / DLD Registered,Dubai,Dubai Hills Estate,AE,"AL Rayami Group Staff Accommodations, Street 3, Dubai Hills Estate, Dubai, United Arab Emirates",,Gated Residential Society,0,96,DLD-PRJ-25706,73415 35575,25.134151,55.255759,Grade A Luxury,osm_dld_cadastral_enriched,0.88
cfacd4b2-066a-4508-ae0a-bfffac2b8d1f,Torrazzo Dubai Company Labour Accommodation,torrazzo dubai company labour accommodation,Master Developer / DLD Registered,Dubai,Dubai Hills Estate,AE,"Torrazzo Dubai Company Labour Accommodation, Street 3, Dubai Hills Estate, Dubai, United Arab Emirates",,Gated Residential Society,0,96,DLD-PRJ-65175,73383 35552,25.133835,55.255525,Grade A Luxury,osm_dld_cadastral_enriched,0.88
7ab68b02-7ce5-4038-a682-4e704a904247,Al-Shirawi Enterprises Labour Accommodation,al shirawi enterprises labour accommodation,Master Developer / DLD Registered,Dubai,Dubai Hills Estate,AE,"Al-Shirawi Enterprises Labour Accommodation, Street 28, Dubai Hills Estate, Dubai, United Arab Emirates",,Gated Residential Society,0,96,DLD-PRJ-54114,73227 35304,25.13227,55.253044,Grade A Luxury,osm_dld_cadastral_enriched,0.88
13f91d74-b1d7-4946-85ae-d26249fdab3f,Al Ishrak Contracting Labour Accommodation,al ishrak contracting labour accommodation,Master Developer / DLD Registered,Dubai,Dubai Hills Estate,AE,"Al Ishrak Contracting Labour Accommodation, Street 28, Dubai Hills Estate, Dubai, United Arab Emirates",,Gated Residential Society,0,96,DLD-PRJ-21589,73202 35286,25.132025,55.252868,Grade A Luxury,osm_dld_cadastral_enriched,0.88
cad7ace7-c720-4a5b-a9fa-f11860559b29,Adroit Contracting Labour Accommodations,adroit contracting labour accommodations,Master Developer / DLD Registered,Dubai,Dubai Hills Estate,AE,"Adroit Contracting Labour Accommodations, Street 28, Dubai Hills Estate, Dubai, United Arab Emirates",,Gated Residential Society,0,96,DLD-PRJ-51591,73192 35276,25.131925,55.25277,Grade A Luxury,osm_dld_cadastral_enriched,0.88
694a0dfc-7a59-4660-ac90-f9d83a298251,SHC Labour Accommodation Al Quoz,shc labour accommodation al quoz,Master Developer / DLD Registered,Dubai,Dubai Hills Estate,AE,"SHC Labour Accommodation Al Quoz, Street 28, Dubai Hills Estate, Dubai, United Arab Emirates",,Gated Residential Society,0,96,DLD-PRJ-52967,73461 35481,25.134613,55.254819,Grade A Luxury,osm_dld_cadastral_enriched,0.88
6da86399-54d7-4659-b10a-c2e4130074e4,Bayti 20,bayti 20,Master Developer / DLD Registered,Dubai,Al Sufouh & Media City,AE,"Bayti 20, Al Sufouh & Media City, Dubai, United Arab Emirates",,Gated Residential Society,0,96,DLD-PRJ-38495,71039 28843,25.110391,55.188431,Grade A Luxury,osm_dld_cadastral_enriched,0.88
10a96b2b-836a-4b35-9ee5-ae50d6a83e68,Oxford,oxford,Master Developer / DLD Registered,Dubai,Jumeirah Golf Estates,AE,"Oxford, Dana Road, Jumeirah Golf Estates, Dubai, United Arab Emirates",,Gated Residential Society,0,96,DLD-PRJ-61449,64645 30342,25.046451,55.20343,Grade A Luxury,osm_dld_cadastral_enriched,0.88
11435afb-8039-46df-9937-12332edb5f7d,Sandoval Gardens,sandoval gardens,Master Developer / DLD Registered,Dubai,Jumeirah Golf Estates,AE,"Sandoval Gardens, Jumeirah Golf Estates, Dubai, United Arab Emirates",,Gated Residential Society,0,96,DLD-PRJ-72805,64946 29922,25.049464,55.199221,Grade A Luxury,osm_dld_cadastral_enriched,0.88
52e2290b-1d46-4941-a032-043727d01e2c,Al Ghaf Compound,al ghaf compound,Master Developer / DLD Registered,Dubai,"The Views, Greens & Lakes",AE,"Al Ghaf Compound, The Views, Greens & Lakes, Dubai, United Arab Emirates",,Gated Residential Society,0,96,DLD-PRJ-98681,69585 27014,25.095859,55.170149,Grade A Luxury,osm_dld_cadastral_enriched,0.88
6418a4ea-9ee5-43c5-ae06-ace301736cfb,Mohammed Bin Rashid City,mohammed bin rashid city,Master Developer / DLD Registered,Dubai,Business Bay,AE,"Mohammed Bin Rashid City, Business Bay, Dubai, United Arab Emirates",,Gated Residential Society,0,96,DLD-PRJ-57131,76831 37814,25.168319,55.278141,Grade A Luxury,osm_dld_cadastral_enriched,0.88
2111751e-b8c8-44cf-bc6d-48ca62201c67,Cinderella Tower,cinderella tower,Master Developer / DLD Registered,Dubai,"Arabian Ranches (I, II, III)",AE,"Cinderella Tower, Arabian Ranches (I, II, III), Dubai, United Arab Emirates",,Luxury High-Rise Tower,0,96,DLD-PRJ-80886,68011 40203,25.080116,55.30204,Grade A Luxury,osm_dld_cadastral_enriched,0.88
1a82e1e4-6257-421a-b77a-4bb203ba347b,Marco Polo,marco polo,Master Developer / DLD Registered,Dubai,"Arabian Ranches (I, II, III)",AE,"Marco Polo, Arabian Ranches (I, II, III), Dubai, United Arab Emirates",,Gated Residential Society,0,96,DLD-PRJ-74957,68077 40184,25.08078,55.301848,Grade A Luxury,osm_dld_cadastral_enriched,0.88
e3d16cf1-2a45-4ead-9834-abcb7ac9c6c2,Ceasar Tower,ceasar tower,Master Developer / DLD Registered,Dubai,"Arabian Ranches (I, II, III)",AE,"Ceasar Tower, Arabian Ranches (I, II, III), Dubai, United Arab Emirates",,Luxury High-Rise Tower,0,96,DLD-PRJ-54094,68143 40174,25.081434,55.301741,Grade A Luxury,osm_dld_cadastral_enriched,0.88
37409dd4-1c25-4d5a-8390-ed8e63aaeb23,Alibaba Tower,alibaba tower,Master Developer / DLD Registered,Dubai,"Arabian Ranches (I, II, III)",AE,"Alibaba Tower, Arabian Ranches (I, II, III), Dubai, United Arab Emirates",,Luxury High-Rise Tower,0,96,DLD-PRJ-99817,68278 40157,25.082782,55.301573,Grade A Luxury,osm_dld_cadastral_enriched,0.88
80d3888a-89b6-4711-b1fa-c609b800debe,Shakespeare,shakespeare,Master Developer / DLD Registered,Dubai,"Arabian Ranches (I, II, III)",AE,"Shakespeare, Arabian Ranches (I, II, III), Dubai, United Arab Emirates",,Gated Residential Society,0,96,DLD-PRJ-33446,68649 40216,25.086493,55.302161,Grade A Luxury,osm_dld_cadastral_enriched,0.88
52ca78ee-3945-4d25-878e-aad09170951e,Queen Sheba,queen sheba,Master Developer / DLD Registered,Dubai,"Arabian Ranches (I, II, III)",AE,"Queen Sheba, Arabian Ranches (I, II, III), Dubai, United Arab Emirates",,Gated Residential Society,0,96,DLD-PRJ-56205,68714 40243,25.087147,55.302438,Grade A Luxury,osm_dld_cadastral_enriched,0.88
3e98833f-ff34-40d3-8e7a-5ee726f110ad,Rapunzel,rapunzel,Master Developer / DLD Registered,Dubai,"Arabian Ranches (I, II, III)",AE,"Rapunzel, Arabian Ranches (I, II, III), Dubai, United Arab Emirates",,Gated Residential Society,0,96,DLD-PRJ-56646,68777 40273,25.087778,55.302734,Grade A Luxury,osm_dld_cadastral_enriched,0.88
5624a26e-74fe-422b-be68-34048dba8bca,Al Salam F,al salam f,Master Developer / DLD Registered,Dubai,Damac Hills & Lagoons,AE,"Al Salam F, Damac Hills & Lagoons, Dubai, United Arab Emirates",,Gated Residential Society,0,96,DLD-PRJ-95371,62877 36659,25.028779,55.266597,Grade A Luxury,osm_dld_cadastral_enriched,0.88
66fd8abe-30f3-4fa3-b73d-b8455b2a9312,Al Shafar,al shafar,Master Developer / DLD Registered,Dubai,"The Views, Greens & Lakes",AE,"Al Shafar, The Views, Greens & Lakes, Dubai, United Arab Emirates",,Gated Residential Society,0,96,DLD-PRJ-80145,69862 27523,25.098623,55.17524,Grade A Luxury,osm_dld_cadastral_enriched,0.88
37843855-d7b6-4097-80d0-c8f3601219f7,Al Hawai Residence,al hawai residence,Master Developer / DLD Registered,Dubai,"The Views, Greens & Lakes",AE,"Al Hawai Residence, The Views, Greens & Lakes, Dubai, United Arab Emirates",,Luxury High-Rise Tower,0,96,DLD-PRJ-38982,69823 27569,25.098231,55.1757,Grade A Luxury,osm_dld_cadastral_enriched,0.88
b5526d99-df89-4066-abdd-b08d6758ce6c,Tecom ABC,tecom abc,Master Developer / DLD Registered,Dubai,"The Views, Greens & Lakes",AE,"Tecom ABC, The Views, Greens & Lakes, Dubai, United Arab Emirates",,Gated Residential Society,0,96,DLD-PRJ-66662,69596 27696,25.095964,55.176968,Grade A Luxury,osm_dld_cadastral_enriched,0.88
9bbfc1ef-c146-426a-bbf6-fc3c903d4e49,17 Icon Bay,17 icon bay,Master Developer / DLD Registered,Dubai,Dubai Creek Harbour,AE,"17 Icon Bay, Dubai Creek Harbour, Dubai, United Arab Emirates",,Gated Residential Society,0,96,DLD-PRJ-97965,80372 44563,25.203729,55.34563,Grade A Luxury,osm_dld_cadastral_enriched,0.88
411e5ff3-aa7d-449b-9b3e-d35739f1ed11,Creek Gate,creek gate,Master Developer / DLD Registered,Dubai,Dubai Creek Harbour,AE,"Creek Gate, Dubai Creek Harbour, Dubai, United Arab Emirates",,Gated Residential Society,0,96,DLD-PRJ-85649,80606 44677,25.206063,55.346778,Grade A Luxury,osm_dld_cadastral_enriched,0.88
31448853-de4b-4275-849b-3010723fbf53,Address Harbour Point,address harbour point,Master Developer / DLD Registered,Dubai,Dubai Creek Harbour,AE,"Address Harbour Point, Dubai Creek Harbour, Dubai, United Arab Emirates",,Gated Residential Society,0,96,DLD-PRJ-29097,80906 44365,25.209068,55.343656,Grade A Luxury,osm_dld_cadastral_enriched,0.88
fdad0b12-2dfe-475c-ace6-a4ff7fc3195a,Qasr Sabah,qasr sabah,Master Developer / DLD Registered,Dubai,Jumeirah Golf Estates,AE,"Qasr Sabah, Jumeirah Golf Estates, Dubai, United Arab Emirates",,Gated Residential Society,0,96,DLD-PRJ-34324,63239 29430,25.032395,55.194302,Grade A Luxury,osm_dld_cadastral_enriched,0.88
1d5b848f-386a-4ce5-ac9e-d6e69acaf9d5,Creek Edge,creek edge,Master Developer / DLD Registered,Dubai,Dubai Creek Harbour,AE,"Creek Edge, Dubai Creek Harbour, Dubai, United Arab Emirates",,Gated Residential Society,0,96,DLD-PRJ-64450,81002 44542,25.210025,55.345421,Grade A Luxury,osm_dld_cadastral_enriched,0.88
9c51dbcb-0480-40f1-b640-f4a8c7a895da,Substation,substation,Master Developer / DLD Registered,Dubai,Dubai Creek Harbour,AE,"Substation, Dubai Creek Harbour, Dubai, United Arab Emirates",,Gated Residential Society,0,96,DLD-PRJ-44023,80452 44607,25.204524,55.346079,Grade A Luxury,osm_dld_cadastral_enriched,0.88
36ffc451-498b-4392-b203-037c7ecbd836,Prime Villas,prime villas,Master Developer / DLD Registered,Dubai,Jumeirah Golf Estates,AE,"Prime Villas, Jumeirah Golf Estates, Dubai, United Arab Emirates",,Ultra-Luxury Gated Villa Community,0,96,DLD-PRJ-16389,63153 32239,25.031531,55.222399,Grade A Luxury,osm_dld_cadastral_enriched,0.88
c2efa466-c959-45b9-9119-d663490909f6,Palace Residences,palace residences,Master Developer / DLD Registered,Dubai,Dubai Creek Harbour,AE,"Palace Residences, Dubai Creek Harbour, Dubai, United Arab Emirates",,Luxury High-Rise Tower,0,96,DLD-PRJ-27371,80414 44719,25.20415,55.347198,Grade A Luxury,osm_dld_cadastral_enriched,0.88
bb7df27d-1ea9-4f6b-8418-4efa2c03879a,The Cove,the cove,Master Developer / DLD Registered,Dubai,Dubai Creek Harbour,AE,"The Cove, Dubai Creek Harbour, Dubai, United Arab Emirates",,Gated Residential Society,0,96,DLD-PRJ-56308,80148 44513,25.201484,55.345138,Grade A Luxury,osm_dld_cadastral_enriched,0.88
75c34e12-ffcf-43a8-a5c5-1f5035b5e070,Dubai Creek Residences North,dubai creek residences north,Master Developer / DLD Registered,Dubai,Dubai Creek Harbour,AE,"Dubai Creek Residences North, Dubai Creek Harbour, Dubai, United Arab Emirates",,Luxury High-Rise Tower,0,96,DLD-PRJ-25270,80661 44337,25.206613,55.343372,Grade A Luxury,osm_dld_cadastral_enriched,0.88
5d0c9043-eb21-4f07-b782-3b1ca4a7ca0f,Dubai Creek Residences South,dubai creek residences south,Master Developer / DLD Registered,Dubai,Dubai Creek Harbour,AE,"Dubai Creek Residences South, Dubai Creek Harbour, Dubai, United Arab Emirates",,Luxury High-Rise Tower,0,96,DLD-PRJ-38435,80429 44339,25.204295,55.343391,Grade A Luxury,osm_dld_cadastral_enriched,0.88
4c46694c-af56-42af-9b75-229ed7433b88,Oia Residence,oia residence,Master Developer / DLD Registered,Dubai,Tilal Al Ghaf,AE,"Oia Residence, Tilal Al Ghaf, Dubai, United Arab Emirates",,Luxury High-Rise Tower,0,96,DLD-PRJ-46373,64296 34315,25.042961,55.243155,Grade A Luxury,osm_dld_cadastral_enriched,0.88
6b83ba1c-5d42-41e9-bc24-7b05353048f1,Westar Reflection,westar reflection,Master Developer / DLD Registered,Dubai,Jumeirah Golf Estates,AE,"Westar Reflection, Jumeirah Golf Estates, Dubai, United Arab Emirates",,Gated Residential Society,0,96,DLD-PRJ-66835,64910 31281,25.049103,55.212811,Grade A Luxury,osm_dld_cadastral_enriched,0.88
bd307f54-e12c-4f76-a783-5aa1342c6f49,Park Ridge,park ridge,Master Developer / DLD Registered,Dubai,Dubai Hills Estate,AE,"Park Ridge, Dubai Hills Estate, Dubai, United Arab Emirates",,Gated Residential Society,0,96,DLD-PRJ-63790,71183 34793,25.111837,55.247939,Grade A Luxury,osm_dld_cadastral_enriched,0.88
81a9cf76-6e80-46ba-89db-fc2141c9a3ba,Park Heights,park heights,Master Developer / DLD Registered,Dubai,Dubai Hills Estate,AE,"Park Heights, Dubai Hills Estate, Dubai, United Arab Emirates",,Luxury High-Rise Tower,0,96,DLD-PRJ-54291,71318 34701,25.113183,55.247016,Grade A Luxury,osm_dld_cadastral_enriched,0.88
1a4ea2bf-0870-4020-ad60-8100e82629c9,Mulberry,mulberry,Master Developer / DLD Registered,Dubai,Dubai Hills Estate,AE,"Mulberry, Dubai Hills Estate, Dubai, United Arab Emirates",,Gated Residential Society,0,96,DLD-PRJ-77828,70896 34805,25.108969,55.248059,Grade A Luxury,osm_dld_cadastral_enriched,0.88
d0a20afb-2813-4ca8-81d4-ebaee6036877,Acacia,acacia,Master Developer / DLD Registered,Dubai,Dubai Hills Estate,AE,"Acacia, Dubai Hills Estate, Dubai, United Arab Emirates",,Gated Residential Society,0,96,DLD-PRJ-48115,71028 34548,25.110287,55.245488,Grade A Luxury,osm_dld_cadastral_enriched,0.88
00f05221-3ace-4687-b9b6-ca0923b290f5,Gardenia,gardenia,Master Developer / DLD Registered,Dubai,Dubai Hills Estate,AE,"Gardenia, Dubai Hills Estate, Dubai, United Arab Emirates",,Gated Residential Society,0,96,DLD-PRJ-88788,71181 34466,25.111812,55.244669,Grade A Luxury,osm_dld_cadastral_enriched,0.88
6f864718-39ca-4388-9a69-c7895c96da2b,Park Point,park point,Master Developer / DLD Registered,Dubai,Dubai Hills Estate,AE,"Park Point, Dubai Hills Estate, Dubai, United Arab Emirates",,Gated Residential Society,0,96,DLD-PRJ-15098,71104 34406,25.111049,55.244066,Grade A Luxury,osm_dld_cadastral_enriched,0.88
cf78ac03-b52e-410c-8561-f5fd38eae3f9,Collective 2,collective 2,Master Developer / DLD Registered,Dubai,Dubai Hills Estate,AE,"Collective 2, Dubai Hills Estate, Dubai, United Arab Emirates",,Gated Residential Society,0,96,DLD-PRJ-37645,71460 34766,25.114607,55.247668,Grade A Luxury,osm_dld_cadastral_enriched,0.88
5bd4d36b-a2dd-49c9-bfd4-78bb3226ecc7,Emirates Hills,emirates hills,Master Developer / DLD Registered,Dubai,The Meadows & Springs,AE,"Emirates Hills, The Meadows & Springs, Dubai, United Arab Emirates",,Gated Residential Society,0,96,DLD-PRJ-87525,66285 26551,25.062853,55.165514,Grade A Luxury,osm_dld_cadastral_enriched,0.88
e7ca2d63-f93d-46e3-9f05-61dfe11d3c62,Art Heights,art heights,Master Developer / DLD Registered,Dubai,"The Views, Greens & Lakes",AE,"Art Heights, The Views, Greens & Lakes, Dubai, United Arab Emirates",,Luxury High-Rise Tower,0,96,DLD-PRJ-34271,69850 27698,25.098502,55.176981,Grade A Luxury,osm_dld_cadastral_enriched,0.88
aab748d9-2581-4eb3-9a90-7a4d86eaa1c4,Crown Time Residence,crown time residence,Master Developer / DLD Registered,Dubai,"The Views, Greens & Lakes",AE,"Crown Time Residence, The Views, Greens & Lakes, Dubai, United Arab Emirates",,Luxury High-Rise Tower,0,96,DLD-PRJ-44761,69791 27147,25.097915,55.171472,Grade A Luxury,osm_dld_cadastral_enriched,0.88
5d5f2199-d3aa-430a-bb48-bcf825941a20,Dubai Creek Harbour,dubai creek harbour,Master Developer / DLD Registered,Dubai,Dubai Creek Harbour,AE,"Dubai Creek Harbour, Dubai Creek Harbour, Dubai, United Arab Emirates",,Gated Residential Society,0,96,DLD-PRJ-56374,79796 45815,25.19797,55.358154,Grade A Luxury,osm_dld_cadastral_enriched,0.88
72ce7e61-80d5-4ad7-a37e-58be1f45a309,Legends,legends,Master Developer / DLD Registered,Dubai,"Arabian Ranches (I, II, III)",AE,"Legends, Arabian Ranches (I, II, III), Dubai, United Arab Emirates",,Gated Residential Society,0,96,DLD-PRJ-63051,68609 40376,25.0861,55.303765,Grade A Luxury,osm_dld_cadastral_enriched,0.88
fef34a8f-68ef-4cef-96ec-4aae26a6d9aa,Casa Flores,casa flores,Master Developer / DLD Registered,Dubai,Tilal Al Ghaf,AE,"Casa Flores, Tilal Al Ghaf, Dubai, United Arab Emirates",,Gated Residential Society,0,96,DLD-PRJ-52588,64363 33431,25.043631,55.234312,Grade A Luxury,osm_dld_cadastral_enriched,0.88
891c66a0-06db-4c44-ad72-b36cf8637ca7,Karira Avenue Villa,karira avenue villa,Master Developer / DLD Registered,Dubai,Jumeirah Golf Estates,AE,"Karira Avenue Villa, Jumeirah Golf Estates, Dubai, United Arab Emirates",,Ultra-Luxury Gated Villa Community,0,96,DLD-PRJ-63057,64629 30246,25.046292,55.202468,Grade A Luxury,osm_dld_cadastral_enriched,0.88
8b9f3506-97fe-4824-8351-b8a5f1eb632c,"Lootah Avenue, The Fold and Rabdan Building",lootah avenue the fold and rabdan building,Master Developer / DLD Registered,Dubai,Jumeirah Golf Estates,AE,"Lootah Avenue, The Fold and Rabdan Building, Jumeirah Golf Estates, Dubai, United Arab Emirates",,Gated Residential Society,0,96,DLD-PRJ-75361,64564 32833,25.045648,55.228333,Grade A Luxury,osm_dld_cadastral_enriched,0.88
1bce28e1-415a-4b81-b408-f8c7817c3cb8,"Al Naseem A, Mudon",al naseem a mudon,Master Developer / DLD Registered,Dubai,Damac Hills & Lagoons,AE,"Al Naseem A, Mudon, Damac Hills & Lagoons, Dubai, United Arab Emirates",,Gated Residential Society,0,96,DLD-PRJ-45161,62292 37427,25.022929,55.27427,Grade A Luxury,osm_dld_cadastral_enriched,0.88
4cd06609-9de5-449a-be9e-e930767dec16,Al Naseem B,al naseem b,Master Developer / DLD Registered,Dubai,Damac Hills & Lagoons,AE,"Al Naseem B, Damac Hills & Lagoons, Dubai, United Arab Emirates",,Gated Residential Society,0,96,DLD-PRJ-93386,62363 37285,25.023634,55.272852,Grade A Luxury,osm_dld_cadastral_enriched,0.88
adc46b29-ea94-49cd-a782-426229ff571c,Cluster 39,cluster 39,Master Developer / DLD Registered,Dubai,The Meadows & Springs,AE,"Cluster 39, The Meadows & Springs, Dubai, United Arab Emirates",,Gated Residential Society,0,96,DLD-PRJ-54133,65625 25534,25.056253,55.155347,Grade A Luxury,osm_dld_cadastral_enriched,0.88
528ae2a9-8189-4d85-b593-70c13035fc1c,Cluster 36,cluster 36,Master Developer / DLD Registered,Dubai,The Meadows & Springs,AE,"Cluster 36, The Meadows & Springs, Dubai, United Arab Emirates",,Gated Residential Society,0,96,DLD-PRJ-40508,65271 25603,25.052715,55.156037,Grade A Luxury,osm_dld_cadastral_enriched,0.88
d5ab033c-4ae1-4d17-83a7-54265cbe4962,Cluster 34,cluster 34,Master Developer / DLD Registered,Dubai,The Meadows & Springs,AE,"Cluster 34, The Meadows & Springs, Dubai, United Arab Emirates",,Gated Residential Society,0,96,DLD-PRJ-33014,65177 25743,25.051779,55.15744,Grade A Luxury,osm_dld_cadastral_enriched,0.88
6c8b4eb2-c79d-4863-9f4d-5775b9f47a43,Cluster 33,cluster 33,Master Developer / DLD Registered,Dubai,The Meadows & Springs,AE,"Cluster 33, The Meadows & Springs, Dubai, United Arab Emirates",,Gated Residential Society,0,96,DLD-PRJ-96128,65304 25946,25.053042,55.159469,Grade A Luxury,osm_dld_cadastral_enriched,0.88
25c8c54f-9666-4640-9330-6d5ed5cbee96,Cluster 35,cluster 35,Master Developer / DLD Registered,Dubai,The Meadows & Springs,AE,"Cluster 35, The Meadows & Springs, Dubai, United Arab Emirates",,Gated Residential Society,0,96,DLD-PRJ-57319,65391 25782,25.053919,55.157828,Grade A Luxury,osm_dld_cadastral_enriched,0.88
c0d1773d-572b-43d9-be2d-5f7b8d2244b7,Cluster 37,cluster 37,Master Developer / DLD Registered,Dubai,The Meadows & Springs,AE,"Cluster 37, The Meadows & Springs, Dubai, United Arab Emirates",,Gated Residential Society,0,96,DLD-PRJ-95851,65493 25637,25.054934,55.15638,Grade A Luxury,osm_dld_cadastral_enriched,0.88
a07bad3c-c9ec-4b87-af26-65d52440855d,Cluster 32,cluster 32,Master Developer / DLD Registered,Dubai,The Meadows & Springs,AE,"Cluster 32, The Meadows & Springs, Dubai, United Arab Emirates",,Gated Residential Society,0,96,DLD-PRJ-66988,65060 25880,25.050602,55.158804,Grade A Luxury,osm_dld_cadastral_enriched,0.88
188374af-4878-4c28-b92b-08b3c988a3b7,Cluster 31,cluster 31,Master Developer / DLD Registered,Dubai,The Meadows & Springs,AE,"Cluster 31, The Meadows & Springs, Dubai, United Arab Emirates",,Gated Residential Society,0,96,DLD-PRJ-57056,64926 26088,25.04927,55.160883,Grade A Luxury,osm_dld_cadastral_enriched,0.88
d391d809-3314-4dc4-a569-5bfbbc5f23a7,Cluster 29,cluster 29,Master Developer / DLD Registered,Dubai,The Meadows & Springs,AE,"Cluster 29, The Meadows & Springs, Dubai, United Arab Emirates",,Gated Residential Society,0,96,DLD-PRJ-15282,64941 26260,25.049412,55.162609,Grade A Luxury,osm_dld_cadastral_enriched,0.88
26bcc28c-1080-48ad-8ae3-d4b1e0a92e12,Cluster 28,cluster 28,Master Developer / DLD Registered,Dubai,The Meadows & Springs,AE,"Cluster 28, The Meadows & Springs, Dubai, United Arab Emirates",,Gated Residential Society,0,96,DLD-PRJ-15096,65078 26364,25.05079,55.163646,Grade A Luxury,osm_dld_cadastral_enriched,0.88
66f7164c-0af0-4cb6-9ed0-db4bd23720c8,Cluster 27,cluster 27,Master Developer / DLD Registered,Dubai,The Meadows & Springs,AE,"Cluster 27, The Meadows & Springs, Dubai, United Arab Emirates",,Gated Residential Society,0,96,DLD-PRJ-31433,65106 26591,25.051064,55.16592,Grade A Luxury,osm_dld_cadastral_enriched,0.88
903c9a2e-89f2-44b7-9bce-8b76abb23ee2,Cluster 26,cluster 26,Master Developer / DLD Registered,Dubai,The Meadows & Springs,AE,"Cluster 26, The Meadows & Springs, Dubai, United Arab Emirates",,Gated Residential Society,0,96,DLD-PRJ-78452,65250 26679,25.052505,55.166795,Grade A Luxury,osm_dld_cadastral_enriched,0.88
b1741929-ef5e-4932-bed7-efcc3d93271b,Cluster 25,cluster 25,Master Developer / DLD Registered,Dubai,The Meadows & Springs,AE,"Cluster 25, The Meadows & Springs, Dubai, United Arab Emirates",,Gated Residential Society,0,96,DLD-PRJ-80383,65400 26591,25.054009,55.165914,Grade A Luxury,osm_dld_cadastral_enriched,0.88
55973392-8750-434e-a108-1837050a72be,Cluster 24,cluster 24,Master Developer / DLD Registered,Dubai,The Meadows & Springs,AE,"Cluster 24, The Meadows & Springs, Dubai, United Arab Emirates",,Gated Residential Society,0,96,DLD-PRJ-72894,65283 26406,25.052836,55.16406,Grade A Luxury,osm_dld_cadastral_enriched,0.88
d66b183c-98b4-4ee4-933e-49a2a9d428f0,Cluster 22,cluster 22,Master Developer / DLD Registered,Dubai,The Meadows & Springs,AE,"Cluster 22, The Meadows & Springs, Dubai, United Arab Emirates",,Gated Residential Society,0,96,DLD-PRJ-62391,65393 26274,25.053931,55.162744,Grade A Luxury,osm_dld_cadastral_enriched,0.88
de708da3-c5eb-4fa8-b5e0-e07d4ca5f7dc,Cluster 23,cluster 23,Master Developer / DLD Registered,Dubai,The Meadows & Springs,AE,"Cluster 23, The Meadows & Springs, Dubai, United Arab Emirates",,Gated Residential Society,0,96,DLD-PRJ-51069,65532 26432,25.055329,55.164327,Grade A Luxury,osm_dld_cadastral_enriched,0.88
e2afee16-a668-4388-9e48-d0e9d16d8d62,Cluster 21,cluster 21,Master Developer / DLD Registered,Dubai,The Meadows & Springs,AE,"Cluster 21, The Meadows & Springs, Dubai, United Arab Emirates",,Gated Residential Society,0,96,DLD-PRJ-90683,65617 26267,25.056177,55.162679,Grade A Luxury,osm_dld_cadastral_enriched,0.88
9995f31c-4c34-4d99-b860-c3f4f776809d,Cluster 20,cluster 20,Master Developer / DLD Registered,Dubai,The Meadows & Springs,AE,"Cluster 20, The Meadows & Springs, Dubai, United Arab Emirates",,Gated Residential Society,0,96,DLD-PRJ-21688,65567 26085,25.055674,55.160854,Grade A Luxury,osm_dld_cadastral_enriched,0.88
d42b8688-1855-49f1-b40c-e40fb4264b30,Cluster 30,cluster 30,Master Developer / DLD Registered,Dubai,The Meadows & Springs,AE,"Cluster 30, The Meadows & Springs, Dubai, United Arab Emirates",,Gated Residential Society,0,96,DLD-PRJ-99458,64746 26230,25.047463,55.162308,Grade A Luxury,osm_dld_cadastral_enriched,0.88
75785108-18ba-46af-bae6-3be8272db753,Cluster 19,cluster 19,Master Developer / DLD Registered,Dubai,The Meadows & Springs,AE,"Cluster 19, The Meadows & Springs, Dubai, United Arab Emirates",,Gated Residential Society,0,96,DLD-PRJ-10323,65740 26129,25.057406,55.161293,Grade A Luxury,osm_dld_cadastral_enriched,0.88
94115141-2d1f-4369-8283-593abdabf1d1,Cluster 18,cluster 18,Master Developer / DLD Registered,Dubai,The Meadows & Springs,AE,"Cluster 18, The Meadows & Springs, Dubai, United Arab Emirates",,Gated Residential Society,0,96,DLD-PRJ-40095,65682 25864,25.056822,55.158646,Grade A Luxury,osm_dld_cadastral_enriched,0.88
e062bb6c-a225-4603-988a-117426e33d5b,Cluster 15,cluster 15,Master Developer / DLD Registered,Dubai,The Meadows & Springs,AE,"Cluster 15, The Meadows & Springs, Dubai, United Arab Emirates",,Gated Residential Society,0,96,DLD-PRJ-92251,65969 25861,25.059696,55.15862,Grade A Luxury,osm_dld_cadastral_enriched,0.88
75d3c90b-bdbd-4e60-9d9b-96758b1e92ce,Cluster 17,cluster 17,Master Developer / DLD Registered,Dubai,The Meadows & Springs,AE,"Cluster 17, The Meadows & Springs, Dubai, United Arab Emirates",,Gated Residential Society,0,96,DLD-PRJ-16761,65847 25984,25.058477,55.159845,Grade A Luxury,osm_dld_cadastral_enriched,0.88
b9f15e27-7048-45d4-b786-8de5229e4c3f,Cluster 16,cluster 16,Master Developer / DLD Registered,Dubai,The Meadows & Springs,AE,"Cluster 16, The Meadows & Springs, Dubai, United Arab Emirates",,Gated Residential Society,0,96,DLD-PRJ-58374,65794 25698,25.057942,55.156989,Grade A Luxury,osm_dld_cadastral_enriched,0.88
5a258a88-ed14-4ace-a6c3-20db110c87ce,Cluster 13,cluster 13,Master Developer / DLD Registered,Dubai,The Meadows & Springs,AE,"Cluster 13, The Meadows & Springs, Dubai, United Arab Emirates",,Gated Residential Society,0,96,DLD-PRJ-89915,66074 25722,25.060742,55.157223,Grade A Luxury,osm_dld_cadastral_enriched,0.88
e63e2792-edb0-43be-9323-9f6d3752a505,Cluster 14,cluster 14,Master Developer / DLD Registered,Dubai,The Meadows & Springs,AE,"Cluster 14, The Meadows & Springs, Dubai, United Arab Emirates",,Gated Residential Society,0,96,DLD-PRJ-22600,65917 25547,25.059172,55.155475,Grade A Luxury,osm_dld_cadastral_enriched,0.88
beda820a-662c-4e79-ba39-e6749bb62bdd,Cluster 11,cluster 11,Master Developer / DLD Registered,Dubai,The Meadows & Springs,AE,"Cluster 11, The Meadows & Springs, Dubai, United Arab Emirates",,Gated Residential Society,0,96,DLD-PRJ-89858,66181 25574,25.061812,55.155747,Grade A Luxury,osm_dld_cadastral_enriched,0.88
0550722a-4b4a-4d7d-9422-1fb931d7272b,Al Maali Complex,al maali complex,Master Developer / DLD Registered,Dubai,Jumeirah Golf Estates,AE,"Al Maali Complex, Jumeirah Golf Estates, Dubai, United Arab Emirates",,Gated Residential Society,0,96,DLD-PRJ-87957,64796 30204,25.047969,55.202043,Grade A Luxury,osm_dld_cadastral_enriched,0.88
ff622418-0650-46d8-b015-8485f3ed921d,Divine homes,divine homes,Master Developer / DLD Registered,Dubai,Jumeirah Golf Estates,AE,"Divine homes, Jumeirah Golf Estates, Dubai, United Arab Emirates",,Gated Residential Society,0,96,DLD-PRJ-76800,64680 30015,25.046801,55.200154,Grade A Luxury,osm_dld_cadastral_enriched,0.88
00f954fb-9177-4915-86f1-29c30b286174,Signature Villas,signature villas,Master Developer / DLD Registered,Dubai,Jumeirah Golf Estates,AE,"Signature Villas, Jumeirah Golf Estates, Dubai, United Arab Emirates",,Ultra-Luxury Gated Villa Community,0,96,DLD-PRJ-38727,64877 30340,25.048776,55.203406,Grade A Luxury,osm_dld_cadastral_enriched,0.88
af6737e9-248d-4aef-8817-495df58f4242,Westar Vista,westar vista,Master Developer / DLD Registered,Dubai,Jumeirah Golf Estates,AE,"Westar Vista, Jumeirah Golf Estates, Dubai, United Arab Emirates",,Gated Residential Society,0,96,DLD-PRJ-11871,64828 31201,25.048286,55.212011,Grade A Luxury,osm_dld_cadastral_enriched,0.88
38c7151d-9cd1-4522-9548-b5129f1b4d10,Palace Estates,palace estates,Master Developer / DLD Registered,Dubai,Jumeirah Golf Estates,AE,"Palace Estates, Jumeirah Golf Estates, Dubai, United Arab Emirates",,Ultra-Luxury Gated Villa Community,0,96,DLD-PRJ-58992,64654 30117,25.046543,55.201178,Grade A Luxury,osm_dld_cadastral_enriched,0.88
b8bc29b3-e95f-442c-b51d-4fd6bbe2830b,District 4,district 4,Master Developer / DLD Registered,Dubai,Jumeirah Golf Estates,AE,"District 4, Jumeirah Golf Estates, Dubai, United Arab Emirates",,Gated Residential Society,0,96,DLD-PRJ-49939,64451 29219,25.044511,55.192193,Grade A Luxury,osm_dld_cadastral_enriched,0.88
8b4cca63-0db7-417e-b8ba-fe2f67167897,District 8,district 8,Master Developer / DLD Registered,Dubai,The Meadows & Springs,AE,"District 8, The Meadows & Springs, Dubai, United Arab Emirates",,Gated Residential Society,0,96,DLD-PRJ-80240,64935 28680,25.04936,55.186808,Grade A Luxury,osm_dld_cadastral_enriched,0.88
1bf7e3a0-be7b-4aad-92d0-485d352b5a42,Umm Hurair 2,umm hurair 2,Master Developer / DLD Registered,Dubai,Dubai Festival City & Culture Village,AE,"Umm Hurair 2, Dubai Festival City & Culture Village, Dubai, United Arab Emirates",,Gated Residential Society,0,96,DLD-PRJ-61525,83665 42600,25.236655,55.326,Grade A Luxury,osm_dld_cadastral_enriched,0.88
25b3b2ef-8f30-4f99-8ca6-70a1481bf9cd,Maple 2,maple 2,Master Developer / DLD Registered,Dubai,Dubai Hills Estate,AE,"Maple 2, Dubai Hills Estate, Dubai, United Arab Emirates",,Gated Residential Society,0,96,DLD-PRJ-14625,69898 35388,25.098989,55.253884,Grade A Luxury,osm_dld_cadastral_enriched,0.88
5088a482-312d-42a8-9604-3a9f488a3b51,Maple 3,maple 3,Master Developer / DLD Registered,Dubai,Dubai Hills Estate,AE,"Maple 3, Dubai Hills Estate, Dubai, United Arab Emirates",,Gated Residential Society,0,96,DLD-PRJ-46358,70422 35537,25.104223,55.255377,Grade A Luxury,osm_dld_cadastral_enriched,0.88
adbe8cc5-2fbd-441d-9120-8e4690327e58,City of Arabia,city of arabia,Master Developer / DLD Registered,Dubai,"Arabian Ranches (I, II, III)",AE,"City of Arabia, Arabian Ranches (I, II, III), Dubai, United Arab Emirates",,Gated Residential Society,0,96,DLD-PRJ-72523,68765 42343,25.087656,55.32343,Grade A Luxury,osm_dld_cadastral_enriched,0.88
aa109927-fe9d-4690-b51e-30fd61fc14c7,"B Villas, Living Legends, Dubai",b villas living legends dubai,Master Developer / DLD Registered,Dubai,"Arabian Ranches (I, II, III)",AE,"B Villas, Living Legends, Dubai, Arabian Ranches (I, II, III), Dubai, United Arab Emirates",,Ultra-Luxury Gated Villa Community,0,96,DLD-PRJ-17815,68478 39848,25.084781,55.298488,Grade A Luxury,osm_dld_cadastral_enriched,0.88
9d3a0adf-ecdd-4a9e-8c4e-248fa6120c3f,"D Villas, Living Legends, Dubai",d villas living legends dubai,Master Developer / DLD Registered,Dubai,"Arabian Ranches (I, II, III)",AE,"D Villas, Living Legends, Dubai, Arabian Ranches (I, II, III), Dubai, United Arab Emirates",,Ultra-Luxury Gated Villa Community,0,96,DLD-PRJ-99326,67971 39796,25.079712,55.297969,Grade A Luxury,osm_dld_cadastral_enriched,0.88
44ac2c68-907e-4cf8-b955-e069792db0f5,"Cluster 1, The Sustainable City, Dubai",cluster 1 the sustainable city dubai,Master Developer / DLD Registered,Dubai,Damac Hills & Lagoons,AE,"Cluster 1, The Sustainable City, Dubai, Damac Hills & Lagoons, Dubai, United Arab Emirates",,Gated Residential Society,0,96,DLD-PRJ-74439,62913 37654,25.029134,55.276548,Grade A Luxury,osm_dld_cadastral_enriched,0.88
8bec880c-6174-4683-83d5-4a3d2ae4677d,"Cluster 2 The Sustainable City, Dubai",cluster 2 the sustainable city dubai,Master Developer / DLD Registered,Dubai,Damac Hills & Lagoons,AE,"Cluster 2 The Sustainable City, Dubai, Damac Hills & Lagoons, Dubai, United Arab Emirates",,Gated Residential Society,0,96,DLD-PRJ-59169,63069 37811,25.030692,55.278113,Grade A Luxury,osm_dld_cadastral_enriched,0.88
bbb55b6a-b3fd-41fc-8f1c-1eb01eef9088,"Cluster 3, The Sustainable City, Dubai",cluster 3 the sustainable city dubai,Master Developer / DLD Registered,Dubai,Damac Hills & Lagoons,AE,"Cluster 3, The Sustainable City, Dubai, Damac Hills & Lagoons, Dubai, United Arab Emirates",,Gated Residential Society,0,96,DLD-PRJ-26638,63225 37968,25.032255,55.279682,Grade A Luxury,osm_dld_cadastral_enriched,0.88
107471f7-c1a3-43d4-b421-2b842c8a3214,"Cluster 5, The Sustainable City, Dubai",cluster 5 the sustainable city dubai,Master Developer / DLD Registered,Dubai,Damac Hills & Lagoons,AE,"Cluster 5, The Sustainable City, Dubai, Damac Hills & Lagoons, Dubai, United Arab Emirates",,Gated Residential Society,0,96,DLD-PRJ-62207,62932 37995,25.029323,55.279955,Grade A Luxury,osm_dld_cadastral_enriched,0.88
858dbfc5-d212-401f-a195-644605469fe7,"Al Salam, Mudon",al salam mudon,Master Developer / DLD Registered,Dubai,Damac Hills & Lagoons,AE,"Al Salam, Mudon, Damac Hills & Lagoons, Dubai, United Arab Emirates",,Gated Residential Society,0,96,DLD-PRJ-11189,62658 36954,25.026585,55.269542,Grade A Luxury,osm_dld_cadastral_enriched,0.88
565c0903-e5cc-4e8c-9f2f-c9e96858985f,"Al Naseem, Mudon, Dubai",al naseem mudon dubai,Master Developer / DLD Registered,Dubai,Damac Hills & Lagoons,AE,"Al Naseem, Mudon, Dubai, Damac Hills & Lagoons, Dubai, United Arab Emirates",,Gated Residential Society,0,96,DLD-PRJ-85810,62203 37507,25.022033,55.275073,Grade A Luxury,osm_dld_cadastral_enriched,0.88
2b14388c-436c-43ce-8af1-534314165433,"Arabella Townhouses, Dubai",arabella townhouses dubai,Master Developer / DLD Registered,Dubai,Damac Hills & Lagoons,AE,"Arabella Townhouses, Dubai, Damac Hills & Lagoons, Dubai, United Arab Emirates",,Gated Residential Society,0,96,DLD-PRJ-45906,61311 36787,25.013116,55.267878,Grade A Luxury,osm_dld_cadastral_enriched,0.88
603f25ce-dcf8-4565-8447-41b0634d1b7c,Camelia 2,camelia 2,Master Developer / DLD Registered,Dubai,Damac Hills & Lagoons,AE,"Camelia 2, Damac Hills & Lagoons, Dubai, United Arab Emirates",,Gated Residential Society,0,96,DLD-PRJ-61323,63747 37602,25.037476,55.276025,Grade A Luxury,osm_dld_cadastral_enriched,0.88
7317c75a-9425-411d-a5ec-9c8319dcf2b1,"C Villas, Living Legends",c villas living legends,Master Developer / DLD Registered,Dubai,"Arabian Ranches (I, II, III)",AE,"C Villas, Living Legends, Arabian Ranches (I, II, III), Dubai, United Arab Emirates",,Ultra-Luxury Gated Villa Community,0,96,DLD-PRJ-77054,68571 39879,25.085718,55.298794,Grade A Luxury,osm_dld_cadastral_enriched,0.88
3bbb15e6-bb63-4a84-b21f-107db2315eb0,"A Villas, Living Legends, Dubai",a villas living legends dubai,Master Developer / DLD Registered,Dubai,"Arabian Ranches (I, II, III)",AE,"A Villas, Living Legends, Dubai, Arabian Ranches (I, II, III), Dubai, United Arab Emirates",,Ultra-Luxury Gated Villa Community,0,96,DLD-PRJ-91254,68553 39791,25.085532,55.297911,Grade A Luxury,osm_dld_cadastral_enriched,0.88
240b319c-f0c1-497c-a64c-0e8c44d37f9c,Acacia Avenues,acacia avenues,Master Developer / DLD Registered,Dubai,Al Sufouh & Media City,AE,"Acacia Avenues, Al Sufouh & Media City, Dubai, United Arab Emirates",,Gated Residential Society,0,96,DLD-PRJ-21867,71095 27748,25.110954,55.177487,Grade A Luxury,osm_dld_cadastral_enriched,0.88
c1e15d78-fac0-42ae-9b0e-6059a096cbce,Al Qouz 1,al qouz 1,Master Developer / DLD Registered,Dubai,Business Bay,AE,"Al Qouz 1, Business Bay, Dubai, United Arab Emirates",,Gated Residential Society,0,96,DLD-PRJ-23649,76899 35307,25.168991,55.25308,Grade A Luxury,osm_dld_cadastral_enriched,0.88
9ea30d6e-cb2c-4584-ad3e-31509d6772a7,Tonino Lamborghini Residences,tonino lamborghini residences,Master Developer / DLD Registered,Dubai,Meydan District 11 & Nad Al Sheba,AE,"Tonino Lamborghini Residences, Meydan District 11 & Nad Al Sheba, Dubai, United Arab Emirates",,Luxury High-Rise Tower,0,96,DLD-PRJ-83348,75780 42934,25.157805,55.32935,Grade A Luxury,osm_dld_cadastral_enriched,0.88
e3f45460-caf3-4ad4-a38c-1c0c037ee83f,Majestic Vistas,majestic vistas,Master Developer / DLD Registered,Dubai,Dubai Hills Estate,AE,"Majestic Vistas, Dubai Hills Estate, Dubai, United Arab Emirates",,Gated Residential Society,0,96,DLD-PRJ-72102,70053 34420,25.100534,55.244206,Grade A Luxury,osm_dld_cadastral_enriched,0.88
544ac634-2530-4b54-8ffd-b3cfaac91297,Al Kifaf,al kifaf,Master Developer / DLD Registered,Dubai,Za'abeel & Wasl1,AE,"Al Kifaf, Za'abeel & Wasl1, Dubai, United Arab Emirates",,Gated Residential Society,0,96,DLD-PRJ-73517,83469 39936,25.234698,55.29937,Grade A Luxury,osm_dld_cadastral_enriched,0.88
d11c2bc7-2c9a-49b5-919d-252f92e279d3,Al Sufouh,al sufouh,Master Developer / DLD Registered,Dubai,Al Sufouh & Media City,AE,"Al Sufouh, Al Sufouh & Media City, Dubai, United Arab Emirates",,Gated Residential Society,0,96,DLD-PRJ-33285,70981 27546,25.109812,55.175465,Grade A Luxury,osm_dld_cadastral_enriched,0.88
6acdb6e4-19c8-4f0d-87ef-692cbc3a1c3a,Al Nokhadha Building,al nokhadha building,Master Developer / DLD Registered,Dubai,Dubai Festival City & Culture Village,AE,"Al Nokhadha Building, Dubai Festival City & Culture Village, Dubai, United Arab Emirates",,Gated Residential Society,0,96,DLD-PRJ-17938,82710 43805,25.227106,55.338054,Grade A Luxury,osm_dld_cadastral_enriched,0.88
a6cc476e-1cc9-4cd2-b936-d9198834cd06,New Ras Al Khor Community,new ras al khor community,Master Developer / DLD Registered,Dubai,Dubai Creek Harbour,AE,"New Ras Al Khor Community, Dubai Creek Harbour, Dubai, United Arab Emirates",,Gated Residential Society,0,96,DLD-PRJ-61858,80081 45693,25.200811,55.356934,Grade A Luxury,osm_dld_cadastral_enriched,0.88
c4b0f0de-347d-45c8-9de6-61a8b01435ba,Al Thamam 4,al thamam 4,Master Developer / DLD Registered,Dubai,Damac Hills & Lagoons,AE,"Al Thamam 4, Al Thamam, Damac Hills & Lagoons, Dubai, United Arab Emirates",,Gated Residential Society,0,96,DLD-PRJ-35973,60632 35102,25.006328,55.251028,Grade A Luxury,osm_dld_cadastral_enriched,0.88
ecc31c20-0998-42a6-ae70-a41bf2a96961,Al Thamam 2,al thamam 2,Master Developer / DLD Registered,Dubai,Damac Hills & Lagoons,AE,"Al Thamam 2, Al Thamam, Damac Hills & Lagoons, Dubai, United Arab Emirates",,Gated Residential Society,0,96,DLD-PRJ-54456,60612 35052,25.006129,55.250528,Grade A Luxury,osm_dld_cadastral_enriched,0.88
3d37449f-a224-4744-bbd6-763fd5729bdc,Al Thamam 18,al thamam 18,Master Developer / DLD Registered,Dubai,Damac Hills & Lagoons,AE,"Al Thamam 18, Al Thamam, Damac Hills & Lagoons, Dubai, United Arab Emirates",,Gated Residential Society,0,96,DLD-PRJ-97287,60610 34876,25.006104,55.248765,Grade A Luxury,osm_dld_cadastral_enriched,0.88
37e214f8-db28-481d-8343-92adcfb34bb0,Al Thamam 12,al thamam 12,Master Developer / DLD Registered,Dubai,Damac Hills & Lagoons,AE,"Al Thamam 12, Al Thamam, Damac Hills & Lagoons, Dubai, United Arab Emirates",,Gated Residential Society,0,96,DLD-PRJ-87614,60771 35025,25.007719,55.250251,Grade A Luxury,osm_dld_cadastral_enriched,0.88
9f9fdad3-388f-42dc-be77-5a2c0b7cc4e1,Al Thamam 10,al thamam 10,Master Developer / DLD Registered,Dubai,Damac Hills & Lagoons,AE,"Al Thamam 10, Al Thamam, Damac Hills & Lagoons, Dubai, United Arab Emirates",,Gated Residential Society,0,96,DLD-PRJ-49045,60803 35072,25.008037,55.250728,Grade A Luxury,osm_dld_cadastral_enriched,0.88
ffa0bf49-87a9-4e0a-8f0e-a4bfcd02d3c9,Al Thamam 22,al thamam 22,Master Developer / DLD Registered,Dubai,Damac Hills & Lagoons,AE,"Al Thamam 22, Al Thamam, Damac Hills & Lagoons, Dubai, United Arab Emirates",,Gated Residential Society,0,96,DLD-PRJ-83256,60561 34751,25.005616,55.247513,Grade A Luxury,osm_dld_cadastral_enriched,0.88
062845f8-3833-424b-afb6-62390499229b,Al Thamam 24,al thamam 24,Master Developer / DLD Registered,Dubai,Damac Hills & Lagoons,AE,"Al Thamam 24, Al Thamam, Damac Hills & Lagoons, Dubai, United Arab Emirates",,Gated Residential Society,0,96,DLD-PRJ-16730,60517 34715,25.005179,55.247158,Grade A Luxury,osm_dld_cadastral_enriched,0.88
23bd790a-c0e7-488b-b8a7-60e44845f742,Al Thamam 30,al thamam 30,Master Developer / DLD Registered,Dubai,Damac Hills & Lagoons,AE,"Al Thamam 30, Al Thamam, Damac Hills & Lagoons, Dubai, United Arab Emirates",,Gated Residential Society,0,96,DLD-PRJ-20938,60418 34863,25.004189,55.248638,Grade A Luxury,osm_dld_cadastral_enriched,0.88
29545ca9-dc11-4c34-b270-abb866e9e9aa,Al Thamam 32,al thamam 32,Master Developer / DLD Registered,Dubai,Damac Hills & Lagoons,AE,"Al Thamam 32, Al Thamam, Damac Hills & Lagoons, Dubai, United Arab Emirates",,Gated Residential Society,0,96,DLD-PRJ-61176,60460 34902,25.004602,55.249023,Grade A Luxury,osm_dld_cadastral_enriched,0.88
b0f0784d-40a8-433b-82ba-0a8ff20eb1f3,Creek Crescent,creek crescent,Master Developer / DLD Registered,Dubai,Dubai Creek Harbour,AE,"Creek Crescent, Dubai Creek Harbour, Dubai, United Arab Emirates",,Gated Residential Society,0,96,DLD-PRJ-75393,80978 44656,25.209783,55.346565,Grade A Luxury,osm_dld_cadastral_enriched,0.88
e9b12c30-7fdd-4b58-8c6b-fb92ebf21dac,Marriott Residences Business Bay,marriott residences business bay,Master Developer / DLD Registered,Dubai,Business Bay,AE,"Marriott Residences Business Bay, Business Bay, Dubai, United Arab Emirates",,Luxury High-Rise Tower,0,96,DLD-PRJ-12853,77857 37236,25.178579,55.272363,Grade A Luxury,osm_dld_cadastral_enriched,0.88
92961bce-af49-489d-8ebb-8130d3b13ea0,Olivia Village,olivia village,Master Developer / DLD Registered,Dubai,Jumeirah Golf Estates,AE,"Olivia Village, Jumeirah Golf Estates, Dubai, United Arab Emirates",,Ultra-Luxury Gated Villa Community,0,96,DLD-PRJ-72153,64142 31380,25.041427,55.213801,Grade A Luxury,osm_dld_cadastral_enriched,0.88
3bf1e040-ebec-4f4b-be6a-7ec52ed4ff2c,Hills View,hills view,Master Developer / DLD Registered,Dubai,Dubai Hills Estate,AE,"Hills View, Dubai Hills Estate, Dubai, United Arab Emirates",,Gated Residential Society,0,96,DLD-PRJ-87706,71611 36778,25.116119,55.267782,Grade A Luxury,osm_dld_cadastral_enriched,0.88
c6aa3707-ce01-43eb-b210-92963add02e6,Hills Grove,hills grove,Master Developer / DLD Registered,Dubai,Dubai Hills Estate,AE,"Hills Grove, Dubai Hills Estate, Dubai, United Arab Emirates",,Gated Residential Society,0,96,DLD-PRJ-28862,72104 36828,25.121049,55.268283,Grade A Luxury,osm_dld_cadastral_enriched,0.88
4bf0e6a5-2044-4d6c-9da1-f307a9e24cff,Rasha Villas,rasha villas,Master Developer / DLD Registered,Dubai,Damac Hills & Lagoons,AE,"Rasha Villas, Damac Hills & Lagoons, Dubai, United Arab Emirates",,Ultra-Luxury Gated Villa Community,0,96,DLD-PRJ-76010,63522 36993,25.035228,55.269938,Grade A Luxury,osm_dld_cadastral_enriched,0.88
2b1dd926-a751-409b-bedb-988cebc222f5,Rosa Village,rosa village,Master Developer / DLD Registered,Dubai,Damac Hills & Lagoons,AE,"Rosa Village, Damac Hills & Lagoons, Dubai, United Arab Emirates",,Ultra-Luxury Gated Villa Community,0,96,DLD-PRJ-35731,63618 37398,25.036188,55.273981,Grade A Luxury,osm_dld_cadastral_enriched,0.88
d96cf362-3d58-49a8-b0f5-4b4ea14346f9,Yasmin Village,yasmin village,Master Developer / DLD Registered,Dubai,Damac Hills & Lagoons,AE,"Yasmin Village, Damac Hills & Lagoons, Dubai, United Arab Emirates",,Ultra-Luxury Gated Villa Community,0,96,DLD-PRJ-41485,63268 37344,25.032687,55.273445,Grade A Luxury,osm_dld_cadastral_enriched,0.88
391224f2-82db-473b-ac91-4a297e8e9305,Fairway Vistas,fairway vistas,Master Developer / DLD Registered,Dubai,Dubai Hills Estate,AE,"Fairway Vistas, Dubai Hills Estate, Dubai, United Arab Emirates",,Gated Residential Society,0,96,DLD-PRJ-35374,71474 36745,25.114745,55.267454,Grade A Luxury,osm_dld_cadastral_enriched,0.88
4da64031-9fea-4b7b-bdce-cefe92986661,Parkway Vistas,parkway vistas,Master Developer / DLD Registered,Dubai,Dubai Hills Estate,AE,"Parkway Vistas, Dubai Hills Estate, Dubai, United Arab Emirates",,Gated Residential Society,0,96,DLD-PRJ-90489,72669 36580,25.126692,55.265804,Grade A Luxury,osm_dld_cadastral_enriched,0.88
a4fcd1d4-1491-4519-9d0d-d40c13a35bf5,Sidra 1,sidra 1,Master Developer / DLD Registered,Dubai,Dubai Hills Estate,AE,"Sidra 1, Dubai Hills Estate, Dubai, United Arab Emirates",,Gated Residential Society,0,96,DLD-PRJ-36490,69378 34766,25.09378,55.247665,Grade A Luxury,osm_dld_cadastral_enriched,0.88
ccbb2d53-772c-46a8-a7ad-54638003550a,Union Co-Operative Society Accommodation,union co operative society accommodation,Master Developer / DLD Registered,Dubai,Dubai Hills Estate,AE,"Union Co-Operative Society Accommodation, Street 29a, Dubai Hills Estate, Dubai, United Arab Emirates",,Gated Residential Society,0,96,DLD-PRJ-24383,73342 33613,25.133427,55.236139,Grade A Luxury,osm_dld_cadastral_enriched,0.88
9d9e9fcf-3a66-42b8-82b8-d81a50f4e5ce,First Security Group,first security group,Master Developer / DLD Registered,Dubai,Dubai Hills Estate,AE,"First Security Group, Dubai Hills Estate, Dubai, United Arab Emirates",,Gated Residential Society,0,96,DLD-PRJ-46736,73494 35257,25.134948,55.252578,Grade A Luxury,osm_dld_cadastral_enriched,0.88
3ef8bb98-c983-448e-88c7-c00b40e512bb,Saudi German Hospital accommodation,saudi german hospital accommodation,Master Developer / DLD Registered,Dubai,"The Views, Greens & Lakes",AE,"Saudi German Hospital accommodation, The Views, Greens & Lakes, Dubai, United Arab Emirates",,Gated Residential Society,0,96,DLD-PRJ-37626,69562 28414,25.095622,55.184147,Grade A Luxury,osm_dld_cadastral_enriched,0.88
7748fe3d-b3a3-433b-bc70-f0cec57843c2,Nadd Al Sheba 2,nadd al sheba 2,Master Developer / DLD Registered,Dubai,Meydan District 11 & Nad Al Sheba,AE,"Nadd Al Sheba 2, Meydan District 11 & Nad Al Sheba, Dubai, United Arab Emirates",,Gated Residential Society,0,96,DLD-PRJ-80189,75594 44525,25.155948,55.345254,Grade A Luxury,osm_dld_cadastral_enriched,0.88
8383ba29-1ef6-458d-bef1-4b0b457c12ab,Nadd Al Sheba 4,nadd al sheba 4,Master Developer / DLD Registered,Dubai,Meydan District 11 & Nad Al Sheba,AE,"Nadd Al Sheba 4, Meydan District 11 & Nad Al Sheba, Dubai, United Arab Emirates",,Gated Residential Society,0,96,DLD-PRJ-14502,73555 46416,25.135553,55.364162,Grade A Luxury,osm_dld_cadastral_enriched,0.88
b3bf851e-108b-4912-81cf-5f97ecbf5804,Barton House 2,barton house 2,Master Developer / DLD Registered,Dubai,Dubai Sports City & Motor City,AE,"Barton House 2, Barton Street, Dubai Sports City & Motor City, Dubai, United Arab Emirates",,Gated Residential Society,4,32,DLD-PRJ-92118,64500 34366,25.045006,55.243665,Premium Residential,osm_dld_cadastral_enriched,0.92
1e5310aa-da3d-46f6-be4b-b8992a7b3818,Hatan Tower,hatan tower,Master Developer / DLD Registered,Dubai,Al Barsha & Barsha Heights (TECOM),AE,"Hatan Tower, 6 Street, Al Barsha & Barsha Heights (TECOM), Dubai, United Arab Emirates",,Luxury High-Rise Tower,15,120,DLD-PRJ-65997,71447 30374,25.114475,55.203741,Premium Residential,osm_dld_cadastral_enriched,0.92
bea1fa9c-7627-4b45-8cd6-be7d29e96187,Solaire 2,solaire 2,Master Developer / DLD Registered,Dubai,Al Barsha & Barsha Heights (TECOM),AE,"Solaire 2, Al Barsha & Barsha Heights (TECOM), Dubai, United Arab Emirates",,Gated Residential Society,9,72,DLD-PRJ-17057,71469 30234,25.114698,55.202347,Premium Residential,osm_dld_cadastral_enriched,0.92
7961bb33-e241-483f-91b1-8ca91f4c0a79,Metro Building,metro building,Master Developer / DLD Registered,Dubai,Al Barsha & Barsha Heights (TECOM),AE,"Metro Building, Al Barsha & Barsha Heights (TECOM), Dubai, United Arab Emirates",,Luxury High-Rise Tower,15,120,DLD-PRJ-80467,71584 30454,25.115841,55.204545,Premium Residential,osm_dld_cadastral_enriched,0.92
397de298-12a7-4453-8812-0ab4026b907c,Al Barakat Building,al barakat building,Master Developer / DLD Registered,Dubai,Al Barsha & Barsha Heights (TECOM),AE,"Al Barakat Building, Al Barsha & Barsha Heights (TECOM), Dubai, United Arab Emirates",,Luxury High-Rise Tower,10,80,DLD-PRJ-37085,71413 30258,25.114136,55.20258,Premium Residential,osm_dld_cadastral_enriched,0.92
d6321598-428d-40b9-8ee5-70105b389301,Habib Al Mulla Building,habib al mulla building,Master Developer / DLD Registered,Dubai,Al Barsha & Barsha Heights (TECOM),AE,"Habib Al Mulla Building, Al Barsha & Barsha Heights (TECOM), Dubai, United Arab Emirates",,Gated Residential Society,9,72,DLD-PRJ-43820,71481 30339,25.114814,55.203399,Premium Residential,osm_dld_cadastral_enriched,0.92
a5a5c782-8e07-48c8-89c2-d7daa96e0ed3,Horizon Building,horizon building,Master Developer / DLD Registered,Dubai,Al Barsha & Barsha Heights (TECOM),AE,"Horizon Building, 11 Street, Al Barsha & Barsha Heights (TECOM), Dubai, United Arab Emirates",,Gated Residential Society,9,72,DLD-PRJ-46343,71517 30259,25.11517,55.20259,Premium Residential,osm_dld_cadastral_enriched,0.92
92d2c09f-ffe5-438d-85c4-1808b15435ef,La Villa Najd,la villa najd,Master Developer / DLD Registered,Dubai,Al Barsha & Barsha Heights (TECOM),AE,"La Villa Najd, Street 11, Al Barsha & Barsha Heights (TECOM), Dubai, United Arab Emirates",,Ultra-Luxury Gated Villa Community,9,72,DLD-PRJ-38908,71496 30248,25.11497,55.202488,Premium Residential,osm_dld_cadastral_enriched,0.92
9ab5c3e5-de45-4044-8c80-a667e64afdb3,Manazel barsha,manazel barsha,Master Developer / DLD Registered,Dubai,Al Barsha & Barsha Heights (TECOM),AE,"Manazel barsha, Al Barsha & Barsha Heights (TECOM), Dubai, United Arab Emirates",,Luxury High-Rise Tower,14,112,DLD-PRJ-40736,71340 30067,25.113402,55.200673,Premium Residential,osm_dld_cadastral_enriched,0.92
0a3e55e5-088d-4c5c-9afd-081f319675ac,Al Amal Tower,al amal tower,Master Developer / DLD Registered,Dubai,Al Mamzar & Waterfront Towers,AE,"Al Amal Tower, Al Taawun Street, Al Mamzar & Waterfront Towers, Dubai, United Arab Emirates",,Ultra-Luxury High-Rise Tower,24,192,DLD-PRJ-91807,90652 46742,25.306529,55.367426,Premium Residential,osm_dld_cadastral_enriched,0.92
b429e6a8-7956-43e0-b56b-0647714410ca,Rajhi Saadi Mad Allah,rajhi saadi mad allah,Master Developer / DLD Registered,Dubai,Al Mamzar & Waterfront Towers,AE,"Rajhi Saadi Mad Allah, Al Mamzar & Waterfront Towers, Dubai, United Arab Emirates",,Luxury High-Rise Tower,15,120,DLD-PRJ-34211,90745 47112,25.30746,55.37113,Premium Residential,osm_dld_cadastral_enriched,0.92
bfd699f1-d6dd-441a-af76-eb6de4f0f2ea,Al Rukn Al Thahbi - F Block,al rukn al thahbi f block,Master Developer / DLD Registered,Dubai,Al Mamzar & Waterfront Towers,AE,"Al Rukn Al Thahbi - F Block, Al Taawun Street, Al Mamzar & Waterfront Towers, Dubai, United Arab Emirates",,Luxury High-Rise Tower,16,128,DLD-PRJ-22375,90731 47086,25.307317,55.370862,Premium Residential,osm_dld_cadastral_enriched,0.92
13f95702-9023-4eb2-8603-cfd31d2d1e19,Al Habbai Building,al habbai building,Master Developer / DLD Registered,Dubai,Al Barsha & Barsha Heights (TECOM),AE,"Al Habbai Building, Al Barsha & Barsha Heights (TECOM), Dubai, United Arab Emirates",,Luxury High-Rise Tower,13,104,DLD-PRJ-14909,71019 29604,25.110195,55.196049,Premium Residential,osm_dld_cadastral_enriched,0.92
2c15180d-10ae-4b7f-ba46-54c03c041748,Lulu Building,lulu building,Master Developer / DLD Registered,Dubai,Al Barsha & Barsha Heights (TECOM),AE,"Lulu Building, Al Barsha & Barsha Heights (TECOM), Dubai, United Arab Emirates",,Luxury High-Rise Tower,13,104,DLD-PRJ-79735,70979 29640,25.109795,55.196402,Premium Residential,osm_dld_cadastral_enriched,0.92
f393798c-c483-4098-a079-63e113768fd0,Donna Building,donna building,Master Developer / DLD Registered,Dubai,Dubai Silicon Oasis & Liwan,AE,"Donna Building, Sheikh Mohammed bin Zayed Road, Dubai Silicon Oasis & Liwan, Dubai, United Arab Emirates",,Ultra-Luxury High-Rise Tower,34,272,DLD-PRJ-56173,71729 46943,25.117292,55.369439,Premium Residential,osm_dld_cadastral_enriched,0.92
526466b6-4d81-4cb5-8282-275f749559a1,Elash Residence,elash residence,Master Developer / DLD Registered,Dubai,International City & Warsan,AE,"Elash Residence, International City & Warsan, Dubai, United Arab Emirates",,Luxury High-Rise Tower,6,48,DLD-PRJ-21958,75298 49380,25.152982,55.393805,Premium Residential,osm_dld_cadastral_enriched,0.92
678539c3-38f2-4e96-824a-9f7a74baeaf5,OST,ost,Master Developer / DLD Registered,Dubai,International City & Warsan,AE,"OST, International City & Warsan, Dubai, United Arab Emirates",,Gated Residential Society,9,72,DLD-PRJ-79426,75162 49680,25.151625,55.396803,Premium Residential,osm_dld_cadastral_enriched,0.92
58a17255-b4e4-4e6f-9508-1f4f8f98b92b,Al Maya Supermarket,al maya supermarket,Master Developer / DLD Registered,Dubai,Bur Dubai & Deira Waterfront,AE,"Al Maya Supermarket, Khalid Bin Waleed Road, Bur Dubai & Deira Waterfront, Dubai, United Arab Emirates",,Gated Residential Society,9,72,DLD-PRJ-72082,85749 40000,25.257498,55.300008,Premium Residential,osm_dld_cadastral_enriched,0.92
feab5534-c586-4c4c-a1f6-b953ec0e8d29,Jamal Al Ghurair Building,jamal al ghurair building,Master Developer / DLD Registered,Dubai,Bur Dubai & Deira Waterfront,AE,"Jamal Al Ghurair Building, Kuwait Street, Bur Dubai & Deira Waterfront, Dubai, United Arab Emirates",,Gated Residential Society,8,64,DLD-PRJ-47802,85006 39375,25.25007,55.293753,Premium Residential,osm_dld_cadastral_enriched,0.92
2da1bbb3-129e-41ba-ae5b-ab2f6eba02f5,Al Dahiri Building,al dahiri building,Master Developer / DLD Registered,Dubai,Bur Dubai & Deira Waterfront,AE,"Al Dahiri Building, Bur Dubai & Deira Waterfront, Dubai, United Arab Emirates",,Gated Residential Society,6,48,DLD-PRJ-28470,85096 39612,25.250965,55.296126,Premium Residential,osm_dld_cadastral_enriched,0.92
06c63b34-a00b-4be9-a8a3-e50cbf14ed31,Riyami Apartment,riyami apartment,Master Developer / DLD Registered,Dubai,Bur Dubai & Deira Waterfront,AE,"Riyami Apartment, 36 12 A St, Bur Dubai & Deira Waterfront, Dubai, United Arab Emirates",,Gated Residential Society,6,48,DLD-PRJ-13220,85029 39491,25.250298,55.294916,Premium Residential,osm_dld_cadastral_enriched,0.92
d7a0416d-15c1-4214-aa85-3ad63325b30b,Sunshine Building,sunshine building,Master Developer / DLD Registered,Dubai,Bur Dubai & Deira Waterfront,AE,"Sunshine Building, 39 10 B Street, Bur Dubai & Deira Waterfront, Dubai, United Arab Emirates",,Gated Residential Society,6,48,DLD-PRJ-18960,85045 39461,25.250459,55.29461,Premium Residential,osm_dld_cadastral_enriched,0.92
23c36aa8-0174-4766-8bd5-5edd927adcd9,Golden Sands 8,golden sands 8,Master Developer / DLD Registered,Dubai,Bur Dubai & Deira Waterfront,AE,"Golden Sands 8, 10b شارع, Bur Dubai & Deira Waterfront, Dubai, United Arab Emirates",,Gated Residential Society,7,56,DLD-PRJ-94994,85150 39545,25.251501,55.295458,Premium Residential,osm_dld_cadastral_enriched,0.92
c231204f-00d1-42d2-92f4-07abb868147f,Fatima Owais Building,fatima owais building,Master Developer / DLD Registered,Dubai,Bur Dubai & Deira Waterfront,AE,"Fatima Owais Building, شارع الكويت, Bur Dubai & Deira Waterfront, Dubai, United Arab Emirates",,Gated Residential Society,7,56,DLD-PRJ-59171,85030 39323,25.250308,55.29324,Premium Residential,osm_dld_cadastral_enriched,0.92
a1f10057-4c2c-4f22-84fe-1e6550d04e68,Al Watan Building,al watan building,Master Developer / DLD Registered,Dubai,Bur Dubai & Deira Waterfront,AE,"Al Watan Building, 12a شارع, Bur Dubai & Deira Waterfront, Dubai, United Arab Emirates",,Gated Residential Society,7,56,DLD-PRJ-72890,85001 39472,25.250019,55.294722,Premium Residential,osm_dld_cadastral_enriched,0.92
2923f912-9261-464b-9919-4524db114c25,Al Rais,al rais,Master Developer / DLD Registered,Dubai,Bur Dubai & Deira Waterfront,AE,"Al Rais, 19a شارع, Bur Dubai & Deira Waterfront, Dubai, United Arab Emirates",,Gated Residential Society,7,56,DLD-PRJ-83000,85020 39438,25.250206,55.294383,Premium Residential,osm_dld_cadastral_enriched,0.92
9670b9e7-58ca-4685-b06d-e99ccefc4188,Al Abbas,al abbas,Master Developer / DLD Registered,Dubai,Bur Dubai & Deira Waterfront,AE,"Al Abbas, 18 Street, Bur Dubai & Deira Waterfront, Dubai, United Arab Emirates",,Gated Residential Society,7,56,DLD-PRJ-93550,85582 40104,25.255824,55.301045,Premium Residential,osm_dld_cadastral_enriched,0.92
b9745222-9f74-4565-b8d6-41166090d579,Al Noor Buiding,al noor buiding,Master Developer / DLD Registered,Dubai,Bur Dubai & Deira Waterfront,AE,"Al Noor Buiding, Bur Dubai & Deira Waterfront, Dubai, United Arab Emirates",,Gated Residential Society,7,56,DLD-PRJ-66625,85552 40129,25.255523,55.301298,Premium Residential,osm_dld_cadastral_enriched,0.92
285855b7-7ac6-45d7-a208-2e370aae98c3,Bait al Jabal,bait al jabal,Master Developer / DLD Registered,Dubai,Bur Dubai & Deira Waterfront,AE,"Bait al Jabal, 22a Street, Bur Dubai & Deira Waterfront, Dubai, United Arab Emirates",,Gated Residential Society,7,56,DLD-PRJ-55610,85399 40052,25.253995,55.30053,Premium Residential,osm_dld_cadastral_enriched,0.92
36633f18-8077-4e35-b7b3-99f6effbff5f,Al Habtoor Building,al habtoor building,Master Developer / DLD Registered,Dubai,Bur Dubai & Deira Waterfront,AE,"Al Habtoor Building, Bur Dubai & Deira Waterfront, Dubai, United Arab Emirates",,Gated Residential Society,7,56,DLD-PRJ-92633,85390 39986,25.253906,55.299861,Premium Residential,osm_dld_cadastral_enriched,0.92
b033574d-8648-45e4-9030-62c84996921c,IT Plaza,it plaza,Master Developer / DLD Registered,Dubai,Dubai Silicon Oasis & Liwan,AE,"IT Plaza, Dubai Silicon Oasis & Liwan, Dubai, United Arab Emirates",,Luxury High-Rise Tower,15,120,DLD-PRJ-44228,72129 49835,25.121299,55.398356,Premium Residential,osm_dld_cadastral_enriched,0.92
fe1ca8b0-cfa4-4736-af1e-8300116fe46e,Silicon Star 2,silicon star 2,Master Developer / DLD Registered,Dubai,Dubai Silicon Oasis & Liwan,AE,"Silicon Star 2, Dubai Silicon Oasis & Liwan, Dubai, United Arab Emirates",,Gated Residential Society,9,72,DLD-PRJ-45569,72074 49704,25.120742,55.397049,Premium Residential,osm_dld_cadastral_enriched,0.92
644f141d-8f0b-40d6-996b-f4b1e96e32b4,Imperial,imperial,Master Developer / DLD Registered,Dubai,Dubai Silicon Oasis & Liwan,AE,"Imperial, Dubai Silicon Oasis & Liwan, Dubai, United Arab Emirates",,Gated Residential Society,9,72,DLD-PRJ-71947,71839 49536,25.118399,55.395369,Premium Residential,osm_dld_cadastral_enriched,0.92
3e51063b-1a87-4f44-8c0c-f8c6a09ad422,Amna Building,amna building,Master Developer / DLD Registered,Dubai,Dubai Silicon Oasis & Liwan,AE,"Amna Building, 90 Street, Dubai Silicon Oasis & Liwan, Dubai, United Arab Emirates",,Gated Residential Society,9,72,DLD-PRJ-59976,71853 49453,25.118531,55.39454,Premium Residential,osm_dld_cadastral_enriched,0.92
9dd27238-e4b9-4dc9-92b3-1112ddba824c,Silicon Heights,silicon heights,Master Developer / DLD Registered,Dubai,Dubai Silicon Oasis & Liwan,AE,"Silicon Heights, Dubai Silicon Oasis & Liwan, Dubai, United Arab Emirates",,Luxury High-Rise Tower,9,72,DLD-PRJ-23286,71996 49742,25.119963,55.397425,Premium Residential,osm_dld_cadastral_enriched,0.92
05ee9b0f-959f-45ca-a7b1-6856f2a684c6,Silicon Gates 2,silicon gates 2,Master Developer / DLD Registered,Dubai,Dubai Silicon Oasis & Liwan,AE,"Silicon Gates 2, Dubai Silicon Oasis & Liwan, Dubai, United Arab Emirates",,Gated Residential Society,9,72,DLD-PRJ-43881,71941 49676,25.119411,55.39676,Premium Residential,osm_dld_cadastral_enriched,0.92
8e5f7d8a-26e0-4907-907d-ff489a413ef0,La Vista Residences 7,la vista residences 7,Master Developer / DLD Registered,Dubai,Dubai Silicon Oasis & Liwan,AE,"La Vista Residences 7, Dubai Silicon Oasis & Liwan, Dubai, United Arab Emirates",,Luxury High-Rise Tower,9,72,DLD-PRJ-78850,71749 49406,25.117494,55.394062,Premium Residential,osm_dld_cadastral_enriched,0.92
db20eb37-2b92-4e82-82d2-4687a1777dbf,Axis 1,axis 1,Master Developer / DLD Registered,Dubai,Dubai Silicon Oasis & Liwan,AE,"Axis 1, 41 Street, Dubai Silicon Oasis & Liwan, Dubai, United Arab Emirates",,Gated Residential Society,9,72,DLD-PRJ-21061,72562 50405,25.125625,55.404058,Premium Residential,osm_dld_cadastral_enriched,0.92
acb9f6ea-b46d-416b-bd57-89663e93d188,Zafrana,zafrana,Master Developer / DLD Registered,Dubai,Al Mamzar & Waterfront Towers,AE,"Zafrana, Al Mamzar & Waterfront Towers, Dubai, United Arab Emirates",,Ultra-Luxury High-Rise Tower,20,160,DLD-PRJ-12851,89501 46188,25.29501,55.361882,Premium Residential,osm_dld_cadastral_enriched,0.92
5df22d23-704c-456c-a41d-543d5cc682eb,R-23,r 23,Master Developer / DLD Registered,Dubai,International City & Warsan,AE,"R-23, International City & Warsan, Dubai, United Arab Emirates",,Gated Residential Society,3,24,DLD-PRJ-40514,76324 49817,25.163249,55.398177,Premium Residential,osm_dld_cadastral_enriched,0.92
683d2ef8-c538-403d-a690-1580da5bb10e,Al Barsha Star,al barsha star,Master Developer / DLD Registered,Dubai,Al Barsha & Barsha Heights (TECOM),AE,"Al Barsha Star, Al Barsha & Barsha Heights (TECOM), Dubai, United Arab Emirates",,Luxury High-Rise Tower,15,120,DLD-PRJ-76206,70920 30349,25.109209,55.203493,Premium Residential,osm_dld_cadastral_enriched,0.92
d72d2eb4-60e2-45be-98ba-0ab736531ac7,Ascon Apartments,ascon apartments,Master Developer / DLD Registered,Dubai,Bur Dubai & Deira Waterfront,AE,"Ascon Apartments, Al Muteena Street, Bur Dubai & Deira Waterfront, Dubai, United Arab Emirates",,Gated Residential Society,2,16,DLD-PRJ-96568,87359 42809,25.27359,55.3281,Premium Residential,osm_dld_cadastral_enriched,0.92
361b5447-3001-4cdd-a5a3-b577ec07c711,176,176,Master Developer / DLD Registered,Dubai,Al Furjan & Discovery Gardens,AE,"176, Street 7A, Al Furjan & Discovery Gardens, Dubai, United Arab Emirates",,Gated Residential Society,6,48,DLD-PRJ-64785,63593 24816,25.035933,55.148164,Premium Residential,osm_dld_cadastral_enriched,0.92
4a7c7ac4-72a0-43f1-ba8d-239ddf6d4c91,Dubai Tower,dubai tower,Master Developer / DLD Registered,Dubai,Bur Dubai & Deira Waterfront,AE,"Dubai Tower, Bur Dubai & Deira Waterfront, Dubai, United Arab Emirates",,Ultra-Luxury High-Rise Tower,20,160,DLD-PRJ-36753,86801 40754,25.268016,55.307544,Premium Residential,osm_dld_cadastral_enriched,0.92
fb9d7d26-6d61-463f-bb8e-19a548eead39,Al Owais,al owais,Master Developer / DLD Registered,Dubai,Al Mamzar & Waterfront Towers,AE,"Al Owais, Al Mamzar & Waterfront Towers, Dubai, United Arab Emirates",,Gated Residential Society,5,40,DLD-PRJ-29572,90162 47188,25.301626,55.37189,Premium Residential,osm_dld_cadastral_enriched,0.92
97729aa4-61a3-4e4d-b601-9874d0691671,Saphire Residence,saphire residence,Master Developer / DLD Registered,Dubai,Dubai Silicon Oasis & Liwan,AE,"Saphire Residence, 69 Street, Dubai Silicon Oasis & Liwan, Dubai, United Arab Emirates",,Luxury High-Rise Tower,9,72,DLD-PRJ-16170,71431 48988,25.114314,55.389888,Premium Residential,osm_dld_cadastral_enriched,0.92
1e59dab8-fae6-4bb2-9222-ba0c6de85f16,Silicon Gates I,silicon gates i,Master Developer / DLD Registered,Dubai,Dubai Silicon Oasis & Liwan,AE,"Silicon Gates I, Dubai Silicon Oasis & Liwan, Dubai, United Arab Emirates",,Ultra-Luxury High-Rise Tower,26,208,DLD-PRJ-45826,71690 49146,25.116903,55.391464,Premium Residential,osm_dld_cadastral_enriched,0.92
8e268b2e-05de-4636-be36-24e4bcf7fb44,S Residence,s residence,Master Developer / DLD Registered,Dubai,Dubai Silicon Oasis & Liwan,AE,"S Residence, 92 Street, Dubai Silicon Oasis & Liwan, Dubai, United Arab Emirates",,Luxury High-Rise Tower,9,72,DLD-PRJ-37671,71645 48876,25.116457,55.388768,Premium Residential,osm_dld_cadastral_enriched,0.92
67c2fead-13ea-418b-9612-bb1eb431531d,Springs Tower,springs tower,Master Developer / DLD Registered,Dubai,Dubai Silicon Oasis & Liwan,AE,"Springs Tower, Dubai Silicon Oasis & Liwan, Dubai, United Arab Emirates",,Ultra-Luxury High-Rise Tower,28,224,DLD-PRJ-33938,71699 48930,25.116991,55.389304,Premium Residential,osm_dld_cadastral_enriched,0.92
e6e7def9-9df4-47b6-ae4c-bcb68cb09f24,S P Oasis,s p oasis,Master Developer / DLD Registered,Dubai,Dubai Silicon Oasis & Liwan,AE,"S P Oasis, 92 Street, Dubai Silicon Oasis & Liwan, Dubai, United Arab Emirates",,Gated Residential Society,9,72,DLD-PRJ-70702,71462 48859,25.114625,55.388592,Premium Residential,osm_dld_cadastral_enriched,0.92
39091dd7-5544-441e-8f60-04f485d2d807,Al Liwan Bldg,al liwan bldg,Master Developer / DLD Registered,Dubai,Dubai Silicon Oasis & Liwan,AE,"Al Liwan Bldg, 92 Street, Dubai Silicon Oasis & Liwan, Dubai, United Arab Emirates",,Gated Residential Society,9,72,DLD-PRJ-96537,71570 48819,25.115701,55.388191,Premium Residential,osm_dld_cadastral_enriched,0.92
4af0b61e-22eb-43db-a66f-0b0d5d699e2e,Al Madar,al madar,Master Developer / DLD Registered,Dubai,Dubai Silicon Oasis & Liwan,AE,"Al Madar, 92 Street, Dubai Silicon Oasis & Liwan, Dubai, United Arab Emirates",,Gated Residential Society,9,72,DLD-PRJ-23769,71497 48749,25.114972,55.387492,Premium Residential,osm_dld_cadastral_enriched,0.92
11436a35-2293-46ea-a1e2-a82f8be5a782,Oasis High Park,oasis high park,Master Developer / DLD Registered,Dubai,Dubai Silicon Oasis & Liwan,AE,"Oasis High Park, 92 Street, Dubai Silicon Oasis & Liwan, Dubai, United Arab Emirates",,Gated Residential Society,9,72,DLD-PRJ-94115,71445 48718,25.114452,55.387185,Premium Residential,osm_dld_cadastral_enriched,0.92
5845f51d-b892-4f9f-8ceb-7c90b269db6a,Al Batha,al batha,Master Developer / DLD Registered,Dubai,Dubai Silicon Oasis & Liwan,AE,"Al Batha, 69 Street, Dubai Silicon Oasis & Liwan, Dubai, United Arab Emirates",,Gated Residential Society,9,72,DLD-PRJ-19029,71300 48824,25.113002,55.388246,Premium Residential,osm_dld_cadastral_enriched,0.92
b6c9c699-23b7-400a-8652-f4d5993d79ed,Al Nayli,al nayli,Master Developer / DLD Registered,Dubai,Dubai Silicon Oasis & Liwan,AE,"Al Nayli, 92 Street, Dubai Silicon Oasis & Liwan, Dubai, United Arab Emirates",,Gated Residential Society,9,72,DLD-PRJ-89316,71289 48678,25.112896,55.386785,Premium Residential,osm_dld_cadastral_enriched,0.92
df7c0c75-d046-4ca1-9710-a1b623030501,Oasis Star,oasis star,Master Developer / DLD Registered,Dubai,Dubai Silicon Oasis & Liwan,AE,"Oasis Star, 92 Street, Dubai Silicon Oasis & Liwan, Dubai, United Arab Emirates",,Gated Residential Society,9,72,DLD-PRJ-23636,71307 48553,25.113074,55.385538,Premium Residential,osm_dld_cadastral_enriched,0.92
1c3415b5-10d8-4a97-84a0-085d247850c3,Faraidooni Building,faraidooni building,Master Developer / DLD Registered,Dubai,Dubai Silicon Oasis & Liwan,AE,"Faraidooni Building, 86 Street, Dubai Silicon Oasis & Liwan, Dubai, United Arab Emirates",,Gated Residential Society,9,72,DLD-PRJ-26548,71017 48260,25.110176,55.382603,Premium Residential,osm_dld_cadastral_enriched,0.92
d5c08722-659e-4a58-99c1-00bd24882898,Palacio Tower,palacio tower,Master Developer / DLD Registered,Dubai,Dubai Silicon Oasis & Liwan,AE,"Palacio Tower, 92 Street, Dubai Silicon Oasis & Liwan, Dubai, United Arab Emirates",,Luxury High-Rise Tower,15,120,DLD-PRJ-50259,71221 48497,25.112217,55.384978,Premium Residential,osm_dld_cadastral_enriched,0.92
6f7666b4-623c-4678-8c29-6a46b4da3bbd,Nibras Oasis 1,nibras oasis 1,Master Developer / DLD Registered,Dubai,Dubai Silicon Oasis & Liwan,AE,"Nibras Oasis 1, 69 Street, Dubai Silicon Oasis & Liwan, Dubai, United Arab Emirates",,Gated Residential Society,9,72,DLD-PRJ-46293,71528 48997,25.115285,55.389973,Premium Residential,osm_dld_cadastral_enriched,0.92
38e81b0d-3b7b-400d-ab2f-82234b1dd18f,La vista 6,la vista 6,Master Developer / DLD Registered,Dubai,Dubai Silicon Oasis & Liwan,AE,"La vista 6, Dubai Silicon Oasis & Liwan, Dubai, United Arab Emirates",,Luxury High-Rise Tower,10,80,DLD-PRJ-76710,71771 49449,25.117719,55.394496,Premium Residential,osm_dld_cadastral_enriched,0.92
2fea9f2d-4290-403a-a481-2142f886a29f,Silicon Gates 3,silicon gates 3,Master Developer / DLD Registered,Dubai,Dubai Silicon Oasis & Liwan,AE,"Silicon Gates 3, Dubai Silicon Oasis & Liwan, Dubai, United Arab Emirates",,Gated Residential Society,9,72,DLD-PRJ-39804,71809 49486,25.118099,55.394865,Premium Residential,osm_dld_cadastral_enriched,0.92
eacb4664-d140-44f1-ac44-59da7b961cb9,Al Manal Residence 2,al manal residence 2,Master Developer / DLD Registered,Dubai,Dubai Silicon Oasis & Liwan,AE,"Al Manal Residence 2, 90 Street, Dubai Silicon Oasis & Liwan, Dubai, United Arab Emirates",,Luxury High-Rise Tower,10,80,DLD-PRJ-94354,71924 49390,25.119242,55.393908,Premium Residential,osm_dld_cadastral_enriched,0.92
dc9fbfdb-8da9-4e75-8d36-1d827eb44567,La Vista Residence 3,la vista residence 3,Master Developer / DLD Registered,Dubai,Dubai Silicon Oasis & Liwan,AE,"La Vista Residence 3, 90 Street, Dubai Silicon Oasis & Liwan, Dubai, United Arab Emirates",,Luxury High-Rise Tower,10,80,DLD-PRJ-22397,71901 49340,25.119018,55.393402,Premium Residential,osm_dld_cadastral_enriched,0.92
a2657dc0-b8df-4e04-99b5-8716141b09f8,La Vista Residence 2,la vista residence 2,Master Developer / DLD Registered,Dubai,Dubai Silicon Oasis & Liwan,AE,"La Vista Residence 2, 90 Street, Dubai Silicon Oasis & Liwan, Dubai, United Arab Emirates",,Luxury High-Rise Tower,10,80,DLD-PRJ-63256,71890 49291,25.118903,55.392917,Premium Residential,osm_dld_cadastral_enriched,0.92
015abee4-fec9-4f9d-8d21-1d0db2532155,La Vista Residence 1,la vista residence 1,Master Developer / DLD Registered,Dubai,Dubai Silicon Oasis & Liwan,AE,"La Vista Residence 1, 90 Street, Dubai Silicon Oasis & Liwan, Dubai, United Arab Emirates",,Luxury High-Rise Tower,10,80,DLD-PRJ-37858,71865 49244,25.118651,55.392441,Premium Residential,osm_dld_cadastral_enriched,0.92
f72b399e-2dc3-475c-b37c-5ecf29932185,Axis 1 & B,axis 1 b,Master Developer / DLD Registered,Dubai,Dubai Silicon Oasis & Liwan,AE,"Axis 1 & B, 90 Street, Dubai Silicon Oasis & Liwan, Dubai, United Arab Emirates",,Gated Residential Society,9,72,DLD-PRJ-86495,72617 50329,25.126172,55.403299,Premium Residential,osm_dld_cadastral_enriched,0.92
9a2f9e37-3ed2-4220-a7ff-88434566120f,Silicon Arch,silicon arch,Master Developer / DLD Registered,Dubai,Dubai Silicon Oasis & Liwan,AE,"Silicon Arch, Dubai Silicon Oasis & Liwan, Dubai, United Arab Emirates",,Gated Residential Society,9,72,DLD-PRJ-97026,71005 48378,25.11005,55.383781,Premium Residential,osm_dld_cadastral_enriched,0.92
97d5461c-f211-4698-86ff-cb02150381bd,A.S.B. Tower,a s b tower,Master Developer / DLD Registered,Dubai,Dubai Silicon Oasis & Liwan,AE,"A.S.B. Tower, 92 Street, Dubai Silicon Oasis & Liwan, Dubai, United Arab Emirates",,Luxury High-Rise Tower,12,96,DLD-PRJ-13600,71042 47736,25.110428,55.377369,Premium Residential,osm_dld_cadastral_enriched,0.92
63122b67-57ee-4bda-928e-a725b039ddbe,Al Waleed Oasis 2,al waleed oasis 2,Master Developer / DLD Registered,Dubai,Dubai Silicon Oasis & Liwan,AE,"Al Waleed Oasis 2, 69 Street, Dubai Silicon Oasis & Liwan, Dubai, United Arab Emirates",,Gated Residential Society,9,72,DLD-PRJ-34285,71524 48887,25.115246,55.388875,Premium Residential,osm_dld_cadastral_enriched,0.92
c5fb5ead-ad48-498d-b051-a0949c8641b1,Al Raha Building,al raha building,Master Developer / DLD Registered,Dubai,Al Barsha & Barsha Heights (TECOM),AE,"Al Raha Building, Al Barsha & Barsha Heights (TECOM), Dubai, United Arab Emirates",,Luxury High-Rise Tower,10,80,DLD-PRJ-76407,71608 30419,25.116081,55.204191,Premium Residential,osm_dld_cadastral_enriched,0.92
7d1d87bb-774c-4b9a-9434-a6366e8030d3,Al Tameer Building,al tameer building,Master Developer / DLD Registered,Dubai,Al Barsha & Barsha Heights (TECOM),AE,"Al Tameer Building, Al Barsha & Barsha Heights (TECOM), Dubai, United Arab Emirates",,Luxury High-Rise Tower,10,80,DLD-PRJ-71683,71328 30337,25.113289,55.203375,Premium Residential,osm_dld_cadastral_enriched,0.92
24136d25-7985-4fc3-81d0-9cd4340f955e,Al Maktab Building,al maktab building,Master Developer / DLD Registered,Dubai,Al Barsha & Barsha Heights (TECOM),AE,"Al Maktab Building, Al Barsha & Barsha Heights (TECOM), Dubai, United Arab Emirates",,Gated Residential Society,8,64,DLD-PRJ-48685,71337 30274,25.113375,55.202742,Premium Residential,osm_dld_cadastral_enriched,0.92
25c98eed-5c0a-4662-94c5-34a934dc9d94,Shaibani Building,shaibani building,Master Developer / DLD Registered,Dubai,Al Barsha & Barsha Heights (TECOM),AE,"Shaibani Building, Al Barsha & Barsha Heights (TECOM), Dubai, United Arab Emirates",,Gated Residential Society,9,72,DLD-PRJ-59875,71455 30327,25.114554,55.203273,Premium Residential,osm_dld_cadastral_enriched,0.92
ebf133bd-505b-4e6a-869d-f4a9e96b4757,B8 Building,b8 building,Master Developer / DLD Registered,Dubai,Al Barsha & Barsha Heights (TECOM),AE,"B8 Building, Al Barsha & Barsha Heights (TECOM), Dubai, United Arab Emirates",,Gated Residential Society,9,72,DLD-PRJ-12084,71334 30306,25.113341,55.20307,Premium Residential,osm_dld_cadastral_enriched,0.92
64854b09-2524-40c9-8aa4-25ea30a2e5b6,Sand Dunes Apartments,sand dunes apartments,Master Developer / DLD Registered,Dubai,Al Barsha & Barsha Heights (TECOM),AE,"Sand Dunes Apartments, Al Barsha & Barsha Heights (TECOM), Dubai, United Arab Emirates",,Luxury High-Rise Tower,10,80,DLD-PRJ-38620,71349 30242,25.113495,55.202422,Premium Residential,osm_dld_cadastral_enriched,0.92
a6b6ed08-eff9-473f-b28c-4219c0b769f6,Widcombe House 4,widcombe house 4,Master Developer / DLD Registered,Dubai,Dubai Sports City & Motor City,AE,"Widcombe House 4, Widcombe Street, Dubai Sports City & Motor City, Dubai, United Arab Emirates",,Gated Residential Society,4,32,DLD-PRJ-58415,64539 34438,25.045399,55.24438,Premium Residential,osm_dld_cadastral_enriched,0.92
9717b123-beba-452c-94b7-70c0d7e7a387,Foxhill 1,foxhill 1,Master Developer / DLD Registered,Dubai,Dubai Sports City & Motor City,AE,"Foxhill 1, Turin Boulevard Road, Dubai Sports City & Motor City, Dubai, United Arab Emirates",,Gated Residential Society,7,56,DLD-PRJ-79092,64565 34164,25.045651,55.241644,Premium Residential,osm_dld_cadastral_enriched,0.92
d7cc15ad-d9a9-4aa6-b19f-3d923b1586a2,Foxhill 2,foxhill 2,Master Developer / DLD Registered,Dubai,Dubai Sports City & Motor City,AE,"Foxhill 2, Turin Boulevard Road, Dubai Sports City & Motor City, Dubai, United Arab Emirates",,Gated Residential Society,7,56,DLD-PRJ-80926,64572 34229,25.04573,55.242295,Premium Residential,osm_dld_cadastral_enriched,0.92
8fe65bd3-1df0-4b75-b9e3-ba3d199d7e27,Foxhill 3,foxhill 3,Master Developer / DLD Registered,Dubai,Dubai Sports City & Motor City,AE,"Foxhill 3, Turin Boulevard Road, Dubai Sports City & Motor City, Dubai, United Arab Emirates",,Gated Residential Society,7,56,DLD-PRJ-40879,64587 34294,25.045874,55.242942,Premium Residential,osm_dld_cadastral_enriched,0.92
be857b81-c073-4a1d-a556-8cf5628d5424,Foxhill 4,foxhill 4,Master Developer / DLD Registered,Dubai,Dubai Sports City & Motor City,AE,"Foxhill 4, Turin Boulevard Road, Dubai Sports City & Motor City, Dubai, United Arab Emirates",,Gated Residential Society,7,56,DLD-PRJ-82312,64604 34356,25.046041,55.243568,Premium Residential,osm_dld_cadastral_enriched,0.92
ea4b0d22-bf0a-4d4b-b010-820253677961,Foxhill 5,foxhill 5,Master Developer / DLD Registered,Dubai,Dubai Sports City & Motor City,AE,"Foxhill 5, Turin Boulevard Road, Dubai Sports City & Motor City, Dubai, United Arab Emirates",,Gated Residential Society,7,56,DLD-PRJ-67676,64624 34417,25.046248,55.244179,Premium Residential,osm_dld_cadastral_enriched,0.92
7ee93c89-426d-42fd-9059-208e718dbdde,Foxhill 6,foxhill 6,Master Developer / DLD Registered,Dubai,Dubai Sports City & Motor City,AE,"Foxhill 6, Turin Boulevard Road, Dubai Sports City & Motor City, Dubai, United Arab Emirates",,Gated Residential Society,7,56,DLD-PRJ-98632,64650 34477,25.046505,55.244774,Premium Residential,osm_dld_cadastral_enriched,0.92
8ebf0922-aafd-435a-b889-e8d1c617ea12,The Manhattan,the manhattan,Master Developer / DLD Registered,Dubai,Jumeirah Village Circle (JVC),AE,"The Manhattan, Jumeirah Village Circle (JVC), Dubai, United Arab Emirates",,Luxury High-Rise Tower,17,136,DLD-PRJ-47850,66870 30742,25.068709,55.207425,Premium Residential,osm_dld_cadastral_enriched,0.92
b4ec0925-854a-4926-9e1d-61408698c747,Sunrise Building,sunrise building,Master Developer / DLD Registered,Dubai,Dubai Silicon Oasis & Liwan,AE,"Sunrise Building, 92 Street, Dubai Silicon Oasis & Liwan, Dubai, United Arab Emirates",,Gated Residential Society,9,72,DLD-PRJ-37408,71346 48585,25.113465,55.385857,Premium Residential,osm_dld_cadastral_enriched,0.92
ecda80d5-466e-469b-84a4-f4a0b6bb36e2,Tower 1,tower 1,Master Developer / DLD Registered,Dubai,Dubai Silicon Oasis & Liwan,AE,"Tower 1, Sheikh Mohammed bin Zayed Road, Dubai Silicon Oasis & Liwan, Dubai, United Arab Emirates",,Ultra-Luxury High-Rise Tower,26,208,DLD-PRJ-56630,71417 47163,25.114177,55.37164,Premium Residential,osm_dld_cadastral_enriched,0.92
634331ca-c231-42ad-ae85-1350339d12bc,Tower 2,tower 2,Master Developer / DLD Registered,Dubai,Dubai Silicon Oasis & Liwan,AE,"Tower 2, Sheikh Mohammed bin Zayed Road, Dubai Silicon Oasis & Liwan, Dubai, United Arab Emirates",,Ultra-Luxury High-Rise Tower,26,208,DLD-PRJ-38879,71360 47214,25.11361,55.372148,Premium Residential,osm_dld_cadastral_enriched,0.92
47b94d8e-d020-463e-b191-62f611717d0c,Tower 7,tower 7,Master Developer / DLD Registered,Dubai,Dubai Silicon Oasis & Liwan,AE,"Tower 7, Sheikh Mohammed bin Zayed Road, Dubai Silicon Oasis & Liwan, Dubai, United Arab Emirates",,Ultra-Luxury High-Rise Tower,26,208,DLD-PRJ-16415,71510 47285,25.115102,55.372857,Premium Residential,osm_dld_cadastral_enriched,0.92
2bd8be5c-f2d4-4564-9592-690d19d89e2f,Tower 6,tower 6,Master Developer / DLD Registered,Dubai,Dubai Silicon Oasis & Liwan,AE,"Tower 6, Sheikh Mohammed bin Zayed Road, Dubai Silicon Oasis & Liwan, Dubai, United Arab Emirates",,Ultra-Luxury High-Rise Tower,26,208,DLD-PRJ-90852,71452 47336,25.114529,55.373369,Premium Residential,osm_dld_cadastral_enriched,0.92
f86d6fcb-9c2a-4679-864e-c7e876ce4111,Tower 5,tower 5,Master Developer / DLD Registered,Dubai,Dubai Silicon Oasis & Liwan,AE,"Tower 5, Sheikh Mohammed bin Zayed Road, Dubai Silicon Oasis & Liwan, Dubai, United Arab Emirates",,Ultra-Luxury High-Rise Tower,26,208,DLD-PRJ-39400,71381 47368,25.113812,55.373683,Premium Residential,osm_dld_cadastral_enriched,0.92
fde2bef7-4e78-4cd5-be30-d312ee4cab3c,Tower 4,tower 4,Master Developer / DLD Registered,Dubai,Dubai Silicon Oasis & Liwan,AE,"Tower 4, Sheikh Mohammed bin Zayed Road, Dubai Silicon Oasis & Liwan, Dubai, United Arab Emirates",,Ultra-Luxury High-Rise Tower,26,208,DLD-PRJ-51465,71347 47317,25.11347,55.373172,Premium Residential,osm_dld_cadastral_enriched,0.92
f56cc7e9-2094-41fc-b5f3-f82d9ef3d0f0,Tower 3,tower 3,Master Developer / DLD Registered,Dubai,Dubai Silicon Oasis & Liwan,AE,"Tower 3, Sheikh Mohammed bin Zayed Road, Dubai Silicon Oasis & Liwan, Dubai, United Arab Emirates",,Ultra-Luxury High-Rise Tower,26,208,DLD-PRJ-94921,71307 47256,25.113073,55.372563,Premium Residential,osm_dld_cadastral_enriched,0.92
9684ed38-44c3-476c-9ce3-677b987c65bb,Le Presidium 1,le presidium 1,Master Developer / DLD Registered,Dubai,Dubai Silicon Oasis & Liwan,AE,"Le Presidium 1, 92 Street, Dubai Silicon Oasis & Liwan, Dubai, United Arab Emirates",,Luxury High-Rise Tower,12,96,DLD-PRJ-87577,71085 47689,25.110858,55.376892,Premium Residential,osm_dld_cadastral_enriched,0.92
b8c22622-a0f1-42a1-be94-653be43cdd89,Le Presidium 2,le presidium 2,Master Developer / DLD Registered,Dubai,Dubai Silicon Oasis & Liwan,AE,"Le Presidium 2, 86 Street, Dubai Silicon Oasis & Liwan, Dubai, United Arab Emirates",,Luxury High-Rise Tower,12,96,DLD-PRJ-21663,71104 47733,25.111044,55.377332,Premium Residential,osm_dld_cadastral_enriched,0.92
d46fdec9-436f-467c-b169-5d1f98819277,Nova Tower,nova tower,Master Developer / DLD Registered,Dubai,Dubai Silicon Oasis & Liwan,AE,"Nova Tower, 92 Street, Dubai Silicon Oasis & Liwan, Dubai, United Arab Emirates",,Luxury High-Rise Tower,14,112,DLD-PRJ-26715,71142 47676,25.111424,55.376769,Premium Residential,osm_dld_cadastral_enriched,0.92
f150fa2f-5cb1-48f6-b862-0a323e05d3f9,MM,mm,Master Developer / DLD Registered,Dubai,Dubai Silicon Oasis & Liwan,AE,"MM, 91 Street, Dubai Silicon Oasis & Liwan, Dubai, United Arab Emirates",,Luxury High-Rise Tower,17,136,DLD-PRJ-56481,71078 48415,25.110788,55.384151,Premium Residential,osm_dld_cadastral_enriched,0.92
aaac9344-45db-4524-aa93-df9b6dd53073,Al Hathboor,al hathboor,Master Developer / DLD Registered,Dubai,Dubai Silicon Oasis & Liwan,AE,"Al Hathboor, 92 Street, Dubai Silicon Oasis & Liwan, Dubai, United Arab Emirates",,Luxury High-Rise Tower,12,96,DLD-PRJ-83436,71199 47646,25.111991,55.376465,Premium Residential,osm_dld_cadastral_enriched,0.92
d75f5d52-2ea2-42f4-a5ff-56c56fce9c32,Tulip Oasis 2,tulip oasis 2,Master Developer / DLD Registered,Dubai,Dubai Silicon Oasis & Liwan,AE,"Tulip Oasis 2, 54 Street, Dubai Silicon Oasis & Liwan, Dubai, United Arab Emirates",,Luxury High-Rise Tower,10,80,DLD-PRJ-71556,71647 47834,25.116474,55.378343,Premium Residential,osm_dld_cadastral_enriched,0.92
5c65deb0-d9ff-4247-8c0a-d256f45ce271,Al Khair Building,al khair building,Master Developer / DLD Registered,Dubai,Dubai Silicon Oasis & Liwan,AE,"Al Khair Building, 95 Street, Dubai Silicon Oasis & Liwan, Dubai, United Arab Emirates",,Luxury High-Rise Tower,10,80,DLD-PRJ-51357,71602 47789,25.116021,55.377897,Premium Residential,osm_dld_cadastral_enriched,0.92
c3038e5c-1631-4504-8a39-bef0d5458303,Al Waleed Oasis,al waleed oasis,Master Developer / DLD Registered,Dubai,Dubai Silicon Oasis & Liwan,AE,"Al Waleed Oasis, 95 Street, Dubai Silicon Oasis & Liwan, Dubai, United Arab Emirates",,Gated Residential Society,9,72,DLD-PRJ-24209,71560 47825,25.115607,55.37826,Premium Residential,osm_dld_cadastral_enriched,0.92
d82e323d-5f66-426b-aa52-8d75c508b726,Platinum Residence,platinum residence,Master Developer / DLD Registered,Dubai,Dubai Silicon Oasis & Liwan,AE,"Platinum Residence, 92 Street, Dubai Silicon Oasis & Liwan, Dubai, United Arab Emirates",,Luxury High-Rise Tower,9,72,DLD-PRJ-82390,71269 48522,25.112692,55.385224,Premium Residential,osm_dld_cadastral_enriched,0.92
a74806b6-cc0a-41e0-9b65-637206ff93d6,Silicon Avenue,silicon avenue,Master Developer / DLD Registered,Dubai,Dubai Silicon Oasis & Liwan,AE,"Silicon Avenue, 92 Street, Dubai Silicon Oasis & Liwan, Dubai, United Arab Emirates",,Gated Residential Society,7,56,DLD-PRJ-28045,71531 48790,25.115317,55.387907,Premium Residential,osm_dld_cadastral_enriched,0.92
7ee3d798-b8c4-45bb-9352-60db0c59ad2e,Park Terrace,park terrace,Master Developer / DLD Registered,Dubai,Dubai Silicon Oasis & Liwan,AE,"Park Terrace, 91 Street, Dubai Silicon Oasis & Liwan, Dubai, United Arab Emirates",,Luxury High-Rise Tower,11,88,DLD-PRJ-81061,71231 48385,25.112312,55.383859,Premium Residential,osm_dld_cadastral_enriched,0.92
4341c7d8-1996-4a45-973a-79ce5b5ffd78,Silicon Residence 2,silicon residence 2,Master Developer / DLD Registered,Dubai,Dubai Silicon Oasis & Liwan,AE,"Silicon Residence 2, Sheikh Mohammed bin Zayed Road, Dubai Silicon Oasis & Liwan, Dubai, United Arab Emirates",,Luxury High-Rise Tower,3,24,DLD-PRJ-52912,73574 48755,25.135741,55.387555,Premium Residential,osm_dld_cadastral_enriched,0.92
5f4856ba-6e7d-4b43-9f1d-e561da843598,Al Razooki Building,al razooki building,Master Developer / DLD Registered,Dubai,Al Mamzar & Waterfront Towers,AE,"Al Razooki Building, Al Mamzar & Waterfront Towers, Dubai, United Arab Emirates",,Luxury High-Rise Tower,14,112,DLD-PRJ-16591,89507 47167,25.295075,55.37167,Premium Residential,osm_dld_cadastral_enriched,0.92
20171540-00eb-47e4-9621-c920a75f1d08,API,api,Master Developer / DLD Registered,Dubai,Al Mamzar & Waterfront Towers,AE,"API, Al Mamzar & Waterfront Towers, Dubai, United Arab Emirates",,Ultra-Luxury High-Rise Tower,21,168,DLD-PRJ-22859,89106 46219,25.291062,55.362192,Premium Residential,osm_dld_cadastral_enriched,0.92
7e8bfee5-788d-4809-81a3-c20e6376e417,Hessa Tower,hessa tower,Master Developer / DLD Registered,Dubai,Al Mamzar & Waterfront Towers,AE,"Hessa Tower, 4 Street, Al Mamzar & Waterfront Towers, Dubai, United Arab Emirates",,Ultra-Luxury High-Rise Tower,20,160,DLD-PRJ-44003,89552 46195,25.295529,55.361952,Premium Residential,osm_dld_cadastral_enriched,0.92
068db2f3-1fd1-42d5-a81e-ba630fa93ed8,Burj Al Nahda Building,burj al nahda building,Master Developer / DLD Registered,Dubai,Al Mamzar & Waterfront Towers,AE,"Burj Al Nahda Building, Al Mamzar & Waterfront Towers, Dubai, United Arab Emirates",,Luxury High-Rise Tower,19,152,DLD-PRJ-85495,89137 46194,25.291379,55.361942,Premium Residential,osm_dld_cadastral_enriched,0.92
120168bd-3d69-4dc5-878d-8fddcbb73ef2,ST Residence,st residence,Master Developer / DLD Registered,Dubai,Al Mamzar & Waterfront Towers,AE,"ST Residence, Al Mamzar & Waterfront Towers, Dubai, United Arab Emirates",,Luxury High-Rise Tower,13,104,DLD-PRJ-40193,89055 47222,25.290551,55.372224,Premium Residential,osm_dld_cadastral_enriched,0.92
f53af26e-2b2a-42e3-b880-24144349358c,Al Shaibani Building,al shaibani building,Master Developer / DLD Registered,Dubai,Al Mamzar & Waterfront Towers,AE,"Al Shaibani Building, Al Mamzar & Waterfront Towers, Dubai, United Arab Emirates",,Luxury High-Rise Tower,13,104,DLD-PRJ-53173,89319 47426,25.293194,55.37426,Premium Residential,osm_dld_cadastral_enriched,0.92
0aeaea31-0469-479e-ad62-b78f0fa77df1,Saigon Ladies Salon & Spa,saigon ladies salon spa,Master Developer / DLD Registered,Dubai,Al Mamzar & Waterfront Towers,AE,"Saigon Ladies Salon & Spa, Amman street, Al Mamzar & Waterfront Towers, Dubai, United Arab Emirates",,Luxury High-Rise Tower,14,112,DLD-PRJ-17258,89253 46911,25.292537,55.369112,Premium Residential,osm_dld_cadastral_enriched,0.92
e89e8df6-f672-4b36-bbdc-773dc4dfcb5a,Nasma Tower,nasma tower,Master Developer / DLD Registered,Dubai,Al Mamzar & Waterfront Towers,AE,"Nasma Tower, Al Mamzar & Waterfront Towers, Dubai, United Arab Emirates",,Ultra-Luxury High-Rise Tower,22,176,DLD-PRJ-43633,89445 46181,25.294458,55.36181,Premium Residential,osm_dld_cadastral_enriched,0.92
eda568c8-f920-4f7f-8e58-3171415f54f9,Al Yousufi Tower,al yousufi tower,Master Developer / DLD Registered,Dubai,Jumeirah Village Circle (JVC),AE,"Al Yousufi Tower, Kahraba South East, Jumeirah Village Circle (JVC), Dubai, United Arab Emirates",,Luxury High-Rise Tower,17,136,DLD-PRJ-33826,65275 31955,25.052755,55.219556,Premium Residential,osm_dld_cadastral_enriched,0.92
891bba60-6be9-4aa4-8ee0-e8b4717c0fdb,CHINA E06,china e06,Master Developer / DLD Registered,Dubai,International City & Warsan,AE,"CHINA E06, International City & Warsan, Dubai, United Arab Emirates",,Gated Residential Society,3,24,DLD-PRJ-92866,76557 51358,25.165574,55.413583,Premium Residential,osm_dld_cadastral_enriched,0.92
8a6be24e-b799-4fb8-ba5b-7acece965c8e,Al Mansoor Tower,al mansoor tower,Master Developer / DLD Registered,Dubai,Al Mamzar & Waterfront Towers,AE,"Al Mansoor Tower, Al Nahda Street, Al Mamzar & Waterfront Towers, Dubai, United Arab Emirates",,Ultra-Luxury High-Rise Tower,32,256,DLD-PRJ-82975,90271 47413,25.302719,55.37414,Premium Residential,osm_dld_cadastral_enriched,0.92
6e5c53af-b78a-47cf-960e-3fc37d6a2822,BM,bm,Master Developer / DLD Registered,Dubai,Al Mamzar & Waterfront Towers,AE,"BM, Al Mamzar & Waterfront Towers, Dubai, United Arab Emirates",,Ultra-Luxury High-Rise Tower,35,280,DLD-PRJ-74928,90380 47175,25.303803,55.371754,Premium Residential,osm_dld_cadastral_enriched,0.92
756c2f7c-7450-4bb5-ac74-d2d0e89090f5,Al Reef,al reef,Master Developer / DLD Registered,Dubai,Al Mamzar & Waterfront Towers,AE,"Al Reef, Al Mamzar & Waterfront Towers, Dubai, United Arab Emirates",,Ultra-Luxury High-Rise Tower,32,256,DLD-PRJ-43192,90100 46735,25.301004,55.367359,Premium Residential,osm_dld_cadastral_enriched,0.92
671a0c5d-b2f0-4a91-b833-9b18b2249c09,White House,white house,Master Developer / DLD Registered,Dubai,Al Mamzar & Waterfront Towers,AE,"White House, Al Mamzar & Waterfront Towers, Dubai, United Arab Emirates",,Ultra-Luxury High-Rise Tower,25,200,DLD-PRJ-15266,89995 46727,25.299957,55.367275,Premium Residential,osm_dld_cadastral_enriched,0.92
10736721-7be7-44bf-8a4c-f13ac5538c3f,Al Rawda Tower,al rawda tower,Master Developer / DLD Registered,Dubai,Al Mamzar & Waterfront Towers,AE,"Al Rawda Tower, Al Mamzar & Waterfront Towers, Dubai, United Arab Emirates",,Ultra-Luxury High-Rise Tower,20,160,DLD-PRJ-42652,89919 46958,25.299194,55.36958,Premium Residential,osm_dld_cadastral_enriched,0.92
7666ac5f-6144-43f0-bc99-f8a818def547,New Cluttons,new cluttons,Master Developer / DLD Registered,Dubai,Al Mamzar & Waterfront Towers,AE,"New Cluttons, شارع النهضة, Al Mamzar & Waterfront Towers, Dubai, United Arab Emirates",,Ultra-Luxury High-Rise Tower,28,224,DLD-PRJ-22720,89917 47454,25.29918,55.374548,Premium Residential,osm_dld_cadastral_enriched,0.92
1aa802bb-06fc-4878-8119-4ce1b795ee09,Al Baker,al baker,Master Developer / DLD Registered,Dubai,Al Mamzar & Waterfront Towers,AE,"Al Baker, Al Mamzar & Waterfront Towers, Dubai, United Arab Emirates",,Iconic Sky High-Rise Tower,40,320,DLD-PRJ-47881,90264 46962,25.302641,55.369622,Premium Residential,osm_dld_cadastral_enriched,0.92
ccc44c88-21b7-464c-9f18-9418897e7ef0,Al Baker 1,al baker 1,Master Developer / DLD Registered,Dubai,Al Mamzar & Waterfront Towers,AE,"Al Baker 1, Al Mamzar & Waterfront Towers, Dubai, United Arab Emirates",,Luxury High-Rise Tower,15,120,DLD-PRJ-95278,90295 46949,25.302951,55.369493,Premium Residential,osm_dld_cadastral_enriched,0.92
7419d740-e598-4243-b8f7-c4eddcb6576f,Baynounah Tower,baynounah tower,Master Developer / DLD Registered,Dubai,Al Mamzar & Waterfront Towers,AE,"Baynounah Tower, Al Mamzar & Waterfront Towers, Dubai, United Arab Emirates",,Ultra-Luxury High-Rise Tower,31,248,DLD-PRJ-87496,90074 47224,25.300747,55.372246,Premium Residential,osm_dld_cadastral_enriched,0.92
8bd98190-a8a6-4add-a9bf-5f53e33c37c8,Al Shaiba,al shaiba,Master Developer / DLD Registered,Dubai,Al Mamzar & Waterfront Towers,AE,"Al Shaiba, Malaka Street, Al Mamzar & Waterfront Towers, Dubai, United Arab Emirates",,Ultra-Luxury High-Rise Tower,25,200,DLD-PRJ-86673,90083 47285,25.30084,55.372856,Premium Residential,osm_dld_cadastral_enriched,0.92
d20f3053-9dd2-4a26-9014-e5ea996eaae6,Al Sham Tower,al sham tower,Master Developer / DLD Registered,Dubai,Al Mamzar & Waterfront Towers,AE,"Al Sham Tower, Al Mamzar & Waterfront Towers, Dubai, United Arab Emirates",,Ultra-Luxury High-Rise Tower,28,224,DLD-PRJ-26405,90901 47175,25.309019,55.371754,Premium Residential,osm_dld_cadastral_enriched,0.92
61774ba4-1112-4039-b3e0-cdddefac46a1,Al Qemah,al qemah,Master Developer / DLD Registered,Dubai,Al Mamzar & Waterfront Towers,AE,"Al Qemah, Al Taawun Street, Al Mamzar & Waterfront Towers, Dubai, United Arab Emirates",,Ultra-Luxury High-Rise Tower,39,312,DLD-PRJ-87774,91017 47309,25.310177,55.373094,Premium Residential,osm_dld_cadastral_enriched,0.92
a0f9047c-b2e3-415d-a447-f83691cd4ba0,TIger 4,tiger 4,Master Developer / DLD Registered,Dubai,Al Mamzar & Waterfront Towers,AE,"TIger 4, Al Taawun Street, Al Mamzar & Waterfront Towers, Dubai, United Arab Emirates",,Luxury High-Rise Tower,13,104,DLD-PRJ-80781,90673 46870,25.306732,55.368704,Premium Residential,osm_dld_cadastral_enriched,0.92
32916f92-9ad4-4b5f-920f-0e4aebd20d5c,Manzil,manzil,Master Developer / DLD Registered,Dubai,Al Mamzar & Waterfront Towers,AE,"Manzil, Al Taawun Street, Al Mamzar & Waterfront Towers, Dubai, United Arab Emirates",,Iconic Sky High-Rise Tower,41,328,DLD-PRJ-30675,90666 47039,25.306661,55.370395,Premium Residential,osm_dld_cadastral_enriched,0.92
dbdda2a4-51d7-4e67-8130-272c560e81ae,Majestic Tower,majestic tower,Master Developer / DLD Registered,Dubai,Al Mamzar & Waterfront Towers,AE,"Majestic Tower, Al Mamzar & Waterfront Towers, Dubai, United Arab Emirates",,Iconic Sky High-Rise Tower,52,416,DLD-PRJ-22381,90439 46348,25.304399,55.363484,Premium Residential,osm_dld_cadastral_enriched,0.92
57e93a5c-c9ed-40c6-a649-d352f9c93cc5,Dream Tower,dream tower,Master Developer / DLD Registered,Dubai,Al Mamzar & Waterfront Towers,AE,"Dream Tower, Al Taawun Street, Al Mamzar & Waterfront Towers, Dubai, United Arab Emirates",,Ultra-Luxury High-Rise Tower,27,216,DLD-PRJ-19036,90489 46455,25.304899,55.364554,Premium Residential,osm_dld_cadastral_enriched,0.92
d6847f7a-475d-4b1d-b566-6b9531b89d76,Al Narjes Tower,al narjes tower,Master Developer / DLD Registered,Dubai,Al Mamzar & Waterfront Towers,AE,"Al Narjes Tower, Al Taawun Street, Al Mamzar & Waterfront Towers, Dubai, United Arab Emirates",,Luxury High-Rise Tower,19,152,DLD-PRJ-52654,90744 47002,25.307441,55.370029,Premium Residential,osm_dld_cadastral_enriched,0.92
24c6d402-42ca-49c9-961f-4553f42fa751,Ritz Tower,ritz tower,Master Developer / DLD Registered,Dubai,Al Mamzar & Waterfront Towers,AE,"Ritz Tower, Al Taawun Street, Al Mamzar & Waterfront Towers, Dubai, United Arab Emirates",,Ultra-Luxury High-Rise Tower,23,184,DLD-PRJ-40977,90836 47264,25.30836,55.372643,Premium Residential,osm_dld_cadastral_enriched,0.92
658e3a47-9f76-42ed-bd57-42638c1ce4c7,Al Baker tower,al baker tower,Master Developer / DLD Registered,Dubai,Al Mamzar & Waterfront Towers,AE,"Al Baker tower, Al Taawun Street, Al Mamzar & Waterfront Towers, Dubai, United Arab Emirates",,Ultra-Luxury High-Rise Tower,28,224,DLD-PRJ-43313,90854 47282,25.308546,55.372828,Premium Residential,osm_dld_cadastral_enriched,0.92
b6df91b9-9ebe-41ba-b558-4abc7f715731,Al Nayli 4,al nayli 4,Master Developer / DLD Registered,Dubai,Al Mamzar & Waterfront Towers,AE,"Al Nayli 4, Al Taawun Street, Al Mamzar & Waterfront Towers, Dubai, United Arab Emirates",,Luxury High-Rise Tower,18,144,DLD-PRJ-32711,90873 47306,25.308731,55.373068,Premium Residential,osm_dld_cadastral_enriched,0.92
48813395-c13c-418f-8390-21f19c185343,Al Habtoor Tower,al habtoor tower,Master Developer / DLD Registered,Dubai,Al Mamzar & Waterfront Towers,AE,"Al Habtoor Tower, Al Taawun Street, Al Mamzar & Waterfront Towers, Dubai, United Arab Emirates",,Ultra-Luxury High-Rise Tower,35,280,DLD-PRJ-73160,91192 47481,25.311929,55.374819,Premium Residential,osm_dld_cadastral_enriched,0.92
df99fa77-1697-4f91-a98f-a3bf1980ef82,Al Ibrahimi Palace Hotel,al ibrahimi palace hotel,Master Developer / DLD Registered,Dubai,Bur Dubai & Deira Waterfront,AE,"Al Ibrahimi Palace Hotel, شارع الشيخ خليفة بن زايد, Bur Dubai & Deira Waterfront, Dubai, United Arab Emirates",,Gated Residential Society,4,32,DLD-PRJ-45109,85117 40342,25.251171,55.303426,Premium Residential,osm_dld_cadastral_enriched,0.92
0263cc88-53af-4c47-b76f-ee7265bd6bca,Bu Haleeba Palace,bu haleeba palace,Master Developer / DLD Registered,Dubai,Bur Dubai & Deira Waterfront,AE,"Bu Haleeba Palace, Bur Dubai & Deira Waterfront, Dubai, United Arab Emirates",,Gated Residential Society,8,64,DLD-PRJ-73714,86022 42587,25.260221,55.325874,Premium Residential,osm_dld_cadastral_enriched,0.92
a36d194e-33ca-46ac-8b71-9cb22df68dff,Jood Palace Hotel,jood palace hotel,Master Developer / DLD Registered,Dubai,Bur Dubai & Deira Waterfront,AE,"Jood Palace Hotel, Bur Dubai & Deira Waterfront, Dubai, United Arab Emirates",,Luxury High-Rise Tower,12,96,DLD-PRJ-20970,86225 42212,25.26225,55.322126,Premium Residential,osm_dld_cadastral_enriched,0.92
c3322fd8-5b38-4b72-93d7-82c5646ed9f6,Al Sharhan Building,al sharhan building,Master Developer / DLD Registered,Dubai,Bur Dubai & Deira Waterfront,AE,"Al Sharhan Building, شارع 42أ, Bur Dubai & Deira Waterfront, Dubai, United Arab Emirates",,Gated Residential Society,7,56,DLD-PRJ-43831,86216 42057,25.262162,55.320578,Premium Residential,osm_dld_cadastral_enriched,0.92
9096daed-129c-4ea9-8407-ca9dd2b75875,Al Ajmani Residences,al ajmani residences,Master Developer / DLD Registered,Dubai,Bur Dubai & Deira Waterfront,AE,"Al Ajmani Residences, شارع 42أ, Bur Dubai & Deira Waterfront, Dubai, United Arab Emirates",,Luxury High-Rise Tower,8,64,DLD-PRJ-95685,86184 42020,25.261849,55.320202,Premium Residential,osm_dld_cadastral_enriched,0.92
9a72727c-d5c8-4fc0-83a4-9042c9e67649,CHINA C14,china c14,Master Developer / DLD Registered,Dubai,International City & Warsan,AE,"CHINA C14, International City & Warsan, Dubai, United Arab Emirates",,Gated Residential Society,3,24,DLD-PRJ-19891,76620 51385,25.166202,55.413851,Premium Residential,osm_dld_cadastral_enriched,0.92
0793d3bb-cfe6-47d5-91fe-61b3687936e8,CHINA C13,china c13,Master Developer / DLD Registered,Dubai,International City & Warsan,AE,"CHINA C13, International City & Warsan, Dubai, United Arab Emirates",,Gated Residential Society,3,24,DLD-PRJ-35836,76647 51423,25.166474,55.414234,Premium Residential,osm_dld_cadastral_enriched,0.92
99b1c3fb-eafb-464c-8b9a-f1a398c973b9,CHINA D08,china d08,Master Developer / DLD Registered,Dubai,International City & Warsan,AE,"CHINA D08, International City & Warsan, Dubai, United Arab Emirates",,Gated Residential Society,3,24,DLD-PRJ-33577,76657 51510,25.166577,55.415101,Premium Residential,osm_dld_cadastral_enriched,0.92
89e7a752-01fa-4036-9654-695889973006,CHINA D07,china d07,Master Developer / DLD Registered,Dubai,International City & Warsan,AE,"CHINA D07, International City & Warsan, Dubai, United Arab Emirates",,Gated Residential Society,3,24,DLD-PRJ-39220,76623 51540,25.166231,55.415408,Premium Residential,osm_dld_cadastral_enriched,0.92
022e9361-f9fd-4060-8571-a5268f7cf74a,Al Dana 2,al dana 2,Master Developer / DLD Registered,Dubai,International City & Warsan,AE,"Al Dana 2, International City & Warsan, Dubai, United Arab Emirates",,Luxury High-Rise Tower,11,88,DLD-PRJ-32074,76686 50663,25.166865,55.406637,Premium Residential,osm_dld_cadastral_enriched,0.92
d1f26a69-205a-43f6-aa98-636c6eff8525,Rose 2,rose 2,Master Developer / DLD Registered,Dubai,Jumeirah Village Circle (JVC),AE,"Rose 2, Street 14, Jumeirah Village Circle (JVC), Dubai, United Arab Emirates",,Gated Residential Society,4,32,DLD-PRJ-24643,65225 31489,25.052255,55.214899,Premium Residential,osm_dld_cadastral_enriched,0.92
e4acabc4-d2c2-4641-bc0e-5d32a37393b9,Avenue Residence 1,avenue residence 1,Master Developer / DLD Registered,Dubai,Al Furjan & Discovery Gardens,AE,"Avenue Residence 1, Al Furjan & Discovery Gardens, Dubai, United Arab Emirates",,Luxury High-Rise Tower,12,96,DLD-PRJ-85333,63373 24647,25.033731,55.146471,Premium Residential,osm_dld_cadastral_enriched,0.92
26957cf4-1918-4df8-9195-9808b957095d,Citystay Prime Hotel Apartment,citystay prime hotel apartment,Master Developer / DLD Registered,Dubai,Al Barsha & Barsha Heights (TECOM),AE,"Citystay Prime Hotel Apartment, 6 Street, Al Barsha & Barsha Heights (TECOM), Dubai, United Arab Emirates",,Luxury High-Rise Tower,12,96,DLD-PRJ-88282,71485 30393,25.114857,55.203935,Premium Residential,osm_dld_cadastral_enriched,0.92
cd69f729-df67-4c13-8963-7e4a6dc760f9,Jaroudi Residence,jaroudi residence,Master Developer / DLD Registered,Dubai,Jumeirah Village Circle (JVC),AE,"Jaroudi Residence, Jumeirah Village Circle (JVC), Dubai, United Arab Emirates",,Luxury High-Rise Tower,2,16,DLD-PRJ-53435,65357 31951,25.053574,55.219517,Premium Residential,osm_dld_cadastral_enriched,0.92
21765a04-3ca9-4ede-958e-1d0b35fdb673,Rose 1,rose 1,Master Developer / DLD Registered,Dubai,Jumeirah Village Circle (JVC),AE,"Rose 1, Street 14, Jumeirah Village Circle (JVC), Dubai, United Arab Emirates",,Gated Residential Society,4,32,DLD-PRJ-80368,65189 31534,25.0519,55.215345,Premium Residential,osm_dld_cadastral_enriched,0.92
8bc64966-bdee-4010-a637-fbe77de66a9c,W-02 Russia,w 02 russia,Master Developer / DLD Registered,Dubai,International City & Warsan,AE,"W-02 Russia, International City & Warsan, Dubai, United Arab Emirates",,Gated Residential Society,3,24,DLD-PRJ-83529,77219 49957,25.172198,55.399576,Premium Residential,osm_dld_cadastral_enriched,0.92
1467f4ea-3554-4eec-afc2-9d11fb7bf4e0,Saeed Muhammad Butti,saeed muhammad butti,Master Developer / DLD Registered,Dubai,Al Mamzar & Waterfront Towers,AE,"Saeed Muhammad Butti, شارع 2, Al Mamzar & Waterfront Towers, Dubai, United Arab Emirates",,Luxury High-Rise Tower,19,152,DLD-PRJ-99995,90120 46623,25.301209,55.366236,Premium Residential,osm_dld_cadastral_enriched,0.92
9753bc10-ebe2-4799-9e72-ee950cf3ce7c,Al Nada Tower,al nada tower,Master Developer / DLD Registered,Dubai,Al Mamzar & Waterfront Towers,AE,"Al Nada Tower, Al Mamzar & Waterfront Towers, Dubai, United Arab Emirates",,Ultra-Luxury High-Rise Tower,33,264,DLD-PRJ-58180,90162 47463,25.301626,55.374636,Premium Residential,osm_dld_cadastral_enriched,0.92
f539c96e-4fb7-458e-b3ef-8dcfc60c6466,Building A,building a,Master Developer / DLD Registered,Dubai,Al Mamzar & Waterfront Towers,AE,"Building A, شارع 23, Al Mamzar & Waterfront Towers, Dubai, United Arab Emirates",,Ultra-Luxury High-Rise Tower,29,232,DLD-PRJ-25723,90035 47344,25.300358,55.373447,Premium Residential,osm_dld_cadastral_enriched,0.92
6ea2c9fc-93ee-4b83-abb1-65f1c20ea70f,Sun Star II,sun star ii,Master Developer / DLD Registered,Dubai,International City & Warsan,AE,"Sun Star II, International City & Warsan, Dubai, United Arab Emirates",,Luxury High-Rise Tower,11,88,DLD-PRJ-58223,76748 50723,25.167482,55.407232,Premium Residential,osm_dld_cadastral_enriched,0.92
7ab37f3c-06e8-4d72-867e-2c581cecd9e4,Sun Star I,sun star i,Master Developer / DLD Registered,Dubai,International City & Warsan,AE,"Sun Star I, International City & Warsan, Dubai, United Arab Emirates",,Luxury High-Rise Tower,11,88,DLD-PRJ-71162,76760 50760,25.167602,55.407608,Premium Residential,osm_dld_cadastral_enriched,0.92
d19980ae-1ba8-4928-8218-18fb6524dd8c,Trafalgar Executive,trafalgar executive,Master Developer / DLD Registered,Dubai,International City & Warsan,AE,"Trafalgar Executive, International City & Warsan, Dubai, United Arab Emirates",,Luxury High-Rise Tower,11,88,DLD-PRJ-95913,76488 50580,25.164888,55.405801,Premium Residential,osm_dld_cadastral_enriched,0.92
5bb97cb4-305e-4303-a5c2-8bed22147d12,Trafalgar Tower,trafalgar tower,Master Developer / DLD Registered,Dubai,International City & Warsan,AE,"Trafalgar Tower, International City & Warsan, Dubai, United Arab Emirates",,Luxury High-Rise Tower,11,88,DLD-PRJ-11498,76414 50659,25.164143,55.4066,Premium Residential,osm_dld_cadastral_enriched,0.92
13b638cb-ae80-464a-8741-4fba6b00e5ed,Mazaya 9,mazaya 9,Master Developer / DLD Registered,Dubai,Dubai Silicon Oasis & Liwan,AE,"Mazaya 9, Dubai Silicon Oasis & Liwan, Dubai, United Arab Emirates",,Luxury High-Rise Tower,10,80,DLD-PRJ-83679,71387 46616,25.113873,55.366164,Premium Residential,osm_dld_cadastral_enriched,0.92
9b387367-2f59-4159-b774-35946be2861e,Mazaya 8,mazaya 8,Master Developer / DLD Registered,Dubai,Dubai Silicon Oasis & Liwan,AE,"Mazaya 8, Dubai Silicon Oasis & Liwan, Dubai, United Arab Emirates",,Luxury High-Rise Tower,10,80,DLD-PRJ-76571,71386 46570,25.113868,55.365705,Premium Residential,osm_dld_cadastral_enriched,0.92
2d8d3d12-b672-4d47-a2bf-960430d78a0d,Sanctuary,sanctuary,Master Developer / DLD Registered,Dubai,Dubai Silicon Oasis & Liwan,AE,"Sanctuary, 97 Street, Dubai Silicon Oasis & Liwan, Dubai, United Arab Emirates",,Ultra-Luxury Gated Villa Community,10,80,DLD-PRJ-88075,72098 47234,25.120989,55.372349,Premium Residential,osm_dld_cadastral_enriched,0.92
c7a3ab5a-b8fd-44a6-b90e-8983f0bc57d3,Uniestate Millennium Tower,uniestate millennium tower,Master Developer / DLD Registered,Dubai,Dubai Silicon Oasis & Liwan,AE,"Uniestate Millennium Tower, Dubai Silicon Oasis & Liwan, Dubai, United Arab Emirates",,Luxury High-Rise Tower,12,96,DLD-PRJ-34622,72129 47278,25.121292,55.37279,Premium Residential,osm_dld_cadastral_enriched,0.92
9b43cc3b-767c-443f-980f-b112799dd7d7,Silicon Heights II,silicon heights ii,Master Developer / DLD Registered,Dubai,Dubai Silicon Oasis & Liwan,AE,"Silicon Heights II, Dubai Silicon Oasis & Liwan, Dubai, United Arab Emirates",,Luxury High-Rise Tower,11,88,DLD-PRJ-97641,72231 47538,25.122315,55.375388,Premium Residential,osm_dld_cadastral_enriched,0.92
79ece6eb-665b-44ef-9704-87dff8bbf12e,City Oasis 3,city oasis 3,Master Developer / DLD Registered,Dubai,Dubai Silicon Oasis & Liwan,AE,"City Oasis 3, 54 Street, Dubai Silicon Oasis & Liwan, Dubai, United Arab Emirates",,Luxury High-Rise Tower,10,80,DLD-PRJ-39104,72339 47676,25.123394,55.376767,Premium Residential,osm_dld_cadastral_enriched,0.92
b43484d8-b3c9-467b-85d1-cbfdda996564,Altia,altia,Master Developer / DLD Registered,Dubai,Dubai Silicon Oasis & Liwan,AE,"Altia, Dubai Silicon Oasis & Liwan, Dubai, United Arab Emirates",,Gated Residential Society,9,72,DLD-PRJ-65349,72410 47640,25.124104,55.376402,Premium Residential,osm_dld_cadastral_enriched,0.92
ba9d93bd-0a82-4c6a-a620-63dfd5c12d24,Global Green View,global green view,Master Developer / DLD Registered,Dubai,International City & Warsan,AE,"Global Green View, International City & Warsan, Dubai, United Arab Emirates",,Luxury High-Rise Tower,11,88,DLD-PRJ-24867,76392 50700,25.163921,55.407002,Premium Residential,osm_dld_cadastral_enriched,0.92
6836942b-c9c7-492f-8a5b-fa78c8b82c7e,Trafalgar Central CBD 8,trafalgar central cbd 8,Master Developer / DLD Registered,Dubai,International City & Warsan,AE,"Trafalgar Central CBD 8, International City & Warsan, Dubai, United Arab Emirates",,Luxury High-Rise Tower,11,88,DLD-PRJ-48968,76443 50624,25.164433,55.406247,Premium Residential,osm_dld_cadastral_enriched,0.92
99ed6e8e-a214-4812-9d24-c676f46e8915,Tiger,tiger,Master Developer / DLD Registered,Dubai,Al Mamzar & Waterfront Towers,AE,"Tiger, Al Mamzar & Waterfront Towers, Dubai, United Arab Emirates",,Ultra-Luxury High-Rise Tower,25,200,DLD-PRJ-69903,90672 46978,25.306729,55.369785,Premium Residential,osm_dld_cadastral_enriched,0.92
36b9e643-4a1f-4d1d-bf73-0917cb7df8c2,Venus,venus,Master Developer / DLD Registered,Dubai,Al Mamzar & Waterfront Towers,AE,"Venus, Al Mamzar & Waterfront Towers, Dubai, United Arab Emirates",,Luxury High-Rise Tower,17,136,DLD-PRJ-30817,90684 47008,25.306849,55.370081,Premium Residential,osm_dld_cadastral_enriched,0.92
cd4cc712-1e76-4b8e-9379-2d2e7f838685,Al Saud,al saud,Master Developer / DLD Registered,Dubai,Al Mamzar & Waterfront Towers,AE,"Al Saud, Al Mamzar & Waterfront Towers, Dubai, United Arab Emirates",,Luxury High-Rise Tower,16,128,DLD-PRJ-93893,90719 47059,25.307197,55.37059,Premium Residential,osm_dld_cadastral_enriched,0.92
f3d50a63-c711-4875-9ee9-709f3d86bdf3,Artistic Villas,artistic villas,Master Developer / DLD Registered,Dubai,Jumeirah Village Circle (JVC),AE,"Artistic Villas, Jumeirah Village Circle (JVC), Dubai, United Arab Emirates",,Ultra-Luxury Gated Villa Community,1,8,DLD-PRJ-18267,65672 30192,25.056725,55.201926,Premium Residential,osm_dld_cadastral_enriched,0.92
cd8e1111-1b0d-4144-be9a-cce8c708ec81,Oxford Villas,oxford villas,Master Developer / DLD Registered,Dubai,Jumeirah Village Circle (JVC),AE,"Oxford Villas, Jumeirah Village Circle (JVC), Dubai, United Arab Emirates",,Ultra-Luxury Gated Villa Community,1,8,DLD-PRJ-66603,65662 30152,25.05662,55.201521,Premium Residential,osm_dld_cadastral_enriched,0.92
149c5607-b561-460f-9e41-99d60aa85bd8,taraf residence 1,taraf residence 1,Master Developer / DLD Registered,Dubai,Jumeirah Village Circle (JVC),AE,"taraf residence 1, Jumeirah Village Circle (JVC), Dubai, United Arab Emirates",,Luxury High-Rise Tower,1,8,DLD-PRJ-80877,65936 31254,25.059365,55.212544,Premium Residential,osm_dld_cadastral_enriched,0.92
9ce76bd5-c853-4675-b49f-d8020de7314b,Al Amir Residence B,al amir residence b,Master Developer / DLD Registered,Dubai,Jumeirah Village Circle (JVC),AE,"Al Amir Residence B, Jumeirah Village Circle (JVC), Dubai, United Arab Emirates",,Luxury High-Rise Tower,1,8,DLD-PRJ-88558,66039 31349,25.06039,55.213498,Premium Residential,osm_dld_cadastral_enriched,0.92
8e199c06-184d-4dae-a5ad-60ba7f779491,Crystal Residence,crystal residence,Master Developer / DLD Registered,Dubai,Jumeirah Village Circle (JVC),AE,"Crystal Residence, Jumeirah Village Circle (JVC), Dubai, United Arab Emirates",,Luxury High-Rise Tower,5,40,DLD-PRJ-68613,66651 31467,25.066517,55.214677,Premium Residential,osm_dld_cadastral_enriched,0.92
ad8cf942-d872-496b-a5ce-2f2aabf54255,Astoria Villas,astoria villas,Master Developer / DLD Registered,Dubai,Jumeirah Village Circle (JVC),AE,"Astoria Villas, Jumeirah Village Circle (JVC), Dubai, United Arab Emirates",,Ultra-Luxury Gated Villa Community,1,8,DLD-PRJ-40752,66459 31155,25.064595,55.211554,Premium Residential,osm_dld_cadastral_enriched,0.92
24e51ffe-b7c3-49b3-bc52-db2f5f416034,Al Dana Tiger Properties,al dana tiger properties,Master Developer / DLD Registered,Dubai,Jumeirah Village Circle (JVC),AE,"Al Dana Tiger Properties, Dana Road, Jumeirah Village Circle (JVC), Dubai, United Arab Emirates",,Ultra-Luxury High-Rise Tower,20,160,DLD-PRJ-47328,65636 32057,25.056369,55.220578,Premium Residential,osm_dld_cadastral_enriched,0.92
c241521e-cb1b-45c0-8204-3cea00764038,Saleh Bin Lahej Tower,saleh bin lahej tower,Master Developer / DLD Registered,Dubai,Jumeirah Village Circle (JVC),AE,"Saleh Bin Lahej Tower, Dana Road, Jumeirah Village Circle (JVC), Dubai, United Arab Emirates",,Ultra-Luxury High-Rise Tower,23,184,DLD-PRJ-74505,65466 32025,25.054662,55.220258,Premium Residential,osm_dld_cadastral_enriched,0.92
1cd1274d-ba2c-49b2-9af3-dc0775a99385,Eaton Place,eaton place,Master Developer / DLD Registered,Dubai,Jumeirah Village Circle (JVC),AE,"Eaton Place, Jumeirah Village Circle (JVC), Dubai, United Arab Emirates",,Gated Residential Society,1,8,DLD-PRJ-63917,66039 30015,25.0604,55.200152,Premium Residential,osm_dld_cadastral_enriched,0.92
9393135f-c70e-4d2b-99d0-9a0cb0c46c40,Golden Homes,golden homes,Master Developer / DLD Registered,Dubai,Jumeirah Village Circle (JVC),AE,"Golden Homes, Jumeirah Village Circle (JVC), Dubai, United Arab Emirates",,Gated Residential Society,5,40,DLD-PRJ-41208,66113 29912,25.061134,55.199127,Premium Residential,osm_dld_cadastral_enriched,0.92
a6af261e-bb48-4f79-ad91-d6390405b6c7,Souk Warsan,souk warsan,Master Developer / DLD Registered,Dubai,International City & Warsan,AE,"Souk Warsan, International City & Warsan, Dubai, United Arab Emirates",,Gated Residential Society,1,8,DLD-PRJ-18827,76315 49407,25.163155,55.394078,Premium Residential,osm_dld_cadastral_enriched,0.92
90074c5e-3f17-42e9-aa9f-7cfd3a0149be,ETJAR MANKHOOL 70 RESIDENCE,etjar mankhool 70 residence,Master Developer / DLD Registered,Dubai,Bur Dubai & Deira Waterfront,AE,"ETJAR MANKHOOL 70 RESIDENCE, 19a شارع, Bur Dubai & Deira Waterfront, Dubai, United Arab Emirates",,Luxury High-Rise Tower,7,56,DLD-PRJ-19356,85069 39347,25.250693,55.293471,Premium Residential,osm_dld_cadastral_enriched,0.92
a7b0bdc5-16a3-4ad1-bda2-eaf5d1ff903c,Hessa Building,hessa building,Master Developer / DLD Registered,Dubai,Al Barsha & Barsha Heights (TECOM),AE,"Hessa Building, Al Barsha & Barsha Heights (TECOM), Dubai, United Arab Emirates",,Gated Residential Society,9,72,DLD-PRJ-56401,70978 30419,25.109782,55.204197,Premium Residential,osm_dld_cadastral_enriched,0.92
5efe6301-6127-4171-9e75-a8704eed247e,Building B,building b,Master Developer / DLD Registered,Dubai,Al Mamzar & Waterfront Towers,AE,"Building B, Al Mamzar & Waterfront Towers, Dubai, United Arab Emirates",,Ultra-Luxury High-Rise Tower,29,232,DLD-PRJ-13327,89983 47380,25.299838,55.373804,Premium Residential,osm_dld_cadastral_enriched,0.92
00eb71c3-a8c1-4536-be89-08a6fb3ada5f,AL WARD BUILDING,al ward building,Master Developer / DLD Registered,Dubai,Al Mamzar & Waterfront Towers,AE,"AL WARD BUILDING, Al Mamzar & Waterfront Towers, Dubai, United Arab Emirates",,Luxury High-Rise Tower,12,96,DLD-PRJ-63559,89506 46375,25.29507,55.363751,Premium Residential,osm_dld_cadastral_enriched,0.92
e8e8e9a9-ebed-41c6-88ec-55dc65f4cd23,Maria Tower,maria tower,Master Developer / DLD Registered,Dubai,Al Furjan & Discovery Gardens,AE,"Maria Tower, Al Furjan & Discovery Gardens, Dubai, United Arab Emirates",,Luxury High-Rise Tower,15,120,DLD-PRJ-95981,63011 23883,25.030118,55.138834,Premium Residential,osm_dld_cadastral_enriched,0.92
8b4233d2-df3e-4566-95bf-d4c45becc602,El Jardin Residence,el jardin residence,Master Developer / DLD Registered,Dubai,Al Furjan & Discovery Gardens,AE,"El Jardin Residence, Al Furjan & Discovery Gardens, Dubai, United Arab Emirates",,Luxury High-Rise Tower,12,96,DLD-PRJ-51620,63929 23957,25.039298,55.139573,Premium Residential,osm_dld_cadastral_enriched,0.92
ebf4eeb2-a690-492d-9dea-3780bf05fd2a,Tulip Oasis 5,tulip oasis 5,Master Developer / DLD Registered,Dubai,Al Furjan & Discovery Gardens,AE,"Tulip Oasis 5, Al Furjan & Discovery Gardens, Dubai, United Arab Emirates",,Luxury High-Rise Tower,12,96,DLD-PRJ-41286,63882 24003,25.038821,55.14003,Premium Residential,osm_dld_cadastral_enriched,0.92
e13ce8a2-fdcc-4fd7-be01-ddc7fff545a7,Avenue Residence 2,avenue residence 2,Master Developer / DLD Registered,Dubai,Al Furjan & Discovery Gardens,AE,"Avenue Residence 2, Al Furjan & Discovery Gardens, Dubai, United Arab Emirates",,Luxury High-Rise Tower,12,96,DLD-PRJ-91135,63797 24064,25.037979,55.14064,Premium Residential,osm_dld_cadastral_enriched,0.92
aff28442-2d50-455e-9167-02719b1f1757,5th Avenue,5th avenue,Master Developer / DLD Registered,Dubai,Al Furjan & Discovery Gardens,AE,"5th Avenue, Al Furjan & Discovery Gardens, Dubai, United Arab Emirates",,Luxury High-Rise Tower,12,96,DLD-PRJ-69576,63750 24104,25.037508,55.141044,Premium Residential,osm_dld_cadastral_enriched,0.92
80f63747-2a72-4c8f-a8ac-aa47099e2d8e,Freej Residence,freej residence,Master Developer / DLD Registered,Dubai,Al Furjan & Discovery Gardens,AE,"Freej Residence, Al Furjan & Discovery Gardens, Dubai, United Arab Emirates",,Luxury High-Rise Tower,12,96,DLD-PRJ-23304,63227 24860,25.032276,55.148606,Premium Residential,osm_dld_cadastral_enriched,0.92
b54343db-5dfc-4074-be6d-aaa6cca74ba5,Victoria Residency,victoria residency,Master Developer / DLD Registered,Dubai,Al Furjan & Discovery Gardens,AE,"Victoria Residency, Al Furjan & Discovery Gardens, Dubai, United Arab Emirates",,Luxury High-Rise Tower,12,96,DLD-PRJ-57528,62839 25390,25.028396,55.153903,Premium Residential,osm_dld_cadastral_enriched,0.92
cd14e7bf-b6f9-47fc-b802-28c82ebe4469,Candace Aster Residence,candace aster residence,Master Developer / DLD Registered,Dubai,Al Furjan & Discovery Gardens,AE,"Candace Aster Residence, Al Furjan & Discovery Gardens, Dubai, United Arab Emirates",,Luxury High-Rise Tower,12,96,DLD-PRJ-96818,62614 25697,25.026146,55.156977,Premium Residential,osm_dld_cadastral_enriched,0.92
effebe96-0443-4869-b668-0118974a3f7f,Candace Acacia Residence,candace acacia residence,Master Developer / DLD Registered,Dubai,Al Furjan & Discovery Gardens,AE,"Candace Acacia Residence, Al Furjan & Discovery Gardens, Dubai, United Arab Emirates",,Luxury High-Rise Tower,12,96,DLD-PRJ-89174,62553 25781,25.025536,55.15781,Premium Residential,osm_dld_cadastral_enriched,0.92
4a3c4d93-fc17-4422-9af6-a23b279dab60,Grace Residency,grace residency,Master Developer / DLD Registered,Dubai,Al Furjan & Discovery Gardens,AE,"Grace Residency, Al Furjan & Discovery Gardens, Dubai, United Arab Emirates",,Gated Residential Society,9,72,DLD-PRJ-25351,62506 25851,25.025061,55.158517,Premium Residential,osm_dld_cadastral_enriched,0.92
31f159a6-66b5-47bb-8d5e-d9c261af7083,Barsha Residence,barsha residence,Master Developer / DLD Registered,Dubai,Al Barsha & Barsha Heights (TECOM),AE,"Barsha Residence, Al Barsha & Barsha Heights (TECOM), Dubai, United Arab Emirates",,Luxury High-Rise Tower,15,120,DLD-PRJ-47119,71508 30354,25.115088,55.203545,Premium Residential,osm_dld_cadastral_enriched,0.92
6657c578-2047-463a-afef-01bcfef18ac6,Al Shaya Building,al shaya building,Master Developer / DLD Registered,Dubai,Al Barsha & Barsha Heights (TECOM),AE,"Al Shaya Building, Al Barsha & Barsha Heights (TECOM), Dubai, United Arab Emirates",,Gated Residential Society,9,72,DLD-PRJ-66244,71568 30647,25.115689,55.206475,Premium Residential,osm_dld_cadastral_enriched,0.92
19d4c438-ba90-4f8a-936b-a1c4b646b9e0,A.W. Bin Shabib Building,a w bin shabib building,Master Developer / DLD Registered,Dubai,Al Mamzar & Waterfront Towers,AE,"A.W. Bin Shabib Building, Al Mamzar & Waterfront Towers, Dubai, United Arab Emirates",,Luxury High-Rise Tower,14,112,DLD-PRJ-57590,89533 47062,25.29534,55.370627,Premium Residential,osm_dld_cadastral_enriched,0.92
b3029b86-8f73-4739-90c8-9f4a4e5de20a,Arabian Gates,arabian gates,Master Developer / DLD Registered,Dubai,Dubai Silicon Oasis & Liwan,AE,"Arabian Gates, Dubai Silicon Oasis, Ned Hessa, Dubai Silicon Oasis & Liwan, Dubai, United Arab Emirates",,Luxury High-Rise Tower,15,120,DLD-PRJ-54565,72321 49854,25.123213,55.398545,Premium Residential,osm_dld_cadastral_enriched,0.92
a4199ae9-1905-4bf2-8c21-1a8efc58e2c9,Jeewar Tower,jeewar tower,Master Developer / DLD Registered,Dubai,Jumeirah Village Circle (JVC),AE,"Jeewar Tower, Jumeirah Village Circle (JVC), Dubai, United Arab Emirates",,Ultra-Luxury High-Rise Tower,27,216,DLD-PRJ-97930,65914 30950,25.059146,55.209507,Premium Residential,osm_dld_cadastral_enriched,0.92
3213684e-222f-4098-a779-4fe14b030e98,Flamingo,flamingo,Master Developer / DLD Registered,Dubai,Jumeirah Village Circle (JVC),AE,"Flamingo, Jumeirah Village Circle (JVC), Dubai, United Arab Emirates",,Gated Residential Society,5,40,DLD-PRJ-30016,66163 30018,25.061633,55.200182,Premium Residential,osm_dld_cadastral_enriched,0.92
8f11a51b-9ab5-49ef-acf4-ef53e97a0c13,Elhas 02 Apartments,elhas 02 apartments,Master Developer / DLD Registered,Dubai,Dubai Silicon Oasis & Liwan,AE,"Elhas 02 Apartments, Dubai Silicon Oasis & Liwan, Dubai, United Arab Emirates",,Gated Residential Society,5,40,DLD-PRJ-69806,74259 50091,25.142596,55.400918,Premium Residential,osm_dld_cadastral_enriched,0.92
d3bea201-ae7b-4a55-b102-5b63f001cb7c,Al Hikma Residence,al hikma residence,Master Developer / DLD Registered,Dubai,Dubai Silicon Oasis & Liwan,AE,"Al Hikma Residence, Dubai Silicon Oasis & Liwan, Dubai, United Arab Emirates",,Luxury High-Rise Tower,6,48,DLD-PRJ-39437,74177 50019,25.141779,55.400194,Premium Residential,osm_dld_cadastral_enriched,0.92
bc052710-bc8a-4e64-ab7a-807edbaef061,Murano Residences 5,murano residences 5,Master Developer / DLD Registered,Dubai,Al Furjan & Discovery Gardens,AE,"Murano Residences 5, Al Furjan & Discovery Gardens, Dubai, United Arab Emirates",,Luxury High-Rise Tower,5,40,DLD-PRJ-72585,62850 24030,25.028502,55.140304,Premium Residential,osm_dld_cadastral_enriched,0.92
ba883c6c-60cd-4639-8166-118933756a75,SAWAN RESIDENCE,sawan residence,Master Developer / DLD Registered,Dubai,Al Furjan & Discovery Gardens,AE,"SAWAN RESIDENCE, Al Furjan & Discovery Gardens, Dubai, United Arab Emirates",,Luxury High-Rise Tower,5,40,DLD-PRJ-20803,62508 24037,25.025082,55.140371,Premium Residential,osm_dld_cadastral_enriched,0.92
c7f0ef4b-3d3e-4c66-845a-76c2193d6347,Marriott Marquis Dubai Creek M4,marriott marquis dubai creek m4,Master Developer / DLD Registered,Dubai,Bur Dubai & Deira Waterfront,AE,"Marriott Marquis Dubai Creek M4, Bur Dubai & Deira Waterfront, Dubai, United Arab Emirates",,Luxury High-Rise Tower,17,136,DLD-PRJ-40485,85189 42513,25.251895,55.325133,Premium Residential,osm_dld_cadastral_enriched,0.92
25e01545-1499-4356-8d91-0ebcaf71a96a,174,174,Master Developer / DLD Registered,Dubai,Al Furjan & Discovery Gardens,AE,"174, Al Furjan & Discovery Gardens, Dubai, United Arab Emirates",,Gated Residential Society,6,48,DLD-PRJ-28945,63621 24772,25.036212,55.147728,Premium Residential,osm_dld_cadastral_enriched,0.92
5610a0ff-abc0-4a8b-9789-892799056c66,171,171,Master Developer / DLD Registered,Dubai,Al Furjan & Discovery Gardens,AE,"171, Al Furjan & Discovery Gardens, Dubai, United Arab Emirates",,Gated Residential Society,6,48,DLD-PRJ-26553,63740 24607,25.0374,55.14608,Premium Residential,osm_dld_cadastral_enriched,0.92
b38a5327-9491-49e6-b6f0-166d7bbbf8fa,Alpha Green Tower,alpha green tower,Master Developer / DLD Registered,Dubai,Jumeirah Village Circle (JVC),AE,"Alpha Green Tower, Jumeirah Village Circle (JVC), Dubai, United Arab Emirates",,Ultra-Luxury High-Rise Tower,33,264,DLD-PRJ-95467,65736 31315,25.057367,55.213157,Premium Residential,osm_dld_cadastral_enriched,0.92
766e8af3-dcc9-4835-a6cd-e0e2d5baadb1,GMM Tower,gmm tower,Master Developer / DLD Registered,Dubai,Jumeirah Village Circle (JVC),AE,"GMM Tower, Jumeirah Village Circle (JVC), Dubai, United Arab Emirates",,Luxury High-Rise Tower,15,120,DLD-PRJ-22010,65383 31214,25.053833,55.212146,Premium Residential,osm_dld_cadastral_enriched,0.92
a2059cec-fe0a-4d17-b60f-55395ec1df56,Hessa Views,hessa views,Master Developer / DLD Registered,Dubai,Jumeirah Village Circle (JVC),AE,"Hessa Views, Dana Road, Jumeirah Village Circle (JVC), Dubai, United Arab Emirates",,Ultra-Luxury High-Rise Tower,20,160,DLD-PRJ-29111,65807 32022,25.058074,55.220228,Premium Residential,osm_dld_cadastral_enriched,0.92
8f0fa889-be37-4f7e-8ccd-3942bf9b1843,Aayah Residences,aayah residences,Master Developer / DLD Registered,Dubai,Jumeirah Village Circle (JVC),AE,"Aayah Residences, Dana Road, Jumeirah Village Circle (JVC), Dubai, United Arab Emirates",,Ultra-Luxury High-Rise Tower,25,200,DLD-PRJ-91997,65538 32037,25.055381,55.22037,Premium Residential,osm_dld_cadastral_enriched,0.92
2a9a32c6-fef1-46b2-9bb9-3350e72d5f57,Central Park,central park,Master Developer / DLD Registered,Dubai,Jumeirah Village Circle (JVC),AE,"Central Park, Jumeirah Village Circle (JVC), Dubai, United Arab Emirates",,Gated Residential Society,5,40,DLD-PRJ-76891,65727 31607,25.057272,55.216079,Premium Residential,osm_dld_cadastral_enriched,0.92
d410b8da-6085-476a-936e-70b2ae3bdac4,Samha Residence 3,samha residence 3,Master Developer / DLD Registered,Dubai,Jumeirah Village Circle (JVC),AE,"Samha Residence 3, Dana Road, Jumeirah Village Circle (JVC), Dubai, United Arab Emirates",,Ultra-Luxury High-Rise Tower,25,200,DLD-PRJ-90544,65701 32037,25.057011,55.22038,Premium Residential,osm_dld_cadastral_enriched,0.92
942a1717-dd49-4f98-b2bc-13600e99134b,Bayt Khalidia Building,bayt khalidia building,Master Developer / DLD Registered,Dubai,Dubai Silicon Oasis & Liwan,AE,"Bayt Khalidia Building, Dubai Silicon Oasis & Liwan, Dubai, United Arab Emirates",,Gated Residential Society,5,40,DLD-PRJ-54798,74153 49950,25.141537,55.399509,Premium Residential,osm_dld_cadastral_enriched,0.92
4a2401e1-93ab-4a8b-9367-c6138291db08,Legacy 37,legacy 37,Master Developer / DLD Registered,Dubai,Dubai Silicon Oasis & Liwan,AE,"Legacy 37, Dubai Silicon Oasis & Liwan, Dubai, United Arab Emirates",,Gated Residential Society,5,40,DLD-PRJ-84781,74177 49915,25.141778,55.399152,Premium Residential,osm_dld_cadastral_enriched,0.92
94120778-e391-47c5-94b7-b94e50043d5d,Asmawi Building,asmawi building,Master Developer / DLD Registered,Dubai,Dubai Silicon Oasis & Liwan,AE,"Asmawi Building, Dubai Silicon Oasis & Liwan, Dubai, United Arab Emirates",,Luxury High-Rise Tower,11,88,DLD-PRJ-38213,74244 49840,25.14244,55.398409,Premium Residential,osm_dld_cadastral_enriched,0.92
97dd6035-fbd5-430f-b239-a8c6f291ef2f,Al Mosa Building,al mosa building,Master Developer / DLD Registered,Dubai,Dubai Silicon Oasis & Liwan,AE,"Al Mosa Building, Dubai Silicon Oasis & Liwan, Dubai, United Arab Emirates",,Gated Residential Society,5,40,DLD-PRJ-19897,74333 49933,25.143338,55.399332,Premium Residential,osm_dld_cadastral_enriched,0.92
a5f66ea7-0d3a-47ad-be93-2cdb255e163a,Al Hashmi Building,al hashmi building,Master Developer / DLD Registered,Dubai,Dubai Silicon Oasis & Liwan,AE,"Al Hashmi Building, Dubai Silicon Oasis & Liwan, Dubai, United Arab Emirates",,Gated Residential Society,5,40,DLD-PRJ-25250,74321 50009,25.143217,55.400091,Premium Residential,osm_dld_cadastral_enriched,0.92
6d4d8156-7f59-4daf-b81a-f9b0e122e7ff,Al Batha 2 Building,al batha 2 building,Master Developer / DLD Registered,Dubai,Dubai Silicon Oasis & Liwan,AE,"Al Batha 2 Building, Dubai Silicon Oasis & Liwan, Dubai, United Arab Emirates",,Gated Residential Society,5,40,DLD-PRJ-65058,74288 49976,25.142889,55.399766,Premium Residential,osm_dld_cadastral_enriched,0.92
348fc133-3971-40f1-8bd1-c24d6aa7d29f,W20 Building,w20 building,Master Developer / DLD Registered,Dubai,Dubai Silicon Oasis & Liwan,AE,"W20 Building, Dubai Silicon Oasis & Liwan, Dubai, United Arab Emirates",,Gated Residential Society,7,56,DLD-PRJ-62152,74253 50022,25.142532,55.400224,Premium Residential,osm_dld_cadastral_enriched,0.92
82eea3f3-3700-4faa-aa32-3a936d83c6b2,Al Moosawi Grand Residence,al moosawi grand residence,Master Developer / DLD Registered,Dubai,Al Barsha & Barsha Heights (TECOM),AE,"Al Moosawi Grand Residence, Al Barsha & Barsha Heights (TECOM), Dubai, United Arab Emirates",,Luxury High-Rise Tower,14,112,DLD-PRJ-73014,71011 30447,25.110117,55.204477,Premium Residential,osm_dld_cadastral_enriched,0.92
26ea53e2-e952-4dac-a8cb-351a01b8cd53,Barsha Platinum,barsha platinum,Master Developer / DLD Registered,Dubai,Al Barsha & Barsha Heights (TECOM),AE,"Barsha Platinum, Al Barsha & Barsha Heights (TECOM), Dubai, United Arab Emirates",,Luxury High-Rise Tower,11,88,DLD-PRJ-73522,71049 30481,25.110494,55.20481,Premium Residential,osm_dld_cadastral_enriched,0.92
4ec61447-d708-4e36-92c1-09ef07008d46,Silicon Building,silicon building,Master Developer / DLD Registered,Dubai,Dubai Silicon Oasis & Liwan,AE,"Silicon Building, 92 Street, Dubai Silicon Oasis & Liwan, Dubai, United Arab Emirates",,Gated Residential Society,9,72,DLD-PRJ-88614,71379 48629,25.113799,55.386299,Premium Residential,osm_dld_cadastral_enriched,0.92
74a5e820-6972-472e-b249-5c12fcaf74d4,Adamas,adamas,Master Developer / DLD Registered,Dubai,Dubai Silicon Oasis & Liwan,AE,"Adamas, 54 Street, Dubai Silicon Oasis & Liwan, Dubai, United Arab Emirates",,Gated Residential Society,8,64,DLD-PRJ-43302,71623 47854,25.116231,55.378545,Premium Residential,osm_dld_cadastral_enriched,0.92
700dd077-e876-467c-925b-03fdbdcd4753,Wasayf Building,wasayf building,Master Developer / DLD Registered,Dubai,Dubai Silicon Oasis & Liwan,AE,"Wasayf Building, 92 Street, Dubai Silicon Oasis & Liwan, Dubai, United Arab Emirates",,Gated Residential Society,9,72,DLD-PRJ-30718,71318 48716,25.113184,55.387169,Premium Residential,osm_dld_cadastral_enriched,0.92
22a7cdaa-aa36-40f8-ad81-b483a0340b4b,Al Jawhara,al jawhara,Master Developer / DLD Registered,Dubai,Dubai Silicon Oasis & Liwan,AE,"Al Jawhara, 69 Street, Dubai Silicon Oasis & Liwan, Dubai, United Arab Emirates",,Luxury High-Rise Tower,10,80,DLD-PRJ-79121,71240 48754,25.112405,55.387541,Premium Residential,osm_dld_cadastral_enriched,0.92
eb526ddd-90b7-4ba6-9a4d-1ed115d3979a,Art X Tower,art x tower,Master Developer / DLD Registered,Dubai,Dubai Silicon Oasis & Liwan,AE,"Art X Tower, 69 Street, Dubai Silicon Oasis & Liwan, Dubai, United Arab Emirates",,Luxury High-Rise Tower,9,72,DLD-PRJ-96944,71269 48790,25.112699,55.387902,Premium Residential,osm_dld_cadastral_enriched,0.92
01e64f34-e3cd-441e-aa86-b3033aac7d02,Palace,palace,Master Developer / DLD Registered,Dubai,Dubai Silicon Oasis & Liwan,AE,"Palace, 63 Street, Dubai Silicon Oasis & Liwan, Dubai, United Arab Emirates",,Ultra-Luxury High-Rise Tower,23,184,DLD-PRJ-99805,71619 49065,25.116195,55.390654,Premium Residential,osm_dld_cadastral_enriched,0.92
327f3db4-d9d6-41ed-bea7-cc0dc33c7560,Liwa Oasis 1,liwa oasis 1,Master Developer / DLD Registered,Dubai,Dubai Silicon Oasis & Liwan,AE,"Liwa Oasis 1, 90 Street, Dubai Silicon Oasis & Liwan, Dubai, United Arab Emirates",,Gated Residential Society,9,72,DLD-PRJ-58844,71825 49147,25.11825,55.391478,Premium Residential,osm_dld_cadastral_enriched,0.92
3281b962-a133-4689-a55f-4696f9b99882,Liwa Oasis 2,liwa oasis 2,Master Developer / DLD Registered,Dubai,Dubai Silicon Oasis & Liwan,AE,"Liwa Oasis 2, 90 Street, Dubai Silicon Oasis & Liwan, Dubai, United Arab Emirates",,Gated Residential Society,9,72,DLD-PRJ-84078,71848 49192,25.118482,55.391926,Premium Residential,osm_dld_cadastral_enriched,0.92
58e2a868-5b4f-4d0b-a629-3eb9024ff429,Telal 10,telal 10,Master Developer / DLD Registered,Dubai,Dubai Silicon Oasis & Liwan,AE,"Telal 10, 55 Street, Dubai Silicon Oasis & Liwan, Dubai, United Arab Emirates",,Luxury High-Rise Tower,12,96,DLD-PRJ-43430,71776 49244,25.117762,55.392449,Premium Residential,osm_dld_cadastral_enriched,0.92
4f35ae31-430e-41ce-bb44-da91daa3a379,Latif Residence,latif residence,Master Developer / DLD Registered,Dubai,Dubai Silicon Oasis & Liwan,AE,"Latif Residence, 90 Street, Dubai Silicon Oasis & Liwan, Dubai, United Arab Emirates",,Luxury High-Rise Tower,9,72,DLD-PRJ-44395,71817 49360,25.118176,55.393608,Premium Residential,osm_dld_cadastral_enriched,0.92
a4da2242-ff34-4bca-b79a-06bd7a258936,Ocean Residencia,ocean residencia,Master Developer / DLD Registered,Dubai,Dubai Silicon Oasis & Liwan,AE,"Ocean Residencia, 90 Street, Dubai Silicon Oasis & Liwan, Dubai, United Arab Emirates",,Luxury High-Rise Tower,10,80,DLD-PRJ-39487,71838 49401,25.118382,55.394017,Premium Residential,osm_dld_cadastral_enriched,0.92
ac2153b0-77df-4df3-be3c-aacd31a9d2cf,Al Falak Residence,al falak residence,Master Developer / DLD Registered,Dubai,Dubai Silicon Oasis & Liwan,AE,"Al Falak Residence, Dubai Silicon Oasis & Liwan, Dubai, United Arab Emirates",,Luxury High-Rise Tower,9,72,DLD-PRJ-64353,71912 49642,25.119129,55.396428,Premium Residential,osm_dld_cadastral_enriched,0.92
104abc44-08a3-4850-a5df-cdc39c42ebc4,Dar Munira,dar munira,Master Developer / DLD Registered,Dubai,Dubai Silicon Oasis & Liwan,AE,"Dar Munira, 55 Street, Dubai Silicon Oasis & Liwan, Dubai, United Arab Emirates",,Gated Residential Society,9,72,DLD-PRJ-81828,71691 49237,25.116915,55.392371,Premium Residential,osm_dld_cadastral_enriched,0.92
4ae2dad8-e76c-4c20-9ac3-32042c1d015e,Al Asmawi Tower,al asmawi tower,Master Developer / DLD Registered,Dubai,Dubai Silicon Oasis & Liwan,AE,"Al Asmawi Tower, 55 Street, Dubai Silicon Oasis & Liwan, Dubai, United Arab Emirates",,Luxury High-Rise Tower,8,64,DLD-PRJ-30723,71749 49204,25.117494,55.392046,Premium Residential,osm_dld_cadastral_enriched,0.92
57f706ad-250b-4d04-a06f-6eadf3ae61dd,GRK RESIDENCY,grk residency,Master Developer / DLD Registered,Dubai,Dubai Silicon Oasis & Liwan,AE,"GRK RESIDENCY, Dubai Silicon Oasis & Liwan, Dubai, United Arab Emirates",,Gated Residential Society,9,72,DLD-PRJ-89339,71570 48938,25.115705,55.389389,Premium Residential,osm_dld_cadastral_enriched,0.92
fd4f47b0-b477-4d74-925e-1e5eda74ae18,Suntech Tower,suntech tower,Master Developer / DLD Registered,Dubai,Dubai Silicon Oasis & Liwan,AE,"Suntech Tower, Dubai Silicon Oasis & Liwan, Dubai, United Arab Emirates",,Luxury High-Rise Tower,10,80,DLD-PRJ-19619,72202 47378,25.122026,55.373784,Premium Residential,osm_dld_cadastral_enriched,0.92
df3d1e00-9dd7-4cc4-a4ae-c8339a9e8a52,Venezia Residence,venezia residence,Master Developer / DLD Registered,Dubai,Dubai Silicon Oasis & Liwan,AE,"Venezia Residence, 54 Street, Dubai Silicon Oasis & Liwan, Dubai, United Arab Emirates",,Luxury High-Rise Tower,10,80,DLD-PRJ-52364,71975 47262,25.119751,55.372624,Premium Residential,osm_dld_cadastral_enriched,0.92
755cc00f-86a6-4b61-b1eb-db74e0c222de,Blue Star,blue star,Master Developer / DLD Registered,Dubai,Dubai Silicon Oasis & Liwan,AE,"Blue Star, 54 Street, Dubai Silicon Oasis & Liwan, Dubai, United Arab Emirates",,Luxury High-Rise Tower,11,88,DLD-PRJ-59014,71999 47301,25.12,55.373018,Premium Residential,osm_dld_cadastral_enriched,0.92
2c46d780-4245-4997-9cb7-2c82a2b606ef,Azure Residences,azure residences,Master Developer / DLD Registered,Dubai,Dubai Silicon Oasis & Liwan,AE,"Azure Residences, 54 Street, Dubai Silicon Oasis & Liwan, Dubai, United Arab Emirates",,Luxury High-Rise Tower,10,80,DLD-PRJ-42718,72026 47339,25.120264,55.373392,Premium Residential,osm_dld_cadastral_enriched,0.92
fb473eef-09af-4e6b-804d-0f76579ce5df,Blue Oasis Building,blue oasis building,Master Developer / DLD Registered,Dubai,Dubai Silicon Oasis & Liwan,AE,"Blue Oasis Building, 54 Street, Dubai Silicon Oasis & Liwan, Dubai, United Arab Emirates",,Luxury High-Rise Tower,10,80,DLD-PRJ-57363,72052 47381,25.120521,55.373813,Premium Residential,osm_dld_cadastral_enriched,0.92
2a1287da-9ebe-45f0-b11a-eb5f8eabf408,Nibras Oasis 2,nibras oasis 2,Master Developer / DLD Registered,Dubai,Dubai Silicon Oasis & Liwan,AE,"Nibras Oasis 2, 55 Street, Dubai Silicon Oasis & Liwan, Dubai, United Arab Emirates",,Gated Residential Society,9,72,DLD-PRJ-60738,71727 49361,25.117279,55.393617,Premium Residential,osm_dld_cadastral_enriched,0.92
756b6a2f-d0b5-4a9e-beec-3702f070f447,The Frame Tower,the frame tower,Master Developer / DLD Registered,Dubai,Al Mamzar & Waterfront Towers,AE,"The Frame Tower, Al Mamzar & Waterfront Towers, Dubai, United Arab Emirates",,Ultra-Luxury High-Rise Tower,24,192,DLD-PRJ-41283,90263 47097,25.302639,55.370973,Premium Residential,osm_dld_cadastral_enriched,0.92
7ca11bad-a79f-4006-b282-1b6ba2986bf3,Sahara,sahara,Master Developer / DLD Registered,Dubai,Al Mamzar & Waterfront Towers,AE,"Sahara, Al Nahda, Al Mamzar & Waterfront Towers, Dubai, United Arab Emirates",,Iconic Sky High-Rise Tower,40,320,DLD-PRJ-13891,89791 46648,25.297912,55.366489,Premium Residential,osm_dld_cadastral_enriched,0.92
1c43f652-9b71-4d25-ac4d-4f05a138099f,City Oasis 1,city oasis 1,Master Developer / DLD Registered,Dubai,Dubai Silicon Oasis & Liwan,AE,"City Oasis 1, 94 Street, Dubai Silicon Oasis & Liwan, Dubai, United Arab Emirates",,Gated Residential Society,9,72,DLD-PRJ-29640,72404 50309,25.124043,55.403097,Premium Residential,osm_dld_cadastral_enriched,0.92
e1c35319-fc6c-4267-984f-0ddb3bad9cc2,Al Nasser Building,al nasser building,Master Developer / DLD Registered,Dubai,Dubai Silicon Oasis & Liwan,AE,"Al Nasser Building, 94 Street, Dubai Silicon Oasis & Liwan, Dubai, United Arab Emirates",,Gated Residential Society,9,72,DLD-PRJ-38306,72508 50404,25.125089,55.404049,Premium Residential,osm_dld_cadastral_enriched,0.92
6f43886c-6a59-412e-86f9-3ea526a4cb76,Sandy Avenue - 7 Seasons,sandy avenue 7 seasons,Master Developer / DLD Registered,Dubai,Dubai Silicon Oasis & Liwan,AE,"Sandy Avenue - 7 Seasons, Dubai Silicon Oasis & Liwan, Dubai, United Arab Emirates",,Gated Residential Society,9,72,DLD-PRJ-66543,74280 49810,25.142809,55.398108,Premium Residential,osm_dld_cadastral_enriched,0.92
66748c33-bc00-442a-8983-865a432438b9,Al Owais Icon,al owais icon,Master Developer / DLD Registered,Dubai,Dubai Silicon Oasis & Liwan,AE,"Al Owais Icon, Dubai Silicon Oasis & Liwan, Dubai, United Arab Emirates",,Gated Residential Society,6,48,DLD-PRJ-50716,74247 49922,25.142478,55.399229,Premium Residential,osm_dld_cadastral_enriched,0.92
77b118a4-33ae-4b88-9492-d3265e54ac72,Amna Building,amna building,Master Developer / DLD Registered,Dubai,Dubai Silicon Oasis & Liwan,AE,"Amna Building, Dubai Silicon Oasis & Liwan, Dubai, United Arab Emirates",,Gated Residential Society,7,56,DLD-PRJ-59976,74334 50084,25.143349,55.400843,Premium Residential,osm_dld_cadastral_enriched,0.92
cf1c02c3-7c79-4ac4-96d9-c8f401de737f,Nad Al Sheeba Creset,nad al sheeba creset,Master Developer / DLD Registered,Dubai,Dubai Silicon Oasis & Liwan,AE,"Nad Al Sheeba Creset, Dubai Silicon Oasis & Liwan, Dubai, United Arab Emirates",,Gated Residential Society,7,56,DLD-PRJ-75472,74465 49974,25.144659,55.399743,Premium Residential,osm_dld_cadastral_enriched,0.92
984c3083-984d-41dd-a028-ef59614d044d,OST,ost,Master Developer / DLD Registered,Dubai,Dubai Silicon Oasis & Liwan,AE,"OST, Dubai Silicon Oasis & Liwan, Dubai, United Arab Emirates",,Gated Residential Society,5,40,DLD-PRJ-92785,74425 49993,25.144255,55.399936,Premium Residential,osm_dld_cadastral_enriched,0.92
82940cab-e9f1-4d11-9845-9cd721f61bfb,Berlin Group 1,berlin group 1,Master Developer / DLD Registered,Dubai,Dubai Silicon Oasis & Liwan,AE,"Berlin Group 1, Dubai Silicon Oasis & Liwan, Dubai, United Arab Emirates",,Gated Residential Society,8,64,DLD-PRJ-54015,74382 50124,25.143828,55.401246,Premium Residential,osm_dld_cadastral_enriched,0.92
2102e36d-3537-46cc-b3e6-d68b6d042f9e,Nims Building,nims building,Master Developer / DLD Registered,Dubai,Dubai Silicon Oasis & Liwan,AE,"Nims Building, Dubai Silicon Oasis & Liwan, Dubai, United Arab Emirates",,Gated Residential Society,6,48,DLD-PRJ-57891,74433 50186,25.144332,55.401867,Premium Residential,osm_dld_cadastral_enriched,0.92
da352fc0-2da3-4065-9088-1a607e215bd9,Park Ville 07,park ville 07,Master Developer / DLD Registered,Dubai,International City & Warsan,AE,"Park Ville 07, International City & Warsan, Dubai, United Arab Emirates",,Gated Residential Society,7,56,DLD-PRJ-34681,75008 50154,25.150081,55.401545,Premium Residential,osm_dld_cadastral_enriched,0.92
2b31723e-a54b-4a94-986f-c6f9fad0e748,AB Residence,ab residence,Master Developer / DLD Registered,Dubai,International City & Warsan,AE,"AB Residence, International City & Warsan, Dubai, United Arab Emirates",,Luxury High-Rise Tower,6,48,DLD-PRJ-69198,75002 49708,25.150023,55.39708,Premium Residential,osm_dld_cadastral_enriched,0.92
2d3fce39-afa7-4ca5-a290-359dc07bdecc,BNH Smart Tower,bnh smart tower,Master Developer / DLD Registered,Dubai,International City & Warsan,AE,"BNH Smart Tower, International City & Warsan, Dubai, United Arab Emirates",,Luxury High-Rise Tower,8,64,DLD-PRJ-27961,75016 49591,25.150167,55.395916,Premium Residential,osm_dld_cadastral_enriched,0.92
22aa19c9-c748-423c-9b14-bc3f7dedf5e4,Le Bristot Building,le bristot building,Master Developer / DLD Registered,Dubai,International City & Warsan,AE,"Le Bristot Building, International City & Warsan, Dubai, United Arab Emirates",,Gated Residential Society,5,40,DLD-PRJ-81613,75083 49544,25.15084,55.395442,Premium Residential,osm_dld_cadastral_enriched,0.92
37221155-bf27-4dbe-8044-aa5dc8d32b18,Al Helai Al Zahby 2 Building,al helai al zahby 2 building,Master Developer / DLD Registered,Dubai,International City & Warsan,AE,"Al Helai Al Zahby 2 Building, International City & Warsan, Dubai, United Arab Emirates",,Gated Residential Society,6,48,DLD-PRJ-63250,75095 49485,25.150955,55.39486,Premium Residential,osm_dld_cadastral_enriched,0.92
5b1e57b3-9936-4b98-ac87-e6bed1dda454,Grand Building,grand building,Master Developer / DLD Registered,Dubai,International City & Warsan,AE,"Grand Building, International City & Warsan, Dubai, United Arab Emirates",,Gated Residential Society,8,64,DLD-PRJ-23433,75123 49575,25.151238,55.395757,Premium Residential,osm_dld_cadastral_enriched,0.92
25fd4cb0-4e06-4505-9346-104a73167cb4,Skyline 1,skyline 1,Master Developer / DLD Registered,Dubai,International City & Warsan,AE,"Skyline 1, International City & Warsan, Dubai, United Arab Emirates",,Gated Residential Society,5,40,DLD-PRJ-18880,75254 49639,25.152542,55.396396,Premium Residential,osm_dld_cadastral_enriched,0.92
e45489a5-6b9b-4308-bc78-a44ae3eb9993,Majestic One Building,majestic one building,Master Developer / DLD Registered,Dubai,International City & Warsan,AE,"Majestic One Building, International City & Warsan, Dubai, United Arab Emirates",,Gated Residential Society,8,64,DLD-PRJ-10459,75194 49694,25.151944,55.396949,Premium Residential,osm_dld_cadastral_enriched,0.92
14b716fa-9bb7-4331-9631-6ad31238eb90,Al Muhannad Building,al muhannad building,Master Developer / DLD Registered,Dubai,International City & Warsan,AE,"Al Muhannad Building, International City & Warsan, Dubai, United Arab Emirates",,Gated Residential Society,8,64,DLD-PRJ-27886,75273 49571,25.152732,55.395719,Premium Residential,osm_dld_cadastral_enriched,0.92
44271b9a-e4da-423d-a5ab-3c41840cf6fc,Sandy Signature,sandy signature,Master Developer / DLD Registered,Dubai,International City & Warsan,AE,"Sandy Signature, International City & Warsan, Dubai, United Arab Emirates",,Gated Residential Society,8,64,DLD-PRJ-73869,75322 49660,25.153222,55.396603,Premium Residential,osm_dld_cadastral_enriched,0.92
810e1c47-363a-4129-a5cd-7379f708d91b,Sandy Signature 2,sandy signature 2,Master Developer / DLD Registered,Dubai,International City & Warsan,AE,"Sandy Signature 2, International City & Warsan, Dubai, United Arab Emirates",,Gated Residential Society,9,72,DLD-PRJ-99448,75374 49531,25.153744,55.395311,Premium Residential,osm_dld_cadastral_enriched,0.92
6b8cea19-89da-4d31-a998-392c7073490f,Anax Tower,anax tower,Master Developer / DLD Registered,Dubai,International City & Warsan,AE,"Anax Tower, International City & Warsan, Dubai, United Arab Emirates",,Luxury High-Rise Tower,9,72,DLD-PRJ-74681,75232 49505,25.152322,55.395053,Premium Residential,osm_dld_cadastral_enriched,0.92
b9787201-98be-4420-8170-4b75730e8087,Rivington Heights - Al Seef Accomodation,rivington heights al seef accomodation,Master Developer / DLD Registered,Dubai,International City & Warsan,AE,"Rivington Heights - Al Seef Accomodation, International City & Warsan, Dubai, United Arab Emirates",,Luxury High-Rise Tower,8,64,DLD-PRJ-53176,75161 49491,25.15161,55.394914,Premium Residential,osm_dld_cadastral_enriched,0.92
8b34b743-c030-450b-ae16-98c06d9f90ec,Al Hoson Building,al hoson building,Master Developer / DLD Registered,Dubai,Dubai Silicon Oasis & Liwan,AE,"Al Hoson Building, Dubai Silicon Oasis & Liwan, Dubai, United Arab Emirates",,Gated Residential Society,7,56,DLD-PRJ-14181,74397 50402,25.143979,55.404026,Premium Residential,osm_dld_cadastral_enriched,0.92
c61de500-ea17-42b9-9290-c77097c26ec9,Aamna Residency,aamna residency,Master Developer / DLD Registered,Dubai,Dubai Silicon Oasis & Liwan,AE,"Aamna Residency, Dubai Silicon Oasis & Liwan, Dubai, United Arab Emirates",,Gated Residential Society,9,72,DLD-PRJ-37081,74436 50495,25.144369,55.404955,Premium Residential,osm_dld_cadastral_enriched,0.92
d5d0669a-fbf8-4d6b-a236-2c0434844541,Sky Light Building,sky light building,Master Developer / DLD Registered,Dubai,International City & Warsan,AE,"Sky Light Building, International City & Warsan, Dubai, United Arab Emirates",,Gated Residential Society,8,64,DLD-PRJ-12226,75152 49889,25.151523,55.398894,Premium Residential,osm_dld_cadastral_enriched,0.92
95cad9d0-23a3-47b4-bb6b-66fb625db863,Al Marsoumy Building,al marsoumy building,Master Developer / DLD Registered,Dubai,International City & Warsan,AE,"Al Marsoumy Building, International City & Warsan, Dubai, United Arab Emirates",,Gated Residential Society,7,56,DLD-PRJ-45524,75141 49220,25.151412,55.392205,Premium Residential,osm_dld_cadastral_enriched,0.92
4bb13ef3-7ba2-4546-9204-afb70867b5ad,Mansour Building,mansour building,Master Developer / DLD Registered,Dubai,Dubai Silicon Oasis & Liwan,AE,"Mansour Building, Dubai Silicon Oasis & Liwan, Dubai, United Arab Emirates",,Gated Residential Society,7,56,DLD-PRJ-88437,74470 49616,25.1447,55.396167,Premium Residential,osm_dld_cadastral_enriched,0.92
3a6a4b56-15da-4fac-845b-cb80b6cc833f,Jeera 4,jeera 4,Master Developer / DLD Registered,Dubai,Dubai Silicon Oasis & Liwan,AE,"Jeera 4, Dubai Silicon Oasis & Liwan, Dubai, United Arab Emirates",,Gated Residential Society,5,40,DLD-PRJ-62399,74420 49625,25.144202,55.396253,Premium Residential,osm_dld_cadastral_enriched,0.92
d20af7a6-ca7c-414a-a665-bab1c4be9f79,Radisson Blue Staff Accomodation,radisson blue staff accomodation,Master Developer / DLD Registered,Dubai,Dubai Silicon Oasis & Liwan,AE,"Radisson Blue Staff Accomodation, Dubai Silicon Oasis & Liwan, Dubai, United Arab Emirates",,Gated Residential Society,6,48,DLD-PRJ-95234,74405 49587,25.144058,55.395879,Premium Residential,osm_dld_cadastral_enriched,0.92
65a379c4-9583-453e-b90a-a9d8a5ae42f3,Al Jawaher Building,al jawaher building,Master Developer / DLD Registered,Dubai,Dubai Silicon Oasis & Liwan,AE,"Al Jawaher Building, Dubai Silicon Oasis & Liwan, Dubai, United Arab Emirates",,Gated Residential Society,7,56,DLD-PRJ-35239,74478 49204,25.14478,55.392049,Premium Residential,osm_dld_cadastral_enriched,0.92
b1da11ff-9ff0-4b83-96f0-3b62ab995304,Aliya Building,aliya building,Master Developer / DLD Registered,Dubai,Dubai Silicon Oasis & Liwan,AE,"Aliya Building, Dubai Silicon Oasis & Liwan, Dubai, United Arab Emirates",,Gated Residential Society,8,64,DLD-PRJ-31488,74412 49213,25.144123,55.392131,Premium Residential,osm_dld_cadastral_enriched,0.92
4b246c6c-9a2c-4e90-9ea5-e3f6ca627b90,Warsan Aksaya,warsan aksaya,Master Developer / DLD Registered,Dubai,Dubai Silicon Oasis & Liwan,AE,"Warsan Aksaya, Dubai Silicon Oasis & Liwan, Dubai, United Arab Emirates",,Gated Residential Society,8,64,DLD-PRJ-80015,74465 49078,25.144652,55.390787,Premium Residential,osm_dld_cadastral_enriched,0.92
d454cb22-9650-4f10-a4d1-102697304711,F49 Avenue,f49 avenue,Master Developer / DLD Registered,Dubai,Dubai Silicon Oasis & Liwan,AE,"F49 Avenue, Dubai Silicon Oasis & Liwan, Dubai, United Arab Emirates",,Gated Residential Society,6,48,DLD-PRJ-29322,74340 49399,25.143407,55.393997,Premium Residential,osm_dld_cadastral_enriched,0.92
aefb6886-2db8-4f64-93dd-5af49a8ae268,Khan 1 Building,khan 1 building,Master Developer / DLD Registered,Dubai,International City & Warsan,AE,"Khan 1 Building, International City & Warsan, Dubai, United Arab Emirates",,Gated Residential Society,7,56,DLD-PRJ-87939,75019 49819,25.150191,55.398198,Premium Residential,osm_dld_cadastral_enriched,0.92
fb12624f-8926-4ee3-b1ef-3ba2b24bd2f1,Park View Tower,park view tower,Master Developer / DLD Registered,Dubai,Jumeirah Village Circle (JVC),AE,"Park View Tower, Jumeirah Village Circle (JVC), Dubai, United Arab Emirates",,Ultra-Luxury High-Rise Tower,24,192,DLD-PRJ-62761,65416 30298,25.054163,55.202987,Premium Residential,osm_dld_cadastral_enriched,0.92
79758b43-f9d4-4f36-b47b-7e2c5b71765a,Equiti Arcade,equiti arcade,Master Developer / DLD Registered,Dubai,Al Furjan & Discovery Gardens,AE,"Equiti Arcade, Al Furjan, Al Furjan & Discovery Gardens, Dubai, United Arab Emirates",,Luxury High-Rise Tower,16,128,DLD-PRJ-97147,63306 23966,25.03307,55.139666,Premium Residential,osm_dld_cadastral_enriched,0.92
87e295ea-735f-41dd-8a12-09674f39fb9b,Block A,block a,Master Developer / DLD Registered,Dubai,Al Mamzar & Waterfront Towers,AE,"Block A, Al Mamzar & Waterfront Towers, Dubai, United Arab Emirates",,Ultra-Luxury High-Rise Tower,31,248,DLD-PRJ-45227,90166 47161,25.301661,55.371619,Premium Residential,osm_dld_cadastral_enriched,0.92
ad9ed5b3-03e2-4d8b-b0f7-97e8dd758afb,Block B,block b,Master Developer / DLD Registered,Dubai,Al Mamzar & Waterfront Towers,AE,"Block B, Al Mamzar & Waterfront Towers, Dubai, United Arab Emirates",,Ultra-Luxury High-Rise Tower,31,248,DLD-PRJ-54433,90184 47202,25.30184,55.372023,Premium Residential,osm_dld_cadastral_enriched,0.92
86a0fa9d-d814-4d36-accd-4b0351fe7824,Block C,block c,Master Developer / DLD Registered,Dubai,Al Mamzar & Waterfront Towers,AE,"Block C, Al Mamzar & Waterfront Towers, Dubai, United Arab Emirates",,Ultra-Luxury High-Rise Tower,31,248,DLD-PRJ-24514,90140 47175,25.301409,55.371757,Premium Residential,osm_dld_cadastral_enriched,0.92
90b6497f-3bfd-4b64-9839-7ebd2bf1d132,Block D,block d,Master Developer / DLD Registered,Dubai,Al Mamzar & Waterfront Towers,AE,"Block D, Al Mamzar & Waterfront Towers, Dubai, United Arab Emirates",,Ultra-Luxury High-Rise Tower,31,248,DLD-PRJ-84931,90159 47215,25.301592,55.372158,Premium Residential,osm_dld_cadastral_enriched,0.92
76329600-f6fb-4ab2-92ba-9da8a650946d,Juma Al Majid,juma al majid,Master Developer / DLD Registered,Dubai,Al Mamzar & Waterfront Towers,AE,"Juma Al Majid, Al Mamzar & Waterfront Towers, Dubai, United Arab Emirates",,Gated Residential Society,4,32,DLD-PRJ-41468,90011 47363,25.300111,55.373634,Premium Residential,osm_dld_cadastral_enriched,0.92
4150e4e4-a577-49ac-a469-9f7a7e3d058a,Catch Residences by IGO,catch residences by igo,Master Developer / DLD Registered,Dubai,Jumeirah Village Circle (JVC),AE,"Catch Residences by IGO, Dana Road, Jumeirah Village Circle (JVC), Dubai, United Arab Emirates",,Ultra-Luxury High-Rise Tower,21,168,DLD-PRJ-74102,65574 32051,25.055743,55.220511,Premium Residential,osm_dld_cadastral_enriched,0.92
1db0f0fa-3f03-4131-abd8-ded523252684,Al Hikma Residence,al hikma residence,Master Developer / DLD Registered,Dubai,Dubai Silicon Oasis & Liwan,AE,"Al Hikma Residence, 86 Street, Dubai Silicon Oasis & Liwan, Dubai, United Arab Emirates",,Luxury High-Rise Tower,9,72,DLD-PRJ-39437,71057 48294,25.110574,55.382943,Premium Residential,osm_dld_cadastral_enriched,0.92
8c070e9c-1b9f-4411-b05c-cc8022d055e6,Marriott Marquis Dubai Creek M3,marriott marquis dubai creek m3,Master Developer / DLD Registered,Dubai,Bur Dubai & Deira Waterfront,AE,"Marriott Marquis Dubai Creek M3, Bur Dubai & Deira Waterfront, Dubai, United Arab Emirates",,Luxury High-Rise Tower,17,136,DLD-PRJ-38082,85144 42545,25.251448,55.325458,Premium Residential,osm_dld_cadastral_enriched,0.92
ab84c09a-67de-4285-88fd-a0f5b01e5930,Marriott Marquis Dubai Creek M2,marriott marquis dubai creek m2,Master Developer / DLD Registered,Dubai,Bur Dubai & Deira Waterfront,AE,"Marriott Marquis Dubai Creek M2, Bur Dubai & Deira Waterfront, Dubai, United Arab Emirates",,Luxury High-Rise Tower,17,136,DLD-PRJ-44333,85111 42585,25.251111,55.325858,Premium Residential,osm_dld_cadastral_enriched,0.92
c49d518c-3648-4b75-a47e-5dd4351777a6,Belle Reve By Zimaya Properties,belle reve by zimaya properties,Master Developer / DLD Registered,Dubai,Jumeirah Village Circle (JVC),AE,"Belle Reve By Zimaya Properties, شارع 20, Jumeirah Village Circle (JVC), Dubai, United Arab Emirates",,Gated Residential Society,5,40,DLD-PRJ-58709,65610 30249,25.056106,55.202493,Premium Residential,osm_dld_cadastral_enriched,0.92
a6982442-538a-4ea1-a984-59aae01d1b39,Belle Vie By Zimaya Properties,belle vie by zimaya properties,Master Developer / DLD Registered,Dubai,Dubai Silicon Oasis & Liwan,AE,"Belle Vie By Zimaya Properties, 90 Street, Dubai Silicon Oasis & Liwan, Dubai, United Arab Emirates",,Gated Residential Society,8,64,DLD-PRJ-92385,71792 49319,25.117924,55.393199,Premium Residential,osm_dld_cadastral_enriched,0.92
2960dd78-4b23-4228-a5e8-712df50d3ac8,Silicon Residence 1,silicon residence 1,Master Developer / DLD Registered,Dubai,Dubai Silicon Oasis & Liwan,AE,"Silicon Residence 1, Sheikh Mohammed bin Zayed Road, Dubai Silicon Oasis & Liwan, Dubai, United Arab Emirates",,Luxury High-Rise Tower,3,24,DLD-PRJ-29734,73514 48875,25.135141,55.388758,Premium Residential,osm_dld_cadastral_enriched,0.92
5a88c8ff-7815-4875-8b78-6a19212f2f90,Al Shamsi Building,al shamsi building,Master Developer / DLD Registered,Dubai,Al Mamzar & Waterfront Towers,AE,"Al Shamsi Building, Al Mamzar & Waterfront Towers, Dubai, United Arab Emirates",,Luxury High-Rise Tower,14,112,DLD-PRJ-55024,89208 46861,25.292081,55.368614,Premium Residential,osm_dld_cadastral_enriched,0.92
556a0842-8dc2-4f4f-8ae1-f01613b0ddf5,Golden Sands 9,golden sands 9,Master Developer / DLD Registered,Dubai,Bur Dubai & Deira Waterfront,AE,"Golden Sands 9, 10b شارع, Bur Dubai & Deira Waterfront, Dubai, United Arab Emirates",,Gated Residential Society,7,56,DLD-PRJ-75484,85094 39509,25.250949,55.295097,Premium Residential,osm_dld_cadastral_enriched,0.92
76ba1fe5-25e7-4df9-a007-65e6543a6456,Bahwan Tower,bahwan tower,Master Developer / DLD Registered,Dubai,Al Barsha & Barsha Heights (TECOM),AE,"Bahwan Tower, 9 Street, Al Barsha & Barsha Heights (TECOM), Dubai, United Arab Emirates",,Luxury High-Rise Tower,9,72,DLD-PRJ-59171,71513 30432,25.115137,55.204328,Premium Residential,osm_dld_cadastral_enriched,0.92
bf11d4a0-6f00-42f2-b2d0-ccbbeeb2aa03,Al Manal Residence 1,al manal residence 1,Master Developer / DLD Registered,Dubai,Dubai Silicon Oasis & Liwan,AE,"Al Manal Residence 1, 90 Street, Dubai Silicon Oasis & Liwan, Dubai, United Arab Emirates",,Luxury High-Rise Tower,10,80,DLD-PRJ-29809,71948 49437,25.119487,55.394379,Premium Residential,osm_dld_cadastral_enriched,0.92
d893175a-ed18-4ef2-8c03-c511f92e9a2a,La Plage Tower,la plage tower,Master Developer / DLD Registered,Dubai,Al Mamzar & Waterfront Towers,AE,"La Plage Tower, Corniche Road Al Mamzar, Al Mamzar & Waterfront Towers, Dubai, United Arab Emirates",,Luxury High-Rise Tower,45,96,DLD-PRJ-74654,90821 45701,25.308213,55.357013,Premium Residential,osm_dld_cadastral_enriched,0.88
4666bc96-1476-4db0-a2e6-f8d19190652d,Nashwan,nashwan,Master Developer / DLD Registered,Dubai,Bur Dubai & Deira Waterfront,AE,"Nashwan, Bur Dubai & Deira Waterfront, Dubai, United Arab Emirates",,Gated Residential Society,0,96,DLD-PRJ-20487,84869 38652,25.248699,55.28652,Premium Residential,osm_dld_cadastral_enriched,0.88
1003e2ae-2364-47c1-b0da-4b4f8565d218,CBD-5 Supreme Residency,cbd 5 supreme residency,Master Developer / DLD Registered,Dubai,International City & Warsan,AE,"CBD-5 Supreme Residency, International City & Warsan, Dubai, United Arab Emirates",,Gated Residential Society,0,96,DLD-PRJ-18562,76609 50625,25.166098,55.406258,Premium Residential,osm_dld_cadastral_enriched,0.88
18e7cda1-7562-4679-bde0-88ef5e3c5c4d,Oasis Court,oasis court,Master Developer / DLD Registered,Dubai,Bur Dubai & Deira Waterfront,AE,"Oasis Court, Bur Dubai & Deira Waterfront, Dubai, United Arab Emirates",,Gated Residential Society,0,96,DLD-PRJ-52092,85904 40432,25.259042,55.304325,Premium Residential,osm_dld_cadastral_enriched,0.88
bf503760-59e9-4737-ac01-5e16bacb81a3,Khalifa Bakhit Real Estate LLC,khalifa bakhit real estate llc,Master Developer / DLD Registered,Dubai,International City & Warsan,AE,"Khalifa Bakhit Real Estate LLC, England cluster, International City & Warsan, Dubai, United Arab Emirates",,Gated Residential Society,0,96,DLD-PRJ-68620,77454 50486,25.174544,55.404862,Premium Residential,osm_dld_cadastral_enriched,0.88
026b912b-47fc-4917-b9ad-8b971e44720d,City Oasis 2,city oasis 2,Master Developer / DLD Registered,Dubai,Dubai Silicon Oasis & Liwan,AE,"City Oasis 2, Dubai Silicon Oasis & Liwan, Dubai, United Arab Emirates",,Gated Residential Society,0,96,DLD-PRJ-52630,72333 50201,25.123338,55.40202,Premium Residential,osm_dld_cadastral_enriched,0.88
accbe59f-9a05-499a-b894-1ba5c80c4394,Prime Residency 2,prime residency 2,Master Developer / DLD Registered,Dubai,International City & Warsan,AE,"Prime Residency 2, International City & Warsan, Dubai, United Arab Emirates",,Gated Residential Society,0,96,DLD-PRJ-31377,76522 49793,25.165224,55.397936,Premium Residential,osm_dld_cadastral_enriched,0.88
ebec6f2c-fb23-44ba-bfa6-adb3f3ca7b99,Al Waleed Real Estate - Karama 1,al waleed real estate karama 1,Master Developer / DLD Registered,Dubai,Bur Dubai & Deira Waterfront,AE,"Al Waleed Real Estate - Karama 1, Al Karama Street, Bur Dubai & Deira Waterfront, Dubai, United Arab Emirates",,Gated Residential Society,0,96,DLD-PRJ-78861,84383 40396,25.243835,55.303961,Premium Residential,osm_dld_cadastral_enriched,0.88
0f6e2b24-8c64-4e69-b5d0-34a061e39fb7,Al Waleed Real Estate - Karama 2,al waleed real estate karama 2,Master Developer / DLD Registered,Dubai,Bur Dubai & Deira Waterfront,AE,"Al Waleed Real Estate - Karama 2, Bur Dubai & Deira Waterfront, Dubai, United Arab Emirates",,Gated Residential Society,0,96,DLD-PRJ-45640,84499 40629,25.244992,55.3063,Premium Residential,osm_dld_cadastral_enriched,0.88
57d9800b-8cd3-4805-96de-71d5d58bdbff,Shadow Tower,shadow tower,Master Developer / DLD Registered,Dubai,Al Mamzar & Waterfront Towers,AE,"Shadow Tower, Corniche Road Al Mamzar, Al Mamzar & Waterfront Towers, Dubai, United Arab Emirates",,Luxury High-Rise Tower,0,96,DLD-PRJ-83452,90860 46457,25.308607,55.364579,Premium Residential,osm_dld_cadastral_enriched,0.88
8004fef4-ad4c-4e6f-8273-6a72831b5053,Sunset Tower,sunset tower,Master Developer / DLD Registered,Dubai,Al Mamzar & Waterfront Towers,AE,"Sunset Tower, Corniche Road Al Mamzar, Al Mamzar & Waterfront Towers, Dubai, United Arab Emirates",,Luxury High-Rise Tower,0,96,DLD-PRJ-75657,91030 46468,25.310301,55.364687,Premium Residential,osm_dld_cadastral_enriched,0.88
09d2124e-f8b0-466c-b195-6d00041f241a,Qasr Al Saadah Tower,qasr al saadah tower,Master Developer / DLD Registered,Dubai,Al Mamzar & Waterfront Towers,AE,"Qasr Al Saadah Tower, Corniche Road Al Mamzar, Al Mamzar & Waterfront Towers, Dubai, United Arab Emirates",,Luxury High-Rise Tower,0,96,DLD-PRJ-98940,91241 46392,25.312411,55.363921,Premium Residential,osm_dld_cadastral_enriched,0.88
b8696329-ec19-4194-94a4-db2cc851fe9c,Sheikha Maryam Bint Ghanem Tower,sheikha maryam bint ghanem tower,Master Developer / DLD Registered,Dubai,Al Mamzar & Waterfront Towers,AE,"Sheikha Maryam Bint Ghanem Tower, Al Taawun Street, Al Mamzar & Waterfront Towers, Dubai, United Arab Emirates",,Luxury High-Rise Tower,0,96,DLD-PRJ-23788,90550 46359,25.305509,55.363591,Premium Residential,osm_dld_cadastral_enriched,0.88
d9dc2255-b84e-41c8-bc2f-40988223c4c4,AJZ RESIDENCES,ajz residences,Master Developer / DLD Registered,Dubai,Al Mamzar & Waterfront Towers,AE,"AJZ RESIDENCES, Corniche Road Al Mamzar, Al Mamzar & Waterfront Towers, Dubai, United Arab Emirates",,Luxury High-Rise Tower,0,96,DLD-PRJ-60220,91533 45920,25.315331,55.359208,Premium Residential,osm_dld_cadastral_enriched,0.88
db0d9123-2de0-4848-82af-09e6aa5b8ffc,Lagoon Tower,lagoon tower,Master Developer / DLD Registered,Dubai,Al Mamzar & Waterfront Towers,AE,"Lagoon Tower, Corniche Road Al Mamzar, Al Mamzar & Waterfront Towers, Dubai, United Arab Emirates",,Luxury High-Rise Tower,0,96,DLD-PRJ-37615,91502 45961,25.315026,55.359618,Premium Residential,osm_dld_cadastral_enriched,0.88
d060040d-d991-464c-b35d-3407f594eb23,Sahab Al Emarat,sahab al emarat,Master Developer / DLD Registered,Dubai,Al Mamzar & Waterfront Towers,AE,"Sahab Al Emarat, Corniche Road Al Mamzar, Al Mamzar & Waterfront Towers, Dubai, United Arab Emirates",,Gated Residential Society,0,96,DLD-PRJ-34832,91577 45862,25.315776,55.358627,Premium Residential,osm_dld_cadastral_enriched,0.88
b02de038-dd45-4b01-abbe-cf0749150aad,Tabarak Tower,tabarak tower,Master Developer / DLD Registered,Dubai,Al Mamzar & Waterfront Towers,AE,"Tabarak Tower, Corniche Road Al Mamzar, Al Mamzar & Waterfront Towers, Dubai, United Arab Emirates",,Luxury High-Rise Tower,0,96,DLD-PRJ-34330,91393 46091,25.313935,55.360912,Premium Residential,osm_dld_cadastral_enriched,0.88
7e42800f-0291-40dc-ab7d-9210d01d76f3,Dubai Creek Golf And Yacht Club Residences,dubai creek golf and yacht club residences,Master Developer / DLD Registered,Dubai,Bur Dubai & Deira Waterfront,AE,"Dubai Creek Golf And Yacht Club Residences, Bur Dubai & Deira Waterfront, Dubai, United Arab Emirates",,Luxury High-Rise Tower,0,96,DLD-PRJ-76994,84661 43495,25.246616,55.334952,Premium Residential,osm_dld_cadastral_enriched,0.88
027b519c-2455-4101-a775-75acd655fb54,Dubai Creek Golf And Yacht Club Residences,dubai creek golf and yacht club residences,Master Developer / DLD Registered,Dubai,Bur Dubai & Deira Waterfront,AE,"Dubai Creek Golf And Yacht Club Residences, Bur Dubai & Deira Waterfront, Dubai, United Arab Emirates",,Luxury High-Rise Tower,0,96,DLD-PRJ-76994,84869 43166,25.248696,55.331667,Premium Residential,osm_dld_cadastral_enriched,0.88
2cb7ac62-d4d1-46fd-9064-127c56742fba,Cedre Villas E,cedre villas e,Master Developer / DLD Registered,Dubai,Dubai Silicon Oasis & Liwan,AE,"Cedre Villas E, Dubai Silicon Oasis & Liwan, Dubai, United Arab Emirates",,Ultra-Luxury Gated Villa Community,0,96,DLD-PRJ-72086,72834 49716,25.128349,55.397164,Premium Residential,osm_dld_cadastral_enriched,0.88
1b4ffdb5-8740-4b98-906f-d00e131aef0b,Warsan 1,warsan 1,Master Developer / DLD Registered,Dubai,International City & Warsan,AE,"Warsan 1, International City & Warsan, Dubai, United Arab Emirates",,Gated Residential Society,0,96,DLD-PRJ-13231,76362 51040,25.163625,55.410408,Premium Residential,osm_dld_cadastral_enriched,0.88
fc472400-2ec3-4666-b15a-84d11bb65fb1,Le Grand Chateau,le grand chateau,Master Developer / DLD Registered,Dubai,Jumeirah Village Circle (JVC),AE,"Le Grand Chateau, Qmasha Street, Jumeirah Village Circle (JVC), Dubai, United Arab Emirates",,Gated Residential Society,0,96,DLD-PRJ-78978,66444 30739,25.06444,55.207397,Premium Residential,osm_dld_cadastral_enriched,0.88
d450890e-e946-4ed9-9c70-0c7d63a960c1,Al Murad,al murad,Master Developer / DLD Registered,Dubai,Al Barsha & Barsha Heights (TECOM),AE,"Al Murad, 13 Street, Al Barsha & Barsha Heights (TECOM), Dubai, United Arab Emirates",,Gated Residential Society,0,96,DLD-PRJ-55051,71355 30135,25.11355,55.201352,Premium Residential,osm_dld_cadastral_enriched,0.88
96890b91-c5cb-4a3b-a267-b5f9cf8a5bd5,O-03,o 03,Master Developer / DLD Registered,Dubai,International City & Warsan,AE,"O-03, International City & Warsan, Dubai, United Arab Emirates",,Gated Residential Society,0,96,DLD-PRJ-12626,76124 50805,25.161246,55.408053,Premium Residential,osm_dld_cadastral_enriched,0.88
0c428680-dc98-4571-945e-80d2950b7211,O-02,o 02,Master Developer / DLD Registered,Dubai,International City & Warsan,AE,"O-02, International City & Warsan, Dubai, United Arab Emirates",,Gated Residential Society,0,96,DLD-PRJ-30682,76121 50865,25.161213,55.408657,Premium Residential,osm_dld_cadastral_enriched,0.88
8a9fc864-0716-40c0-a582-73556fe52cee,P-09,p 09,Master Developer / DLD Registered,Dubai,International City & Warsan,AE,"P-09, International City & Warsan, Dubai, United Arab Emirates",,Gated Residential Society,0,96,DLD-PRJ-60203,76165 50407,25.161653,55.404079,Premium Residential,osm_dld_cadastral_enriched,0.88
efaffecd-6d75-4e63-b1b7-09e8dafd81a9,DSO Semmer Villas,dso semmer villas,Master Developer / DLD Registered,Dubai,Dubai Silicon Oasis & Liwan,AE,"DSO Semmer Villas, Dubai Silicon Oasis & Liwan, Dubai, United Arab Emirates",,Ultra-Luxury Gated Villa Community,0,96,DLD-PRJ-20316,71393 48199,25.11394,55.381996,Premium Residential,osm_dld_cadastral_enriched,0.88
06a9184e-61c6-4312-8d3e-7d754900d290,Cedre Villas A,cedre villas a,Master Developer / DLD Registered,Dubai,Dubai Silicon Oasis & Liwan,AE,"Cedre Villas A, Dubai Silicon Oasis & Liwan, Dubai, United Arab Emirates",,Ultra-Luxury Gated Villa Community,0,96,DLD-PRJ-66372,72291 49306,25.122919,55.393062,Premium Residential,osm_dld_cadastral_enriched,0.88
44e24ed1-5af0-4e37-8496-a5f3e8041b0b,Habib Bank AG Zurich,habib bank ag zurich,Master Developer / DLD Registered,Dubai,Bur Dubai & Deira Waterfront,AE,"Habib Bank AG Zurich, Khalid Bin Waleed Road, Bur Dubai & Deira Waterfront, Dubai, United Arab Emirates",,Gated Residential Society,0,96,DLD-PRJ-84013,85639 40002,25.256393,55.300024,Premium Residential,osm_dld_cadastral_enriched,0.88
e4d6975c-fa96-4240-bf3d-5ddfc7900642,Al Amri Building,al amri building,Master Developer / DLD Registered,Dubai,Bur Dubai & Deira Waterfront,AE,"Al Amri Building, 15b Street, Bur Dubai & Deira Waterfront, Dubai, United Arab Emirates",,Gated Residential Society,0,96,DLD-PRJ-30311,85053 39741,25.250531,55.297411,Premium Residential,osm_dld_cadastral_enriched,0.88
7c493483-0e90-498c-b6de-dde5f18c5be2,Symphony,symphony,Master Developer / DLD Registered,Dubai,Bur Dubai & Deira Waterfront,AE,"Symphony, 18th street, Bur Dubai & Deira Waterfront, Dubai, United Arab Emirates",,Gated Residential Society,0,96,DLD-PRJ-69482,85511 39950,25.255115,55.299503,Premium Residential,osm_dld_cadastral_enriched,0.88
10c2056a-7f7c-444e-b55f-cb2ac85159f7,Jumeirah Star,jumeirah star,Master Developer / DLD Registered,Dubai,Bur Dubai & Deira Waterfront,AE,"Jumeirah Star, 19a شارع, Bur Dubai & Deira Waterfront, Dubai, United Arab Emirates",,Gated Residential Society,0,96,DLD-PRJ-42407,85147 39358,25.251472,55.293586,Premium Residential,osm_dld_cadastral_enriched,0.88
d01bce16-466b-4da0-89fe-cf41e6308bc6,Mustafa Bin Abdul Lateef Bulding,mustafa bin abdul lateef bulding,Master Developer / DLD Registered,Dubai,Bur Dubai & Deira Waterfront,AE,"Mustafa Bin Abdul Lateef Bulding, 19a شارع, Bur Dubai & Deira Waterfront, Dubai, United Arab Emirates",,Gated Residential Society,0,96,DLD-PRJ-73221,85158 39298,25.251585,55.292986,Premium Residential,osm_dld_cadastral_enriched,0.88
3281ea25-8d0b-46eb-9919-950a92559361,Golden Sands 12,golden sands 12,Master Developer / DLD Registered,Dubai,Bur Dubai & Deira Waterfront,AE,"Golden Sands 12, 17a شارع, Bur Dubai & Deira Waterfront, Dubai, United Arab Emirates",,Gated Residential Society,0,96,DLD-PRJ-31032,85180 39328,25.25181,55.293287,Premium Residential,osm_dld_cadastral_enriched,0.88
5604b3d8-c7da-4f35-850b-edc17d0e6b95,ABC 1,abc 1,Master Developer / DLD Registered,Dubai,Bur Dubai & Deira Waterfront,AE,"ABC 1, 17a شارع, Bur Dubai & Deira Waterfront, Dubai, United Arab Emirates",,Gated Residential Society,0,96,DLD-PRJ-59044,85120 39446,25.251205,55.294463,Premium Residential,osm_dld_cadastral_enriched,0.88
e2af70a3-1861-4ad9-a111-f986342d2c17,AL Dar Building,al dar building,Master Developer / DLD Registered,Dubai,Bur Dubai & Deira Waterfront,AE,"AL Dar Building, 19a شارع, Bur Dubai & Deira Waterfront, Dubai, United Arab Emirates",,Gated Residential Society,0,96,DLD-PRJ-60972,85092 39423,25.250929,55.294233,Premium Residential,osm_dld_cadastral_enriched,0.88
32fd8926-c967-48ce-93cf-38b05380133f,Al Baha Building,al baha building,Master Developer / DLD Registered,Dubai,Bur Dubai & Deira Waterfront,AE,"Al Baha Building, Bur Dubai & Deira Waterfront, Dubai, United Arab Emirates",,Gated Residential Society,0,96,DLD-PRJ-81988,85299 39829,25.252992,55.298296,Premium Residential,osm_dld_cadastral_enriched,0.88
7d3d17cc-5948-4f81-94bd-1f5104fd7cb6,Al Baraha Building,al baraha building,Master Developer / DLD Registered,Dubai,Bur Dubai & Deira Waterfront,AE,"Al Baraha Building, 2nd Street, Bur Dubai & Deira Waterfront, Dubai, United Arab Emirates",,Gated Residential Society,0,96,DLD-PRJ-70979,88144 41472,25.281444,55.314727,Premium Residential,osm_dld_cadastral_enriched,0.88
139bbfdb-93fe-4233-9231-48f87675a260,France Cluster,france cluster,Master Developer / DLD Registered,Dubai,International City & Warsan,AE,"France Cluster, International City & Warsan, Dubai, United Arab Emirates",,Gated Residential Society,0,96,DLD-PRJ-58997,76156 50161,25.161561,55.401619,Premium Residential,osm_dld_cadastral_enriched,0.88
766bf1c6-88a2-4e64-8544-0dba87d2ac2c,Persia Cluster,persia cluster,Master Developer / DLD Registered,Dubai,International City & Warsan,AE,"Persia Cluster, International City & Warsan, Dubai, United Arab Emirates",,Gated Residential Society,0,96,DLD-PRJ-86345,75995 50894,25.159953,55.408943,Premium Residential,osm_dld_cadastral_enriched,0.88
96299998-2253-4bd1-9bf4-05ac8e9e3116,Greece Cluster,greece cluster,Master Developer / DLD Registered,Dubai,International City & Warsan,AE,"Greece Cluster, International City & Warsan, Dubai, United Arab Emirates",,Gated Residential Society,0,96,DLD-PRJ-23376,75615 50866,25.156152,55.408661,Premium Residential,osm_dld_cadastral_enriched,0.88
9df51c35-6eeb-4dd3-a6b1-9993df7ade94,I-12 Morocco,i 12 morocco,Master Developer / DLD Registered,Dubai,International City & Warsan,AE,"I-12 Morocco, morocco, International City & Warsan, Dubai, United Arab Emirates",,Gated Residential Society,0,96,DLD-PRJ-42670,76210 51928,25.162101,55.419289,Premium Residential,osm_dld_cadastral_enriched,0.88
9734b63c-e7cb-4eaf-81e3-244abc8afca4,J-06 Morocco,j 06 morocco,Master Developer / DLD Registered,Dubai,International City & Warsan,AE,"J-06 Morocco, International City & Warsan, Dubai, United Arab Emirates",,Gated Residential Society,0,96,DLD-PRJ-30731,76215 52009,25.162159,55.420098,Premium Residential,osm_dld_cadastral_enriched,0.88
9ce781a5-d6b4-4fbf-84a6-26fbd91c9105,J-05 Morocco,j 05 morocco,Master Developer / DLD Registered,Dubai,International City & Warsan,AE,"J-05 Morocco, International City & Warsan, Dubai, United Arab Emirates",,Gated Residential Society,0,96,DLD-PRJ-85058,76166 52058,25.161662,55.420588,Premium Residential,osm_dld_cadastral_enriched,0.88
2b5b8294-4e12-497e-9fdd-2cb8639f06a5,J-04 Morocco,j 04 morocco,Master Developer / DLD Registered,Dubai,International City & Warsan,AE,"J-04 Morocco, International City & Warsan, Dubai, United Arab Emirates",,Gated Residential Society,0,96,DLD-PRJ-89129,76112 52045,25.16112,55.420452,Premium Residential,osm_dld_cadastral_enriched,0.88
66f99647-d7d3-4d43-b0ad-0de55fd075e3,J-03 Morocco,j 03 morocco,Master Developer / DLD Registered,Dubai,International City & Warsan,AE,"J-03 Morocco, International City & Warsan, Dubai, United Arab Emirates",,Gated Residential Society,0,96,DLD-PRJ-45199,76082 52077,25.160823,55.420771,Premium Residential,osm_dld_cadastral_enriched,0.88
78ba192c-5faa-479d-b837-2a44dd1fd04f,S-22 Spain,s 22 spain,Master Developer / DLD Registered,Dubai,International City & Warsan,AE,"S-22 Spain, International City & Warsan, Dubai, United Arab Emirates",,Gated Residential Society,0,96,DLD-PRJ-22585,76466 50044,25.164662,55.400447,Premium Residential,osm_dld_cadastral_enriched,0.88
ae09b0a4-7e42-4e29-bbe3-a0ac0e477b84,S-11 Spain,s 11 spain,Master Developer / DLD Registered,Dubai,International City & Warsan,AE,"S-11 Spain, International City & Warsan, Dubai, United Arab Emirates",,Gated Residential Society,0,96,DLD-PRJ-33075,76436 50124,25.164364,55.401243,Premium Residential,osm_dld_cadastral_enriched,0.88
ce53a110-53e4-4007-88aa-aa2347ff26d4,S-08,s 08,Master Developer / DLD Registered,Dubai,International City & Warsan,AE,"S-08, International City & Warsan, Dubai, United Arab Emirates",,Gated Residential Society,0,96,DLD-PRJ-48249,76385 50349,25.163851,55.403491,Premium Residential,osm_dld_cadastral_enriched,0.88
e701bb48-a416-4e00-9bfe-c40f17c953f1,S-17 Spain,s 17 spain,Master Developer / DLD Registered,Dubai,International City & Warsan,AE,"S-17 Spain, International City & Warsan, Dubai, United Arab Emirates",,Gated Residential Society,0,96,DLD-PRJ-19414,76374 50431,25.16374,55.404316,Premium Residential,osm_dld_cadastral_enriched,0.88
9c28c4d7-47a0-45b1-bc5f-727a054031ae,S-16 Spain,s 16 spain,Master Developer / DLD Registered,Dubai,International City & Warsan,AE,"S-16 Spain, International City & Warsan, Dubai, United Arab Emirates",,Gated Residential Society,0,96,DLD-PRJ-38011,76421 50443,25.164213,55.404432,Premium Residential,osm_dld_cadastral_enriched,0.88
115157d2-e5ae-4603-bf3e-c49d8c7e0a3e,S-07 Spain,s 07 spain,Master Developer / DLD Registered,Dubai,International City & Warsan,AE,"S-07 Spain, International City & Warsan, Dubai, United Arab Emirates",,Gated Residential Society,0,96,DLD-PRJ-64052,76449 50360,25.164499,55.40361,Premium Residential,osm_dld_cadastral_enriched,0.88
8aec4c04-6888-4da8-92d0-43d619c6a970,S-02 Spain,s 02 spain,Master Developer / DLD Registered,Dubai,International City & Warsan,AE,"S-02 Spain, International City & Warsan, Dubai, United Arab Emirates",,Gated Residential Society,0,96,DLD-PRJ-13645,76474 50300,25.164748,55.403004,Premium Residential,osm_dld_cadastral_enriched,0.88
0e589c59-2229-41f6-b6f0-c2bb2ac80c5c,S-12 Spain,s 12 spain,Master Developer / DLD Registered,Dubai,International City & Warsan,AE,"S-12 Spain, International City & Warsan, Dubai, United Arab Emirates",,Gated Residential Society,0,96,DLD-PRJ-82386,76499 50130,25.164999,55.401307,Premium Residential,osm_dld_cadastral_enriched,0.88
24e62b3c-edcb-42b3-bb34-8faddd8a642f,S-23 Spain,s 23 spain,Master Developer / DLD Registered,Dubai,International City & Warsan,AE,"S-23 Spain, International City & Warsan, Dubai, United Arab Emirates",,Gated Residential Society,0,96,DLD-PRJ-48993,76512 50054,25.165126,55.400547,Premium Residential,osm_dld_cadastral_enriched,0.88
600e4b06-fff7-43f4-a9c4-d0f524d20f7f,T-08 Spain,t 08 spain,Master Developer / DLD Registered,Dubai,International City & Warsan,AE,"T-08 Spain, International City & Warsan, Dubai, United Arab Emirates",,Gated Residential Society,0,96,DLD-PRJ-71813,76535 49945,25.16536,55.399452,Premium Residential,osm_dld_cadastral_enriched,0.88
f73fa866-e148-4f97-bcf6-82223490b51d,T-03 Spain,t 03 spain,Master Developer / DLD Registered,Dubai,International City & Warsan,AE,"T-03 Spain, International City & Warsan, Dubai, United Arab Emirates",,Gated Residential Society,0,96,DLD-PRJ-44324,76564 49862,25.165642,55.398628,Premium Residential,osm_dld_cadastral_enriched,0.88
b8cdd54a-435c-41da-b9aa-d622d60f79f1,T-04 Spain,t 04 spain,Master Developer / DLD Registered,Dubai,International City & Warsan,AE,"T-04 Spain, International City & Warsan, Dubai, United Arab Emirates",,Gated Residential Society,0,96,DLD-PRJ-82169,76499 49851,25.164993,55.398519,Premium Residential,osm_dld_cadastral_enriched,0.88
a9305d08-af58-4015-b6f2-31caf437a20f,T-09 Spain,t 09 spain,Master Developer / DLD Registered,Dubai,International City & Warsan,AE,"T-09 Spain, International City & Warsan, Dubai, United Arab Emirates",,Gated Residential Society,0,96,DLD-PRJ-32729,76486 49931,25.164866,55.399311,Premium Residential,osm_dld_cadastral_enriched,0.88
6a7f7843-8fd0-4325-bd23-26502a747d4c,R-24,r 24,Master Developer / DLD Registered,Dubai,International City & Warsan,AE,"R-24, International City & Warsan, Dubai, United Arab Emirates",,Gated Residential Society,0,96,DLD-PRJ-90708,76340 49877,25.163401,55.39877,Premium Residential,osm_dld_cadastral_enriched,0.88
94f3d93d-7aa5-4024-8e01-2b0f02559d52,R-09,r 09,Master Developer / DLD Registered,Dubai,International City & Warsan,AE,"R-09, International City & Warsan, Dubai, United Arab Emirates",,Gated Residential Society,0,96,DLD-PRJ-27250,76344 49924,25.163446,55.399248,Premium Residential,osm_dld_cadastral_enriched,0.88
fbdb79cd-0af9-4ec2-8763-e2cc0c71984d,R-10,r 10,Master Developer / DLD Registered,Dubai,International City & Warsan,AE,"R-10, International City & Warsan, Dubai, United Arab Emirates",,Gated Residential Society,0,96,DLD-PRJ-14495,76333 49967,25.16333,55.399674,Premium Residential,osm_dld_cadastral_enriched,0.88
0cd42c38-d777-4c67-8dd6-5c10de3fcf1c,R-11,r 11,Master Developer / DLD Registered,Dubai,International City & Warsan,AE,"R-11, International City & Warsan, Dubai, United Arab Emirates",,Gated Residential Society,0,96,DLD-PRJ-40974,76308 50011,25.163086,55.400112,Premium Residential,osm_dld_cadastral_enriched,0.88
83450045-04e5-4345-904a-73aa1cd6c25e,R-12,r 12,Master Developer / DLD Registered,Dubai,International City & Warsan,AE,"R-12, International City & Warsan, Dubai, United Arab Emirates",,Gated Residential Society,0,96,DLD-PRJ-15755,76269 50049,25.162699,55.400493,Premium Residential,osm_dld_cadastral_enriched,0.88
4e3c0f25-c529-451d-bb54-c92351196d15,R-13,r 13,Master Developer / DLD Registered,Dubai,International City & Warsan,AE,"R-13, International City & Warsan, Dubai, United Arab Emirates",,Gated Residential Society,0,96,DLD-PRJ-26980,76208 50087,25.162082,55.400879,Premium Residential,osm_dld_cadastral_enriched,0.88
b52ae115-ee63-4d2a-8951-42434e822b45,R-14,r 14,Master Developer / DLD Registered,Dubai,International City & Warsan,AE,"R-14, International City & Warsan, Dubai, United Arab Emirates",,Gated Residential Society,0,96,DLD-PRJ-66581,76159 50073,25.161593,55.400738,Premium Residential,osm_dld_cadastral_enriched,0.88
051b67cf-f14e-4883-b378-e1072a8d878f,Spain Cluster,spain cluster,Master Developer / DLD Registered,Dubai,International City & Warsan,AE,"Spain Cluster, International City & Warsan, Dubai, United Arab Emirates",,Gated Residential Society,0,96,DLD-PRJ-93204,76487 50079,25.16487,55.400799,Premium Residential,osm_dld_cadastral_enriched,0.88
203764d4-6e02-42f2-ae9f-afcaaa61f45f,Italy Cluster,italy cluster,Master Developer / DLD Registered,Dubai,International City & Warsan,AE,"Italy Cluster, International City & Warsan, Dubai, United Arab Emirates",,Gated Residential Society,0,96,DLD-PRJ-59208,76781 50067,25.167813,55.400678,Premium Residential,osm_dld_cadastral_enriched,0.88
bb1fd1e2-83ec-4258-8578-71625ad2a49a,Central District,central district,Master Developer / DLD Registered,Dubai,International City & Warsan,AE,"Central District, International City & Warsan, Dubai, United Arab Emirates",,Gated Residential Society,0,96,DLD-PRJ-96681,76605 50739,25.166058,55.407394,Premium Residential,osm_dld_cadastral_enriched,0.88
915b62b5-265a-4b45-8616-eeefa3ac6d6e,China Cluster,china cluster,Master Developer / DLD Registered,Dubai,International City & Warsan,AE,"China Cluster, International City & Warsan, Dubai, United Arab Emirates",,Gated Residential Society,0,96,DLD-PRJ-67337,76662 51356,25.16663,55.413567,Premium Residential,osm_dld_cadastral_enriched,0.88
8f195f4b-d9a9-4c56-8ea6-0e2bd2fab6bb,Morocco Cluster,morocco cluster,Master Developer / DLD Registered,Dubai,International City & Warsan,AE,"Morocco Cluster, International City & Warsan, Dubai, United Arab Emirates",,Gated Residential Society,0,96,DLD-PRJ-69614,76248 51918,25.162484,55.419187,Premium Residential,osm_dld_cadastral_enriched,0.88
32a6f605-2f34-43b8-91b8-ff4e7d85e2f9,Emirates Cluster,emirates cluster,Master Developer / DLD Registered,Dubai,International City & Warsan,AE,"Emirates Cluster, International City & Warsan, Dubai, United Arab Emirates",,Gated Residential Society,0,96,DLD-PRJ-64211,76161 52209,25.161616,55.42209,Premium Residential,osm_dld_cadastral_enriched,0.88
ce8ce6bc-840b-4f5b-8406-4c1d3ea4964a,Russia Cluster,russia cluster,Master Developer / DLD Registered,Dubai,International City & Warsan,AE,"Russia Cluster, International City & Warsan, Dubai, United Arab Emirates",,Gated Residential Society,0,96,DLD-PRJ-24316,77047 50235,25.17047,55.402357,Premium Residential,osm_dld_cadastral_enriched,0.88
9558e53d-72cd-43b0-a9b3-2206149784a2,England Cluster,england cluster,Master Developer / DLD Registered,Dubai,International City & Warsan,AE,"England Cluster, International City & Warsan, Dubai, United Arab Emirates",,Gated Residential Society,0,96,DLD-PRJ-69226,77248 50486,25.172489,55.404869,Premium Residential,osm_dld_cadastral_enriched,0.88
a353b504-684f-4c59-8695-68811134acb4,Autumn 2,autumn 2,Master Developer / DLD Registered,Dubai,Jumeirah Village Circle (JVC),AE,"Autumn 2, Jumeirah Village Circle (JVC), Dubai, United Arab Emirates",,Gated Residential Society,0,96,DLD-PRJ-72223,65923 30320,25.05923,55.203209,Premium Residential,osm_dld_cadastral_enriched,0.88
d03b4147-796e-493b-98ac-4a5b867ebc07,Al Shamsi Building,al shamsi building,Master Developer / DLD Registered,Dubai,Bur Dubai & Deira Waterfront,AE,"Al Shamsi Building, Bur Dubai & Deira Waterfront, Dubai, United Arab Emirates",,Gated Residential Society,0,96,DLD-PRJ-36786,87227 42707,25.272272,55.327073,Premium Residential,osm_dld_cadastral_enriched,0.88
b4f87e9c-1b0e-4451-b607-999d68e74e3d,Mbr Dubai LLC,mbr dubai llc,Master Developer / DLD Registered,Dubai,Bur Dubai & Deira Waterfront,AE,"Mbr Dubai LLC, Bur Dubai & Deira Waterfront, Dubai, United Arab Emirates",,Gated Residential Society,0,96,DLD-PRJ-97287,86718 42789,25.267184,55.3279,Premium Residential,osm_dld_cadastral_enriched,0.88
0ab8427e-0c92-427a-9c4e-de4169137be5,Fairview Apaetments,fairview apaetments,Master Developer / DLD Registered,Dubai,Bur Dubai & Deira Waterfront,AE,"Fairview Apaetments, Street 19b, Bur Dubai & Deira Waterfront, Dubai, United Arab Emirates",,Gated Residential Society,0,96,DLD-PRJ-71501,84915 39771,25.249153,55.29772,Premium Residential,osm_dld_cadastral_enriched,0.88
ae323424-30f7-4135-b33e-772ec32d0e29,Dubai Palm Hotel,dubai palm hotel,Master Developer / DLD Registered,Dubai,Bur Dubai & Deira Waterfront,AE,"Dubai Palm Hotel, Al Muteena Street, Bur Dubai & Deira Waterfront, Dubai, United Arab Emirates",,Gated Residential Society,0,96,DLD-PRJ-70256,87311 41979,25.273113,55.319791,Premium Residential,osm_dld_cadastral_enriched,0.88
37513176-9040-446f-aa53-7e633f030356,129,129,Master Developer / DLD Registered,Dubai,Al Furjan & Discovery Gardens,AE,"129, Al Furjan & Discovery Gardens, Dubai, United Arab Emirates",,Gated Residential Society,0,96,DLD-PRJ-99293,64013 24298,25.040139,55.142985,Premium Residential,osm_dld_cadastral_enriched,0.88
7a453cc2-c740-43be-a3d8-8c08b72b490c,222,222,Master Developer / DLD Registered,Dubai,Al Furjan & Discovery Gardens,AE,"222, Al Furjan & Discovery Gardens, Dubai, United Arab Emirates",,Gated Residential Society,0,96,DLD-PRJ-74707,63044 25664,25.030446,55.156643,Premium Residential,osm_dld_cadastral_enriched,0.88
ce5a4b5d-0e6a-4ce4-b7a5-03ebd66157df,220,220,Master Developer / DLD Registered,Dubai,Al Furjan & Discovery Gardens,AE,"220, Al Furjan & Discovery Gardens, Dubai, United Arab Emirates",,Gated Residential Society,0,96,DLD-PRJ-96611,63050 25604,25.030508,55.156041,Premium Residential,osm_dld_cadastral_enriched,0.88
c0400879-4fef-4ab1-b03e-e3159f33ff15,221,221,Master Developer / DLD Registered,Dubai,Al Furjan & Discovery Gardens,AE,"221, Al Furjan & Discovery Gardens, Dubai, United Arab Emirates",,Gated Residential Society,0,96,DLD-PRJ-53212,62997 25617,25.029977,55.156175,Premium Residential,osm_dld_cadastral_enriched,0.88
c1375e37-a822-4efc-98c9-f939797a894d,104,104,Master Developer / DLD Registered,Dubai,Al Furjan & Discovery Gardens,AE,"104, Al Furjan & Discovery Gardens, Dubai, United Arab Emirates",,Gated Residential Society,0,96,DLD-PRJ-90770,64350 24186,25.04351,55.141862,Premium Residential,osm_dld_cadastral_enriched,0.88
8422f177-261b-4323-8d58-77fea6b0a452,102,102,Master Developer / DLD Registered,Dubai,Al Furjan & Discovery Gardens,AE,"102, Al Furjan & Discovery Gardens, Dubai, United Arab Emirates",,Gated Residential Society,0,96,DLD-PRJ-88996,64313 24129,25.043136,55.141295,Premium Residential,osm_dld_cadastral_enriched,0.88
1c18edc9-375a-4dbf-b662-aaf4895188be,District 9E,district 9e,Master Developer / DLD Registered,Dubai,Jumeirah Village Triangle (JVT),AE,"District 9E, Jumeirah Village Triangle (JVT), Dubai, United Arab Emirates",,Gated Residential Society,0,96,DLD-PRJ-47365,64374 28274,25.043743,55.182743,Premium Residential,osm_dld_cadastral_enriched,0.88
f635adfb-7a1f-42c2-b5bb-12592a16c939,District 9L,district 9l,Master Developer / DLD Registered,Dubai,Jumeirah Village Triangle (JVT),AE,"District 9L, Jumeirah Village Triangle (JVT), Dubai, United Arab Emirates",,Gated Residential Society,0,96,DLD-PRJ-17658,64485 28851,25.044857,55.188512,Premium Residential,osm_dld_cadastral_enriched,0.88
c2c47c72-68a5-4c35-a136-b8ed0af050c5,District 9K,district 9k,Master Developer / DLD Registered,Dubai,Jumeirah Village Triangle (JVT),AE,"District 9K, Jumeirah Village Triangle (JVT), Dubai, United Arab Emirates",,Gated Residential Society,0,96,DLD-PRJ-38525,64468 28760,25.044684,55.187601,Premium Residential,osm_dld_cadastral_enriched,0.88
b6adf01d-e7d6-40d7-a60a-07967147d092,Al Nasser Compound,al nasser compound,Master Developer / DLD Registered,Dubai,Al Barsha & Barsha Heights (TECOM),AE,"Al Nasser Compound, Al Barsha & Barsha Heights (TECOM), Dubai, United Arab Emirates",,Gated Residential Society,0,96,DLD-PRJ-67241,71247 30003,25.112473,55.200033,Premium Residential,osm_dld_cadastral_enriched,0.88
5ebbe93a-e4a0-46ab-b706-0917a7211b59,Casablanca Compound 1,casablanca compound 1,Master Developer / DLD Registered,Dubai,Al Barsha & Barsha Heights (TECOM),AE,"Casablanca Compound 1, Al Barsha & Barsha Heights (TECOM), Dubai, United Arab Emirates",,Gated Residential Society,0,96,DLD-PRJ-92566,70957 29981,25.109579,55.199812,Premium Residential,osm_dld_cadastral_enriched,0.88
dfd38301-ee3c-4164-a201-18ccb125c3d4,Al Barsha Villas,al barsha villas,Master Developer / DLD Registered,Dubai,Al Barsha & Barsha Heights (TECOM),AE,"Al Barsha Villas, Al Barsha & Barsha Heights (TECOM), Dubai, United Arab Emirates",,Ultra-Luxury Gated Villa Community,0,96,DLD-PRJ-21805,71076 29780,25.110765,55.197809,Premium Residential,osm_dld_cadastral_enriched,0.88
fd36dead-32f2-4617-bd8a-7616bdeb18b9,Bayti 40,bayti 40,Master Developer / DLD Registered,Dubai,Al Barsha & Barsha Heights (TECOM),AE,"Bayti 40, Al Barsha & Barsha Heights (TECOM), Dubai, United Arab Emirates",,Gated Residential Society,0,96,DLD-PRJ-24403,70598 29555,25.10599,55.195558,Premium Residential,osm_dld_cadastral_enriched,0.88
aa7584e2-f5b2-4aef-8be2-bdd4d7180c67,Casablanca Compound 2,casablanca compound 2,Master Developer / DLD Registered,Dubai,Al Barsha & Barsha Heights (TECOM),AE,"Casablanca Compound 2, Al Barsha & Barsha Heights (TECOM), Dubai, United Arab Emirates",,Gated Residential Society,0,96,DLD-PRJ-53293,70780 30054,25.107804,55.200546,Premium Residential,osm_dld_cadastral_enriched,0.88
0a4bc850-228e-4a4d-bf1c-f513a263b37a,Casablanca Compund 3,casablanca compund 3,Master Developer / DLD Registered,Dubai,Al Barsha & Barsha Heights (TECOM),AE,"Casablanca Compund 3, Al Barsha & Barsha Heights (TECOM), Dubai, United Arab Emirates",,Gated Residential Society,0,96,DLD-PRJ-64753,70832 30203,25.108321,55.202032,Premium Residential,osm_dld_cadastral_enriched,0.88
d6b817bd-3ccb-4077-a926-15b84447e214,Barsha Gardens,barsha gardens,Master Developer / DLD Registered,Dubai,Al Barsha & Barsha Heights (TECOM),AE,"Barsha Gardens, Al Barsha & Barsha Heights (TECOM), Dubai, United Arab Emirates",,Gated Residential Society,0,96,DLD-PRJ-50493,70664 30083,25.106648,55.200839,Premium Residential,osm_dld_cadastral_enriched,0.88
713f2185-837a-4a5c-bf17-2380862fcc62,Casablanca Compound 4,casablanca compound 4,Master Developer / DLD Registered,Dubai,Al Barsha & Barsha Heights (TECOM),AE,"Casablanca Compound 4, Al Barsha & Barsha Heights (TECOM), Dubai, United Arab Emirates",,Gated Residential Society,0,96,DLD-PRJ-66445,70732 30186,25.107322,55.201867,Premium Residential,osm_dld_cadastral_enriched,0.88
cbf86358-df60-4d93-88ed-926dad7faf3c,Mirabella 4,mirabella 4,Master Developer / DLD Registered,Dubai,Jumeirah Village Circle (JVC),AE,"Mirabella 4, Jumeirah Village Circle (JVC), Dubai, United Arab Emirates",,Gated Residential Society,0,96,DLD-PRJ-68060,66574 31183,25.06575,55.211832,Premium Residential,osm_dld_cadastral_enriched,0.88
95c881a2-f197-418a-877b-e4b050234adf,Mirabella 6,mirabella 6,Master Developer / DLD Registered,Dubai,Jumeirah Village Circle (JVC),AE,"Mirabella 6, Jumeirah Village Circle (JVC), Dubai, United Arab Emirates",,Gated Residential Society,0,96,DLD-PRJ-60381,66505 31376,25.065054,55.213765,Premium Residential,osm_dld_cadastral_enriched,0.88
6782209b-fc64-4aa7-b892-5de9af52414c,Mirabella 5,mirabella 5,Master Developer / DLD Registered,Dubai,Jumeirah Village Circle (JVC),AE,"Mirabella 5, Jumeirah Village Circle (JVC), Dubai, United Arab Emirates",,Gated Residential Society,0,96,DLD-PRJ-54066,66570 31426,25.065705,55.214267,Premium Residential,osm_dld_cadastral_enriched,0.88
ce5f1231-34cc-4ca0-a7e3-c7b52b62c298,Mirabelle 2,mirabelle 2,Master Developer / DLD Registered,Dubai,Jumeirah Village Circle (JVC),AE,"Mirabelle 2, Jumeirah Village Circle (JVC), Dubai, United Arab Emirates",,Gated Residential Society,0,96,DLD-PRJ-23549,66422 31146,25.064223,55.211461,Premium Residential,osm_dld_cadastral_enriched,0.88
f2635c34-15bb-4916-86b2-e7c20cd1a82e,Mirabelle 1,mirabelle 1,Master Developer / DLD Registered,Dubai,Jumeirah Village Circle (JVC),AE,"Mirabelle 1, Jumeirah Village Circle (JVC), Dubai, United Arab Emirates",,Gated Residential Society,0,96,DLD-PRJ-85549,66338 31125,25.06339,55.211255,Premium Residential,osm_dld_cadastral_enriched,0.88
d697485e-20d8-4b8e-879b-84d8d845bbe8,Diamond View 4,diamond view 4,Master Developer / DLD Registered,Dubai,Jumeirah Village Circle (JVC),AE,"Diamond View 4, Jumeirah Village Circle (JVC), Dubai, United Arab Emirates",,Gated Residential Society,0,96,DLD-PRJ-74268,66429 31622,25.06429,55.216225,Premium Residential,osm_dld_cadastral_enriched,0.88
a63c9686-43d9-43ec-944c-557ab2e7b669,Diamond View 2,diamond view 2,Master Developer / DLD Registered,Dubai,Jumeirah Village Circle (JVC),AE,"Diamond View 2, Jumeirah Village Circle (JVC), Dubai, United Arab Emirates",,Gated Residential Society,0,96,DLD-PRJ-11567,66323 31522,25.063237,55.215227,Premium Residential,osm_dld_cadastral_enriched,0.88
27806fae-2e74-445c-a807-19ec25198234,Mirabelle 8,mirabelle 8,Master Developer / DLD Registered,Dubai,Jumeirah Village Circle (JVC),AE,"Mirabelle 8, Jumeirah Village Circle (JVC), Dubai, United Arab Emirates",,Gated Residential Society,0,96,DLD-PRJ-69279,66352 31716,25.063529,55.217166,Premium Residential,osm_dld_cadastral_enriched,0.88
a3c0d2c7-13f5-4cef-9b3d-5b5c1b92985d,Indigo Ville 7,indigo ville 7,Master Developer / DLD Registered,Dubai,Jumeirah Village Circle (JVC),AE,"Indigo Ville 7, 5 Street, Jumeirah Village Circle (JVC), Dubai, United Arab Emirates",,Gated Residential Society,0,96,DLD-PRJ-70256,65850 29813,25.058507,55.198137,Premium Residential,osm_dld_cadastral_enriched,0.88
642c087a-1a8e-43a9-8169-628ea4bb33b5,Indigo Ville 8,indigo ville 8,Master Developer / DLD Registered,Dubai,Jumeirah Village Circle (JVC),AE,"Indigo Ville 8, Street 5, Jumeirah Village Circle (JVC), Dubai, United Arab Emirates",,Gated Residential Society,0,96,DLD-PRJ-24594,65579 29812,25.055799,55.198123,Premium Residential,osm_dld_cadastral_enriched,0.88
7928d2b8-d887-4608-9ee0-fdaeb53355ca,Al Barsha 3,al barsha 3,Master Developer / DLD Registered,Dubai,Al Barsha & Barsha Heights (TECOM),AE,"Al Barsha 3, Al Barsha & Barsha Heights (TECOM), Dubai, United Arab Emirates",,Gated Residential Society,0,96,DLD-PRJ-59080,69321 29823,25.093214,55.198233,Premium Residential,osm_dld_cadastral_enriched,0.88
512386fc-db52-4212-bfdb-f8b010d389ad,Al Barsha 1,al barsha 1,Master Developer / DLD Registered,Dubai,Al Barsha & Barsha Heights (TECOM),AE,"Al Barsha 1, Al Barsha & Barsha Heights (TECOM), Dubai, United Arab Emirates",,Gated Residential Society,0,96,DLD-PRJ-62744,70888 29533,25.10889,55.195333,Premium Residential,osm_dld_cadastral_enriched,0.88
67ae5e69-f0d1-4e68-afdc-3479212144ab,Seven,seven,Master Developer / DLD Registered,Dubai,Dubai Silicon Oasis & Liwan,AE,"Seven, Dubai Silicon Oasis & Liwan, Dubai, United Arab Emirates",,Gated Residential Society,0,96,DLD-PRJ-86425,71403 47258,25.114036,55.372588,Premium Residential,osm_dld_cadastral_enriched,0.88
ffc23f2d-f508-478c-afe1-a48c59abb5d9,Staff Accommodation,staff accommodation,Master Developer / DLD Registered,Dubai,Dubai Silicon Oasis & Liwan,AE,"Staff Accommodation, Dubai Silicon Oasis & Liwan, Dubai, United Arab Emirates",,Gated Residential Society,0,96,DLD-PRJ-18020,73373 49007,25.13373,55.390072,Premium Residential,osm_dld_cadastral_enriched,0.88
3de70a5d-6ed4-4c1a-ac44-420bd74c62a2,Mazaya 10B,mazaya 10b,Master Developer / DLD Registered,Dubai,Dubai Silicon Oasis & Liwan,AE,"Mazaya 10B, Dubai Silicon Oasis & Liwan, Dubai, United Arab Emirates",,Gated Residential Society,0,96,DLD-PRJ-17327,71434 46725,25.114344,55.367256,Premium Residential,osm_dld_cadastral_enriched,0.88
6f000dca-db37-4957-bebd-754b396c6735,Mazaya 10A,mazaya 10a,Master Developer / DLD Registered,Dubai,Dubai Silicon Oasis & Liwan,AE,"Mazaya 10A, Dubai Silicon Oasis & Liwan, Dubai, United Arab Emirates",,Gated Residential Society,0,96,DLD-PRJ-32065,71411 46771,25.114118,55.367711,Premium Residential,osm_dld_cadastral_enriched,0.88
90a620f5-755f-4089-bb99-99a4221f056d,Al Ahli Building,al ahli building,Master Developer / DLD Registered,Dubai,Al Mamzar & Waterfront Towers,AE,"Al Ahli Building, Al Mamzar & Waterfront Towers, Dubai, United Arab Emirates",,Gated Residential Society,0,96,DLD-PRJ-65919,89020 47201,25.290205,55.372013,Premium Residential,osm_dld_cadastral_enriched,0.88
da687e3a-9daf-4747-be74-0f2dd0190993,Block 12K,block 12k,Master Developer / DLD Registered,Dubai,Jumeirah Village Circle (JVC),AE,"Block 12K, Jumeirah Village Circle (JVC), Dubai, United Arab Emirates",,Gated Residential Society,0,96,DLD-PRJ-65233,65345 31669,25.053458,55.216698,Premium Residential,osm_dld_cadastral_enriched,0.88
f2892769-6fbd-43ee-8837-29c19c3ade66,Al Nasr Palace,al nasr palace,Master Developer / DLD Registered,Dubai,Bur Dubai & Deira Waterfront,AE,"Al Nasr Palace, Bur Dubai & Deira Waterfront, Dubai, United Arab Emirates",,Gated Residential Society,0,96,DLD-PRJ-93973,84363 41533,25.243631,55.315333,Premium Residential,osm_dld_cadastral_enriched,0.88
5c366262-057d-4538-9c36-b9c51ca3bf84,Al Nasr Plaza Residences,al nasr plaza residences,Master Developer / DLD Registered,Dubai,Bur Dubai & Deira Waterfront,AE,"Al Nasr Plaza Residences, Bur Dubai & Deira Waterfront, Dubai, United Arab Emirates",,Luxury High-Rise Tower,0,96,DLD-PRJ-94006,84370 41444,25.243708,55.314442,Premium Residential,osm_dld_cadastral_enriched,0.88
9749f6b9-7415-4ab1-af6a-872583a7c327,Block 7C,block 7c,Master Developer / DLD Registered,Dubai,Jumeirah Village Triangle (JVT),AE,"Block 7C, Jumeirah Village Triangle (JVT), Dubai, United Arab Emirates",,Gated Residential Society,0,96,DLD-PRJ-83003,65435 29085,25.054356,55.190857,Premium Residential,osm_dld_cadastral_enriched,0.88
b2953dc6-9943-4b87-be91-060c6b0d7eec,"District 7, Jumeirah Village Triangle",district 7 jumeirah village triangle,Master Developer / DLD Registered,Dubai,Jumeirah Village Triangle (JVT),AE,"District 7, Jumeirah Village Triangle, Jumeirah Village Triangle (JVT), Dubai, United Arab Emirates",,Ultra-Luxury Gated Villa Community,0,96,DLD-PRJ-62916,65524 29154,25.055249,55.191544,Premium Residential,osm_dld_cadastral_enriched,0.88
82fab290-897b-456c-9a51-e121fbd84e5c,Morocco J07,morocco j07,Master Developer / DLD Registered,Dubai,International City & Warsan,AE,"Morocco J07, International City & Warsan, Dubai, United Arab Emirates",,Gated Residential Society,0,96,DLD-PRJ-45671,76043 52017,25.160438,55.420178,Premium Residential,osm_dld_cadastral_enriched,0.88
0a323d47-149e-4132-9a81-0cd91a749c7d,CHINA A09,china a09,Master Developer / DLD Registered,Dubai,International City & Warsan,AE,"CHINA A09, International City & Warsan, Dubai, United Arab Emirates",,Gated Residential Society,0,96,DLD-PRJ-86143,76937 51185,25.169375,55.411857,Premium Residential,osm_dld_cadastral_enriched,0.88
7d7794f3-127d-47ca-84fe-aa3ff31a145f,CHINA B04,china b04,Master Developer / DLD Registered,Dubai,International City & Warsan,AE,"CHINA B04, International City & Warsan, Dubai, United Arab Emirates",,Gated Residential Society,0,96,DLD-PRJ-25861,76953 51388,25.169533,55.413882,Premium Residential,osm_dld_cadastral_enriched,0.88
ccc26f85-0055-4914-9a83-e18584736b65,CHINA A03,china a03,Master Developer / DLD Registered,Dubai,International City & Warsan,AE,"CHINA A03, International City & Warsan, Dubai, United Arab Emirates",,Gated Residential Society,0,96,DLD-PRJ-87823,77013 51152,25.170132,55.411527,Premium Residential,osm_dld_cadastral_enriched,0.88
8b6b7393-da48-4b18-bcf2-fefe071bbb22,CHINA A04,china a04,Master Developer / DLD Registered,Dubai,International City & Warsan,AE,"CHINA A04, International City & Warsan, Dubai, United Arab Emirates",,Gated Residential Society,0,96,DLD-PRJ-39247,76965 51073,25.169655,55.410731,Premium Residential,osm_dld_cadastral_enriched,0.88
23d3e04a-c6fb-42fb-bcd0-dc7a962f0b57,CHINA B01,china b01,Master Developer / DLD Registered,Dubai,International City & Warsan,AE,"CHINA B01, International City & Warsan, Dubai, United Arab Emirates",,Gated Residential Society,0,96,DLD-PRJ-85125,77013 51339,25.170138,55.413393,Premium Residential,osm_dld_cadastral_enriched,0.88
30f34753-64ff-430f-b7c7-bd3e05d19b44,CHINA B03,china b03,Master Developer / DLD Registered,Dubai,International City & Warsan,AE,"CHINA B03, International City & Warsan, Dubai, United Arab Emirates",,Gated Residential Society,0,96,DLD-PRJ-19196,77000 51467,25.170009,55.414678,Premium Residential,osm_dld_cadastral_enriched,0.88
f4a52160-6723-40d3-9441-806d42978f98,CHINA B02,china b02,Master Developer / DLD Registered,Dubai,International City & Warsan,AE,"CHINA B02, International City & Warsan, Dubai, United Arab Emirates",,Gated Residential Society,0,96,DLD-PRJ-43927,77063 51417,25.17063,55.414175,Premium Residential,osm_dld_cadastral_enriched,0.88
8b4dd3c8-4c1d-40ff-a07a-4b6038bda33f,CHINA A01,china a01,Master Developer / DLD Registered,Dubai,International City & Warsan,AE,"CHINA A01, International City & Warsan, Dubai, United Arab Emirates",,Gated Residential Society,0,96,DLD-PRJ-13181,77026 51025,25.170261,55.410252,Premium Residential,osm_dld_cadastral_enriched,0.88
2f2bb4b8-dd7e-4334-93b2-bf4331b0933a,CHINA A02,china a02,Master Developer / DLD Registered,Dubai,International City & Warsan,AE,"CHINA A02, International City & Warsan, Dubai, United Arab Emirates",,Gated Residential Society,0,96,DLD-PRJ-20706,77075 51101,25.170753,55.411011,Premium Residential,osm_dld_cadastral_enriched,0.88
96166de4-c6a9-4f88-a329-c0501e20a6c7,CHINA A05,china a05,Master Developer / DLD Registered,Dubai,International City & Warsan,AE,"CHINA A05, International City & Warsan, Dubai, United Arab Emirates",,Gated Residential Society,0,96,DLD-PRJ-84350,77092 51018,25.17092,55.410187,Premium Residential,osm_dld_cadastral_enriched,0.88
5d957bee-60fd-41f9-aab5-7cfb85596cf1,CHINA B08,china b08,Master Developer / DLD Registered,Dubai,International City & Warsan,AE,"CHINA B08, International City & Warsan, Dubai, United Arab Emirates",,Gated Residential Society,0,96,DLD-PRJ-85852,77066 51532,25.170663,55.41532,Premium Residential,osm_dld_cadastral_enriched,0.88
64a23db7-91d8-45bb-8b66-c809f4ce8eac,CHINA B07,china b07,Master Developer / DLD Registered,Dubai,International City & Warsan,AE,"CHINA B07, International City & Warsan, Dubai, United Arab Emirates",,Gated Residential Society,0,96,DLD-PRJ-71708,77103 51504,25.171032,55.415044,Premium Residential,osm_dld_cadastral_enriched,0.88
d0a5cf33-3bff-48e8-8595-e3555baec892,CHINA A11,china a11,Master Developer / DLD Registered,Dubai,International City & Warsan,AE,"CHINA A11, International City & Warsan, Dubai, United Arab Emirates",,Gated Residential Society,0,96,DLD-PRJ-63616,77182 51374,25.171827,55.413749,Premium Residential,osm_dld_cadastral_enriched,0.88
cae18239-7195-4ac9-9d93-7ba4a866e63f,CHINA A12,china a12,Master Developer / DLD Registered,Dubai,International City & Warsan,AE,"CHINA A12, International City & Warsan, Dubai, United Arab Emirates",,Gated Residential Society,0,96,DLD-PRJ-84856,77149 51434,25.171495,55.414344,Premium Residential,osm_dld_cadastral_enriched,0.88
5a7d01c5-2717-4e1e-9126-633dcb00f335,CHINA A13,china a13,Master Developer / DLD Registered,Dubai,International City & Warsan,AE,"CHINA A13, International City & Warsan, Dubai, United Arab Emirates",,Gated Residential Society,0,96,DLD-PRJ-42387,77188 51499,25.17189,55.414992,Premium Residential,osm_dld_cadastral_enriched,0.88
970d224c-8ff8-4a3d-bea8-c43d40db7b8c,CHINA B05,china b05,Master Developer / DLD Registered,Dubai,International City & Warsan,AE,"CHINA B05, International City & Warsan, Dubai, United Arab Emirates",,Gated Residential Society,0,96,DLD-PRJ-94287,77089 51307,25.170897,55.413071,Premium Residential,osm_dld_cadastral_enriched,0.88
34defdd4-2bad-4537-bb6e-32bcee175882,CHINA B06,china b06,Master Developer / DLD Registered,Dubai,International City & Warsan,AE,"CHINA B06, International City & Warsan, Dubai, United Arab Emirates",,Gated Residential Society,0,96,DLD-PRJ-59378,77119 51345,25.171199,55.413457,Premium Residential,osm_dld_cadastral_enriched,0.88
1d30ba14-2460-4a51-a69c-effa4e7a3f6b,CHINA A06,china a06,Master Developer / DLD Registered,Dubai,International City & Warsan,AE,"CHINA A06, International City & Warsan, Dubai, United Arab Emirates",,Gated Residential Society,0,96,DLD-PRJ-19297,77157 51103,25.171579,55.411037,Premium Residential,osm_dld_cadastral_enriched,0.88
d292b0b3-d3f0-4a88-9c85-6844fd606c08,CHINA A07,china a07,Master Developer / DLD Registered,Dubai,International City & Warsan,AE,"CHINA A07, International City & Warsan, Dubai, United Arab Emirates",,Gated Residential Society,0,96,DLD-PRJ-62148,77121 51193,25.171219,55.411937,Premium Residential,osm_dld_cadastral_enriched,0.88
44509129-99ac-497e-94a2-31511b8b42fd,CHINA A08,china a08,Master Developer / DLD Registered,Dubai,International City & Warsan,AE,"CHINA A08, International City & Warsan, Dubai, United Arab Emirates",,Gated Residential Society,0,96,DLD-PRJ-98620,77078 51231,25.170789,55.41231,Premium Residential,osm_dld_cadastral_enriched,0.88
4794791b-cf1e-4e59-8e6e-d3f8e56392d5,CHINA A10,china a10,Master Developer / DLD Registered,Dubai,International City & Warsan,AE,"CHINA A10, International City & Warsan, Dubai, United Arab Emirates",,Gated Residential Society,0,96,DLD-PRJ-66776,76908 51146,25.169083,55.41147,Premium Residential,osm_dld_cadastral_enriched,0.88
492acf80-14a6-4b8e-bdb6-42713c4fd444,CHINA B09,china b09,Master Developer / DLD Registered,Dubai,International City & Warsan,AE,"CHINA B09, International City & Warsan, Dubai, United Arab Emirates",,Gated Residential Society,0,96,DLD-PRJ-48200,76925 51502,25.169255,55.415021,Premium Residential,osm_dld_cadastral_enriched,0.88
b992344d-83ea-4ff4-8b45-c20f824f6371,CHINA B10,china b10,Master Developer / DLD Registered,Dubai,International City & Warsan,AE,"CHINA B10, International City & Warsan, Dubai, United Arab Emirates",,Gated Residential Society,0,96,DLD-PRJ-76274,76897 51462,25.168978,55.414624,Premium Residential,osm_dld_cadastral_enriched,0.88
bc897249-b515-48cf-b697-de47e360381d,CHINA B11,china b11,Master Developer / DLD Registered,Dubai,International City & Warsan,AE,"CHINA B11, International City & Warsan, Dubai, United Arab Emirates",,Gated Residential Society,0,96,DLD-PRJ-81132,76908 51301,25.169085,55.413015,Premium Residential,osm_dld_cadastral_enriched,0.88
285c4605-6d7b-483d-ae9d-8770783f73f3,CHINA B12,china b12,Master Developer / DLD Registered,Dubai,International City & Warsan,AE,"CHINA B12, International City & Warsan, Dubai, United Arab Emirates",,Gated Residential Society,0,96,DLD-PRJ-52482,76950 51266,25.169503,55.412669,Premium Residential,osm_dld_cadastral_enriched,0.88
50d4ea20-9780-4b84-8bc7-eeaf6b764b93,CHINA C09,china c09,Master Developer / DLD Registered,Dubai,International City & Warsan,AE,"CHINA C09, International City & Warsan, Dubai, United Arab Emirates",,Gated Residential Society,0,96,DLD-PRJ-84715,76811 51228,25.168116,55.412288,Premium Residential,osm_dld_cadastral_enriched,0.88
ccddbef2-51bb-42de-a68c-4c7b65e3be34,Block 5C,block 5c,Master Developer / DLD Registered,Dubai,Jumeirah Village Triangle (JVT),AE,"Block 5C, Jumeirah Village Triangle (JVT), Dubai, United Arab Emirates",,Gated Residential Society,0,96,DLD-PRJ-31441,65039 29216,25.050393,55.192163,Premium Residential,osm_dld_cadastral_enriched,0.88
05e18315-da7b-4e2f-89e8-8fa65012b5bc,Mabrooka Building,mabrooka building,Master Developer / DLD Registered,Dubai,Bur Dubai & Deira Waterfront,AE,"Mabrooka Building, Bur Dubai & Deira Waterfront, Dubai, United Arab Emirates",,Gated Residential Society,0,96,DLD-PRJ-40670,86330 43047,25.263301,55.330472,Premium Residential,osm_dld_cadastral_enriched,0.88
12b8772b-8b5f-42b8-ba21-0a41d7596f87,CHINA C10,china c10,Master Developer / DLD Registered,Dubai,International City & Warsan,AE,"CHINA C10, International City & Warsan, Dubai, United Arab Emirates",,Gated Residential Society,0,96,DLD-PRJ-13453,76840 51266,25.168404,55.412663,Premium Residential,osm_dld_cadastral_enriched,0.88
bfff093d-1a19-4df2-9e14-b4e1c7e958b3,CHINA C11,china c11,Master Developer / DLD Registered,Dubai,International City & Warsan,AE,"CHINA C11, International City & Warsan, Dubai, United Arab Emirates",,Gated Residential Society,0,96,DLD-PRJ-50084,76819 51426,25.168193,55.414263,Premium Residential,osm_dld_cadastral_enriched,0.88
8b7bd09e-786a-405f-858c-e6632f013ff8,CHINA C03,china c03,Master Developer / DLD Registered,Dubai,International City & Warsan,AE,"CHINA C03, International City & Warsan, Dubai, United Arab Emirates",,Gated Residential Society,0,96,DLD-PRJ-12587,76775 51362,25.167753,55.413627,Premium Residential,osm_dld_cadastral_enriched,0.88
e467acbc-3b21-4af9-aff7-42b76d42359e,CHINA C12,china c12,Master Developer / DLD Registered,Dubai,International City & Warsan,AE,"CHINA C12, International City & Warsan, Dubai, United Arab Emirates",,Gated Residential Society,0,96,DLD-PRJ-81743,76789 51457,25.16789,55.414574,Premium Residential,osm_dld_cadastral_enriched,0.88
4bede245-9777-4f4e-8f4c-80552de23e7a,CHINA C04,china c04,Master Developer / DLD Registered,Dubai,International City & Warsan,AE,"CHINA C04, International City & Warsan, Dubai, United Arab Emirates",,Gated Residential Society,0,96,DLD-PRJ-50067,76751 51387,25.16751,55.413874,Premium Residential,osm_dld_cadastral_enriched,0.88
ba4a6557-2e2d-4858-b812-9a21dfa7aa17,CHINA C02,china c02,Master Developer / DLD Registered,Dubai,International City & Warsan,AE,"CHINA C02, International City & Warsan, Dubai, United Arab Emirates",,Gated Residential Society,0,96,DLD-PRJ-95467,76781 51307,25.167814,55.413078,Premium Residential,osm_dld_cadastral_enriched,0.88
9544633e-95e5-4b28-92be-54a7f39b4102,CHINA C01,china c01,Master Developer / DLD Registered,Dubai,International City & Warsan,AE,"CHINA C01, International City & Warsan, Dubai, United Arab Emirates",,Gated Residential Society,0,96,DLD-PRJ-15246,76757 51273,25.167578,55.412738,Premium Residential,osm_dld_cadastral_enriched,0.88
e997c9cd-102e-43a9-876d-4d500a2c9a8f,CHINA C05,china c05,Master Developer / DLD Registered,Dubai,International City & Warsan,AE,"CHINA C05, International City & Warsan, Dubai, United Arab Emirates",,Gated Residential Society,0,96,DLD-PRJ-17929,76694 51373,25.16695,55.413739,Premium Residential,osm_dld_cadastral_enriched,0.88
4b892ca3-61df-4e42-8498-67a61b7c5e3d,CHINA D06,china d06,Master Developer / DLD Registered,Dubai,International City & Warsan,AE,"CHINA D06, International City & Warsan, Dubai, United Arab Emirates",,Gated Residential Society,0,96,DLD-PRJ-27362,76799 51542,25.167996,55.415425,Premium Residential,osm_dld_cadastral_enriched,0.88
ced9a698-6ffc-409e-b64f-c36bf1c02038,CHINA C08,china c08,Master Developer / DLD Registered,Dubai,International City & Warsan,AE,"CHINA C08, International City & Warsan, Dubai, United Arab Emirates",,Gated Residential Society,0,96,DLD-PRJ-49573,76707 51259,25.16707,55.4126,Premium Residential,osm_dld_cadastral_enriched,0.88
da6ecac0-7695-4ae9-93fa-3dc6c9644c26,CHINA C07,china c07,Master Developer / DLD Registered,Dubai,International City & Warsan,AE,"CHINA C07, International City & Warsan, Dubai, United Arab Emirates",,Gated Residential Society,0,96,DLD-PRJ-27100,76679 51288,25.166791,55.412889,Premium Residential,osm_dld_cadastral_enriched,0.88
653b6526-4fdf-4959-b6b5-c9538f133979,CHINA C06,china c06,Master Developer / DLD Registered,Dubai,International City & Warsan,AE,"CHINA C06, International City & Warsan, Dubai, United Arab Emirates",,Gated Residential Society,0,96,DLD-PRJ-37784,76676 51344,25.166768,55.413444,Premium Residential,osm_dld_cadastral_enriched,0.88
96567413-cf54-4734-b4b5-cb3a92ca3137,CHINA C16,china c16,Master Developer / DLD Registered,Dubai,International City & Warsan,AE,"CHINA C16, International City & Warsan, Dubai, United Arab Emirates",,Gated Residential Society,0,96,DLD-PRJ-85446,76670 51199,25.166702,55.411993,Premium Residential,osm_dld_cadastral_enriched,0.88
91df9dbb-84f0-4fa4-8989-98b987194585,CHINA C15,china c15,Master Developer / DLD Registered,Dubai,International City & Warsan,AE,"CHINA C15, International City & Warsan, Dubai, United Arab Emirates",,Gated Residential Society,0,96,DLD-PRJ-58073,76635 51224,25.166356,55.412248,Premium Residential,osm_dld_cadastral_enriched,0.88
53bb644e-a21c-4c6c-8ec6-68e9821410bf,CHINA D05,china d05,Master Developer / DLD Registered,Dubai,International City & Warsan,AE,"CHINA D05, International City & Warsan, Dubai, United Arab Emirates",,Gated Residential Society,0,96,DLD-PRJ-45995,76748 51586,25.167484,55.415861,Premium Residential,osm_dld_cadastral_enriched,0.88
105b0ef2-3487-48df-be03-c1e8c1623adb,CHINA D04,china d04,Master Developer / DLD Registered,Dubai,International City & Warsan,AE,"CHINA D04, International City & Warsan, Dubai, United Arab Emirates",,Gated Residential Society,0,96,DLD-PRJ-50057,76696 51574,25.166964,55.415741,Premium Residential,osm_dld_cadastral_enriched,0.88
4d946b56-161a-434e-9560-0f5874eabf14,CHINA D03,china d03,Master Developer / DLD Registered,Dubai,International City & Warsan,AE,"CHINA D03, International City & Warsan, Dubai, United Arab Emirates",,Gated Residential Society,0,96,DLD-PRJ-90588,76665 51599,25.166654,55.415993,Premium Residential,osm_dld_cadastral_enriched,0.88
b5374a84-c2da-4a11-83c2-f3c94a182eb0,CHINA D02,china d02,Master Developer / DLD Registered,Dubai,International City & Warsan,AE,"CHINA D02, International City & Warsan, Dubai, United Arab Emirates",,Gated Residential Society,0,96,DLD-PRJ-24645,76659 51658,25.166598,55.416584,Premium Residential,osm_dld_cadastral_enriched,0.88
f4c81a7c-9417-42b6-92bd-2126d79e803e,CHINA D01,china d01,Master Developer / DLD Registered,Dubai,International City & Warsan,AE,"CHINA D01, International City & Warsan, Dubai, United Arab Emirates",,Gated Residential Society,0,96,DLD-PRJ-33042,76607 51698,25.166077,55.416982,Premium Residential,osm_dld_cadastral_enriched,0.88
ddc6e927-fdd6-4d86-95ed-8bc384efff03,Capital Hotel Apartment,capital hotel apartment,Master Developer / DLD Registered,Dubai,Bur Dubai & Deira Waterfront,AE,"Capital Hotel Apartment, 23 Street, Bur Dubai & Deira Waterfront, Dubai, United Arab Emirates",,Gated Residential Society,0,96,DLD-PRJ-16668,86864 41454,25.268641,55.314548,Premium Residential,osm_dld_cadastral_enriched,0.88
cbab124f-4a80-4e19-8ade-7e9236145fd8,Diamond Views,diamond views,Master Developer / DLD Registered,Dubai,Jumeirah Village Circle (JVC),AE,"Diamond Views, Jumeirah Village Circle (JVC), Dubai, United Arab Emirates",,Gated Residential Society,0,96,DLD-PRJ-70431,65289 30288,25.052894,55.202883,Premium Residential,osm_dld_cadastral_enriched,0.88
0c8f2d1e-74cd-4b56-9735-f05c9723ebd7,Indigo Ville 4,indigo ville 4,Master Developer / DLD Registered,Dubai,Jumeirah Village Circle (JVC),AE,"Indigo Ville 4, Jumeirah Village Circle (JVC), Dubai, United Arab Emirates",,Gated Residential Society,0,96,DLD-PRJ-57902,65303 30334,25.053034,55.203347,Premium Residential,osm_dld_cadastral_enriched,0.88
b9921379-304a-4be3-8c2c-8831da17904b,Al Rappa Residence,al rappa residence,Master Developer / DLD Registered,Dubai,Bur Dubai & Deira Waterfront,AE,"Al Rappa Residence, Al Mina Street, Bur Dubai & Deira Waterfront, Dubai, United Arab Emirates",,Luxury High-Rise Tower,0,96,DLD-PRJ-25349,85063 38228,25.250636,55.282288,Premium Residential,osm_dld_cadastral_enriched,0.88
14a5417b-cf49-4311-85b1-6699353bd275,Sobo,sobo,Master Developer / DLD Registered,Dubai,Jumeirah Village Circle (JVC),AE,"Sobo, Street 5, Jumeirah Village Circle (JVC), Dubai, United Arab Emirates",,Gated Residential Society,0,96,DLD-PRJ-90709,66030 29865,25.060307,55.19865,Premium Residential,osm_dld_cadastral_enriched,0.88
bfa88e67-5545-4fbc-95e6-72d89de73187,Condor Castlea,condor castlea,Master Developer / DLD Registered,Dubai,Jumeirah Village Circle (JVC),AE,"Condor Castlea, Street 14, Jumeirah Village Circle (JVC), Dubai, United Arab Emirates",,Gated Residential Society,0,96,DLD-PRJ-60242,66723 30799,25.067233,55.207993,Premium Residential,osm_dld_cadastral_enriched,0.88
cfa06bcc-92ac-4b01-b631-81950db84c8f,Spica,spica,Master Developer / DLD Registered,Dubai,Jumeirah Village Circle (JVC),AE,"Spica, Street 3, Jumeirah Village Circle (JVC), Dubai, United Arab Emirates",,Gated Residential Society,0,96,DLD-PRJ-99443,66566 30304,25.065669,55.203046,Premium Residential,osm_dld_cadastral_enriched,0.88
c42b58c2-8989-483a-935b-aa850d876be0,Masaar Residences,masaar residences,Master Developer / DLD Registered,Dubai,Jumeirah Village Circle (JVC),AE,"Masaar Residences, Street 6, Jumeirah Village Circle (JVC), Dubai, United Arab Emirates",,Luxury High-Rise Tower,0,96,DLD-PRJ-24687,65546 29849,25.055469,55.198499,Premium Residential,osm_dld_cadastral_enriched,0.88
f54cae90-44da-4de3-85a5-bc2a6a6377f6,Arezzo 1,arezzo 1,Master Developer / DLD Registered,Dubai,Jumeirah Village Circle (JVC),AE,"Arezzo 1, Street 22, Jumeirah Village Circle (JVC), Dubai, United Arab Emirates",,Gated Residential Society,0,96,DLD-PRJ-74159,66169 30813,25.061695,55.208138,Premium Residential,osm_dld_cadastral_enriched,0.88
564f6ac8-c78b-4cfa-8984-1dd087aaec46,Fortunato,fortunato,Master Developer / DLD Registered,Dubai,Jumeirah Village Circle (JVC),AE,"Fortunato, 7 Street, Jumeirah Village Circle (JVC), Dubai, United Arab Emirates",,Gated Residential Society,0,96,DLD-PRJ-84676,66642 31363,25.066421,55.21364,Premium Residential,osm_dld_cadastral_enriched,0.88
353a960d-13e0-420d-a94f-9c1c756133dd,INdigo Ville 1,indigo ville 1,Master Developer / DLD Registered,Dubai,Jumeirah Village Circle (JVC),AE,"INdigo Ville 1, Jumeirah Village Circle (JVC), Dubai, United Arab Emirates",,Gated Residential Society,0,96,DLD-PRJ-90726,66279 31635,25.062795,55.216357,Premium Residential,osm_dld_cadastral_enriched,0.88
109377a0-0f4c-4bd0-b9d7-d7175a9cc7e7,Tuscan Residence Siena 1,tuscan residence siena 1,Master Developer / DLD Registered,Dubai,Jumeirah Village Circle (JVC),AE,"Tuscan Residence Siena 1, Street 22, Jumeirah Village Circle (JVC), Dubai, United Arab Emirates",,Luxury High-Rise Tower,0,96,DLD-PRJ-83575,66299 30839,25.062991,55.208391,Premium Residential,osm_dld_cadastral_enriched,0.88
c4e11efa-1fb3-4565-a302-aa87711a4627,Summer 2,summer 2,Master Developer / DLD Registered,Dubai,Jumeirah Village Circle (JVC),AE,"Summer 2, Street 26, Jumeirah Village Circle (JVC), Dubai, United Arab Emirates",,Gated Residential Society,0,96,DLD-PRJ-39007,65988 30230,25.059886,55.202307,Premium Residential,osm_dld_cadastral_enriched,0.88
ab40323f-9388-470d-b907-b29ab42c22a9,Astoria,astoria,Master Developer / DLD Registered,Dubai,Jumeirah Village Circle (JVC),AE,"Astoria, Street 16, Jumeirah Village Circle (JVC), Dubai, United Arab Emirates",,Gated Residential Society,0,96,DLD-PRJ-13401,66496 31159,25.064969,55.211594,Premium Residential,osm_dld_cadastral_enriched,0.88
bff0d838-dad1-4622-9d30-64da1ab0ff8a,G-06 Morocco,g 06 morocco,Master Developer / DLD Registered,Dubai,International City & Warsan,AE,"G-06 Morocco, International City & Warsan, Dubai, United Arab Emirates",,Gated Residential Society,0,96,DLD-PRJ-24276,76508 51775,25.165084,55.417754,Premium Residential,osm_dld_cadastral_enriched,0.88
aa2bb48d-a645-4433-a553-15add8f6d21f,G-05 Morocco,g 05 morocco,Master Developer / DLD Registered,Dubai,International City & Warsan,AE,"G-05 Morocco, International City & Warsan, Dubai, United Arab Emirates",,Gated Residential Society,0,96,DLD-PRJ-52839,76460 51824,25.164602,55.418242,Premium Residential,osm_dld_cadastral_enriched,0.88
83977e2e-0ea7-49c3-8b06-c96b61e53548,G-02 Morocco,g 02 morocco,Master Developer / DLD Registered,Dubai,International City & Warsan,AE,"G-02 Morocco, International City & Warsan, Dubai, United Arab Emirates",,Gated Residential Society,0,96,DLD-PRJ-10357,76371 51893,25.163713,55.41893,Premium Residential,osm_dld_cadastral_enriched,0.88
d02070cc-f2b4-4a28-9740-b7c4da8abc69,G-01 Morocco,g 01 morocco,Master Developer / DLD Registered,Dubai,International City & Warsan,AE,"G-01 Morocco, International City & Warsan, Dubai, United Arab Emirates",,Gated Residential Society,0,96,DLD-PRJ-90968,76315 51935,25.163153,55.419356,Premium Residential,osm_dld_cadastral_enriched,0.88
d9fad921-9253-4f2e-bca4-190db97ddccc,I-11 Morocco,i 11 morocco,Master Developer / DLD Registered,Dubai,International City & Warsan,AE,"I-11 Morocco, International City & Warsan, Dubai, United Arab Emirates",,Gated Residential Society,0,96,DLD-PRJ-36253,76250 51904,25.162502,55.419043,Premium Residential,osm_dld_cadastral_enriched,0.88
0b74fd0f-99e4-4605-ab6a-6808b98501f0,ASMA Residence,asma residence,Master Developer / DLD Registered,Dubai,International City & Warsan,AE,"ASMA Residence, International City & Warsan, Dubai, United Arab Emirates",,Luxury High-Rise Tower,0,96,DLD-PRJ-34114,78286 50874,25.182861,55.408744,Premium Residential,osm_dld_cadastral_enriched,0.88
2b8f664b-e326-4bc8-bd58-1e8451964f70,X-10 England,x 10 england,Master Developer / DLD Registered,Dubai,International City & Warsan,AE,"X-10 England, International City & Warsan, Dubai, United Arab Emirates",,Gated Residential Society,0,96,DLD-PRJ-33062,77328 50775,25.173289,55.407752,Premium Residential,osm_dld_cadastral_enriched,0.88
8b792855-7add-4d86-81bf-220b291de3b3,X-09 England,x 09 england,Master Developer / DLD Registered,Dubai,International City & Warsan,AE,"X-09 England, International City & Warsan, Dubai, United Arab Emirates",,Gated Residential Society,0,96,DLD-PRJ-64467,77341 50731,25.173414,55.407319,Premium Residential,osm_dld_cadastral_enriched,0.88
3d4eed94-10b4-4006-9d87-533f400a487c,X-11 England,x 11 england,Master Developer / DLD Registered,Dubai,International City & Warsan,AE,"X-11 England, International City & Warsan, Dubai, United Arab Emirates",,Gated Residential Society,0,96,DLD-PRJ-85747,77309 50816,25.173097,55.408169,Premium Residential,osm_dld_cadastral_enriched,0.88
7524d840-9948-4bff-9e09-9d2a9a9108cf,X-12 England,x 12 england,Master Developer / DLD Registered,Dubai,International City & Warsan,AE,"X-12 England, International City & Warsan, Dubai, United Arab Emirates",,Gated Residential Society,0,96,DLD-PRJ-82676,77269 50855,25.172692,55.408557,Premium Residential,osm_dld_cadastral_enriched,0.88
98264d3d-475c-4722-ba3b-1651791bf305,Z-04 England,z 04 england,Master Developer / DLD Registered,Dubai,International City & Warsan,AE,"Z-04 England, International City & Warsan, Dubai, United Arab Emirates",,Gated Residential Society,0,96,DLD-PRJ-64546,77414 50630,25.174148,55.406301,Premium Residential,osm_dld_cadastral_enriched,0.88
69d10aed-a24d-4d04-b1ab-56c6f88cda2e,Z-01 England,z 01 england,Master Developer / DLD Registered,Dubai,International City & Warsan,AE,"Z-01 England, International City & Warsan, Dubai, United Arab Emirates",,Gated Residential Society,0,96,DLD-PRJ-68162,77468 50399,25.174688,55.403997,Premium Residential,osm_dld_cadastral_enriched,0.88
8357bd1b-9f0f-404c-ae1f-b9f83519ea3d,Y-10 England,y 10 england,Master Developer / DLD Registered,Dubai,International City & Warsan,AE,"Y-10 England, International City & Warsan, Dubai, United Arab Emirates",,Gated Residential Society,0,96,DLD-PRJ-13638,77444 50276,25.174442,55.402766,Premium Residential,osm_dld_cadastral_enriched,0.88
245cc253-6a9b-4604-8862-55153bc8669d,Y-09 England,y 09 england,Master Developer / DLD Registered,Dubai,International City & Warsan,AE,"Y-09 England, International City & Warsan, Dubai, United Arab Emirates",,Gated Residential Society,0,96,DLD-PRJ-79532,77457 50233,25.174572,55.402331,Premium Residential,osm_dld_cadastral_enriched,0.88
bc4b9f7b-a94c-4db5-af0f-a1e60b23c9c1,Y-24 England,y 24 england,Master Developer / DLD Registered,Dubai,International City & Warsan,AE,"Y-24 England, International City & Warsan, Dubai, United Arab Emirates",,Gated Residential Society,0,96,DLD-PRJ-37921,77453 50185,25.174538,55.401854,Premium Residential,osm_dld_cadastral_enriched,0.88
2509fe2f-5a7f-4ca8-b4b6-dc979886084b,Y-23 England,y 23 england,Master Developer / DLD Registered,Dubai,International City & Warsan,AE,"Y-23 England, International City & Warsan, Dubai, United Arab Emirates",,Gated Residential Society,0,96,DLD-PRJ-39006,77438 50128,25.174382,55.401287,Premium Residential,osm_dld_cadastral_enriched,0.88
47a2c409-97ff-402d-b18b-83e76647408e,Y-22 England,y 22 england,Master Developer / DLD Registered,Dubai,International City & Warsan,AE,"Y-22 England, International City & Warsan, Dubai, United Arab Emirates",,Gated Residential Society,0,96,DLD-PRJ-54189,77396 50066,25.173967,55.400665,Premium Residential,osm_dld_cadastral_enriched,0.88
cd2cca91-1435-4d26-af37-570f2ccc18c4,Y-21 England,y 21 england,Master Developer / DLD Registered,Dubai,International City & Warsan,AE,"Y-21 England, International City & Warsan, Dubai, United Arab Emirates",,Gated Residential Society,0,96,DLD-PRJ-23848,77346 50052,25.173461,55.400526,Premium Residential,osm_dld_cadastral_enriched,0.88
69724169-78a6-4e3a-a992-205d48b9831b,B-05,b 05,Master Developer / DLD Registered,Dubai,International City & Warsan,AE,"B-05, International City & Warsan, Dubai, United Arab Emirates",,Gated Residential Society,0,96,DLD-PRJ-29639,76987 50866,25.169871,55.408665,Premium Residential,osm_dld_cadastral_enriched,0.88
cba45d3f-47ab-4d24-ba7c-37a01b701371,B-04,b 04,Master Developer / DLD Registered,Dubai,International City & Warsan,AE,"B-04, International City & Warsan, Dubai, United Arab Emirates",,Gated Residential Society,0,96,DLD-PRJ-13401,76943 50841,25.169435,55.408412,Premium Residential,osm_dld_cadastral_enriched,0.88
8bcfb038-a68f-4980-a1f4-cbe8436074b8,X-14 England,x 14 england,Master Developer / DLD Registered,Dubai,International City & Warsan,AE,"X-14 England, International City & Warsan, Dubai, United Arab Emirates",,Gated Residential Society,0,96,DLD-PRJ-50896,77156 50878,25.171565,55.408783,Premium Residential,osm_dld_cadastral_enriched,0.88
038e9215-164b-49cc-acee-5a8b0e3435fc,X-13 England,x 13 england,Master Developer / DLD Registered,Dubai,International City & Warsan,AE,"X-13 England, International City & Warsan, Dubai, United Arab Emirates",,Gated Residential Society,0,96,DLD-PRJ-49845,77210 50895,25.172104,55.408952,Premium Residential,osm_dld_cadastral_enriched,0.88
2bc0c49a-29e1-4016-a237-8d6e49404b8c,Sajaya 4,sajaya 4,Master Developer / DLD Registered,Dubai,International City & Warsan,AE,"Sajaya 4, 13 Street, International City & Warsan, Dubai, United Arab Emirates",,Gated Residential Society,0,96,DLD-PRJ-44053,78465 50255,25.184659,55.402554,Premium Residential,osm_dld_cadastral_enriched,0.88
a88f5ad4-4eb8-4097-af21-a6fb24c68770,Palace of His Highness Sheikh Ahmed the Emir of Qatar,palace of his highness sheikh ahmed the emir of qatar,Master Developer / DLD Registered,Dubai,Bur Dubai & Deira Waterfront,AE,"Palace of His Highness Sheikh Ahmed the Emir of Qatar, Bur Dubai & Deira Waterfront, Dubai, United Arab Emirates",,Gated Residential Society,0,96,DLD-PRJ-36885,85315 41524,25.25315,55.315245,Premium Residential,osm_dld_cadastral_enriched,0.88
ab55340a-885a-4146-9b73-d11a9b5ba6f5,P-09,p 09,Master Developer / DLD Registered,Dubai,International City & Warsan,AE,"P-09, International City & Warsan, Dubai, United Arab Emirates",,Gated Residential Society,0,96,DLD-PRJ-60203,77388 50219,25.173881,55.402195,Premium Residential,osm_dld_cadastral_enriched,0.88
8d8f8f6b-899c-415e-9f5c-797f5713dc8b,Al Furjan,al furjan,Master Developer / DLD Registered,Dubai,Al Furjan & Discovery Gardens,AE,"Al Furjan, Al Furjan & Discovery Gardens, Dubai, United Arab Emirates",,Gated Residential Society,0,96,DLD-PRJ-70083,62655 24942,25.026552,55.149427,Premium Residential,osm_dld_cadastral_enriched,0.88
bc7e6bad-4260-48e7-8b24-3b4bc35638ab,Dragon View,dragon view,Master Developer / DLD Registered,Dubai,International City & Warsan,AE,"Dragon View, International City & Warsan, Dubai, United Arab Emirates",,Gated Residential Society,0,96,DLD-PRJ-96954,77208 51242,25.172086,55.412429,Premium Residential,osm_dld_cadastral_enriched,0.88
119ba44b-d1e2-454d-9834-193dbb38ed84,Iris Park,iris park,Master Developer / DLD Registered,Dubai,Jumeirah Village Circle (JVC),AE,"Iris Park, Jumeirah Village Circle (JVC), Dubai, United Arab Emirates",,Gated Residential Society,0,96,DLD-PRJ-94076,66019 30078,25.060192,55.200781,Premium Residential,osm_dld_cadastral_enriched,0.88
70567405-7180-4796-a809-32217c0af0bc,Sunset Gardens,sunset gardens,Master Developer / DLD Registered,Dubai,Jumeirah Village Circle (JVC),AE,"Sunset Gardens, Jumeirah Village Circle (JVC), Dubai, United Arab Emirates",,Gated Residential Society,0,96,DLD-PRJ-41283,66197 31099,25.061974,55.210992,Premium Residential,osm_dld_cadastral_enriched,0.88
2fe5cb67-45f5-4210-9a7b-281ce64988b7,Westar Casablanca,westar casablanca,Master Developer / DLD Registered,Dubai,Jumeirah Village Circle (JVC),AE,"Westar Casablanca, Jumeirah Village Circle (JVC), Dubai, United Arab Emirates",,Gated Residential Society,0,96,DLD-PRJ-38530,65766 31789,25.057669,55.217897,Premium Residential,osm_dld_cadastral_enriched,0.88
5f59234d-a7ac-4438-8bbe-0c576de78ec3,Mulberry Mansions Villas,mulberry mansions villas,Master Developer / DLD Registered,Dubai,Jumeirah Village Circle (JVC),AE,"Mulberry Mansions Villas, Jumeirah Village Circle (JVC), Dubai, United Arab Emirates",,Ultra-Luxury Gated Villa Community,0,96,DLD-PRJ-24969,65057 31288,25.050579,55.212884,Premium Residential,osm_dld_cadastral_enriched,0.88
559339f9-de78-4692-bb27-f85fcb340b9e,Villa Myra,villa myra,Master Developer / DLD Registered,Dubai,Jumeirah Village Circle (JVC),AE,"Villa Myra, Jumeirah Village Circle (JVC), Dubai, United Arab Emirates",,Ultra-Luxury Gated Villa Community,0,96,DLD-PRJ-99184,65829 29943,25.058299,55.199438,Premium Residential,osm_dld_cadastral_enriched,0.88
c4f5dabe-7f26-4e5e-86cb-6ac57bafa5a1,Lotus Park,lotus park,Master Developer / DLD Registered,Dubai,Jumeirah Village Circle (JVC),AE,"Lotus Park, Jumeirah Village Circle (JVC), Dubai, United Arab Emirates",,Gated Residential Society,0,96,DLD-PRJ-22716,66101 29976,25.06101,55.199763,Premium Residential,osm_dld_cadastral_enriched,0.88
4b3ee67d-10fe-4023-b88c-dd228c2643cd,Orchid Park,orchid park,Master Developer / DLD Registered,Dubai,Jumeirah Village Circle (JVC),AE,"Orchid Park, Jumeirah Village Circle (JVC), Dubai, United Arab Emirates",,Gated Residential Society,0,96,DLD-PRJ-25692,65967 29833,25.059672,55.198331,Premium Residential,osm_dld_cadastral_enriched,0.88
c967b701-7cc3-4460-907a-d9d4d0c8452e,Tulip Park,tulip park,Master Developer / DLD Registered,Dubai,Jumeirah Village Circle (JVC),AE,"Tulip Park, Jumeirah Village Circle (JVC), Dubai, United Arab Emirates",,Gated Residential Society,0,96,DLD-PRJ-83397,65887 29828,25.05888,55.198288,Premium Residential,osm_dld_cadastral_enriched,0.88
b8ce7cce-1610-4d17-a8f3-a95c4166e5b7,Souk Warsan,souk warsan,Master Developer / DLD Registered,Dubai,International City & Warsan,AE,"Souk Warsan, International City & Warsan, Dubai, United Arab Emirates",,Gated Residential Society,0,96,DLD-PRJ-18827,75897 49572,25.158974,55.395729,Premium Residential,osm_dld_cadastral_enriched,0.88
75bdbf78-83fa-43ca-9e75-2ba5e3bcf7c4,Souk Warsan,souk warsan,Master Developer / DLD Registered,Dubai,International City & Warsan,AE,"Souk Warsan, International City & Warsan, Dubai, United Arab Emirates",,Gated Residential Society,0,96,DLD-PRJ-18827,75697 49920,25.156973,55.399204,Premium Residential,osm_dld_cadastral_enriched,0.88
4e632766-7923-4a34-bc63-b57ce5f88e8b,Souk Warsan,souk warsan,Master Developer / DLD Registered,Dubai,International City & Warsan,AE,"Souk Warsan, International City & Warsan, Dubai, United Arab Emirates",,Gated Residential Society,0,96,DLD-PRJ-18827,75535 50317,25.155357,55.403173,Premium Residential,osm_dld_cadastral_enriched,0.88
a4092306-006a-428c-beda-90bf5418de02,Royal Park,royal park,Master Developer / DLD Registered,Dubai,Al Furjan & Discovery Gardens,AE,"Royal Park, Al Furjan & Discovery Gardens, Dubai, United Arab Emirates",,Gated Residential Society,0,96,DLD-PRJ-62247,64038 25831,25.040383,55.158314,Premium Residential,osm_dld_cadastral_enriched,0.88
89688e91-3b05-40a1-86e2-13e83d461ad6,Sandhurst House,sandhurst house,Master Developer / DLD Registered,Dubai,Jumeirah Village Circle (JVC),AE,"Sandhurst House, Jumeirah Village Circle (JVC), Dubai, United Arab Emirates",,Gated Residential Society,0,96,DLD-PRJ-68823,66882 30629,25.068823,55.206291,Premium Residential,osm_dld_cadastral_enriched,0.88
8207c047-6f17-4ddc-883f-0af66725bed2,ARY Residences,ary residences,Master Developer / DLD Registered,Dubai,Bur Dubai & Deira Waterfront,AE,"ARY Residences, Bur Dubai & Deira Waterfront, Dubai, United Arab Emirates",,Luxury High-Rise Tower,0,96,DLD-PRJ-37078,84701 40026,25.247017,55.300269,Premium Residential,osm_dld_cadastral_enriched,0.88
af2ed6d9-0d13-4642-8f71-4375adc482b0,Daoud Abdulrahman Building,daoud abdulrahman building,Master Developer / DLD Registered,Dubai,Al Barsha & Barsha Heights (TECOM),AE,"Daoud Abdulrahman Building, Al Barsha & Barsha Heights (TECOM), Dubai, United Arab Emirates",,Gated Residential Society,0,96,DLD-PRJ-23156,70832 29774,25.108329,55.197742,Premium Residential,osm_dld_cadastral_enriched,0.88
e5715615-e21a-4413-b063-1bf28133d3a6,Garden Lane Villas,garden lane villas,Master Developer / DLD Registered,Dubai,Jumeirah Village Circle (JVC),AE,"Garden Lane Villas, Jumeirah Village Circle (JVC), Dubai, United Arab Emirates",,Ultra-Luxury Gated Villa Community,0,96,DLD-PRJ-64000,65697 30293,25.056976,55.202931,Premium Residential,osm_dld_cadastral_enriched,0.88
56557d29-a6db-4632-9f65-0829c87dd98b,Warsan 4,warsan 4,Master Developer / DLD Registered,Dubai,Dubai Silicon Oasis & Liwan,AE,"Warsan 4, Dubai Silicon Oasis & Liwan, Dubai, United Arab Emirates",,Gated Residential Society,0,96,DLD-PRJ-32148,74353 50410,25.143531,55.404109,Premium Residential,osm_dld_cadastral_enriched,0.88
223ac30c-0258-43fb-9b57-275d349e7ff0,Murooj Al Furjan,murooj al furjan,Master Developer / DLD Registered,Dubai,Al Furjan & Discovery Gardens,AE,"Murooj Al Furjan, Al Furjan & Discovery Gardens, Dubai, United Arab Emirates",,Gated Residential Society,0,96,DLD-PRJ-88711,62760 24454,25.027603,55.144545,Premium Residential,osm_dld_cadastral_enriched,0.88
b46c2a88-9510-4cf8-a4c7-7d8fa68fcdcf,white rose apartments,white rose apartments,Master Developer / DLD Registered,Dubai,Jumeirah Village Circle (JVC),AE,"white rose apartments, Jumeirah Village Circle (JVC), Dubai, United Arab Emirates",,Gated Residential Society,0,96,DLD-PRJ-20112,65284 31124,25.052844,55.21125,Premium Residential,osm_dld_cadastral_enriched,0.88
bdd17d9a-e126-4f30-8b6b-f7389dd6927a,I-12 Morocco,i 12 morocco,Master Developer / DLD Registered,Dubai,International City & Warsan,AE,"I-12 Morocco, morocco, International City & Warsan, Dubai, United Arab Emirates",,Gated Residential Society,0,96,DLD-PRJ-42670,76504 51695,25.165047,55.416959,Premium Residential,osm_dld_cadastral_enriched,0.88
d466ad55-3b25-4710-9c4a-a9d643e324c4,I-11 Morocco,i 11 morocco,Master Developer / DLD Registered,Dubai,International City & Warsan,AE,"I-11 Morocco, International City & Warsan, Dubai, United Arab Emirates",,Gated Residential Society,0,96,DLD-PRJ-36253,76540 51669,25.16541,55.41669,Premium Residential,osm_dld_cadastral_enriched,0.88
21d70242-9b30-4b40-bd2b-534945830dd2,Equiti Apartments,equiti apartments,Master Developer / DLD Registered,Dubai,Dubai Silicon Oasis & Liwan,AE,"Equiti Apartments, Dubai Silicon Oasis & Liwan, Dubai, United Arab Emirates",,Gated Residential Society,0,96,DLD-PRJ-96520,74392 50356,25.143928,55.403569,Premium Residential,osm_dld_cadastral_enriched,0.88
410833f0-2425-4221-b74e-b67dbc00a374,Al Hess Building,al hess building,Master Developer / DLD Registered,Dubai,International City & Warsan,AE,"Al Hess Building, International City & Warsan, Dubai, United Arab Emirates",,Gated Residential Society,0,96,DLD-PRJ-83311,75142 49721,25.151425,55.39722,Premium Residential,osm_dld_cadastral_enriched,0.88
befb151d-2344-4211-a3aa-94667526c279,Al Basha 9,al basha 9,Master Developer / DLD Registered,Dubai,Dubai Silicon Oasis & Liwan,AE,"Al Basha 9, Dubai Silicon Oasis & Liwan, Dubai, United Arab Emirates",,Gated Residential Society,0,96,DLD-PRJ-16589,74463 49139,25.144638,55.391396,Premium Residential,osm_dld_cadastral_enriched,0.88
7c4e0107-abdc-4968-ac5b-431013af3876,OST,ost,Master Developer / DLD Registered,Dubai,Dubai Silicon Oasis & Liwan,AE,"OST, Dubai Silicon Oasis & Liwan, Dubai, United Arab Emirates",,Gated Residential Society,0,96,DLD-PRJ-92785,74424 49259,25.144242,55.392593,Premium Residential,osm_dld_cadastral_enriched,0.88
1dd85d22-b350-4663-9f3e-0a2bc2f8645f,Rokane G23,rokane g23,Master Developer / DLD Registered,Dubai,International City & Warsan,AE,"Rokane G23, International City & Warsan, Dubai, United Arab Emirates",,Gated Residential Society,0,96,DLD-PRJ-54564,75104 50009,25.151048,55.400094,Premium Residential,osm_dld_cadastral_enriched,0.88
5b1591ae-51d0-4f04-b645-053976ad74a0,Cluster 38,cluster 38,Master Developer / DLD Registered,Dubai,Al Furjan & Discovery Gardens,AE,"Cluster 38, Al Furjan & Discovery Gardens, Dubai, United Arab Emirates",,Gated Residential Society,0,96,DLD-PRJ-98820,65384 25465,25.053841,55.154657,Premium Residential,osm_dld_cadastral_enriched,0.88
826378d4-9320-440c-8372-5faf67513fb7,"District 16, Jumeirah Village Circle",district 16 jumeirah village circle,Master Developer / DLD Registered,Dubai,Jumeirah Village Circle (JVC),AE,"District 16, Jumeirah Village Circle, Jumeirah Village Circle (JVC), Dubai, United Arab Emirates",,Ultra-Luxury Gated Villa Community,0,96,DLD-PRJ-79677,67114 31143,25.071148,55.211435,Premium Residential,osm_dld_cadastral_enriched,0.88
2fe486ec-8d93-48fd-aaec-a4644a2414e2,Astoria Residence,astoria residence,Master Developer / DLD Registered,Dubai,Jumeirah Village Circle (JVC),AE,"Astoria Residence, Jumeirah Village Circle (JVC), Dubai, United Arab Emirates",,Luxury High-Rise Tower,0,96,DLD-PRJ-74385,66535 31174,25.065352,55.211745,Premium Residential,osm_dld_cadastral_enriched,0.88
1ff445ba-6916-44f9-a5b6-367985f7f031,Casa Royale,casa royale,Master Developer / DLD Registered,Dubai,Jumeirah Village Circle (JVC),AE,"Casa Royale, Jumeirah Village Circle (JVC), Dubai, United Arab Emirates",,Gated Residential Society,0,96,DLD-PRJ-84897,65867 29900,25.058673,55.199004,Premium Residential,osm_dld_cadastral_enriched,0.88
9b26d03e-992c-4370-9ade-9ef92224fe03,District 10,district 10,Master Developer / DLD Registered,Dubai,Jumeirah Village Circle (JVC),AE,"District 10, Jumeirah Village Circle (JVC), Dubai, United Arab Emirates",,Gated Residential Society,0,96,DLD-PRJ-59481,66394 30526,25.063949,55.205263,Premium Residential,osm_dld_cadastral_enriched,0.88
bc5f3f04-f212-46c4-bed4-bc6d1b6a7360,District 12,district 12,Master Developer / DLD Registered,Dubai,Jumeirah Village Circle (JVC),AE,"District 12, Jumeirah Village Circle (JVC), Dubai, United Arab Emirates",,Gated Residential Society,0,96,DLD-PRJ-51778,65424 31530,25.054243,55.215306,Premium Residential,osm_dld_cadastral_enriched,0.88
745b602e-3d9c-49b2-a1fc-09528e81992b,District 13,district 13,Master Developer / DLD Registered,Dubai,Jumeirah Village Circle (JVC),AE,"District 13, Jumeirah Village Circle (JVC), Dubai, United Arab Emirates",,Gated Residential Society,0,96,DLD-PRJ-82617,65044 31109,25.050447,55.211091,Premium Residential,osm_dld_cadastral_enriched,0.88
70729e2b-2331-4b55-807e-8d7a720d3b7e,District 14,district 14,Master Developer / DLD Registered,Dubai,Jumeirah Village Circle (JVC),AE,"District 14, Jumeirah Village Circle (JVC), Dubai, United Arab Emirates",,Gated Residential Society,0,96,DLD-PRJ-51657,65058 30218,25.050583,55.202188,Premium Residential,osm_dld_cadastral_enriched,0.88
e8274cc4-c711-4f00-95d1-7156e93a158a,District 15,district 15,Master Developer / DLD Registered,Dubai,Jumeirah Village Circle (JVC),AE,"District 15, Jumeirah Village Circle (JVC), Dubai, United Arab Emirates",,Gated Residential Society,0,96,DLD-PRJ-94195,65903 30136,25.059038,55.201362,Premium Residential,osm_dld_cadastral_enriched,0.88
92abd337-97cc-49cc-851e-f5b9968e0242,District 18,district 18,Master Developer / DLD Registered,Dubai,Jumeirah Village Circle (JVC),AE,"District 18, Jumeirah Village Circle (JVC), Dubai, United Arab Emirates",,Gated Residential Society,0,96,DLD-PRJ-15250,65308 29899,25.053087,55.198996,Premium Residential,osm_dld_cadastral_enriched,0.88
61791a02-1780-4529-81cf-bba565e16a43,Erantis,erantis,Master Developer / DLD Registered,Dubai,Jumeirah Village Circle (JVC),AE,"Erantis, Jumeirah Village Circle (JVC), Dubai, United Arab Emirates",,Gated Residential Society,0,96,DLD-PRJ-68140,65238 31627,25.052382,55.216276,Premium Residential,osm_dld_cadastral_enriched,0.88
2d9faef3-bd78-4161-9c03-1b72d5842740,Goldenwoods Villas,goldenwoods villas,Master Developer / DLD Registered,Dubai,Jumeirah Village Circle (JVC),AE,"Goldenwoods Villas, Jumeirah Village Circle (JVC), Dubai, United Arab Emirates",,Ultra-Luxury Gated Villa Community,0,96,DLD-PRJ-62295,66418 30320,25.064181,55.203204,Premium Residential,osm_dld_cadastral_enriched,0.88
54d7e43e-2cd4-48fc-9056-6cab3318fdf5,Grand Paradise,grand paradise,Master Developer / DLD Registered,Dubai,Jumeirah Village Circle (JVC),AE,"Grand Paradise, Jumeirah Village Circle (JVC), Dubai, United Arab Emirates",,Gated Residential Society,0,96,DLD-PRJ-38779,65697 29838,25.05697,55.198383,Premium Residential,osm_dld_cadastral_enriched,0.88
32e5a0b1-0dc5-4e10-a785-84d859ebebf2,Heilbronn Villas,heilbronn villas,Master Developer / DLD Registered,Dubai,Jumeirah Village Circle (JVC),AE,"Heilbronn Villas, Jumeirah Village Circle (JVC), Dubai, United Arab Emirates",,Ultra-Luxury Gated Villa Community,0,96,DLD-PRJ-28169,65158 30107,25.051586,55.201076,Premium Residential,osm_dld_cadastral_enriched,0.88
75b27982-56be-4292-a1d7-d49d21c4b6ea,Las Casas,las casas,Master Developer / DLD Registered,Dubai,Jumeirah Village Circle (JVC),AE,"Las Casas, Jumeirah Village Circle (JVC), Dubai, United Arab Emirates",,Gated Residential Society,0,96,DLD-PRJ-89654,65461 31982,25.054614,55.219825,Premium Residential,osm_dld_cadastral_enriched,0.88
e256b342-937a-4812-9b9c-bbc07604c6e4,La Residencia Del Sol,la residencia del sol,Master Developer / DLD Registered,Dubai,Jumeirah Village Circle (JVC),AE,"La Residencia Del Sol, Jumeirah Village Circle (JVC), Dubai, United Arab Emirates",,Gated Residential Society,0,96,DLD-PRJ-87413,66743 30467,25.067435,55.204678,Premium Residential,osm_dld_cadastral_enriched,0.88
e7153541-d084-44db-b3a8-950f85caf56d,Le Grand Chateau Villas,le grand chateau villas,Master Developer / DLD Registered,Dubai,Jumeirah Village Circle (JVC),AE,"Le Grand Chateau Villas, Jumeirah Village Circle (JVC), Dubai, United Arab Emirates",,Ultra-Luxury Gated Villa Community,0,96,DLD-PRJ-74330,66440 30672,25.064404,55.206722,Premium Residential,osm_dld_cadastral_enriched,0.88
6b4e2b83-a8e4-4691-859a-830d4d21e13f,Westar Les Castelets,westar les castelets,Master Developer / DLD Registered,Dubai,Jumeirah Village Circle (JVC),AE,"Westar Les Castelets, Jumeirah Village Circle (JVC), Dubai, United Arab Emirates",,Gated Residential Society,0,96,DLD-PRJ-76850,66621 30650,25.066214,55.206502,Premium Residential,osm_dld_cadastral_enriched,0.88
7dd85668-0d35-4130-a2cc-4c286d2c491f,Les Maisonettes,les maisonettes,Master Developer / DLD Registered,Dubai,Jumeirah Village Circle (JVC),AE,"Les Maisonettes, Jumeirah Village Circle (JVC), Dubai, United Arab Emirates",,Gated Residential Society,0,96,DLD-PRJ-12524,66717 30568,25.067175,55.205684,Premium Residential,osm_dld_cadastral_enriched,0.88
b3b6f4af-02f0-4973-9544-ef447cbcb501,Lilac Park,lilac park,Master Developer / DLD Registered,Dubai,Jumeirah Village Circle (JVC),AE,"Lilac Park, Jumeirah Village Circle (JVC), Dubai, United Arab Emirates",,Gated Residential Society,0,96,DLD-PRJ-69454,65160 31827,25.051605,55.218273,Premium Residential,osm_dld_cadastral_enriched,0.88
a6c76916-8200-435d-9275-373933dcd1e5,Marwa Homes,marwa homes,Master Developer / DLD Registered,Dubai,Jumeirah Village Circle (JVC),AE,"Marwa Homes, Jumeirah Village Circle (JVC), Dubai, United Arab Emirates",,Gated Residential Society,0,96,DLD-PRJ-33765,65264 31894,25.052641,55.218945,Premium Residential,osm_dld_cadastral_enriched,0.88
c0c46f6b-29f8-4948-b5bf-1ed71c54d74b,Westar Crest,westar crest,Master Developer / DLD Registered,Dubai,Jumeirah Village Circle (JVC),AE,"Westar Crest, Jumeirah Village Circle (JVC), Dubai, United Arab Emirates",,Gated Residential Society,0,96,DLD-PRJ-64000,65195 31742,25.051952,55.217424,Premium Residential,osm_dld_cadastral_enriched,0.88
e648762f-5d10-4f47-a945-4be9ad5958be,Mulberry Park,mulberry park,Master Developer / DLD Registered,Dubai,Jumeirah Village Circle (JVC),AE,"Mulberry Park, Jumeirah Village Circle (JVC), Dubai, United Arab Emirates",,Gated Residential Society,0,96,DLD-PRJ-61431,65990 29926,25.059906,55.199269,Premium Residential,osm_dld_cadastral_enriched,0.88
0594b1ef-32f5-444e-ad1d-cf25188ee822,Moonbay Villas,moonbay villas,Master Developer / DLD Registered,Dubai,Jumeirah Village Circle (JVC),AE,"Moonbay Villas, Jumeirah Village Circle (JVC), Dubai, United Arab Emirates",,Ultra-Luxury Gated Villa Community,0,96,DLD-PRJ-60097,65773 29755,25.057734,55.197555,Premium Residential,osm_dld_cadastral_enriched,0.88
2fd99cd0-d373-4abc-bfdf-2c150d0245f0,Park Villas,park villas,Master Developer / DLD Registered,Dubai,Jumeirah Village Circle (JVC),AE,"Park Villas, Jumeirah Village Circle (JVC), Dubai, United Arab Emirates",,Ultra-Luxury Gated Villa Community,0,96,DLD-PRJ-52738,66867 30575,25.068676,55.205754,Premium Residential,osm_dld_cadastral_enriched,0.88
77bf27a1-328c-49bd-a24c-91ea032cd11f,Royal Park,royal park,Master Developer / DLD Registered,Dubai,Jumeirah Village Circle (JVC),AE,"Royal Park, Jumeirah Village Circle (JVC), Dubai, United Arab Emirates",,Gated Residential Society,0,96,DLD-PRJ-98124,66223 31441,25.062232,55.214419,Premium Residential,osm_dld_cadastral_enriched,0.88
ee3d614b-255e-4ed7-bcc3-16070761a3a2,Sandoval Lane,sandoval lane,Master Developer / DLD Registered,Dubai,Jumeirah Village Circle (JVC),AE,"Sandoval Lane, Jumeirah Village Circle (JVC), Dubai, United Arab Emirates",,Gated Residential Society,0,96,DLD-PRJ-22281,65343 30425,25.053433,55.204259,Premium Residential,osm_dld_cadastral_enriched,0.88
3b2378f8-7abe-4417-99cb-41d918d8d046,Seasons Community,seasons community,Master Developer / DLD Registered,Dubai,Jumeirah Village Circle (JVC),AE,"Seasons Community, Jumeirah Village Circle (JVC), Dubai, United Arab Emirates",,Gated Residential Society,0,96,DLD-PRJ-70173,65903 30226,25.059037,55.202264,Premium Residential,osm_dld_cadastral_enriched,0.88
be5981b8-89d9-40b9-98ec-2c7df6844547,Shamal Terraces,shamal terraces,Master Developer / DLD Registered,Dubai,Jumeirah Village Circle (JVC),AE,"Shamal Terraces, Jumeirah Village Circle (JVC), Dubai, United Arab Emirates",,Gated Residential Society,0,96,DLD-PRJ-49025,65057 29982,25.050572,55.199823,Premium Residential,osm_dld_cadastral_enriched,0.88
bd1e115b-0b76-4577-b20c-0294b2bc8101,Somerset Mews,somerset mews,Master Developer / DLD Registered,Dubai,Jumeirah Village Circle (JVC),AE,"Somerset Mews, Jumeirah Village Circle (JVC), Dubai, United Arab Emirates",,Gated Residential Society,0,96,DLD-PRJ-28266,66344 30749,25.063444,55.207491,Premium Residential,osm_dld_cadastral_enriched,0.88
5cfad0cc-60cf-44ff-b819-da0253117172,Ghaf Tree,ghaf tree,Master Developer / DLD Registered,Dubai,Jumeirah Village Circle (JVC),AE,"Ghaf Tree, Jumeirah Village Circle (JVC), Dubai, United Arab Emirates",,Gated Residential Society,0,96,DLD-PRJ-19488,65201 30879,25.052018,55.208799,Premium Residential,osm_dld_cadastral_enriched,0.88
d7e5e9de-ad2c-4b97-8e2b-ebe4f2d095d2,Shaksy Villa,shaksy villa,Master Developer / DLD Registered,Dubai,Jumeirah Village Circle (JVC),AE,"Shaksy Villa, Jumeirah Village Circle (JVC), Dubai, United Arab Emirates",,Ultra-Luxury Gated Villa Community,0,96,DLD-PRJ-10332,65837 30000,25.058375,55.200004,Premium Residential,osm_dld_cadastral_enriched,0.88
54c85e30-e8c2-402e-8043-35df6ad3a679,Westar Constellation,westar constellation,Master Developer / DLD Registered,Dubai,Jumeirah Village Circle (JVC),AE,"Westar Constellation, Jumeirah Village Circle (JVC), Dubai, United Arab Emirates",,Gated Residential Society,0,96,DLD-PRJ-78540,66219 31568,25.062192,55.21569,Premium Residential,osm_dld_cadastral_enriched,0.88
f56d12ef-cefe-4e4a-bc98-165252a61155,7 West Residences,7 west residences,Master Developer / DLD Registered,Dubai,Jumeirah Village Circle (JVC),AE,"7 West Residences, Jumeirah Village Circle (JVC), Dubai, United Arab Emirates",,Luxury High-Rise Tower,0,96,DLD-PRJ-77637,65563 31994,25.055633,55.219942,Premium Residential,osm_dld_cadastral_enriched,0.88
eee71383-651a-492f-9ce0-01ab9a2ea44e,District 17,district 17,Master Developer / DLD Registered,Dubai,Jumeirah Village Circle (JVC),AE,"District 17, Jumeirah Village Circle (JVC), Dubai, United Arab Emirates",,Gated Residential Society,0,96,DLD-PRJ-69197,65937 31737,25.059377,55.217376,Premium Residential,osm_dld_cadastral_enriched,0.88
d5d2ae3b-964e-4c9a-9eb4-ea147c4a3769,District 11,district 11,Master Developer / DLD Registered,Dubai,Jumeirah Village Circle (JVC),AE,"District 11, Jumeirah Village Circle (JVC), Dubai, United Arab Emirates",,Gated Residential Society,0,96,DLD-PRJ-52286,66323 31407,25.063235,55.214075,Premium Residential,osm_dld_cadastral_enriched,0.88
d4265f7a-8484-464d-a76f-0c8a715d4679,Emirates Gardens 2,emirates gardens 2,Master Developer / DLD Registered,Dubai,Jumeirah Village Circle (JVC),AE,"Emirates Gardens 2, Jumeirah Village Circle (JVC), Dubai, United Arab Emirates",,Gated Residential Society,0,96,DLD-PRJ-21302,65051 30568,25.050519,55.205682,Premium Residential,osm_dld_cadastral_enriched,0.88
4bd9dd78-0cee-4862-9c43-b496b796e8c5,District 2,district 2,Master Developer / DLD Registered,Dubai,Jumeirah Village Triangle (JVT),AE,"District 2, Jumeirah Village Triangle (JVT), Dubai, United Arab Emirates",,Gated Residential Society,0,96,DLD-PRJ-37879,63891 27842,25.038915,55.178423,Premium Residential,osm_dld_cadastral_enriched,0.88
d26c44f1-044f-4e24-8f21-613dcd191021,District 3,district 3,Master Developer / DLD Registered,Dubai,Jumeirah Village Triangle (JVT),AE,"District 3, Jumeirah Village Triangle (JVT), Dubai, United Arab Emirates",,Gated Residential Society,0,96,DLD-PRJ-16383,64101 28446,25.041015,55.184468,Premium Residential,osm_dld_cadastral_enriched,0.88
d590dc71-aca3-4c2f-9149-f58ac1b37752,District 6,district 6,Master Developer / DLD Registered,Dubai,Jumeirah Village Triangle (JVT),AE,"District 6, Jumeirah Village Triangle (JVT), Dubai, United Arab Emirates",,Gated Residential Society,0,96,DLD-PRJ-80637,65212 29241,25.052126,55.192419,Premium Residential,osm_dld_cadastral_enriched,0.88
f307b607-730c-4e73-89fe-e2b4f55c7f95,District 9,district 9,Master Developer / DLD Registered,Dubai,Jumeirah Village Triangle (JVT),AE,"District 9, Jumeirah Village Triangle (JVT), Dubai, United Arab Emirates",,Gated Residential Society,0,96,DLD-PRJ-18266,64402 28484,25.044026,55.184846,Premium Residential,osm_dld_cadastral_enriched,0.88
d319bb38-ae2d-4388-af1c-39cb2c683a29,"Phase 2, Al Furjan, Dubai",phase 2 al furjan dubai,Master Developer / DLD Registered,Dubai,Al Furjan & Discovery Gardens,AE,"Phase 2, Al Furjan, Dubai, Al Furjan & Discovery Gardens, Dubai, United Arab Emirates",,Gated Residential Society,0,96,DLD-PRJ-66305,62692 24887,25.026926,55.148873,Premium Residential,osm_dld_cadastral_enriched,0.88
3e4ced76-2a48-45f3-8eeb-ac393f19a52d,Shaikh Hamdan Colony,shaikh hamdan colony,Master Developer / DLD Registered,Dubai,Bur Dubai & Deira Waterfront,AE,"Shaikh Hamdan Colony, Bur Dubai & Deira Waterfront, Dubai, United Arab Emirates",,Gated Residential Society,0,96,DLD-PRJ-10914,84885 40515,25.248858,55.305159,Premium Residential,osm_dld_cadastral_enriched,0.88
79a5c5a7-de90-494c-be62-eaa38157fdbd,Afnan Building,afnan building,Master Developer / DLD Registered,Dubai,Bur Dubai & Deira Waterfront,AE,"Afnan Building, Bur Dubai & Deira Waterfront, Dubai, United Arab Emirates",,Gated Residential Society,0,96,DLD-PRJ-79054,85491 40064,25.254919,55.300647,Premium Residential,osm_dld_cadastral_enriched,0.88
d545c048-5a9f-4f21-b995-17c8b6d76785,Al Burooj Residence 1,al burooj residence 1,Master Developer / DLD Registered,Dubai,Jumeirah Village Triangle (JVT),AE,"Al Burooj Residence 1, Jumeirah Village Triangle (JVT), Dubai, United Arab Emirates",,Luxury High-Rise Tower,0,96,DLD-PRJ-94922,65055 29045,25.050557,55.19046,Premium Residential,osm_dld_cadastral_enriched,0.88
64063763-f432-4778-82cf-afa1c2f539a8,Al Burooj Residence,al burooj residence,Master Developer / DLD Registered,Dubai,Jumeirah Village Triangle (JVT),AE,"Al Burooj Residence, Jumeirah Village Triangle (JVT), Dubai, United Arab Emirates",,Luxury High-Rise Tower,0,96,DLD-PRJ-61896,65073 29095,25.050733,55.190954,Premium Residential,osm_dld_cadastral_enriched,0.88
e83cf925-2d4d-41e1-9860-038fd6f3bebe,Bur Dubai,bur dubai,Master Developer / DLD Registered,Dubai,Bur Dubai & Deira Waterfront,AE,"Bur Dubai, Bur Dubai & Deira Waterfront, Dubai, United Arab Emirates",,Gated Residential Society,0,96,DLD-PRJ-99873,85705 39581,25.257051,55.295813,Premium Residential,osm_dld_cadastral_enriched,0.88
33b5d6ec-81d1-4c9e-ab53-266eda00eb08,Al Barsha North,al barsha north,Master Developer / DLD Registered,Dubai,Al Barsha & Barsha Heights (TECOM),AE,"Al Barsha North, Al Barsha & Barsha Heights (TECOM), Dubai, United Arab Emirates",,Gated Residential Society,0,96,DLD-PRJ-24878,70128 30463,25.10129,55.204632,Premium Residential,osm_dld_cadastral_enriched,0.88
12c08494-dd9e-4e58-9ed0-3243cebac064,Silicon Boulevard,silicon boulevard,Master Developer / DLD Registered,Dubai,Dubai Silicon Oasis & Liwan,AE,"Silicon Boulevard, Dubai Silicon Oasis & Liwan, Dubai, United Arab Emirates",,Gated Residential Society,0,96,DLD-PRJ-87165,71213 48374,25.11214,55.383745,Premium Residential,osm_dld_cadastral_enriched,0.88
e1ea06fd-59ea-443b-b7a9-d356087f83a8,Nicholas residence,nicholas residence,Master Developer / DLD Registered,Dubai,Jumeirah Village Circle (JVC),AE,"Nicholas residence, Jumeirah Village Circle (JVC), Dubai, United Arab Emirates",,Luxury High-Rise Tower,0,96,DLD-PRJ-19177,65505 31148,25.055054,55.211485,Premium Residential,osm_dld_cadastral_enriched,0.88
0a3706a0-9ded-4ae9-8bb7-f377c06e67ec,Aura by Grovy,aura by grovy,Master Developer / DLD Registered,Dubai,Jumeirah Village Circle (JVC),AE,"Aura by Grovy, Jumeirah Village Circle (JVC), Dubai, United Arab Emirates",,Gated Residential Society,0,96,DLD-PRJ-85755,65039 30614,25.050399,55.206144,Premium Residential,osm_dld_cadastral_enriched,0.88
7fdc2185-6c7d-4497-bc23-8aef47ef5d67,Marjan Building,marjan building,Master Developer / DLD Registered,Dubai,International City & Warsan,AE,"Marjan Building, International City & Warsan, Dubai, United Arab Emirates",,Gated Residential Society,0,96,DLD-PRJ-64186,75264 49812,25.152642,55.398128,Premium Residential,osm_dld_cadastral_enriched,0.88
ba71ef0f-b478-4fec-afed-e54ebdbdde2c,Al Helal Al Zahaby 3,al helal al zahaby 3,Master Developer / DLD Registered,Dubai,Dubai Silicon Oasis & Liwan,AE,"Al Helal Al Zahaby 3, Dubai Silicon Oasis & Liwan, Dubai, United Arab Emirates",,Gated Residential Society,0,96,DLD-PRJ-25771,74484 49247,25.144847,55.392479,Premium Residential,osm_dld_cadastral_enriched,0.88
82b4da0f-88d5-44d2-9c83-95200967191d,KHK 21 Building,khk 21 building,Master Developer / DLD Registered,Dubai,International City & Warsan,AE,"KHK 21 Building, International City & Warsan, Dubai, United Arab Emirates",,Gated Residential Society,0,96,DLD-PRJ-95083,75099 49633,25.150999,55.396336,Premium Residential,osm_dld_cadastral_enriched,0.88
54a1c7db-0168-4f91-bf97-0aa520fb3151,Prestige,prestige,Master Developer / DLD Registered,Dubai,International City & Warsan,AE,"Prestige, International City & Warsan, Dubai, United Arab Emirates",,Gated Residential Society,0,96,DLD-PRJ-54525,75085 49697,25.150852,55.396973,Premium Residential,osm_dld_cadastral_enriched,0.88
698ca063-5844-4f50-b6fb-4905b920c115,Grey Pearl Residence,grey pearl residence,Master Developer / DLD Registered,Dubai,International City & Warsan,AE,"Grey Pearl Residence, International City & Warsan, Dubai, United Arab Emirates",,Luxury High-Rise Tower,0,96,DLD-PRJ-28755,75040 49530,25.150406,55.395304,Premium Residential,osm_dld_cadastral_enriched,0.88
36a7ac74-ae6f-43a3-a923-04f2cd9be822,5 Stars Residence,5 stars residence,Master Developer / DLD Registered,Dubai,International City & Warsan,AE,"5 Stars Residence, International City & Warsan, Dubai, United Arab Emirates",,Luxury High-Rise Tower,0,96,DLD-PRJ-59604,75109 49443,25.151097,55.394431,Premium Residential,osm_dld_cadastral_enriched,0.88
df068f84-e85a-4d92-b064-e972dbabb78e,Privilege,privilege,Master Developer / DLD Registered,Dubai,International City & Warsan,AE,"Privilege, International City & Warsan, Dubai, United Arab Emirates",,Gated Residential Society,0,96,DLD-PRJ-37751,76626 49448,25.166262,55.394489,Premium Residential,osm_dld_cadastral_enriched,0.88
ba2280f8-0e48-4ffc-a110-12398ec1ad7d,MD 63 Residence,md 63 residence,Master Developer / DLD Registered,Dubai,International City & Warsan,AE,"MD 63 Residence, International City & Warsan, Dubai, United Arab Emirates",,Luxury High-Rise Tower,0,96,DLD-PRJ-55358,75394 50634,25.153945,55.406347,Premium Residential,osm_dld_cadastral_enriched,0.88
9066e613-5066-4bfc-9a8b-f9b1c9d16110,Block 1,block 1,Master Developer / DLD Registered,Dubai,International City & Warsan,AE,"Block 1, International City & Warsan, Dubai, United Arab Emirates",,Gated Residential Society,0,96,DLD-PRJ-96450,75393 50983,25.153931,55.409834,Premium Residential,osm_dld_cadastral_enriched,0.88
8a6df2aa-38c5-4e8d-95d0-07a60ae6d14d,Block 2,block 2,Master Developer / DLD Registered,Dubai,International City & Warsan,AE,"Block 2, International City & Warsan, Dubai, United Arab Emirates",,Gated Residential Society,0,96,DLD-PRJ-27753,75370 51059,25.153706,55.410598,Premium Residential,osm_dld_cadastral_enriched,0.88
7ceb03ea-775b-47d8-b96e-a8e8228fa254,Block 4,block 4,Master Developer / DLD Registered,Dubai,International City & Warsan,AE,"Block 4, International City & Warsan, Dubai, United Arab Emirates",,Gated Residential Society,0,96,DLD-PRJ-59147,75296 50942,25.15297,55.409425,Premium Residential,osm_dld_cadastral_enriched,0.88
98be2dde-a80b-49b8-bdbd-c80da570b0d0,Block 3,block 3,Master Developer / DLD Registered,Dubai,International City & Warsan,AE,"Block 3, International City & Warsan, Dubai, United Arab Emirates",,Gated Residential Society,0,96,DLD-PRJ-53626,75268 51016,25.152688,55.410169,Premium Residential,osm_dld_cadastral_enriched,0.88
0b646443-888f-4cf8-a013-6847262b6c9a,Mass Residence,mass residence,Master Developer / DLD Registered,Dubai,Jumeirah Village Circle (JVC),AE,"Mass Residence, Jumeirah Village Circle (JVC), Dubai, United Arab Emirates",,Luxury High-Rise Tower,0,96,DLD-PRJ-40797,66705 31629,25.067052,55.216297,Premium Residential,osm_dld_cadastral_enriched,0.88
f3c701e0-99e2-4019-9dcf-ec808894787d,WestView Tower,westview tower,Master Developer / DLD Registered,Dubai,Jumeirah Village Circle (JVC),AE,"WestView Tower, Jumeirah Village Circle (JVC), Dubai, United Arab Emirates",,Luxury High-Rise Tower,0,96,DLD-PRJ-94478,66619 31718,25.066198,55.217188,Premium Residential,osm_dld_cadastral_enriched,0.88
29e92d18-f9bd-4f21-9d53-f74d68f06b4c,Oasis Residence,oasis residence,Master Developer / DLD Registered,Dubai,Bur Dubai & Deira Waterfront,AE,"Oasis Residence, 4 15A Street, Bur Dubai & Deira Waterfront, Dubai, United Arab Emirates",,Luxury High-Rise Tower,0,96,DLD-PRJ-30745,85241 39328,25.252416,55.293288,Premium Residential,osm_dld_cadastral_enriched,0.88
fa847a4c-9711-42b2-ac62-90b3f8fe69fc,Diamond Views 3,diamond views 3,Master Developer / DLD Registered,Dubai,Jumeirah Village Circle (JVC),AE,"Diamond Views 3, Jumeirah Village Circle (JVC), Dubai, United Arab Emirates",,Gated Residential Society,0,96,DLD-PRJ-81121,66228 31778,25.06229,55.217782,Premium Residential,osm_dld_cadastral_enriched,0.88
a502f279-f7a1-44ad-b11c-441897c7bfb4,Golden Woods Villas,golden woods villas,Master Developer / DLD Registered,Dubai,Jumeirah Village Circle (JVC),AE,"Golden Woods Villas, Jumeirah Village Circle (JVC), Dubai, United Arab Emirates",,Ultra-Luxury Gated Villa Community,0,96,DLD-PRJ-16069,66414 30319,25.064144,55.203198,Premium Residential,osm_dld_cadastral_enriched,0.88
c612cb95-a793-4f63-b2c9-a9b8f4cdd221,Diamond Views 1,diamond views 1,Master Developer / DLD Registered,Dubai,Jumeirah Village Circle (JVC),AE,"Diamond Views 1, Jumeirah Village Circle (JVC), Dubai, United Arab Emirates",,Gated Residential Society,0,96,DLD-PRJ-76731,65276 30248,25.052764,55.202481,Premium Residential,osm_dld_cadastral_enriched,0.88
3323931f-db62-4d45-84c9-331fcb590777,"District 19, Jumeirah Village Circle Villas, JVC",district 19 jumeirah village circle villas jvc,Master Developer / DLD Registered,Dubai,Jumeirah Village Circle (JVC),AE,"District 19, Jumeirah Village Circle Villas, JVC, Jumeirah Village Circle (JVC), Dubai, United Arab Emirates",,Ultra-Luxury Gated Villa Community,0,96,DLD-PRJ-45774,65659 30799,25.056592,55.207994,Premium Residential,osm_dld_cadastral_enriched,0.88
2f969932-d74c-404a-b528-183a566ae56a,SBK Realty,sbk realty,Master Developer / DLD Registered,Dubai,Bur Dubai & Deira Waterfront,AE,"SBK Realty, Al Rasheed road, Bur Dubai & Deira Waterfront, Dubai, United Arab Emirates",,Gated Residential Society,0,96,DLD-PRJ-22496,88131 43407,25.281315,55.334077,Premium Residential,osm_dld_cadastral_enriched,0.88
1d51f451-a3ea-4ae0-8357-15ccd98b9fb5,Summer 1,summer 1,Master Developer / DLD Registered,Dubai,Jumeirah Village Circle (JVC),AE,"Summer 1, 26 Street, Jumeirah Village Circle (JVC), Dubai, United Arab Emirates",,Gated Residential Society,0,96,DLD-PRJ-75762,65961 30174,25.059613,55.20175,Premium Residential,osm_dld_cadastral_enriched,0.88
c1047375-d16f-4484-960d-3c1a15eec312,Al Barsha,al barsha,Master Developer / DLD Registered,Dubai,Al Barsha & Barsha Heights (TECOM),AE,"Al Barsha, Al Barsha & Barsha Heights (TECOM), Dubai, United Arab Emirates",,Gated Residential Society,0,96,DLD-PRJ-85882,68747 31146,25.087479,55.211466,Premium Residential,osm_dld_cadastral_enriched,0.88
7b7463bb-1588-4910-b95f-e2f6e708a2c9,Diamond Plaza,diamond plaza,Master Developer / DLD Registered,Dubai,Greater Dubai Urban Corridor,AE,"Diamond Plaza, Abdul Salam Arif, Greater Dubai Urban Corridor, Dubai, United Arab Emirates",,Luxury High-Rise Tower,19,152,DLD-PRJ-81891,91964 48098,25.319641,55.380983,Premium Residential,osm_dld_cadastral_enriched,0.9
a53b356e-0477-4adb-ba77-e6f415aededc,Bennett House 1,bennett house 1,Master Developer / DLD Registered,Dubai,Greater Dubai Urban Corridor,AE,"Bennett House 1, Barton Street, Greater Dubai Urban Corridor, Dubai, United Arab Emirates",,Gated Residential Society,4,32,DLD-PRJ-58529,64582 34588,25.045829,55.245885,Premium Residential,osm_dld_cadastral_enriched,0.9
bae1ffa8-a3ac-4dbe-9702-55198eb9cd28,Bennett House 2,bennett house 2,Master Developer / DLD Registered,Dubai,Greater Dubai Urban Corridor,AE,"Bennett House 2, Barton Street, Greater Dubai Urban Corridor, Dubai, United Arab Emirates",,Gated Residential Society,4,32,DLD-PRJ-71992,64521 34595,25.045215,55.245954,Premium Residential,osm_dld_cadastral_enriched,0.9
5b9a8ee1-db6a-40a6-a355-e90e1866143b,Regent House 2,regent house 2,Master Developer / DLD Registered,Dubai,Greater Dubai Urban Corridor,AE,"Regent House 2, Regent Street, Greater Dubai Urban Corridor, Dubai, United Arab Emirates",,Gated Residential Society,4,32,DLD-PRJ-26721,64552 34844,25.045522,55.248445,Premium Residential,osm_dld_cadastral_enriched,0.9
e5d839f5-ce16-40fc-af1b-8b0b62e3a238,Weston Court 2,weston court 2,Master Developer / DLD Registered,Dubai,Greater Dubai Urban Corridor,AE,"Weston Court 2, Weston Street, Greater Dubai Urban Corridor, Dubai, United Arab Emirates",,Gated Residential Society,4,32,DLD-PRJ-29757,64502 34883,25.045021,55.248836,Premium Residential,osm_dld_cadastral_enriched,0.9
577ba6b2-c84d-4d3a-a883-d8d643ae6817,Norton Court 3,norton court 3,Master Developer / DLD Registered,Dubai,Greater Dubai Urban Corridor,AE,"Norton Court 3, Norton Street, Greater Dubai Urban Corridor, Dubai, United Arab Emirates",,Gated Residential Society,4,32,DLD-PRJ-28009,64671 34798,25.04672,55.247982,Premium Residential,osm_dld_cadastral_enriched,0.9
95045509-528f-4661-8553-020781708b7f,Regent House 1,regent house 1,Master Developer / DLD Registered,Dubai,Greater Dubai Urban Corridor,AE,"Regent House 1, Regent Street, Greater Dubai Urban Corridor, Dubai, United Arab Emirates",,Gated Residential Society,4,32,DLD-PRJ-11411,64597 34839,25.045973,55.248393,Premium Residential,osm_dld_cadastral_enriched,0.9
fd0cdf92-963a-4cfb-a007-23b638548b15,Norton Court 1,norton court 1,Master Developer / DLD Registered,Dubai,Greater Dubai Urban Corridor,AE,"Norton Court 1, Norton Street, Greater Dubai Urban Corridor, Dubai, United Arab Emirates",,Gated Residential Society,4,32,DLD-PRJ-12020,64678 34857,25.046781,55.248573,Premium Residential,osm_dld_cadastral_enriched,0.9
f83b5eb5-463a-4e69-adb2-fbe9198983b4,Norton Court 4,norton court 4,Master Developer / DLD Registered,Dubai,Greater Dubai Urban Corridor,AE,"Norton Court 4, Norton Street, Greater Dubai Urban Corridor, Dubai, United Arab Emirates",,Gated Residential Society,4,32,DLD-PRJ-43546,64686 34736,25.046866,55.247367,Premium Residential,osm_dld_cadastral_enriched,0.9
e8a39c86-7f81-4c05-8be0-b69fd7f13e22,Norton Court 2,norton court 2,Master Developer / DLD Registered,Dubai,Greater Dubai Urban Corridor,AE,"Norton Court 2, Norton Street, Greater Dubai Urban Corridor, Dubai, United Arab Emirates",,Gated Residential Society,4,32,DLD-PRJ-36953,64700 34921,25.047008,55.24922,Premium Residential,osm_dld_cadastral_enriched,0.9
d1287414-80f0-4a1b-976b-9df705aadab3,Robotpark Tower,robotpark tower,Master Developer / DLD Registered,Dubai,Greater Dubai Urban Corridor,AE,"Robotpark Tower, Greater Dubai Urban Corridor, Dubai, United Arab Emirates",,Ultra-Luxury High-Rise Tower,36,288,DLD-PRJ-33108,92445 47513,25.324457,55.375134,Premium Residential,osm_dld_cadastral_enriched,0.9
4050929a-2229-4b87-aa10-7e357a4f6b2b,Buhaira Oasis,buhaira oasis,Master Developer / DLD Registered,Dubai,Greater Dubai Urban Corridor,AE,"Buhaira Oasis, Greater Dubai Urban Corridor, Dubai, United Arab Emirates",,Luxury High-Rise Tower,15,120,DLD-PRJ-49444,92274 48106,25.322747,55.381068,Premium Residential,osm_dld_cadastral_enriched,0.9
23f9fdeb-9900-4d37-a802-283e6bc2b3ac,Abidos Appartment Hotel,abidos appartment hotel,Master Developer / DLD Registered,Dubai,Greater Dubai Urban Corridor,AE,"Abidos Appartment Hotel, Greater Dubai Urban Corridor, Dubai, United Arab Emirates",,Luxury High-Rise Tower,17,136,DLD-PRJ-39756,68927 47958,25.089273,55.379584,Premium Residential,osm_dld_cadastral_enriched,0.9
9cd4a52a-78f0-482b-9b6a-d07852b72b68,Al Sadek,al sadek,Master Developer / DLD Registered,Dubai,Greater Dubai Urban Corridor,AE,"Al Sadek, Masoud Bin Rabee'ah Street, Greater Dubai Urban Corridor, Dubai, United Arab Emirates",,Luxury High-Rise Tower,11,88,DLD-PRJ-47206,94056 49507,25.340569,55.395072,Premium Residential,osm_dld_cadastral_enriched,0.9
a41a1a57-ff35-4e20-9896-cb8bfb3d57c0,Duraah Al Tawassh,duraah al tawassh,Master Developer / DLD Registered,Dubai,Greater Dubai Urban Corridor,AE,"Duraah Al Tawassh, Greater Dubai Urban Corridor, Dubai, United Arab Emirates",,Ultra-Luxury High-Rise Tower,27,216,DLD-PRJ-76053,94100 49786,25.341003,55.397869,Premium Residential,osm_dld_cadastral_enriched,0.9
28b520d3-125e-42d0-927a-73c36a86b614,Al Dhahiri Bldg,al dhahiri bldg,Master Developer / DLD Registered,Dubai,Greater Dubai Urban Corridor,AE,"Al Dhahiri Bldg, Greater Dubai Urban Corridor, Dubai, United Arab Emirates",,Gated Residential Society,8,64,DLD-PRJ-99948,94137 49216,25.341372,55.392169,Premium Residential,osm_dld_cadastral_enriched,0.9
b4e997d7-efee-4b28-a059-a30d260d8f85,Al Hamadi Tower,al hamadi tower,Master Developer / DLD Registered,Dubai,Greater Dubai Urban Corridor,AE,"Al Hamadi Tower, Greater Dubai Urban Corridor, Dubai, United Arab Emirates",,Ultra-Luxury High-Rise Tower,23,184,DLD-PRJ-55942,94031 49172,25.340316,55.391726,Premium Residential,osm_dld_cadastral_enriched,0.9
a42953b5-ffb3-4fe1-b031-5b101e92a2e9,Oudeh Tower,oudeh tower,Master Developer / DLD Registered,Dubai,Greater Dubai Urban Corridor,AE,"Oudeh Tower, Greater Dubai Urban Corridor, Dubai, United Arab Emirates",,Luxury High-Rise Tower,11,88,DLD-PRJ-58230,93955 49161,25.339555,55.391617,Premium Residential,osm_dld_cadastral_enriched,0.9
ca658721-379c-4a7d-8e99-c471003f959c,Saif Bldg,saif bldg,Master Developer / DLD Registered,Dubai,Greater Dubai Urban Corridor,AE,"Saif Bldg, Greater Dubai Urban Corridor, Dubai, United Arab Emirates",,Luxury High-Rise Tower,11,88,DLD-PRJ-19530,93825 49183,25.338259,55.391835,Premium Residential,osm_dld_cadastral_enriched,0.9
fb3d69b7-57c0-4860-a220-8075cd98941d,Liwa Tower,liwa tower,Master Developer / DLD Registered,Dubai,Greater Dubai Urban Corridor,AE,"Liwa Tower, Greater Dubai Urban Corridor, Dubai, United Arab Emirates",,Luxury High-Rise Tower,12,96,DLD-PRJ-99661,93883 49132,25.338835,55.391322,Premium Residential,osm_dld_cadastral_enriched,0.9
8b2da8a7-f0e4-43b4-bc33-9f9dbbdca743,Al Saqr Tower,al saqr tower,Master Developer / DLD Registered,Dubai,Greater Dubai Urban Corridor,AE,"Al Saqr Tower, Greater Dubai Urban Corridor, Dubai, United Arab Emirates",,Luxury High-Rise Tower,19,152,DLD-PRJ-82942,93866 49675,25.338664,55.396759,Premium Residential,osm_dld_cadastral_enriched,0.9
21ad13b5-4dc6-4413-9f3a-aa1f3367188f,Juma Al Majid,juma al majid,Master Developer / DLD Registered,Dubai,Greater Dubai Urban Corridor,AE,"Juma Al Majid, شارع السراقة بن كعب, Greater Dubai Urban Corridor, Dubai, United Arab Emirates",,Luxury High-Rise Tower,16,128,DLD-PRJ-60438,93658 49648,25.336582,55.39648,Premium Residential,osm_dld_cadastral_enriched,0.9
f9e8f85d-7f12-448d-8714-98f09c737900,Al Arbash Building,al arbash building,Master Developer / DLD Registered,Dubai,Greater Dubai Urban Corridor,AE,"Al Arbash Building, King Abdul Aziz St., Greater Dubai Urban Corridor, Dubai, United Arab Emirates",,Luxury High-Rise Tower,14,112,DLD-PRJ-18603,94463 49327,25.344638,55.393277,Premium Residential,osm_dld_cadastral_enriched,0.9
1f8f9463-8c12-4553-9a67-5e1913d70fc4,Riswan Building,riswan building,Master Developer / DLD Registered,Dubai,Greater Dubai Urban Corridor,AE,"Riswan Building, Suraqah Bin Ka'eb Street, Greater Dubai Urban Corridor, Dubai, United Arab Emirates",,Gated Residential Society,9,72,DLD-PRJ-45826,93755 49464,25.337558,55.394646,Premium Residential,osm_dld_cadastral_enriched,0.9
0be4ee0c-bbb5-48aa-aa53-abb9ce50565c,Maisaloon Building,maisaloon building,Master Developer / DLD Registered,Dubai,Greater Dubai Urban Corridor,AE,"Maisaloon Building, Suraqah Bin Ka'eb Street, Greater Dubai Urban Corridor, Dubai, United Arab Emirates",,Luxury High-Rise Tower,16,128,DLD-PRJ-39190,93738 49495,25.337386,55.39496,Premium Residential,osm_dld_cadastral_enriched,0.9
2f134b46-947d-4019-a09c-ddff67dda81d,Saleh Bin Saleh Building,saleh bin saleh building,Master Developer / DLD Registered,Dubai,Greater Dubai Urban Corridor,AE,"Saleh Bin Saleh Building, Suraqah Bin Ka'eb Street, Greater Dubai Urban Corridor, Dubai, United Arab Emirates",,Luxury High-Rise Tower,13,104,DLD-PRJ-13258,93723 49524,25.337239,55.395248,Premium Residential,osm_dld_cadastral_enriched,0.9
13cbd9b7-0899-4aa5-8dd9-a9b011b306c1,Al Mazyunah Building,al mazyunah building,Master Developer / DLD Registered,Dubai,Greater Dubai Urban Corridor,AE,"Al Mazyunah Building, Greater Dubai Urban Corridor, Dubai, United Arab Emirates",,Luxury High-Rise Tower,15,120,DLD-PRJ-86962,93673 49547,25.336732,55.395474,Premium Residential,osm_dld_cadastral_enriched,0.9
5abcbeef-ad5b-41c0-b2d9-501e49334db3,Comfort Building,comfort building,Master Developer / DLD Registered,Dubai,Greater Dubai Urban Corridor,AE,"Comfort Building, Greater Dubai Urban Corridor, Dubai, United Arab Emirates",,Luxury High-Rise Tower,12,96,DLD-PRJ-22041,93815 49115,25.338158,55.391153,Premium Residential,osm_dld_cadastral_enriched,0.9
ad156f4c-fba4-4c72-8a62-51c1bfc4c827,Al Jabari Building,al jabari building,Master Developer / DLD Registered,Dubai,Greater Dubai Urban Corridor,AE,"Al Jabari Building, Wahda St., Greater Dubai Urban Corridor, Dubai, United Arab Emirates",,Luxury High-Rise Tower,14,112,DLD-PRJ-63948,93024 49573,25.330248,55.39574,Premium Residential,osm_dld_cadastral_enriched,0.9
751f6505-039e-4ec8-a1bc-c1643b1764b0,Al Nayli Tower,al nayli tower,Master Developer / DLD Registered,Dubai,Greater Dubai Urban Corridor,AE,"Al Nayli Tower, Wahda St., Greater Dubai Urban Corridor, Dubai, United Arab Emirates",,Ultra-Luxury High-Rise Tower,21,168,DLD-PRJ-71050,93007 49605,25.330079,55.396056,Premium Residential,osm_dld_cadastral_enriched,0.9
b61deaf1-9296-4fee-b33d-e1a502e1fa13,Al Nuaimi Tower,al nuaimi tower,Master Developer / DLD Registered,Dubai,Greater Dubai Urban Corridor,AE,"Al Nuaimi Tower, Wahda St., Greater Dubai Urban Corridor, Dubai, United Arab Emirates",,Luxury High-Rise Tower,11,88,DLD-PRJ-12308,93381 49827,25.333817,55.398279,Premium Residential,osm_dld_cadastral_enriched,0.9
64519cba-d888-48c8-a32c-456724816428,Al Bustan Center & Residence,al bustan center residence,Master Developer / DLD Registered,Dubai,Greater Dubai Urban Corridor,AE,"Al Bustan Center & Residence, Al Nahda Road, Greater Dubai Urban Corridor, Dubai, United Arab Emirates",,Luxury High-Rise Tower,5,40,DLD-PRJ-78768,87510 46801,25.275101,55.368017,Premium Residential,osm_dld_cadastral_enriched,0.9
e6ef47f5-7839-426e-8fbd-13ae40bb8a99,Rainbow 8,rainbow 8,Master Developer / DLD Registered,Dubai,Greater Dubai Urban Corridor,AE,"Rainbow 8, Greater Dubai Urban Corridor, Dubai, United Arab Emirates",,Gated Residential Society,3,24,DLD-PRJ-89883,87545 47573,25.275453,55.375737,Premium Residential,osm_dld_cadastral_enriched,0.9
fe68c66b-6866-40ce-8507-9fe8dc3add57,Rainbow 6,rainbow 6,Master Developer / DLD Registered,Dubai,Greater Dubai Urban Corridor,AE,"Rainbow 6, Greater Dubai Urban Corridor, Dubai, United Arab Emirates",,Gated Residential Society,3,24,DLD-PRJ-28110,87512 47631,25.275122,55.376317,Premium Residential,osm_dld_cadastral_enriched,0.9
c7eb9b1a-c6e8-4e8e-a157-d4a51117f581,Rainbow 2,rainbow 2,Master Developer / DLD Registered,Dubai,Greater Dubai Urban Corridor,AE,"Rainbow 2, Greater Dubai Urban Corridor, Dubai, United Arab Emirates",,Gated Residential Society,3,24,DLD-PRJ-81161,87507 47585,25.275072,55.375852,Premium Residential,osm_dld_cadastral_enriched,0.9
a647dcfc-553a-49fd-bd3e-8d4f6ac635cc,Rainbow 7,rainbow 7,Master Developer / DLD Registered,Dubai,Greater Dubai Urban Corridor,AE,"Rainbow 7, Greater Dubai Urban Corridor, Dubai, United Arab Emirates",,Gated Residential Society,3,24,DLD-PRJ-33688,87528 47602,25.275282,55.376029,Premium Residential,osm_dld_cadastral_enriched,0.9
fe597493-31a2-4daf-83f6-4644dce13f5f,Rainbow 3,rainbow 3,Master Developer / DLD Registered,Dubai,Greater Dubai Urban Corridor,AE,"Rainbow 3, Greater Dubai Urban Corridor, Dubai, United Arab Emirates",,Gated Residential Society,3,24,DLD-PRJ-64577,87490 47613,25.274908,55.376136,Premium Residential,osm_dld_cadastral_enriched,0.9
39a7b15c-0693-48c6-a47b-1ad839ddbe62,Rainbow 1,rainbow 1,Master Developer / DLD Registered,Dubai,Greater Dubai Urban Corridor,AE,"Rainbow 1, Greater Dubai Urban Corridor, Dubai, United Arab Emirates",,Gated Residential Society,3,24,DLD-PRJ-82596,87523 47557,25.275234,55.375571,Premium Residential,osm_dld_cadastral_enriched,0.9
14b47bad-460c-425f-a662-0a8cc6b6051f,Rainbow 5,rainbow 5,Master Developer / DLD Registered,Dubai,Greater Dubai Urban Corridor,AE,"Rainbow 5, Greater Dubai Urban Corridor, Dubai, United Arab Emirates",,Gated Residential Society,3,24,DLD-PRJ-48279,87494 47658,25.27495,55.376585,Premium Residential,osm_dld_cadastral_enriched,0.9
4f2166ec-4afd-4744-966a-815767101537,Rainbow 4,rainbow 4,Master Developer / DLD Registered,Dubai,Greater Dubai Urban Corridor,AE,"Rainbow 4, Greater Dubai Urban Corridor, Dubai, United Arab Emirates",,Gated Residential Society,3,24,DLD-PRJ-68025,87474 47645,25.274744,55.376451,Premium Residential,osm_dld_cadastral_enriched,0.9
7bbf358f-1ecd-4783-a67e-0cae473d768b,Kaloti Building,kaloti building,Master Developer / DLD Registered,Dubai,Greater Dubai Urban Corridor,AE,"Kaloti Building, Jamal Abdul Naser, Greater Dubai Urban Corridor, Dubai, United Arab Emirates",,Luxury High-Rise Tower,10,80,DLD-PRJ-84177,92845 49269,25.328451,55.392699,Premium Residential,osm_dld_cadastral_enriched,0.9
a36182cb-8ee3-4154-96d6-6d94118f27c1,Almaha Tower,almaha tower,Master Developer / DLD Registered,Dubai,Greater Dubai Urban Corridor,AE,"Almaha Tower, Greater Dubai Urban Corridor, Dubai, United Arab Emirates",,Ultra-Luxury High-Rise Tower,30,240,DLD-PRJ-86270,92877 49236,25.328778,55.392365,Premium Residential,osm_dld_cadastral_enriched,0.9
1384c479-2fba-4879-a49b-c1a65623f621,Atlas Building,atlas building,Master Developer / DLD Registered,Dubai,Greater Dubai Urban Corridor,AE,"Atlas Building, Jamal Abdul Naser, Greater Dubai Urban Corridor, Dubai, United Arab Emirates",,Luxury High-Rise Tower,16,128,DLD-PRJ-50743,92877 49283,25.328775,55.392835,Premium Residential,osm_dld_cadastral_enriched,0.9
8c4a1377-1361-4919-b9b7-76a87f198cfe,Al Majaz Peal Tower,al majaz peal tower,Master Developer / DLD Registered,Dubai,Greater Dubai Urban Corridor,AE,"Al Majaz Peal Tower, Greater Dubai Urban Corridor, Dubai, United Arab Emirates",,Ultra-Luxury High-Rise Tower,21,168,DLD-PRJ-29102,92910 49196,25.329108,55.391961,Premium Residential,osm_dld_cadastral_enriched,0.9
b7b8062d-55c9-4f0d-b2a8-244bbaa5c28d,Al Shami Building,al shami building,Master Developer / DLD Registered,Dubai,Greater Dubai Urban Corridor,AE,"Al Shami Building, Jamal Abdul Naser, Greater Dubai Urban Corridor, Dubai, United Arab Emirates",,Ultra-Luxury High-Rise Tower,33,264,DLD-PRJ-32866,92950 49238,25.32951,55.392386,Premium Residential,osm_dld_cadastral_enriched,0.9
f9b1f2d1-c932-4a6a-a4bd-9970c2a4170c,Star Tower,star tower,Master Developer / DLD Registered,Dubai,Greater Dubai Urban Corridor,AE,"Star Tower, Jamal Abdul Naser, Greater Dubai Urban Corridor, Dubai, United Arab Emirates",,Luxury High-Rise Tower,11,88,DLD-PRJ-98732,92986 49215,25.32986,55.392158,Premium Residential,osm_dld_cadastral_enriched,0.9
7522a4fb-fbd4-454b-babf-489e3bfa6faa,Al Farahj Mohamed Building,al farahj mohamed building,Master Developer / DLD Registered,Dubai,Greater Dubai Urban Corridor,AE,"Al Farahj Mohamed Building, Jamal Abdul Naser, Greater Dubai Urban Corridor, Dubai, United Arab Emirates",,Gated Residential Society,7,56,DLD-PRJ-16312,93000 49276,25.33001,55.392763,Premium Residential,osm_dld_cadastral_enriched,0.9
e13b7ac9-227d-46cd-8903-50a10ab0052a,Al Basemah Building,al basemah building,Master Developer / DLD Registered,Dubai,Greater Dubai Urban Corridor,AE,"Al Basemah Building, Jamal Abdul Naser, Greater Dubai Urban Corridor, Dubai, United Arab Emirates",,Ultra-Luxury High-Rise Tower,21,168,DLD-PRJ-85553,92952 49315,25.329529,55.393154,Premium Residential,osm_dld_cadastral_enriched,0.9
15511722-528a-461c-bcb4-b4feb5df6aca,Capital Tower,capital tower,Master Developer / DLD Registered,Dubai,Greater Dubai Urban Corridor,AE,"Capital Tower, Wahda St., Greater Dubai Urban Corridor, Dubai, United Arab Emirates",,Ultra-Luxury High-Rise Tower,32,256,DLD-PRJ-91118,92840 49427,25.328402,55.394272,Premium Residential,osm_dld_cadastral_enriched,0.9
479d5e8f-b880-419c-bbaf-be8b9d1f538e,Al Marwa Tower,al marwa tower,Master Developer / DLD Registered,Dubai,Greater Dubai Urban Corridor,AE,"Al Marwa Tower, Jamal Abdul Naser, Greater Dubai Urban Corridor, Dubai, United Arab Emirates",,Ultra-Luxury High-Rise Tower,35,280,DLD-PRJ-53196,92592 49152,25.325925,55.391522,Premium Residential,osm_dld_cadastral_enriched,0.9
569fae62-791f-4891-9758-762cfc74eda4,Royal House Building,royal house building,Master Developer / DLD Registered,Dubai,Greater Dubai Urban Corridor,AE,"Royal House Building, شارع 24, Greater Dubai Urban Corridor, Dubai, United Arab Emirates",,Gated Residential Society,4,32,DLD-PRJ-45646,88236 45302,25.282367,55.353029,Premium Residential,osm_dld_cadastral_enriched,0.9
45a4b4d7-c12e-40a0-9175-a9cb8b22a097,University View,university view,Master Developer / DLD Registered,Dubai,Greater Dubai Urban Corridor,AE,"University View, 94 Street, Greater Dubai Urban Corridor, Dubai, United Arab Emirates",,Gated Residential Society,9,72,DLD-PRJ-16032,72640 50506,25.126409,55.405062,Premium Residential,osm_dld_cadastral_enriched,0.9
b6919bbb-95d1-4efb-94eb-6c56ed87058f,Sheffield Bldg,sheffield bldg,Master Developer / DLD Registered,Dubai,Greater Dubai Urban Corridor,AE,"Sheffield Bldg, Greater Dubai Urban Corridor, Dubai, United Arab Emirates",,Gated Residential Society,6,48,DLD-PRJ-64053,66193 34038,25.061939,55.240383,Premium Residential,osm_dld_cadastral_enriched,0.9
e69beece-46d8-44a5-8b1f-84f38bbcbb00,Westside Bldg,westside bldg,Master Developer / DLD Registered,Dubai,Greater Dubai Urban Corridor,AE,"Westside Bldg, Greater Dubai Urban Corridor, Dubai, United Arab Emirates",,Gated Residential Society,6,48,DLD-PRJ-18941,66075 33715,25.060754,55.237159,Premium Residential,osm_dld_cadastral_enriched,0.9
6c50c1e1-82b5-4a12-a7b1-492640a54f81,Northside Bldg,northside bldg,Master Developer / DLD Registered,Dubai,Greater Dubai Urban Corridor,AE,"Northside Bldg, Greater Dubai Urban Corridor, Dubai, United Arab Emirates",,Gated Residential Society,6,48,DLD-PRJ-41803,66122 33927,25.061225,55.239278,Premium Residential,osm_dld_cadastral_enriched,0.9
4132e5b6-0e4f-49e2-be95-57caebd5f68d,The Light,the light,Master Developer / DLD Registered,Dubai,Greater Dubai Urban Corridor,AE,"The Light, Greater Dubai Urban Corridor, Dubai, United Arab Emirates",,Luxury High-Rise Tower,11,88,DLD-PRJ-59144,66537 34562,25.065374,55.245627,Premium Residential,osm_dld_cadastral_enriched,0.9
1b2eede1-44f4-4f80-b259-0d74112d9ee4,Platinum One,platinum one,Master Developer / DLD Registered,Dubai,Greater Dubai Urban Corridor,AE,"Platinum One, Greater Dubai Urban Corridor, Dubai, United Arab Emirates",,Gated Residential Society,9,72,DLD-PRJ-44934,66663 34558,25.066635,55.245589,Premium Residential,osm_dld_cadastral_enriched,0.9
f2d1296f-8589-4c42-808b-7e0d407f681e,Lincoln park B,lincoln park b,Master Developer / DLD Registered,Dubai,Greater Dubai Urban Corridor,AE,"Lincoln park B, Greater Dubai Urban Corridor, Dubai, United Arab Emirates",,Gated Residential Society,6,48,DLD-PRJ-68788,66089 33830,25.060893,55.238309,Premium Residential,osm_dld_cadastral_enriched,0.9
543e08a6-8cec-42d2-94eb-821a54693a1e,Ritaj D,ritaj d,Master Developer / DLD Registered,Dubai,Greater Dubai Urban Corridor,AE,"Ritaj D, Greater Dubai Urban Corridor, Dubai, United Arab Emirates",,Gated Residential Society,6,48,DLD-PRJ-12991,58749 30146,24.987499,55.201463,Premium Residential,osm_dld_cadastral_enriched,0.9
181cf517-a735-4b81-9ad1-93055f9e2a82,Ritaj B,ritaj b,Master Developer / DLD Registered,Dubai,Greater Dubai Urban Corridor,AE,"Ritaj B, Greater Dubai Urban Corridor, Dubai, United Arab Emirates",,Gated Residential Society,6,48,DLD-PRJ-51928,58827 30113,24.988278,55.201131,Premium Residential,osm_dld_cadastral_enriched,0.9
5d605f46-f1ac-4cff-9cea-ad42c9596247,Ritaj C,ritaj c,Master Developer / DLD Registered,Dubai,Greater Dubai Urban Corridor,AE,"Ritaj C, Greater Dubai Urban Corridor, Dubai, United Arab Emirates",,Gated Residential Society,6,48,DLD-PRJ-85051,58820 30186,24.988206,55.201864,Premium Residential,osm_dld_cadastral_enriched,0.9
bde6e5dc-8557-42fc-a9e5-86a1454c8009,Ritaj A,ritaj a,Master Developer / DLD Registered,Dubai,Greater Dubai Urban Corridor,AE,"Ritaj A, Greater Dubai Urban Corridor, Dubai, United Arab Emirates",,Gated Residential Society,6,48,DLD-PRJ-82893,58891 30164,24.988916,55.20165,Premium Residential,osm_dld_cadastral_enriched,0.9
f638e980-bab8-4a15-a211-8f265195be7a,Ritaj F,ritaj f,Master Developer / DLD Registered,Dubai,Greater Dubai Urban Corridor,AE,"Ritaj F, Greater Dubai Urban Corridor, Dubai, United Arab Emirates",,Gated Residential Society,6,48,DLD-PRJ-78496,58858 30318,24.988586,55.203186,Premium Residential,osm_dld_cadastral_enriched,0.9
f0157003-dec1-4530-a8ee-31d2720b04ae,Ritaj E,ritaj e,Master Developer / DLD Registered,Dubai,Greater Dubai Urban Corridor,AE,"Ritaj E, Greater Dubai Urban Corridor, Dubai, United Arab Emirates",,Gated Residential Society,6,48,DLD-PRJ-94524,58754 30297,24.987545,55.202974,Premium Residential,osm_dld_cadastral_enriched,0.9
512ca673-cade-4be1-b7ad-39ed6072416e,API Tower,api tower,Master Developer / DLD Registered,Dubai,Greater Dubai Urban Corridor,AE,"API Tower, 92 Street, Greater Dubai Urban Corridor, Dubai, United Arab Emirates",,Luxury High-Rise Tower,10,80,DLD-PRJ-46746,70953 48336,25.109535,55.383369,Premium Residential,osm_dld_cadastral_enriched,0.9
0884ae50-be73-4e3f-a27d-e82121e15ae8,JADE Residence,jade residence,Master Developer / DLD Registered,Dubai,Greater Dubai Urban Corridor,AE,"JADE Residence, 86 Street, Greater Dubai Urban Corridor, Dubai, United Arab Emirates",,Luxury High-Rise Tower,9,72,DLD-PRJ-98136,70998 48148,25.109981,55.381489,Premium Residential,osm_dld_cadastral_enriched,0.9
8f2be27f-6a8a-4d71-9dce-eb50f58a4e4b,Silicon Star,silicon star,Master Developer / DLD Registered,Dubai,Greater Dubai Urban Corridor,AE,"Silicon Star, 92 Street, Greater Dubai Urban Corridor, Dubai, United Arab Emirates",,Gated Residential Society,9,72,DLD-PRJ-43351,70802 47947,25.108026,55.379474,Premium Residential,osm_dld_cadastral_enriched,0.9
3519b03f-3a4d-4962-8432-193611ce6d97,Dunes,dunes,Master Developer / DLD Registered,Dubai,Greater Dubai Urban Corridor,AE,"Dunes, 92 Street, Greater Dubai Urban Corridor, Dubai, United Arab Emirates",,Gated Residential Society,9,72,DLD-PRJ-93058,70922 47807,25.109229,55.378075,Premium Residential,osm_dld_cadastral_enriched,0.9
070ee564-124f-44d1-b0a1-044a1dfeef2f,246,246,Master Developer / DLD Registered,Dubai,Greater Dubai Urban Corridor,AE,"246, شارع 13, Greater Dubai Urban Corridor, Dubai, United Arab Emirates",,Gated Residential Society,6,48,DLD-PRJ-75879,62851 26109,25.028517,55.161094,Premium Residential,osm_dld_cadastral_enriched,0.9
8636ae86-861a-41f0-958a-598d61c608fe,Saheel 2,saheel 2,Master Developer / DLD Registered,Dubai,Greater Dubai Urban Corridor,AE,"Saheel 2, Greater Dubai Urban Corridor, Dubai, United Arab Emirates",,Luxury High-Rise Tower,17,136,DLD-PRJ-11975,88588 46026,25.285883,55.360266,Premium Residential,osm_dld_cadastral_enriched,0.9
5f5cc61d-66b0-431d-967b-349a91a6c0ce,Yeismine Building,yeismine building,Master Developer / DLD Registered,Dubai,Greater Dubai Urban Corridor,AE,"Yeismine Building, Second Industrial Street, Greater Dubai Urban Corridor, Dubai, United Arab Emirates",,Gated Residential Society,7,56,DLD-PRJ-30023,93075 52247,25.330752,55.422478,Premium Residential,osm_dld_cadastral_enriched,0.9
c5d05594-11dd-4a4a-b4db-f170a34bb2bb,Shakespeare Circus 1,shakespeare circus 1,Master Developer / DLD Registered,Dubai,Greater Dubai Urban Corridor,AE,"Shakespeare Circus 1, Shakespeare Street, Greater Dubai Urban Corridor, Dubai, United Arab Emirates",,Gated Residential Society,6,48,DLD-PRJ-41256,64616 34947,25.046165,55.249473,Premium Residential,osm_dld_cadastral_enriched,0.9
c6c7d698-050f-4510-9205-1f36ce1dde93,Shakespeare Circus 3,shakespeare circus 3,Master Developer / DLD Registered,Dubai,Greater Dubai Urban Corridor,AE,"Shakespeare Circus 3, Shakespeare Street, Greater Dubai Urban Corridor, Dubai, United Arab Emirates",,Gated Residential Society,6,48,DLD-PRJ-31703,64548 34954,25.045486,55.249549,Premium Residential,osm_dld_cadastral_enriched,0.9
f7dbe3b1-5c63-46b1-a8db-c137cce62821,Sherlock Circus 3,sherlock circus 3,Master Developer / DLD Registered,Dubai,Greater Dubai Urban Corridor,AE,"Sherlock Circus 3, Sherlock Street, Greater Dubai Urban Corridor, Dubai, United Arab Emirates",,Gated Residential Society,6,48,DLD-PRJ-80362,64592 34742,25.045927,55.247422,Premium Residential,osm_dld_cadastral_enriched,0.9
201d9254-1e95-4ec3-a628-1c1cc011de1f,Sherlock Circus 2,sherlock circus 2,Master Developer / DLD Registered,Dubai,Greater Dubai Urban Corridor,AE,"Sherlock Circus 2, Sherlock Street, Greater Dubai Urban Corridor, Dubai, United Arab Emirates",,Gated Residential Society,6,48,DLD-PRJ-64133,64564 34687,25.045646,55.246879,Premium Residential,osm_dld_cadastral_enriched,0.9
9d2a69f5-7f22-45ed-abc0-a40fbc522bb7,Sherlock Circus 1,sherlock circus 1,Master Developer / DLD Registered,Dubai,Greater Dubai Urban Corridor,AE,"Sherlock Circus 1, Sherlock Street, Greater Dubai Urban Corridor, Dubai, United Arab Emirates",,Gated Residential Society,6,48,DLD-PRJ-48082,64536 34749,25.045363,55.247497,Premium Residential,osm_dld_cadastral_enriched,0.9
ee09089f-e9a2-47db-97c1-f09d21ceb84d,Widcombe House 3,widcombe house 3,Master Developer / DLD Registered,Dubai,Greater Dubai Urban Corridor,AE,"Widcombe House 3, Widcombe Street, Greater Dubai Urban Corridor, Dubai, United Arab Emirates",,Gated Residential Society,4,32,DLD-PRJ-97394,64544 34508,25.045443,55.245085,Premium Residential,osm_dld_cadastral_enriched,0.9
6a42f2a8-3298-49aa-a17b-56fdbb2e6016,New Bridge Hills 3,new bridge hills 3,Master Developer / DLD Registered,Dubai,Greater Dubai Urban Corridor,AE,"New Bridge Hills 3, New Bridge Hills, Greater Dubai Urban Corridor, Dubai, United Arab Emirates",,Luxury High-Rise Tower,12,96,DLD-PRJ-76664,64760 34939,25.047603,55.249398,Premium Residential,osm_dld_cadastral_enriched,0.9
4bcf7f39-904a-43a4-a4bf-bd37e46ea56d,New Bridge Hills 2,new bridge hills 2,Master Developer / DLD Registered,Dubai,Greater Dubai Urban Corridor,AE,"New Bridge Hills 2, New Bridge Hills, Greater Dubai Urban Corridor, Dubai, United Arab Emirates",,Luxury High-Rise Tower,12,96,DLD-PRJ-13274,64773 34874,25.047732,55.248747,Premium Residential,osm_dld_cadastral_enriched,0.9
cb6c03cc-362a-4152-80c4-ff0ff5c06367,New Bridge Hills 1,new bridge hills 1,Master Developer / DLD Registered,Dubai,Greater Dubai Urban Corridor,AE,"New Bridge Hills 1, New Bridge Hills, Greater Dubai Urban Corridor, Dubai, United Arab Emirates",,Luxury High-Rise Tower,12,96,DLD-PRJ-21277,64793 34811,25.047936,55.248112,Premium Residential,osm_dld_cadastral_enriched,0.9
e771aa9b-7179-4d9d-ac7d-e3b167a6a2e4,Foxhill 7,foxhill 7,Master Developer / DLD Registered,Dubai,Greater Dubai Urban Corridor,AE,"Foxhill 7, Turin Boulevard Road, Greater Dubai Urban Corridor, Dubai, United Arab Emirates",,Gated Residential Society,7,56,DLD-PRJ-25889,64679 34534,25.046798,55.245346,Premium Residential,osm_dld_cadastral_enriched,0.9
e1364424-eced-43d7-8eaa-6870dec8acbd,Foxhill 8,foxhill 8,Master Developer / DLD Registered,Dubai,Greater Dubai Urban Corridor,AE,"Foxhill 8, Turin Boulevard Road, Greater Dubai Urban Corridor, Dubai, United Arab Emirates",,Gated Residential Society,7,56,DLD-PRJ-90777,64772 34669,25.047722,55.246698,Premium Residential,osm_dld_cadastral_enriched,0.9
fb9f4b5b-1b27-4590-aeb0-b247d9839d35,Foxhill 9,foxhill 9,Master Developer / DLD Registered,Dubai,Greater Dubai Urban Corridor,AE,"Foxhill 9, Turin Boulevard Road, Greater Dubai Urban Corridor, Dubai, United Arab Emirates",,Gated Residential Society,7,56,DLD-PRJ-28713,64812 34717,25.048126,55.247175,Premium Residential,osm_dld_cadastral_enriched,0.9
49a71add-bd41-4a0f-bf56-4cec7d226703,Sherlock House 2,sherlock house 2,Master Developer / DLD Registered,Dubai,Greater Dubai Urban Corridor,AE,"Sherlock House 2, Sherlock Street, Greater Dubai Urban Corridor, Dubai, United Arab Emirates",,Gated Residential Society,6,48,DLD-PRJ-35890,64701 34669,25.04701,55.246695,Premium Residential,osm_dld_cadastral_enriched,0.9
40b1b5a9-7b49-4348-953c-5adcaf69503d,Sherlock House 1,sherlock house 1,Master Developer / DLD Registered,Dubai,Greater Dubai Urban Corridor,AE,"Sherlock House 1, Sherlock Street, Greater Dubai Urban Corridor, Dubai, United Arab Emirates",,Gated Residential Society,6,48,DLD-PRJ-85165,64663 34605,25.046638,55.246059,Premium Residential,osm_dld_cadastral_enriched,0.9
31558401-b5e4-4bf2-a6a4-517f2ab4e01d,Sondos Lily,sondos lily,Master Developer / DLD Registered,Dubai,Greater Dubai Urban Corridor,AE,"Sondos Lily, Greater Dubai Urban Corridor, Dubai, United Arab Emirates",,Gated Residential Society,9,72,DLD-PRJ-19465,68612 48384,25.086121,55.383845,Premium Residential,osm_dld_cadastral_enriched,0.9
ab5b2277-2459-4fa7-9f13-213e2eb0dc47,Sondos Sage,sondos sage,Master Developer / DLD Registered,Dubai,Greater Dubai Urban Corridor,AE,"Sondos Sage, Greater Dubai Urban Corridor, Dubai, United Arab Emirates",,Gated Residential Society,9,72,DLD-PRJ-30594,68571 48380,25.085713,55.383801,Premium Residential,osm_dld_cadastral_enriched,0.9
38fbe17c-4870-4477-beff-a3a01dc8d776,Sondos Rosa,sondos rosa,Master Developer / DLD Registered,Dubai,Greater Dubai Urban Corridor,AE,"Sondos Rosa, Greater Dubai Urban Corridor, Dubai, United Arab Emirates",,Gated Residential Society,9,72,DLD-PRJ-48686,68665 48292,25.086655,55.38293,Premium Residential,osm_dld_cadastral_enriched,0.9
fd39aac5-e9d6-4072-ab61-45d73046806c,Tulip Oasis 6,tulip oasis 6,Master Developer / DLD Registered,Dubai,Greater Dubai Urban Corridor,AE,"Tulip Oasis 6, Dubailand R Complex, Greater Dubai Urban Corridor, Dubai, United Arab Emirates",,Luxury High-Rise Tower,10,80,DLD-PRJ-98102,68984 48393,25.089847,55.383939,Premium Residential,osm_dld_cadastral_enriched,0.9
d137e6e1-c19e-41a3-8124-438619b9359b,Sondos Orchid,sondos orchid,Master Developer / DLD Registered,Dubai,Greater Dubai Urban Corridor,AE,"Sondos Orchid, Greater Dubai Urban Corridor, Dubai, United Arab Emirates",,Luxury High-Rise Tower,11,88,DLD-PRJ-97677,69527 47988,25.095274,55.379887,Premium Residential,osm_dld_cadastral_enriched,0.9
0b3eb795-754a-47ff-a44c-9936a0fe6e63,Sondos Lilac,sondos lilac,Master Developer / DLD Registered,Dubai,Greater Dubai Urban Corridor,AE,"Sondos Lilac, Greater Dubai Urban Corridor, Dubai, United Arab Emirates",,Luxury High-Rise Tower,12,96,DLD-PRJ-29347,69500 48017,25.095003,55.380179,Premium Residential,osm_dld_cadastral_enriched,0.9
9f3b5334-b447-46a8-85d8-4a75252b23ab,Cordoba Palace,cordoba palace,Master Developer / DLD Registered,Dubai,Greater Dubai Urban Corridor,AE,"Cordoba Palace, 92 Street, Greater Dubai Urban Corridor, Dubai, United Arab Emirates",,Luxury High-Rise Tower,10,80,DLD-PRJ-84071,70809 47805,25.108096,55.378053,Premium Residential,osm_dld_cadastral_enriched,0.9
b0db87c8-35c6-4d7a-bd2b-200c74d75714,Axis Residences 7,axis residences 7,Master Developer / DLD Registered,Dubai,Greater Dubai Urban Corridor,AE,"Axis Residences 7, 88 Street, Greater Dubai Urban Corridor, Dubai, United Arab Emirates",,Luxury High-Rise Tower,9,72,DLD-PRJ-16264,70790 47719,25.107906,55.377198,Premium Residential,osm_dld_cadastral_enriched,0.9
c1315a47-88f3-4e29-8847-fa82fb181077,Jawaher Building,jawaher building,Master Developer / DLD Registered,Dubai,Greater Dubai Urban Corridor,AE,"Jawaher Building, 92 Street, Greater Dubai Urban Corridor, Dubai, United Arab Emirates",,Gated Residential Society,9,72,DLD-PRJ-80392,70800 47856,25.108004,55.378568,Premium Residential,osm_dld_cadastral_enriched,0.9
755c744f-1a98-4801-9f97-91719f57d62d,Khan Saheb 2,khan saheb 2,Master Developer / DLD Registered,Dubai,Greater Dubai Urban Corridor,AE,"Khan Saheb 2, 88 Street, Greater Dubai Urban Corridor, Dubai, United Arab Emirates",,Gated Residential Society,7,56,DLD-PRJ-85185,70738 47918,25.107387,55.379187,Premium Residential,osm_dld_cadastral_enriched,0.9
1189f78c-9f3f-402c-9d27-da2c34656cfe,ARJ Sapphire Oasis,arj sapphire oasis,Master Developer / DLD Registered,Dubai,Greater Dubai Urban Corridor,AE,"ARJ Sapphire Oasis, 88 Street, Greater Dubai Urban Corridor, Dubai, United Arab Emirates",,Gated Residential Society,9,72,DLD-PRJ-69429,70738 48034,25.107384,55.380343,Premium Residential,osm_dld_cadastral_enriched,0.9
3eddb433-6138-4538-b8f1-dd33e6abb1f3,Silicon Gates 4,silicon gates 4,Master Developer / DLD Registered,Dubai,Greater Dubai Urban Corridor,AE,"Silicon Gates 4, 92 Street, Greater Dubai Urban Corridor, Dubai, United Arab Emirates",,Gated Residential Society,9,72,DLD-PRJ-74801,70812 48136,25.108123,55.381362,Premium Residential,osm_dld_cadastral_enriched,0.9
d417036d-5d87-4f25-bf17-35f72a8df1be,Axis Gold 6,axis gold 6,Master Developer / DLD Registered,Dubai,Greater Dubai Urban Corridor,AE,"Axis Gold 6, Greater Dubai Urban Corridor, Dubai, United Arab Emirates",,Gated Residential Society,9,72,DLD-PRJ-96088,70901 48153,25.109014,55.381534,Premium Residential,osm_dld_cadastral_enriched,0.9
3bc476cc-a8fc-4e84-86d4-f5d6ad62a33e,Mazaya 3,mazaya 3,Master Developer / DLD Registered,Dubai,Greater Dubai Urban Corridor,AE,"Mazaya 3, Dubai - Al Ain Road, Greater Dubai Urban Corridor, Dubai, United Arab Emirates",,Luxury High-Rise Tower,15,120,DLD-PRJ-61975,71560 46275,25.115601,55.362751,Premium Residential,osm_dld_cadastral_enriched,0.9
c997c859-a76f-4b9c-bc46-731e655ae165,Mazaya 4,mazaya 4,Master Developer / DLD Registered,Dubai,Greater Dubai Urban Corridor,AE,"Mazaya 4, Dubai - Al Ain Road, Greater Dubai Urban Corridor, Dubai, United Arab Emirates",,Luxury High-Rise Tower,14,112,DLD-PRJ-82937,71560 46355,25.115609,55.363557,Premium Residential,osm_dld_cadastral_enriched,0.9
322c5289-c49b-421c-a69d-dea8c04e64a3,Mazaya 1,mazaya 1,Master Developer / DLD Registered,Dubai,Greater Dubai Urban Corridor,AE,"Mazaya 1, Dubai - Al Ain Road, Greater Dubai Urban Corridor, Dubai, United Arab Emirates",,Luxury High-Rise Tower,10,80,DLD-PRJ-16820,71563 46214,25.115633,55.362144,Premium Residential,osm_dld_cadastral_enriched,0.9
dcf9a5d9-70b1-41da-b8c6-5c2939500d64,Tala 1,tala 1,Master Developer / DLD Registered,Dubai,Greater Dubai Urban Corridor,AE,"Tala 1, Dubai - Al Ain Road, Greater Dubai Urban Corridor, Dubai, United Arab Emirates",,Gated Residential Society,9,72,DLD-PRJ-66758,71595 46185,25.11595,55.36185,Premium Residential,osm_dld_cadastral_enriched,0.9
72e7ea8d-8e25-4f7c-94e9-49dadc750410,Mazaya 2,mazaya 2,Master Developer / DLD Registered,Dubai,Greater Dubai Urban Corridor,AE,"Mazaya 2, Dubai - Al Ain Road, Greater Dubai Urban Corridor, Dubai, United Arab Emirates",,Luxury High-Rise Tower,10,80,DLD-PRJ-61963,71528 46249,25.11528,55.362493,Premium Residential,osm_dld_cadastral_enriched,0.9
af43f669-a3e1-4290-a8e4-b2b82064bb55,Mazaya 7,mazaya 7,Master Developer / DLD Registered,Dubai,Greater Dubai Urban Corridor,AE,"Mazaya 7, Dubai - Al Ain Road, Greater Dubai Urban Corridor, Dubai, United Arab Emirates",,Luxury High-Rise Tower,10,80,DLD-PRJ-31153,71380 46367,25.113809,55.363671,Premium Residential,osm_dld_cadastral_enriched,0.9
389fad7e-9a11-404d-bef7-f70c9de6e93a,Mazaya 6,mazaya 6,Master Developer / DLD Registered,Dubai,Greater Dubai Urban Corridor,AE,"Mazaya 6, Dubai - Al Ain Road, Greater Dubai Urban Corridor, Dubai, United Arab Emirates",,Luxury High-Rise Tower,10,80,DLD-PRJ-13970,71430 46326,25.114305,55.36327,Premium Residential,osm_dld_cadastral_enriched,0.9
4d2d1e82-5eea-4e73-bc17-e1acb6d777eb,Nahda Palm Residence,nahda palm residence,Master Developer / DLD Registered,Dubai,Greater Dubai Urban Corridor,AE,"Nahda Palm Residence, 4th Street, Greater Dubai Urban Corridor, Dubai, United Arab Emirates",,Luxury High-Rise Tower,4,32,DLD-PRJ-47658,88927 47137,25.289278,55.371373,Premium Residential,osm_dld_cadastral_enriched,0.9
fe299b6f-2dd6-48d4-8b8d-a338dd1da20c,Ahli House B,ahli house b,Master Developer / DLD Registered,Dubai,Greater Dubai Urban Corridor,AE,"Ahli House B, 6A Street, Greater Dubai Urban Corridor, Dubai, United Arab Emirates",,Luxury High-Rise Tower,11,88,DLD-PRJ-16124,88692 47039,25.286927,55.370399,Premium Residential,osm_dld_cadastral_enriched,0.9
2d7e1cd6-f595-459a-af13-f71de487e7a7,Masafi 1,masafi 1,Master Developer / DLD Registered,Dubai,Greater Dubai Urban Corridor,AE,"Masafi 1, Greater Dubai Urban Corridor, Dubai, United Arab Emirates",,Gated Residential Society,5,40,DLD-PRJ-57638,88950 47210,25.289507,55.372106,Premium Residential,osm_dld_cadastral_enriched,0.9
061a65e7-0b95-47f4-83b0-13912909485e,Masafi 2,masafi 2,Master Developer / DLD Registered,Dubai,Greater Dubai Urban Corridor,AE,"Masafi 2, 4th Street, Greater Dubai Urban Corridor, Dubai, United Arab Emirates",,Gated Residential Society,8,64,DLD-PRJ-54785,88959 47081,25.289597,55.370816,Premium Residential,osm_dld_cadastral_enriched,0.9
cdcdf635-26e0-45f2-bcf6-e2bffe456e0c,Silver Tower,silver tower,Master Developer / DLD Registered,Dubai,Greater Dubai Urban Corridor,AE,"Silver Tower, Greater Dubai Urban Corridor, Dubai, United Arab Emirates",,Luxury High-Rise Tower,13,104,DLD-PRJ-96176,88877 47165,25.288776,55.371657,Premium Residential,osm_dld_cadastral_enriched,0.9
a85c88e9-677d-4d85-820c-0557d22338dc,Al Basha Building,al basha building,Master Developer / DLD Registered,Dubai,Greater Dubai Urban Corridor,AE,"Al Basha Building, Greater Dubai Urban Corridor, Dubai, United Arab Emirates",,Luxury High-Rise Tower,12,96,DLD-PRJ-16800,88912 47054,25.289121,55.370548,Premium Residential,osm_dld_cadastral_enriched,0.9
279740d7-b8fa-4b7c-abfc-3ccef31cf959,Zahrat Al Nahda building,zahrat al nahda building,Master Developer / DLD Registered,Dubai,Greater Dubai Urban Corridor,AE,"Zahrat Al Nahda building, 38th Street, Greater Dubai Urban Corridor, Dubai, United Arab Emirates",,Luxury High-Rise Tower,12,96,DLD-PRJ-63282,89294 48411,25.292946,55.384119,Premium Residential,osm_dld_cadastral_enriched,0.9
caf6ef7f-ca71-4d04-8757-454b75770bec,City Embassy,city embassy,Master Developer / DLD Registered,Dubai,Greater Dubai Urban Corridor,AE,"City Embassy, Sa'ad Bin Zayd Street, Greater Dubai Urban Corridor, Dubai, United Arab Emirates",,Luxury High-Rise Tower,13,104,DLD-PRJ-43335,93290 49498,25.332902,55.394987,Premium Residential,osm_dld_cadastral_enriched,0.9
9f6997f5-03ee-4de5-8be7-75e4623bc809,Al Kubra Tower,al kubra tower,Master Developer / DLD Registered,Dubai,Greater Dubai Urban Corridor,AE,"Al Kubra Tower, Greater Dubai Urban Corridor, Dubai, United Arab Emirates",,Luxury High-Rise Tower,16,128,DLD-PRJ-34709,90538 47718,25.305383,55.377188,Premium Residential,osm_dld_cadastral_enriched,0.9
09729fb7-d189-4e29-bb37-f6645be612e8,Abdullah Hussain,abdullah hussain,Master Developer / DLD Registered,Dubai,Greater Dubai Urban Corridor,AE,"Abdullah Hussain, Greater Dubai Urban Corridor, Dubai, United Arab Emirates",,Luxury High-Rise Tower,12,96,DLD-PRJ-91028,90557 47693,25.305575,55.376933,Premium Residential,osm_dld_cadastral_enriched,0.9
d1d5b371-8be8-42f3-8ee7-35781ccfab1e,Damas 63,damas 63,Master Developer / DLD Registered,Dubai,Greater Dubai Urban Corridor,AE,"Damas 63, Greater Dubai Urban Corridor, Dubai, United Arab Emirates",,Luxury High-Rise Tower,19,152,DLD-PRJ-29914,90590 47609,25.305905,55.376096,Premium Residential,osm_dld_cadastral_enriched,0.9
8c9074ff-0d61-47f3-b152-7311d8d8726a,Maf Tower,maf tower,Master Developer / DLD Registered,Dubai,Greater Dubai Urban Corridor,AE,"Maf Tower, Greater Dubai Urban Corridor, Dubai, United Arab Emirates",,Ultra-Luxury High-Rise Tower,25,200,DLD-PRJ-10562,90564 47636,25.305647,55.376364,Premium Residential,osm_dld_cadastral_enriched,0.9
54d1692f-0c97-486d-9829-fafebf962897,Al Khaleej 1,al khaleej 1,Master Developer / DLD Registered,Dubai,Greater Dubai Urban Corridor,AE,"Al Khaleej 1, Greater Dubai Urban Corridor, Dubai, United Arab Emirates",,Luxury High-Rise Tower,12,96,DLD-PRJ-89824,90632 47653,25.306324,55.376531,Premium Residential,osm_dld_cadastral_enriched,0.9
94d74ef2-4f07-4d73-8bef-2216af8577d7,Rizwan Tower,rizwan tower,Master Developer / DLD Registered,Dubai,Greater Dubai Urban Corridor,AE,"Rizwan Tower, Greater Dubai Urban Corridor, Dubai, United Arab Emirates",,Luxury High-Rise Tower,16,128,DLD-PRJ-36942,90587 47658,25.305877,55.376588,Premium Residential,osm_dld_cadastral_enriched,0.9
d1777ab1-7f8e-4d4c-bf08-db8e8ffd36f8,Al Khaleej 2,al khaleej 2,Master Developer / DLD Registered,Dubai,Greater Dubai Urban Corridor,AE,"Al Khaleej 2, Greater Dubai Urban Corridor, Dubai, United Arab Emirates",,Luxury High-Rise Tower,18,144,DLD-PRJ-49968,90610 47680,25.306102,55.376803,Premium Residential,osm_dld_cadastral_enriched,0.9
1b89a1ce-6c45-4180-9c27-7a24f9e6770d,Golden Sands Tower,golden sands tower,Master Developer / DLD Registered,Dubai,Greater Dubai Urban Corridor,AE,"Golden Sands Tower, Greater Dubai Urban Corridor, Dubai, United Arab Emirates",,Iconic Sky High-Rise Tower,42,336,DLD-PRJ-49315,90801 47732,25.308013,55.377324,Premium Residential,osm_dld_cadastral_enriched,0.9
c4649034-bff0-4731-8a98-f06fedd9d621,Hani Bayram Tower,hani bayram tower,Master Developer / DLD Registered,Dubai,Greater Dubai Urban Corridor,AE,"Hani Bayram Tower, Greater Dubai Urban Corridor, Dubai, United Arab Emirates",,Luxury High-Rise Tower,18,144,DLD-PRJ-48218,90824 47849,25.30825,55.378492,Premium Residential,osm_dld_cadastral_enriched,0.9
93e670e2-7392-4ef9-9871-a5b4dbfa7a7f,Mazaya 13,mazaya 13,Master Developer / DLD Registered,Dubai,Greater Dubai Urban Corridor,AE,"Mazaya 13, Greater Dubai Urban Corridor, Dubai, United Arab Emirates",,Gated Residential Society,6,48,DLD-PRJ-45681,70717 46930,25.107178,55.369304,Premium Residential,osm_dld_cadastral_enriched,0.9
1cbc3ced-a1b2-4a27-94e6-3e66048a58ac,Mazaya 20,mazaya 20,Master Developer / DLD Registered,Dubai,Greater Dubai Urban Corridor,AE,"Mazaya 20, Greater Dubai Urban Corridor, Dubai, United Arab Emirates",,Gated Residential Society,6,48,DLD-PRJ-80356,70642 46997,25.10643,55.369978,Premium Residential,osm_dld_cadastral_enriched,0.9
9c26298c-d099-41de-85ae-7b4b986334ae,Mazaya 12,mazaya 12,Master Developer / DLD Registered,Dubai,Greater Dubai Urban Corridor,AE,"Mazaya 12, Greater Dubai Urban Corridor, Dubai, United Arab Emirates",,Gated Residential Society,6,48,DLD-PRJ-75855,70764 46885,25.107646,55.368859,Premium Residential,osm_dld_cadastral_enriched,0.9
b9faf48d-5263-45e7-8d2f-b4f030c4585c,Al Manazil 1,al manazil 1,Master Developer / DLD Registered,Dubai,Greater Dubai Urban Corridor,AE,"Al Manazil 1, King Abdul Aziz St., Greater Dubai Urban Corridor, Dubai, United Arab Emirates",,Ultra-Luxury High-Rise Tower,27,216,DLD-PRJ-39020,94479 49230,25.344798,55.392305,Premium Residential,osm_dld_cadastral_enriched,0.9
fa75ec85-3bcb-4aeb-b73e-493889666ade,Omran Tower,omran tower,Master Developer / DLD Registered,Dubai,Greater Dubai Urban Corridor,AE,"Omran Tower, King Abdul Aziz St., Greater Dubai Urban Corridor, Dubai, United Arab Emirates",,Luxury High-Rise Tower,10,80,DLD-PRJ-53929,94505 49249,25.345055,55.392494,Premium Residential,osm_dld_cadastral_enriched,0.9
96b25619-bd61-4ee9-be93-6df3badf0ef1,Al Saad,al saad,Master Developer / DLD Registered,Dubai,Greater Dubai Urban Corridor,AE,"Al Saad, Al Taawun Street, Greater Dubai Urban Corridor, Dubai, United Arab Emirates",,Iconic Sky High-Rise Tower,40,320,DLD-PRJ-69122,91261 47535,25.312614,55.375353,Premium Residential,osm_dld_cadastral_enriched,0.9
c5c17778-b17a-4860-84a4-f878014e5878,Al Khan 6,al khan 6,Master Developer / DLD Registered,Dubai,Greater Dubai Urban Corridor,AE,"Al Khan 6, Al Taawun Street, Greater Dubai Urban Corridor, Dubai, United Arab Emirates",,Ultra-Luxury High-Rise Tower,21,168,DLD-PRJ-22300,91373 47695,25.31374,55.376959,Premium Residential,osm_dld_cadastral_enriched,0.9
3985b86e-1e49-4ecb-9953-d5e099ab43e2,Al Yamaha Building,al yamaha building,Master Developer / DLD Registered,Dubai,Greater Dubai Urban Corridor,AE,"Al Yamaha Building, Al Taawun Street, Greater Dubai Urban Corridor, Dubai, United Arab Emirates",,Ultra-Luxury High-Rise Tower,21,168,DLD-PRJ-88053,91782 47683,25.31782,55.376835,Premium Residential,osm_dld_cadastral_enriched,0.9
670b54c7-feb1-4c49-9206-bd30e05a2be3,Buhaira,buhaira,Master Developer / DLD Registered,Dubai,Greater Dubai Urban Corridor,AE,"Buhaira, Greater Dubai Urban Corridor, Dubai, United Arab Emirates",,Ultra-Luxury High-Rise Tower,22,176,DLD-PRJ-66666,91224 47766,25.312245,55.377669,Premium Residential,osm_dld_cadastral_enriched,0.9
abfd9e22-9b67-4173-94dd-e74cc3e2785b,Al Manal Tower,al manal tower,Master Developer / DLD Registered,Dubai,Greater Dubai Urban Corridor,AE,"Al Manal Tower, Greater Dubai Urban Corridor, Dubai, United Arab Emirates",,Ultra-Luxury High-Rise Tower,26,208,DLD-PRJ-22272,91214 47807,25.312144,55.378074,Premium Residential,osm_dld_cadastral_enriched,0.9
edc13754-e457-4562-932b-7cf77365ef91,The Guardens,the guardens,Master Developer / DLD Registered,Dubai,Greater Dubai Urban Corridor,AE,"The Guardens, Greater Dubai Urban Corridor, Dubai, United Arab Emirates",,Luxury High-Rise Tower,16,128,DLD-PRJ-21424,91277 47816,25.312775,55.378168,Premium Residential,osm_dld_cadastral_enriched,0.9
e6b51fff-61db-421d-ab9b-f54c19fe6523,Victoria Building,victoria building,Master Developer / DLD Registered,Dubai,Greater Dubai Urban Corridor,AE,"Victoria Building, Greater Dubai Urban Corridor, Dubai, United Arab Emirates",,Ultra-Luxury High-Rise Tower,21,168,DLD-PRJ-80859,91311 47770,25.313119,55.377703,Premium Residential,osm_dld_cadastral_enriched,0.9
a202be2f-8656-4588-a50b-b618bb9035c5,The Courtyard Building,the courtyard building,Master Developer / DLD Registered,Dubai,Greater Dubai Urban Corridor,AE,"The Courtyard Building, Greater Dubai Urban Corridor, Dubai, United Arab Emirates",,Luxury High-Rise Tower,16,128,DLD-PRJ-28720,91442 47846,25.314423,55.378461,Premium Residential,osm_dld_cadastral_enriched,0.9
b7eedbd3-ab02-4c9c-80a8-f0bb15eefd2f,Hind Tower,hind tower,Master Developer / DLD Registered,Dubai,Greater Dubai Urban Corridor,AE,"Hind Tower, Greater Dubai Urban Corridor, Dubai, United Arab Emirates",,Ultra-Luxury High-Rise Tower,25,200,DLD-PRJ-45607,91499 47816,25.314993,55.378167,Premium Residential,osm_dld_cadastral_enriched,0.9
967ba019-84f1-41c5-9fc4-f58e44cf3f81,Al Helal Tower,al helal tower,Master Developer / DLD Registered,Dubai,Greater Dubai Urban Corridor,AE,"Al Helal Tower, Al Ettihad Road, Greater Dubai Urban Corridor, Dubai, United Arab Emirates",,Iconic Sky High-Rise Tower,41,328,DLD-PRJ-40575,90940 47647,25.309408,55.376475,Premium Residential,osm_dld_cadastral_enriched,0.9
48e2d038-1202-4356-b8fe-7d8d3cfb2ae0,al majid tower,al majid tower,Master Developer / DLD Registered,Dubai,Greater Dubai Urban Corridor,AE,"al majid tower, Greater Dubai Urban Corridor, Dubai, United Arab Emirates",,Ultra-Luxury High-Rise Tower,25,200,DLD-PRJ-85306,90268 48244,25.302684,55.382445,Premium Residential,osm_dld_cadastral_enriched,0.9
a7e8e1f3-3323-45e8-ba6a-9c66a271afad,Tamil 2 building,tamil 2 building,Master Developer / DLD Registered,Dubai,Greater Dubai Urban Corridor,AE,"Tamil 2 building, Greater Dubai Urban Corridor, Dubai, United Arab Emirates",,Luxury High-Rise Tower,16,128,DLD-PRJ-26731,90367 48301,25.303674,55.383018,Premium Residential,osm_dld_cadastral_enriched,0.9
75fcb6b6-5aa9-4ccd-a4ba-dc6a2a97ba5e,ASAS,asas,Master Developer / DLD Registered,Dubai,Greater Dubai Urban Corridor,AE,"ASAS, Al Taawun Street, Greater Dubai Urban Corridor, Dubai, United Arab Emirates",,Iconic Sky High-Rise Tower,51,408,DLD-PRJ-84148,91775 47503,25.31776,55.375034,Premium Residential,osm_dld_cadastral_enriched,0.9
c5f8abf6-edef-42df-a3d8-a436d4e5f3d0,Al Judi,al judi,Master Developer / DLD Registered,Dubai,Greater Dubai Urban Corridor,AE,"Al Judi, 12c شارع, Greater Dubai Urban Corridor, Dubai, United Arab Emirates",,Gated Residential Society,6,48,DLD-PRJ-87584,78797 50446,25.187977,55.404469,Premium Residential,osm_dld_cadastral_enriched,0.9
19ab1327-ca10-4ef0-b528-26ad90f4e475,AH,ah,Master Developer / DLD Registered,Dubai,Greater Dubai Urban Corridor,AE,"AH, 12c Street, Greater Dubai Urban Corridor, Dubai, United Arab Emirates",,Gated Residential Society,7,56,DLD-PRJ-25407,79220 50055,25.192204,55.400554,Premium Residential,osm_dld_cadastral_enriched,0.9
82e2275a-817f-41b3-90bf-d996639488bf,AH,ah,Master Developer / DLD Registered,Dubai,Greater Dubai Urban Corridor,AE,"AH, 13 Street, Greater Dubai Urban Corridor, Dubai, United Arab Emirates",,Gated Residential Society,7,56,DLD-PRJ-25407,79440 50221,25.194403,55.402214,Premium Residential,osm_dld_cadastral_enriched,0.9
e8f67eb3-91fc-4d5c-8b2b-cd665583f9e4,API Warqa Building,api warqa building,Master Developer / DLD Registered,Dubai,Greater Dubai Urban Corridor,AE,"API Warqa Building, 13 Street, Greater Dubai Urban Corridor, Dubai, United Arab Emirates",,Gated Residential Society,7,56,DLD-PRJ-15562,79510 50272,25.195103,55.402728,Premium Residential,osm_dld_cadastral_enriched,0.9
471998a7-976f-469e-bd3f-32eb48f7cbff,Al Bustan C,al bustan c,Master Developer / DLD Registered,Dubai,Greater Dubai Urban Corridor,AE,"Al Bustan C, Greater Dubai Urban Corridor, Dubai, United Arab Emirates",,Luxury High-Rise Tower,14,112,DLD-PRJ-64102,90860 47762,25.308602,55.377621,Premium Residential,osm_dld_cadastral_enriched,0.9
8ba34346-3a88-49d6-b1a1-b0974ddd3f91,Al Nahda,al nahda,Master Developer / DLD Registered,Dubai,Greater Dubai Urban Corridor,AE,"Al Nahda, شارع 102, Greater Dubai Urban Corridor, Dubai, United Arab Emirates",,Ultra-Luxury High-Rise Tower,22,176,DLD-PRJ-46345,90884 47800,25.308843,55.378003,Premium Residential,osm_dld_cadastral_enriched,0.9
035e1718-cdc3-4362-82b7-f484e9858119,Al Ta Awun Tower,al ta awun tower,Master Developer / DLD Registered,Dubai,Greater Dubai Urban Corridor,AE,"Al Ta Awun Tower, Greater Dubai Urban Corridor, Dubai, United Arab Emirates",,Luxury High-Rise Tower,19,152,DLD-PRJ-16356,91677 48516,25.316779,55.385168,Premium Residential,osm_dld_cadastral_enriched,0.9
72f2eb99-8d35-4ad3-9c42-e4291d4c41e4,Al Jazeera Tower,al jazeera tower,Master Developer / DLD Registered,Dubai,Greater Dubai Urban Corridor,AE,"Al Jazeera Tower, Greater Dubai Urban Corridor, Dubai, United Arab Emirates",,Ultra-Luxury High-Rise Tower,32,256,DLD-PRJ-20177,92264 49046,25.32264,55.390469,Premium Residential,osm_dld_cadastral_enriched,0.9
321dccd4-c67a-4151-b39a-a7aa3a7603d1,Bin Thani Residence,bin thani residence,Master Developer / DLD Registered,Dubai,Greater Dubai Urban Corridor,AE,"Bin Thani Residence, Al Nahda Road, Greater Dubai Urban Corridor, Dubai, United Arab Emirates",,Luxury High-Rise Tower,4,32,DLD-PRJ-34230,86543 48347,25.265432,55.38348,Premium Residential,osm_dld_cadastral_enriched,0.9
5997c2d2-068d-4f77-8936-2f4ac8abe991,Zubaidi A,zubaidi a,Master Developer / DLD Registered,Dubai,Greater Dubai Urban Corridor,AE,"Zubaidi A, Bukhara Street, Greater Dubai Urban Corridor, Dubai, United Arab Emirates",,Luxury High-Rise Tower,16,128,DLD-PRJ-15564,90010 47787,25.300102,55.377878,Premium Residential,osm_dld_cadastral_enriched,0.9
88061a6d-26bf-4b38-ad96-1861248b4088,Garden Plaza Tower,garden plaza tower,Master Developer / DLD Registered,Dubai,Greater Dubai Urban Corridor,AE,"Garden Plaza Tower, Nahda Roundabout, Greater Dubai Urban Corridor, Dubai, United Arab Emirates",,Ultra-Luxury High-Rise Tower,33,264,DLD-PRJ-15435,90282 47684,25.302822,55.376847,Premium Residential,osm_dld_cadastral_enriched,0.9
38c2f5f7-e838-4d79-ad04-804fc546f502,Marco Tower,marco tower,Master Developer / DLD Registered,Dubai,Greater Dubai Urban Corridor,AE,"Marco Tower, شارع 25, Greater Dubai Urban Corridor, Dubai, United Arab Emirates",,Ultra-Luxury High-Rise Tower,21,168,DLD-PRJ-17713,90195 47691,25.301955,55.376917,Premium Residential,osm_dld_cadastral_enriched,0.9
1457a969-35da-4cd3-a7c7-7d664a761d5f,Al Tami 3 Building,al tami 3 building,Master Developer / DLD Registered,Dubai,Greater Dubai Urban Corridor,AE,"Al Tami 3 Building, Bukhara Street, Greater Dubai Urban Corridor, Dubai, United Arab Emirates",,Ultra-Luxury High-Rise Tower,20,160,DLD-PRJ-33300,90049 47796,25.300495,55.377963,Premium Residential,osm_dld_cadastral_enriched,0.9
c6cc3e88-46ba-46aa-a451-76118bdad2f3,Kanoon Building,kanoon building,Master Developer / DLD Registered,Dubai,Greater Dubai Urban Corridor,AE,"Kanoon Building, Bukhara Street, Greater Dubai Urban Corridor, Dubai, United Arab Emirates",,Luxury High-Rise Tower,12,96,DLD-PRJ-10569,90113 47957,25.301134,55.379577,Premium Residential,osm_dld_cadastral_enriched,0.9
79c80d9b-69a9-4241-add4-b9afcd87fbbb,Al Buhaira,al buhaira,Master Developer / DLD Registered,Dubai,Greater Dubai Urban Corridor,AE,"Al Buhaira, Al Nahda Street, Greater Dubai Urban Corridor, Dubai, United Arab Emirates",,Ultra-Luxury High-Rise Tower,30,240,DLD-PRJ-63403,90046 48092,25.300467,55.380925,Premium Residential,osm_dld_cadastral_enriched,0.9
a6dde47b-cd3f-409c-b2ca-d5ae085ee685,Abu Aziz Al Majid Tower,abu aziz al majid tower,Master Developer / DLD Registered,Dubai,Greater Dubai Urban Corridor,AE,"Abu Aziz Al Majid Tower, Al Nahda Street, Greater Dubai Urban Corridor, Dubai, United Arab Emirates",,Ultra-Luxury High-Rise Tower,25,200,DLD-PRJ-65390,90017 48024,25.300172,55.380244,Premium Residential,osm_dld_cadastral_enriched,0.9
20fa095a-0516-41c5-b3d5-951d34c2a58d,Al Safa Tower,al safa tower,Master Developer / DLD Registered,Dubai,Greater Dubai Urban Corridor,AE,"Al Safa Tower, شارع بخارى, Greater Dubai Urban Corridor, Dubai, United Arab Emirates",,Ultra-Luxury High-Rise Tower,32,256,DLD-PRJ-46166,90206 47997,25.302068,55.379974,Premium Residential,osm_dld_cadastral_enriched,0.9
2a36ecff-dca3-4610-9312-43e8f151af07,Al Ameer Tower,al ameer tower,Master Developer / DLD Registered,Dubai,Greater Dubai Urban Corridor,AE,"Al Ameer Tower, شارع بخارى, Greater Dubai Urban Corridor, Dubai, United Arab Emirates",,Ultra-Luxury High-Rise Tower,31,248,DLD-PRJ-20915,90282 48123,25.302827,55.381231,Premium Residential,osm_dld_cadastral_enriched,0.9
97f9e9d0-4f78-4eba-9bf8-12305db13691,Abdul Waheed Bin Shabib Tower,abdul waheed bin shabib tower,Master Developer / DLD Registered,Dubai,Greater Dubai Urban Corridor,AE,"Abdul Waheed Bin Shabib Tower, 102nd Street, Greater Dubai Urban Corridor, Dubai, United Arab Emirates",,Ultra-Luxury High-Rise Tower,21,168,DLD-PRJ-31940,90847 47870,25.30847,55.378701,Premium Residential,osm_dld_cadastral_enriched,0.9
10a99924-f3e5-48ae-af18-112d407f83d6,Hafez House,hafez house,Master Developer / DLD Registered,Dubai,Greater Dubai Urban Corridor,AE,"Hafez House, شارع 66, Greater Dubai Urban Corridor, Dubai, United Arab Emirates",,Luxury High-Rise Tower,13,104,DLD-PRJ-15017,90744 47950,25.307441,55.379508,Premium Residential,osm_dld_cadastral_enriched,0.9
c99be405-70ab-4ed2-907b-e03fee63c4f3,Al Nasr,al nasr,Master Developer / DLD Registered,Dubai,Greater Dubai Urban Corridor,AE,"Al Nasr, شارع 66, Greater Dubai Urban Corridor, Dubai, United Arab Emirates",,Ultra-Luxury High-Rise Tower,21,168,DLD-PRJ-64038,90687 48026,25.306872,55.380264,Premium Residential,osm_dld_cadastral_enriched,0.9
d6681e48-9b8f-4cb1-904f-b06f9a08b071,Hilli 7 Building,hilli 7 building,Master Developer / DLD Registered,Dubai,Greater Dubai Urban Corridor,AE,"Hilli 7 Building, Muath Bin Al Hareth Street, Greater Dubai Urban Corridor, Dubai, United Arab Emirates",,Gated Residential Society,9,72,DLD-PRJ-85686,94066 49106,25.340667,55.391065,Premium Residential,osm_dld_cadastral_enriched,0.9
69e46ec1-8cef-4514-a605-9a526abf561d,Omran Plaza,omran plaza,Master Developer / DLD Registered,Dubai,Greater Dubai Urban Corridor,AE,"Omran Plaza, King Abdul Aziz Street, Greater Dubai Urban Corridor, Dubai, United Arab Emirates",,Luxury High-Rise Tower,17,136,DLD-PRJ-26901,94494 49274,25.344941,55.392745,Premium Residential,osm_dld_cadastral_enriched,0.9
8c966d90-c081-4d85-bc4b-848c8d462b2a,Moosa Habib Building,moosa habib building,Master Developer / DLD Registered,Dubai,Greater Dubai Urban Corridor,AE,"Moosa Habib Building, Mr. & Mrs. Sanchez Residence, Greater Dubai Urban Corridor, Dubai, United Arab Emirates",,Luxury High-Rise Tower,14,112,DLD-PRJ-64381,93278 49120,25.332787,55.391203,Premium Residential,osm_dld_cadastral_enriched,0.9
a24148ee-86bd-4fec-afe0-6fbf8b7663a4,Hamdan Khadim Building,hamdan khadim building,Master Developer / DLD Registered,Dubai,Greater Dubai Urban Corridor,AE,"Hamdan Khadim Building, Salem Bin Omair Street, Greater Dubai Urban Corridor, Dubai, United Arab Emirates",,Gated Residential Society,5,40,DLD-PRJ-53655,93521 49197,25.335212,55.39197,Premium Residential,osm_dld_cadastral_enriched,0.9
652e4e5b-dfcf-4de3-8c2b-89a75cfeade3,Sama 2,sama 2,Master Developer / DLD Registered,Dubai,Greater Dubai Urban Corridor,AE,"Sama 2, Iben Dhubai'ah Street, Greater Dubai Urban Corridor, Dubai, United Arab Emirates",,Luxury High-Rise Tower,18,144,DLD-PRJ-30849,93417 49321,25.33418,55.393217,Premium Residential,osm_dld_cadastral_enriched,0.9
d9a37d94-e171-43e3-afe7-b6a101d58eed,Sama 1,sama 1,Master Developer / DLD Registered,Dubai,Greater Dubai Urban Corridor,AE,"Sama 1, Salem Bin Omair Street, Greater Dubai Urban Corridor, Dubai, United Arab Emirates",,Luxury High-Rise Tower,18,144,DLD-PRJ-19706,93451 49301,25.334511,55.393017,Premium Residential,osm_dld_cadastral_enriched,0.9
9f23f518-d315-4a37-a238-0e3f12b583bb,Yousuf Square,yousuf square,Master Developer / DLD Registered,Dubai,Greater Dubai Urban Corridor,AE,"Yousuf Square, Greater Dubai Urban Corridor, Dubai, United Arab Emirates",,Luxury High-Rise Tower,13,104,DLD-PRJ-33664,88679 47174,25.286794,55.371744,Premium Residential,osm_dld_cadastral_enriched,0.9
9230f4c6-d52f-4ce6-85ee-9ceadbe7572f,Maitah 2,maitah 2,Master Developer / DLD Registered,Dubai,Greater Dubai Urban Corridor,AE,"Maitah 2, Abdullah Bin Omair Street, Greater Dubai Urban Corridor, Dubai, United Arab Emirates",,Ultra-Luxury High-Rise Tower,23,184,DLD-PRJ-18492,94609 48894,25.3461,55.388944,Premium Residential,osm_dld_cadastral_enriched,0.9
11c125ca-60c7-40bb-bfb4-1859b98f6fb5,Maisloon,maisloon,Master Developer / DLD Registered,Dubai,Greater Dubai Urban Corridor,AE,"Maisloon, شارع الأرقم بن أبي الأرقم, Greater Dubai Urban Corridor, Dubai, United Arab Emirates",,Luxury High-Rise Tower,11,88,DLD-PRJ-17703,94260 48949,25.342602,55.389492,Premium Residential,osm_dld_cadastral_enriched,0.9
3cfe4f73-7e94-435f-bce8-e0cc0d3423f3,Al Hassawi Building,al hassawi building,Master Developer / DLD Registered,Dubai,Greater Dubai Urban Corridor,AE,"Al Hassawi Building, Bilal Bin Rabah Street, Greater Dubai Urban Corridor, Dubai, United Arab Emirates",,Luxury High-Rise Tower,15,120,DLD-PRJ-59329,93946 49193,25.339467,55.391935,Premium Residential,osm_dld_cadastral_enriched,0.9
59309fda-1eb6-4eff-8fae-6ed341acdf6e,New Maisaloon Building,new maisaloon building,Master Developer / DLD Registered,Dubai,Greater Dubai Urban Corridor,AE,"New Maisaloon Building, شارع عمار بن ياسر, Greater Dubai Urban Corridor, Dubai, United Arab Emirates",,Luxury High-Rise Tower,14,112,DLD-PRJ-29422,94240 48986,25.342402,55.389861,Premium Residential,osm_dld_cadastral_enriched,0.9
810f01fc-dd24-4e8f-9a90-ecfe4c02eef0,Bahwan Tower,bahwan tower,Master Developer / DLD Registered,Dubai,Greater Dubai Urban Corridor,AE,"Bahwan Tower, Greater Dubai Urban Corridor, Dubai, United Arab Emirates",,Luxury High-Rise Tower,17,136,DLD-PRJ-23567,88799 46151,25.287996,55.361512,Premium Residential,osm_dld_cadastral_enriched,0.9
2fd4f7c8-2c43-421f-bbed-d8e1d020370e,Al Shaiba,al shaiba,Master Developer / DLD Registered,Dubai,Greater Dubai Urban Corridor,AE,"Al Shaiba, Obadah Bin Al Samet Street, Greater Dubai Urban Corridor, Dubai, United Arab Emirates",,Luxury High-Rise Tower,16,128,DLD-PRJ-51491,94431 49233,25.34431,55.392332,Premium Residential,osm_dld_cadastral_enriched,0.9
1dd0dda3-65dc-423d-aaef-438598fb920f,Abdul Aziz Mohammed Al Majid,abdul aziz mohammed al majid,Master Developer / DLD Registered,Dubai,Greater Dubai Urban Corridor,AE,"Abdul Aziz Mohammed Al Majid, Greater Dubai Urban Corridor, Dubai, United Arab Emirates",,Luxury High-Rise Tower,14,112,DLD-PRJ-21359,93131 49286,25.331314,55.392868,Premium Residential,osm_dld_cadastral_enriched,0.9
2af595e9-cfd6-4209-81de-45a5757d6e87,Al Reyami Building,al reyami building,Master Developer / DLD Registered,Dubai,Greater Dubai Urban Corridor,AE,"Al Reyami Building, Amer Bin Salamah Street, Greater Dubai Urban Corridor, Dubai, United Arab Emirates",,Luxury High-Rise Tower,11,88,DLD-PRJ-82491,94960 49470,25.349604,55.394703,Premium Residential,osm_dld_cadastral_enriched,0.9
753e444d-d3a2-4124-b172-fc8194fc38fb,Sun City,sun city,Master Developer / DLD Registered,Dubai,Greater Dubai Urban Corridor,AE,"Sun City, Abdullah Bin Al Nua'man, Greater Dubai Urban Corridor, Dubai, United Arab Emirates",,Luxury High-Rise Tower,13,104,DLD-PRJ-87919,94893 49429,25.34894,55.394298,Premium Residential,osm_dld_cadastral_enriched,0.9
07ce720f-8535-4c16-aeae-0c783ef79e59,Nahda Oasis Residence 2,nahda oasis residence 2,Master Developer / DLD Registered,Dubai,Greater Dubai Urban Corridor,AE,"Nahda Oasis Residence 2, شارع 25, Greater Dubai Urban Corridor, Dubai, United Arab Emirates",,Luxury High-Rise Tower,13,104,DLD-PRJ-49093,89261 47945,25.292619,55.379459,Premium Residential,osm_dld_cadastral_enriched,0.9
e562649d-078c-4d7e-af2a-8ed06ef445f6,West-F Garden Apartments,west f garden apartments,Master Developer / DLD Registered,Dubai,Greater Dubai Urban Corridor,AE,"West-F Garden Apartments, Greater Dubai Urban Corridor, Dubai, United Arab Emirates",,Gated Residential Society,4,32,DLD-PRJ-77818,60489 25652,25.00489,55.156523,Premium Residential,osm_dld_cadastral_enriched,0.9
0bbdfd20-cd25-41a5-90c6-ff6db76853f9,Farah,farah,Master Developer / DLD Registered,Dubai,Greater Dubai Urban Corridor,AE,"Farah, Greater Dubai Urban Corridor, Dubai, United Arab Emirates",,Luxury High-Rise Tower,10,80,DLD-PRJ-99371,70206 46989,25.102069,55.369898,Premium Residential,osm_dld_cadastral_enriched,0.9
d755f11d-7b02-491a-b458-29a4ba1de989,Mazaya 31,mazaya 31,Master Developer / DLD Registered,Dubai,Greater Dubai Urban Corridor,AE,"Mazaya 31, Greater Dubai Urban Corridor, Dubai, United Arab Emirates",,Gated Residential Society,6,48,DLD-PRJ-32704,70144 47051,25.101442,55.370516,Premium Residential,osm_dld_cadastral_enriched,0.9
beb4be1c-3d3c-40a1-9841-f2fddf1ec50c,Mazaya 30,mazaya 30,Master Developer / DLD Registered,Dubai,Greater Dubai Urban Corridor,AE,"Mazaya 30, Greater Dubai Urban Corridor, Dubai, United Arab Emirates",,Gated Residential Society,6,48,DLD-PRJ-52949,70173 47092,25.101737,55.370924,Premium Residential,osm_dld_cadastral_enriched,0.9
684e2f2c-21c8-4559-b590-4d3493ac1988,Mazaya 29,mazaya 29,Master Developer / DLD Registered,Dubai,Greater Dubai Urban Corridor,AE,"Mazaya 29, Greater Dubai Urban Corridor, Dubai, United Arab Emirates",,Gated Residential Society,6,48,DLD-PRJ-56573,70194 47135,25.101941,55.371357,Premium Residential,osm_dld_cadastral_enriched,0.9
73151f37-ebf0-49ac-9767-48a6fa8ecc34,Mazaya 32,mazaya 32,Master Developer / DLD Registered,Dubai,Greater Dubai Urban Corridor,AE,"Mazaya 32, Greater Dubai Urban Corridor, Dubai, United Arab Emirates",,Gated Residential Society,6,48,DLD-PRJ-75908,70123 47007,25.101232,55.370077,Premium Residential,osm_dld_cadastral_enriched,0.9
49d3a130-53f6-435a-94ad-9d8e6e065930,Mazaya 28,mazaya 28,Master Developer / DLD Registered,Dubai,Greater Dubai Urban Corridor,AE,"Mazaya 28, Greater Dubai Urban Corridor, Dubai, United Arab Emirates",,Gated Residential Society,6,48,DLD-PRJ-64206,70221 47175,25.102219,55.371756,Premium Residential,osm_dld_cadastral_enriched,0.9
59e7e36a-aee2-4ff7-8abb-1b947eff30b5,Mazaya 27,mazaya 27,Master Developer / DLD Registered,Dubai,Greater Dubai Urban Corridor,AE,"Mazaya 27, Greater Dubai Urban Corridor, Dubai, United Arab Emirates",,Gated Residential Society,6,48,DLD-PRJ-69578,70241 47219,25.102418,55.372197,Premium Residential,osm_dld_cadastral_enriched,0.9
0fd5517f-b851-48e7-bdf9-7e8ba394eef5,Jenna Apartments,jenna apartments,Master Developer / DLD Registered,Dubai,Greater Dubai Urban Corridor,AE,"Jenna Apartments, Greater Dubai Urban Corridor, Dubai, United Arab Emirates",,Ultra-Luxury High-Rise Tower,21,168,DLD-PRJ-22003,60424 39305,25.004247,55.293057,Premium Residential,osm_dld_cadastral_enriched,0.9
5da3bad8-adc9-477e-b253-babfabab3875,Rawda Apartments,rawda apartments,Master Developer / DLD Registered,Dubai,Greater Dubai Urban Corridor,AE,"Rawda Apartments, Greater Dubai Urban Corridor, Dubai, United Arab Emirates",,Luxury High-Rise Tower,16,128,DLD-PRJ-95530,60292 39165,25.002922,55.291655,Premium Residential,osm_dld_cadastral_enriched,0.9
2a4c7e57-0a54-4543-802f-969209339db6,"Safi 1B, Town Square, Dubai",safi 1b town square dubai,Master Developer / DLD Registered,Dubai,Greater Dubai Urban Corridor,AE,"Safi 1B, Town Square, Dubai, Greater Dubai Urban Corridor, Dubai, United Arab Emirates",,Gated Residential Society,9,72,DLD-PRJ-87685,61079 38863,25.010796,55.288639,Premium Residential,osm_dld_cadastral_enriched,0.9
df03ae36-85df-4753-be47-89098023fb94,Safi 1A,safi 1a,Master Developer / DLD Registered,Dubai,Greater Dubai Urban Corridor,AE,"Safi 1A, Greater Dubai Urban Corridor, Dubai, United Arab Emirates",,Gated Residential Society,9,72,DLD-PRJ-62273,61115 38824,25.01116,55.288248,Premium Residential,osm_dld_cadastral_enriched,0.9
faf52e49-3e39-4ae7-a006-39265c3d148d,Rukan Tower,rukan tower,Master Developer / DLD Registered,Dubai,Greater Dubai Urban Corridor,AE,"Rukan Tower, Greater Dubai Urban Corridor, Dubai, United Arab Emirates",,Luxury High-Rise Tower,9,72,DLD-PRJ-53873,64145 38598,25.04145,55.28599,Premium Residential,osm_dld_cadastral_enriched,0.9
f3324ee8-5796-4b61-a400-5f92ee685cf5,MAzaya 26,mazaya 26,Master Developer / DLD Registered,Dubai,Greater Dubai Urban Corridor,AE,"MAzaya 26, Greater Dubai Urban Corridor, Dubai, United Arab Emirates",,Luxury High-Rise Tower,10,80,DLD-PRJ-87770,70414 47018,25.104144,55.370187,Premium Residential,osm_dld_cadastral_enriched,0.9
9f5e40cd-98c8-4cae-8b8d-6ad848947fc0,Sunrise Building,sunrise building,Master Developer / DLD Registered,Dubai,Greater Dubai Urban Corridor,AE,"Sunrise Building, Greater Dubai Urban Corridor, Dubai, United Arab Emirates",,Gated Residential Society,6,48,DLD-PRJ-79343,70094 46967,25.100947,55.369676,Premium Residential,osm_dld_cadastral_enriched,0.9
1ca5d2bb-37bb-4114-af5f-2cb96516497d,MHA Building,mha building,Master Developer / DLD Registered,Dubai,Greater Dubai Urban Corridor,AE,"MHA Building, Greater Dubai Urban Corridor, Dubai, United Arab Emirates",,Luxury High-Rise Tower,14,112,DLD-PRJ-52866,70574 47312,25.105743,55.373125,Premium Residential,osm_dld_cadastral_enriched,0.9
7fb3c85b-c206-44a6-bc3c-1047199902fb,Priva Living,priva living,Master Developer / DLD Registered,Dubai,Greater Dubai Urban Corridor,AE,"Priva Living, Greater Dubai Urban Corridor, Dubai, United Arab Emirates",,Luxury High-Rise Tower,13,104,DLD-PRJ-58008,66402 34886,25.064028,55.248867,Premium Residential,osm_dld_cadastral_enriched,0.9
cfa63e1b-acd6-40a1-8f38-2fab7705b389,Lake Views Apartments & Townhouses,lake views apartments townhouses,Master Developer / DLD Registered,Dubai,Greater Dubai Urban Corridor,AE,"Lake Views Apartments & Townhouses, Greater Dubai Urban Corridor, Dubai, United Arab Emirates",,Gated Residential Society,4,32,DLD-PRJ-79612,60349 26287,25.003494,55.162875,Premium Residential,osm_dld_cadastral_enriched,0.9
95248e80-e128-4596-bf72-657f708d8cf8,City,city,Master Developer / DLD Registered,Dubai,Greater Dubai Urban Corridor,AE,"City, Greater Dubai Urban Corridor, Dubai, United Arab Emirates",,Gated Residential Society,9,72,DLD-PRJ-41511,70975 47947,25.109759,55.379474,Premium Residential,osm_dld_cadastral_enriched,0.9
14fe69d6-5ba5-4abc-9893-246e43f16d89,Makeen Residence 3,makeen residence 3,Master Developer / DLD Registered,Dubai,Greater Dubai Urban Corridor,AE,"Makeen Residence 3, Greater Dubai Urban Corridor, Dubai, United Arab Emirates",,Luxury High-Rise Tower,7,56,DLD-PRJ-89490,74639 50622,25.146397,55.40622,Premium Residential,osm_dld_cadastral_enriched,0.9
a366c799-3739-4b2e-9380-d515beafb541,The Gate Residence,the gate residence,Master Developer / DLD Registered,Dubai,Greater Dubai Urban Corridor,AE,"The Gate Residence, Greater Dubai Urban Corridor, Dubai, United Arab Emirates",,Ultra-Luxury High-Rise Tower,35,280,DLD-PRJ-83615,69372 48416,25.093723,55.384169,Premium Residential,osm_dld_cadastral_enriched,0.9
4da4c27b-cd19-4a19-b639-5b0c1252e50f,Delta Tower,delta tower,Master Developer / DLD Registered,Dubai,Greater Dubai Urban Corridor,AE,"Delta Tower, Greater Dubai Urban Corridor, Dubai, United Arab Emirates",,Ultra-Luxury High-Rise Tower,21,168,DLD-PRJ-10480,90294 48036,25.302948,55.380367,Premium Residential,osm_dld_cadastral_enriched,0.9
4e036838-f12c-42ae-be1b-ca84700cfcc6,Al Fahad Tower,al fahad tower,Master Developer / DLD Registered,Dubai,Greater Dubai Urban Corridor,AE,"Al Fahad Tower, Greater Dubai Urban Corridor, Dubai, United Arab Emirates",,Ultra-Luxury High-Rise Tower,21,168,DLD-PRJ-57515,90367 48052,25.303678,55.380522,Premium Residential,osm_dld_cadastral_enriched,0.9
8732cbbb-c90e-458c-8fea-3f79272815a9,Faisal,faisal,Master Developer / DLD Registered,Dubai,Greater Dubai Urban Corridor,AE,"Faisal, Greater Dubai Urban Corridor, Dubai, United Arab Emirates",,Luxury High-Rise Tower,18,144,DLD-PRJ-97261,90390 48034,25.3039,55.38035,Premium Residential,osm_dld_cadastral_enriched,0.9
183b69a6-aac9-4479-91fb-07fc305cb72e,Al Jawad Tower,al jawad tower,Master Developer / DLD Registered,Dubai,Greater Dubai Urban Corridor,AE,"Al Jawad Tower, Greater Dubai Urban Corridor, Dubai, United Arab Emirates",,Ultra-Luxury High-Rise Tower,30,240,DLD-PRJ-18258,90392 47980,25.303928,55.379801,Premium Residential,osm_dld_cadastral_enriched,0.9
da8007d1-e645-4303-baaa-3dd6fef80cf0,Al Fairouz Building,al fairouz building,Master Developer / DLD Registered,Dubai,Greater Dubai Urban Corridor,AE,"Al Fairouz Building, Greater Dubai Urban Corridor, Dubai, United Arab Emirates",,Luxury High-Rise Tower,12,96,DLD-PRJ-53860,90552 48012,25.305523,55.380128,Premium Residential,osm_dld_cadastral_enriched,0.9
d816af12-49ac-4b95-abae-c4c2fdb7eea1,Lulu Tower,lulu tower,Master Developer / DLD Registered,Dubai,Greater Dubai Urban Corridor,AE,"Lulu Tower, Greater Dubai Urban Corridor, Dubai, United Arab Emirates",,Ultra-Luxury High-Rise Tower,26,208,DLD-PRJ-17310,90533 48032,25.305331,55.380328,Premium Residential,osm_dld_cadastral_enriched,0.9
11526a90-1033-46c0-808a-fb497555e635,Bin Sufiyan Tower,bin sufiyan tower,Master Developer / DLD Registered,Dubai,Greater Dubai Urban Corridor,AE,"Bin Sufiyan Tower, Greater Dubai Urban Corridor, Dubai, United Arab Emirates",,Ultra-Luxury High-Rise Tower,23,184,DLD-PRJ-47209,90448 48167,25.304481,55.381671,Premium Residential,osm_dld_cadastral_enriched,0.9
21029b86-561b-4b55-8e75-c69c715b36a6,Al Reef 2,al reef 2,Master Developer / DLD Registered,Dubai,Greater Dubai Urban Corridor,AE,"Al Reef 2, Greater Dubai Urban Corridor, Dubai, United Arab Emirates",,Ultra-Luxury High-Rise Tower,31,248,DLD-PRJ-72926,90482 48198,25.304824,55.381982,Premium Residential,osm_dld_cadastral_enriched,0.9
d8595f4d-8c13-4bb0-977c-060f18b27e30,Al Manazil,al manazil,Master Developer / DLD Registered,Dubai,Greater Dubai Urban Corridor,AE,"Al Manazil, Greater Dubai Urban Corridor, Dubai, United Arab Emirates",,Ultra-Luxury High-Rise Tower,26,208,DLD-PRJ-38917,90538 48145,25.305386,55.38146,Premium Residential,osm_dld_cadastral_enriched,0.9
2541a731-a4b6-442a-8f00-eb2720642671,Al Nahda Plaza,al nahda plaza,Master Developer / DLD Registered,Dubai,Greater Dubai Urban Corridor,AE,"Al Nahda Plaza, شارع 66, Greater Dubai Urban Corridor, Dubai, United Arab Emirates",,Luxury High-Rise Tower,15,120,DLD-PRJ-50292,90616 48073,25.30617,55.380736,Premium Residential,osm_dld_cadastral_enriched,0.9
effb4c81-7da3-4137-b55e-795b85322cb9,New Al Nahda Building,new al nahda building,Master Developer / DLD Registered,Dubai,Greater Dubai Urban Corridor,AE,"New Al Nahda Building, Greater Dubai Urban Corridor, Dubai, United Arab Emirates",,Ultra-Luxury High-Rise Tower,22,176,DLD-PRJ-11317,90591 48149,25.305912,55.381493,Premium Residential,osm_dld_cadastral_enriched,0.9
238e0411-01ce-4d9b-b9d8-f0b984988102,Juma Al Majid,juma al majid,Master Developer / DLD Registered,Dubai,Greater Dubai Urban Corridor,AE,"Juma Al Majid, Greater Dubai Urban Corridor, Dubai, United Arab Emirates",,Luxury High-Rise Tower,13,104,DLD-PRJ-60438,90552 48198,25.305526,55.381983,Premium Residential,osm_dld_cadastral_enriched,0.9
d5b5cf32-2ba6-4c59-8af6-db85d6a249f3,Mihtab Tower,mihtab tower,Master Developer / DLD Registered,Dubai,Greater Dubai Urban Corridor,AE,"Mihtab Tower, شارع 102, Greater Dubai Urban Corridor, Dubai, United Arab Emirates",,Luxury High-Rise Tower,6,48,DLD-PRJ-86962,90579 48345,25.305791,55.383457,Premium Residential,osm_dld_cadastral_enriched,0.9
034ab9cb-d255-4fa3-9faf-52abe86f027f,Al Maktoum Building,al maktoum building,Master Developer / DLD Registered,Dubai,Greater Dubai Urban Corridor,AE,"Al Maktoum Building, Greater Dubai Urban Corridor, Dubai, United Arab Emirates",,Luxury High-Rise Tower,19,152,DLD-PRJ-56555,74706 50382,25.147063,55.403826,Premium Residential,osm_dld_cadastral_enriched,0.9
afae6273-109f-4f9a-afd8-f4d61f75a1b0,Mai Tower,mai tower,Master Developer / DLD Registered,Dubai,Greater Dubai Urban Corridor,AE,"Mai Tower, Greater Dubai Urban Corridor, Dubai, United Arab Emirates",,Ultra-Luxury High-Rise Tower,24,192,DLD-PRJ-11273,88785 46519,25.287852,55.365198,Premium Residential,osm_dld_cadastral_enriched,0.9
5e501571-9e96-4aae-8ef7-56d5003f39e9,East 40,east 40,Master Developer / DLD Registered,Dubai,Greater Dubai Urban Corridor,AE,"East 40, Greater Dubai Urban Corridor, Dubai, United Arab Emirates",,Gated Residential Society,5,40,DLD-PRJ-48752,62109 24039,25.02109,55.140395,Premium Residential,osm_dld_cadastral_enriched,0.9
2faae199-9fd9-4592-bf58-538a72fcc8e5,Topaz Avenue,topaz avenue,Master Developer / DLD Registered,Dubai,Greater Dubai Urban Corridor,AE,"Topaz Avenue, Greater Dubai Urban Corridor, Dubai, United Arab Emirates",,Gated Residential Society,5,40,DLD-PRJ-54702,61967 24043,25.019672,55.140437,Premium Residential,osm_dld_cadastral_enriched,0.9
657a5c93-888a-4e36-baa5-30823d8cbd83,Ice 2,ice 2,Master Developer / DLD Registered,Dubai,Greater Dubai Urban Corridor,AE,"Ice 2, Greater Dubai Urban Corridor, Dubai, United Arab Emirates",,Luxury High-Rise Tower,10,80,DLD-PRJ-34290,62423 25779,25.024237,55.157797,Premium Residential,osm_dld_cadastral_enriched,0.9
aaf81d79-608a-4468-b3b1-e9d5f55c1b93,Roy Mediterranean,roy mediterranean,Master Developer / DLD Registered,Dubai,Greater Dubai Urban Corridor,AE,"Roy Mediterranean, Greater Dubai Urban Corridor, Dubai, United Arab Emirates",,Gated Residential Society,9,72,DLD-PRJ-56466,62166 25549,25.021663,55.155494,Premium Residential,osm_dld_cadastral_enriched,0.9
96837f9f-2aac-4cf8-958a-613a2f3e8a5c,Al Fouad Building,al fouad building,Master Developer / DLD Registered,Dubai,Greater Dubai Urban Corridor,AE,"Al Fouad Building, Greater Dubai Urban Corridor, Dubai, United Arab Emirates",,Luxury High-Rise Tower,11,88,DLD-PRJ-18762,61996 24913,25.019963,55.149132,Premium Residential,osm_dld_cadastral_enriched,0.9
7a18599a-6fa3-47d2-a0bb-f4acb9660c56,Sepco III Residence 1,sepco iii residence 1,Master Developer / DLD Registered,Dubai,Greater Dubai Urban Corridor,AE,"Sepco III Residence 1, Greater Dubai Urban Corridor, Dubai, United Arab Emirates",,Luxury High-Rise Tower,12,96,DLD-PRJ-83528,61816 22644,25.01816,55.126442,Premium Residential,osm_dld_cadastral_enriched,0.9
91c92d49-1ce2-4e58-8228-b44659981a49,Al Mansoura Building,al mansoura building,Master Developer / DLD Registered,Dubai,Greater Dubai Urban Corridor,AE,"Al Mansoura Building, Greater Dubai Urban Corridor, Dubai, United Arab Emirates",,Luxury High-Rise Tower,19,152,DLD-PRJ-29809,94875 49225,25.348756,55.392251,Premium Residential,osm_dld_cadastral_enriched,0.9
43e8be16-ec58-4a7b-90f5-7d6c97f3893b,Al Fareej Courtyard,al fareej courtyard,Master Developer / DLD Registered,Dubai,Greater Dubai Urban Corridor,AE,"Al Fareej Courtyard, 51a شارع, Greater Dubai Urban Corridor, Dubai, United Arab Emirates",,Gated Residential Society,3,24,DLD-PRJ-17954,83432 48150,25.234324,55.381506,Premium Residential,osm_dld_cadastral_enriched,0.9
e25dd416-6078-4463-86c6-c2bceccbd544,R & S,r s,Master Developer / DLD Registered,Dubai,Greater Dubai Urban Corridor,AE,"R & S, Greater Dubai Urban Corridor, Dubai, United Arab Emirates",,Ultra-Luxury High-Rise Tower,21,168,DLD-PRJ-94642,90410 47558,25.30411,55.375588,Premium Residential,osm_dld_cadastral_enriched,0.9
753f8214-77c9-4a07-b50e-70cb651530ce,Al Suwaidi,al suwaidi,Master Developer / DLD Registered,Dubai,Greater Dubai Urban Corridor,AE,"Al Suwaidi, Greater Dubai Urban Corridor, Dubai, United Arab Emirates",,Ultra-Luxury High-Rise Tower,22,176,DLD-PRJ-34611,90510 47695,25.305104,55.37695,Premium Residential,osm_dld_cadastral_enriched,0.9
14f8da97-dd2c-494b-8f38-d5aa07bbdb36,Expo Village Residences 3,expo village residences 3,Master Developer / DLD Registered,Dubai,Greater Dubai Urban Corridor,AE,"Expo Village Residences 3, Expo Park Drive, Greater Dubai Urban Corridor, Dubai, United Arab Emirates",,Ultra-Luxury Gated Villa Community,3,24,DLD-PRJ-50536,56462 24249,24.964625,55.142494,Premium Residential,osm_dld_cadastral_enriched,0.9
12c845c9-9b94-42e1-9bd4-6ee25b012d8f,Expo Village Residences 4,expo village residences 4,Master Developer / DLD Registered,Dubai,Greater Dubai Urban Corridor,AE,"Expo Village Residences 4, Expo Park Drive, Greater Dubai Urban Corridor, Dubai, United Arab Emirates",,Ultra-Luxury Gated Villa Community,2,16,DLD-PRJ-38471,56234 24300,24.962342,55.143007,Premium Residential,osm_dld_cadastral_enriched,0.9
28501421-5712-456f-a978-72d8707c13f3,Expo Village Residences 1,expo village residences 1,Master Developer / DLD Registered,Dubai,Greater Dubai Urban Corridor,AE,"Expo Village Residences 1, Expo Park Drive, Greater Dubai Urban Corridor, Dubai, United Arab Emirates",,Ultra-Luxury Gated Villa Community,3,24,DLD-PRJ-52266,56294 24456,24.962945,55.14456,Premium Residential,osm_dld_cadastral_enriched,0.9
1c07a0bf-401d-44f8-8472-a3547872f539,Expo Village Residences 2,expo village residences 2,Master Developer / DLD Registered,Dubai,Greater Dubai Urban Corridor,AE,"Expo Village Residences 2, Expo Park Drive, Greater Dubai Urban Corridor, Dubai, United Arab Emirates",,Ultra-Luxury Gated Villa Community,3,24,DLD-PRJ-17788,56371 24396,24.963713,55.143961,Premium Residential,osm_dld_cadastral_enriched,0.9
42e2af8e-d6bc-4e2a-bbff-f389bc4099df,Time Onyx Hotel Apartments,time onyx hotel apartments,Master Developer / DLD Registered,Dubai,Greater Dubai Urban Corridor,AE,"Time Onyx Hotel Apartments, شارع بيروت, Greater Dubai Urban Corridor, Dubai, United Arab Emirates",,Luxury High-Rise Tower,10,80,DLD-PRJ-93918,88903 50229,25.289035,55.402297,Premium Residential,osm_dld_cadastral_enriched,0.9
a767f0b2-8f31-464f-9566-d47fafd1b893,Uptown Dubai,uptown dubai,Master Developer / DLD Registered,Dubai,Greater Dubai Urban Corridor,AE,"Uptown Dubai, Greater Dubai Urban Corridor, Dubai, United Arab Emirates",,Iconic Sky High-Rise Tower,78,624,DLD-PRJ-66013,66069 24157,25.060692,55.141573,Premium Residential,osm_dld_cadastral_enriched,0.9
80ccd64d-123a-4bee-8bd5-b8f01b09eb99,Mazaya 16,mazaya 16,Master Developer / DLD Registered,Dubai,Greater Dubai Urban Corridor,AE,"Mazaya 16, Greater Dubai Urban Corridor, Dubai, United Arab Emirates",,Luxury High-Rise Tower,10,80,DLD-PRJ-29249,70802 47114,25.108027,55.37114,Premium Residential,osm_dld_cadastral_enriched,0.9
d5f47b95-59ac-4bb3-aeca-d1f2361ae635,Mazaya 15,mazaya 15,Master Developer / DLD Registered,Dubai,Greater Dubai Urban Corridor,AE,"Mazaya 15, Greater Dubai Urban Corridor, Dubai, United Arab Emirates",,Luxury High-Rise Tower,11,88,DLD-PRJ-65418,70736 47189,25.107367,55.371895,Premium Residential,osm_dld_cadastral_enriched,0.9
2e2c93b7-4388-49aa-9787-064ad5bf73e3,Mazaya 14,mazaya 14,Master Developer / DLD Registered,Dubai,Greater Dubai Urban Corridor,AE,"Mazaya 14, Greater Dubai Urban Corridor, Dubai, United Arab Emirates",,Luxury High-Rise Tower,12,96,DLD-PRJ-84321,70790 47252,25.107908,55.372525,Premium Residential,osm_dld_cadastral_enriched,0.9
c705690d-5b4e-4c15-915e-ba9246b5a37a,L'Avenue,l avenue,Master Developer / DLD Registered,Dubai,Greater Dubai Urban Corridor,AE,"L'Avenue, Greater Dubai Urban Corridor, Dubai, United Arab Emirates",,Luxury High-Rise Tower,10,80,DLD-PRJ-99593,70691 47225,25.106914,55.372251,Premium Residential,osm_dld_cadastral_enriched,0.9
70118ab0-2934-4a97-861b-fd55ec5fe929,Mazaya 33,mazaya 33,Master Developer / DLD Registered,Dubai,Greater Dubai Urban Corridor,AE,"Mazaya 33, Greater Dubai Urban Corridor, Dubai, United Arab Emirates",,Luxury High-Rise Tower,15,120,DLD-PRJ-69013,70914 47036,25.109149,55.370367,Premium Residential,osm_dld_cadastral_enriched,0.9
5e2416a8-5a31-4747-9faf-6f1bd9c15680,Mazaya 5,mazaya 5,Master Developer / DLD Registered,Dubai,Greater Dubai Urban Corridor,AE,"Mazaya 5, Greater Dubai Urban Corridor, Dubai, United Arab Emirates",,Luxury High-Rise Tower,15,120,DLD-PRJ-46480,71461 46363,25.114619,55.363634,Premium Residential,osm_dld_cadastral_enriched,0.9
14481b17-4af5-4697-b3ef-7354d786e532,Murano Residences 1,murano residences 1,Master Developer / DLD Registered,Dubai,Greater Dubai Urban Corridor,AE,"Murano Residences 1, Greater Dubai Urban Corridor, Dubai, United Arab Emirates",,Luxury High-Rise Tower,5,40,DLD-PRJ-25039,62399 24038,25.023999,55.140383,Premium Residential,osm_dld_cadastral_enriched,0.9
b7e58636-5984-475e-9ec9-b97dc5e61109,Murano Residences 2,murano residences 2,Master Developer / DLD Registered,Dubai,Greater Dubai Urban Corridor,AE,"Murano Residences 2, Greater Dubai Urban Corridor, Dubai, United Arab Emirates",,Luxury High-Rise Tower,5,40,DLD-PRJ-81284,62436 24037,25.024364,55.140375,Premium Residential,osm_dld_cadastral_enriched,0.9
dd523d06-15ea-44d7-8f37-74721e1ad154,Murano Residences 3,murano residences 3,Master Developer / DLD Registered,Dubai,Greater Dubai Urban Corridor,AE,"Murano Residences 3, Greater Dubai Urban Corridor, Dubai, United Arab Emirates",,Luxury High-Rise Tower,5,40,DLD-PRJ-77670,62471 24037,25.024711,55.140376,Premium Residential,osm_dld_cadastral_enriched,0.9
883e02ac-d339-4913-ae0b-a4c11bfb2edb,Miracle Hills 1,miracle hills 1,Master Developer / DLD Registered,Dubai,Greater Dubai Urban Corridor,AE,"Miracle Hills 1, Greater Dubai Urban Corridor, Dubai, United Arab Emirates",,Luxury High-Rise Tower,15,120,DLD-PRJ-93563,66431 34696,25.064319,55.246969,Premium Residential,osm_dld_cadastral_enriched,0.9
3d42d977-d7ef-4eaa-9dbd-025bae619e49,Cartel 114,cartel 114,Master Developer / DLD Registered,Dubai,Greater Dubai Urban Corridor,AE,"Cartel 114, Greater Dubai Urban Corridor, Dubai, United Arab Emirates",,Luxury High-Rise Tower,10,80,DLD-PRJ-73328,74671 50561,25.146716,55.405618,Premium Residential,osm_dld_cadastral_enriched,0.9
b107fbb2-2a96-4400-9bcf-b4a5e520768e,Lyra Building,lyra building,Master Developer / DLD Registered,Dubai,Greater Dubai Urban Corridor,AE,"Lyra Building, Greater Dubai Urban Corridor, Dubai, United Arab Emirates",,Gated Residential Society,9,72,DLD-PRJ-24396,74685 50648,25.146858,55.40648,Premium Residential,osm_dld_cadastral_enriched,0.9
644acffa-5e40-4a9c-8d74-a7ab12c0d4df,OST,ost,Master Developer / DLD Registered,Dubai,Greater Dubai Urban Corridor,AE,"OST, Greater Dubai Urban Corridor, Dubai, United Arab Emirates",,Luxury High-Rise Tower,10,80,DLD-PRJ-24813,74755 50680,25.147554,55.406806,Premium Residential,osm_dld_cadastral_enriched,0.9
03e85cf5-8edc-4ca0-8a01-6e37a46d120c,Warsan City Building,warsan city building,Master Developer / DLD Registered,Dubai,Greater Dubai Urban Corridor,AE,"Warsan City Building, Greater Dubai Urban Corridor, Dubai, United Arab Emirates",,Luxury High-Rise Tower,10,80,DLD-PRJ-83679,74842 50656,25.148427,55.40656,Premium Residential,osm_dld_cadastral_enriched,0.9
41f551fb-1906-4702-8e22-d7adc2d0ba6d,Al Jawzaa,al jawzaa,Master Developer / DLD Registered,Dubai,Greater Dubai Urban Corridor,AE,"Al Jawzaa, Greater Dubai Urban Corridor, Dubai, United Arab Emirates",,Gated Residential Society,6,48,DLD-PRJ-86713,74789 50534,25.147896,55.405346,Premium Residential,osm_dld_cadastral_enriched,0.9
bdaef147-9152-4924-b043-e1962841dc9c,Cantara,cantara,Master Developer / DLD Registered,Dubai,Greater Dubai Urban Corridor,AE,"Cantara, Sharjah University Road, Greater Dubai Urban Corridor, Dubai, United Arab Emirates",,Gated Residential Society,7,56,DLD-PRJ-32901,90733 56038,25.307338,55.460386,Premium Residential,osm_dld_cadastral_enriched,0.9
9701f3a5-73bd-4f2e-8589-638be9d95460,Al Waleed Garden 2,al waleed garden 2,Master Developer / DLD Registered,Dubai,Greater Dubai Urban Corridor,AE,"Al Waleed Garden 2, Adj, Al Khail Road, Behind Marriot Al Jadaf,, Greater Dubai Urban Corridor, Dubai, United Arab Emirates",,Luxury High-Rise Tower,16,128,DLD-PRJ-96664,81033 41747,25.210331,55.317474,Premium Residential,osm_dld_cadastral_enriched,0.9
027cb766-5aea-4de8-b73b-7441cfc8ddf7,Al Mubarakiya Tower,al mubarakiya tower,Master Developer / DLD Registered,Dubai,Greater Dubai Urban Corridor,AE,"Al Mubarakiya Tower, Greater Dubai Urban Corridor, Dubai, United Arab Emirates",,Ultra-Luxury High-Rise Tower,23,184,DLD-PRJ-30776,90610 47633,25.30611,55.37633,Premium Residential,osm_dld_cadastral_enriched,0.9
6dc46fc8-fd44-4669-a9ec-fc4762a3891f,Al Khayal,al khayal,Master Developer / DLD Registered,Dubai,Greater Dubai Urban Corridor,AE,"Al Khayal, Greater Dubai Urban Corridor, Dubai, United Arab Emirates",,Ultra-Luxury High-Rise Tower,22,176,DLD-PRJ-64408,90224 47958,25.302245,55.379587,Premium Residential,osm_dld_cadastral_enriched,0.9
5b9a7ac8-95ee-451d-8dfa-47079a5914de,Sun Tower,sun tower,Master Developer / DLD Registered,Dubai,Greater Dubai Urban Corridor,AE,"Sun Tower, Greater Dubai Urban Corridor, Dubai, United Arab Emirates",,Luxury High-Rise Tower,19,152,DLD-PRJ-79821,90181 47878,25.301819,55.378784,Premium Residential,osm_dld_cadastral_enriched,0.9
054a4fd6-f354-46c2-b591-93dd2d821c09,Al-Batool Tower,al batool tower,Master Developer / DLD Registered,Dubai,Greater Dubai Urban Corridor,AE,"Al-Batool Tower, Greater Dubai Urban Corridor, Dubai, United Arab Emirates",,Luxury High-Rise Tower,16,128,DLD-PRJ-47939,90168 47852,25.301688,55.378524,Premium Residential,osm_dld_cadastral_enriched,0.9
7f727cb7-dc4e-4f03-8da2-d80a41e3f340,Al Shoibi,al shoibi,Master Developer / DLD Registered,Dubai,Greater Dubai Urban Corridor,AE,"Al Shoibi, Greater Dubai Urban Corridor, Dubai, United Arab Emirates",,Ultra-Luxury High-Rise Tower,20,160,DLD-PRJ-33509,90154 47826,25.301544,55.378263,Premium Residential,osm_dld_cadastral_enriched,0.9
c48d1899-e355-43ce-b36c-916b6a7a5d33,Al Aneeqa Tower,al aneeqa tower,Master Developer / DLD Registered,Dubai,Greater Dubai Urban Corridor,AE,"Al Aneeqa Tower, Greater Dubai Urban Corridor, Dubai, United Arab Emirates",,Ultra-Luxury High-Rise Tower,33,264,DLD-PRJ-68233,90337 47794,25.303379,55.377943,Premium Residential,osm_dld_cadastral_enriched,0.9
d8d2632d-3831-4d48-8981-bbf3c0964831,The Eighty Eight,the eighty eight,Master Developer / DLD Registered,Dubai,Greater Dubai Urban Corridor,AE,"The Eighty Eight, 92 Street, Greater Dubai Urban Corridor, Dubai, United Arab Emirates",,Gated Residential Society,9,72,DLD-PRJ-89540,70896 48110,25.108969,55.381104,Premium Residential,osm_dld_cadastral_enriched,0.9
c93f5c2f-fdbc-487d-9c6c-414d00ad23ba,Polo,polo,Master Developer / DLD Registered,Dubai,Greater Dubai Urban Corridor,AE,"Polo, 92 Street, Greater Dubai Urban Corridor, Dubai, United Arab Emirates",,Gated Residential Society,9,72,DLD-PRJ-40329,70811 48022,25.108118,55.380227,Premium Residential,osm_dld_cadastral_enriched,0.9
5f7cf7c0-a0b1-48e9-a7ee-a4eb6eb49fdf,Cartel 2 Building,cartel 2 building,Master Developer / DLD Registered,Dubai,Greater Dubai Urban Corridor,AE,"Cartel 2 Building, 92 Street, Greater Dubai Urban Corridor, Dubai, United Arab Emirates",,Luxury High-Rise Tower,11,88,DLD-PRJ-86903,70835 47755,25.108355,55.377552,Premium Residential,osm_dld_cadastral_enriched,0.9
e664392f-d3ea-4b7d-8dbf-9a73aeca36a2,Iliyaa 3,iliyaa 3,Master Developer / DLD Registered,Dubai,Greater Dubai Urban Corridor,AE,"Iliyaa 3, 88 Street, Greater Dubai Urban Corridor, Dubai, United Arab Emirates",,Gated Residential Society,9,72,DLD-PRJ-40600,70747 47776,25.107475,55.377762,Premium Residential,osm_dld_cadastral_enriched,0.9
583ff05d-1ede-44dd-b623-ea24e76cf195,Diamond,diamond,Master Developer / DLD Registered,Dubai,Greater Dubai Urban Corridor,AE,"Diamond, Greater Dubai Urban Corridor, Dubai, United Arab Emirates",,Ultra-Luxury High-Rise Tower,28,224,DLD-PRJ-30170,90137 47555,25.301379,55.375554,Premium Residential,osm_dld_cadastral_enriched,0.9
2474c012-05b8-43ad-9940-e8b4907201b8,Al Telal 16,al telal 16,Master Developer / DLD Registered,Dubai,Greater Dubai Urban Corridor,AE,"Al Telal 16, Greater Dubai Urban Corridor, Dubai, United Arab Emirates",,Gated Residential Society,7,56,DLD-PRJ-96937,79647 50077,25.196475,55.400778,Premium Residential,osm_dld_cadastral_enriched,0.9
22002c6d-1690-46c8-a5ac-879433e0c11e,Kenda,kenda,Master Developer / DLD Registered,Dubai,Greater Dubai Urban Corridor,AE,"Kenda, Greater Dubai Urban Corridor, Dubai, United Arab Emirates",,Gated Residential Society,7,56,DLD-PRJ-73392,79634 50161,25.19635,55.401619,Premium Residential,osm_dld_cadastral_enriched,0.9
62f6c715-924a-4e69-87d3-db9934fcc853,Ananas 4,ananas 4,Master Developer / DLD Registered,Dubai,Greater Dubai Urban Corridor,AE,"Ananas 4, Greater Dubai Urban Corridor, Dubai, United Arab Emirates",,Gated Residential Society,7,56,DLD-PRJ-43546,79545 50208,25.195453,55.402081,Premium Residential,osm_dld_cadastral_enriched,0.9
7a54065f-1a32-4afe-bf41-58e5253202a5,Al Jaber Building,al jaber building,Master Developer / DLD Registered,Dubai,Greater Dubai Urban Corridor,AE,"Al Jaber Building, Greater Dubai Urban Corridor, Dubai, United Arab Emirates",,Gated Residential Society,5,40,DLD-PRJ-29170,74702 48700,25.147029,55.387005,Premium Residential,osm_dld_cadastral_enriched,0.9
0813ff11-e29e-4738-a9c9-0a61e20ff3a3,S.P. Residence,s p residence,Master Developer / DLD Registered,Dubai,Greater Dubai Urban Corridor,AE,"S.P. Residence, Greater Dubai Urban Corridor, Dubai, United Arab Emirates",,Luxury High-Rise Tower,8,64,DLD-PRJ-31906,74546 50014,25.145467,55.40015,Premium Residential,osm_dld_cadastral_enriched,0.9
0563479d-35d4-485b-a843-301ed75146c2,Roylex Residence,roylex residence,Master Developer / DLD Registered,Dubai,Greater Dubai Urban Corridor,AE,"Roylex Residence, Greater Dubai Urban Corridor, Dubai, United Arab Emirates",,Luxury High-Rise Tower,8,64,DLD-PRJ-59265,74574 49998,25.145747,55.399985,Premium Residential,osm_dld_cadastral_enriched,0.9
4bcbc8c3-e78a-4cf6-a1fa-e0d6b114094d,Jawharat Al-Faihaa-04,jawharat al faihaa 04,Master Developer / DLD Registered,Dubai,Greater Dubai Urban Corridor,AE,"Jawharat Al-Faihaa-04, Greater Dubai Urban Corridor, Dubai, United Arab Emirates",,Gated Residential Society,9,72,DLD-PRJ-15471,74931 50423,25.149318,55.404232,Premium Residential,osm_dld_cadastral_enriched,0.9
e5a6e858-b5c3-4e49-86d4-17b70b57ab58,R05 Building,r05 building,Master Developer / DLD Registered,Dubai,Greater Dubai Urban Corridor,AE,"R05 Building, Greater Dubai Urban Corridor, Dubai, United Arab Emirates",,Gated Residential Society,8,64,DLD-PRJ-29653,74954 50375,25.149545,55.403755,Premium Residential,osm_dld_cadastral_enriched,0.9
c2702ddd-c726-4e35-a200-b64418bd08a9,Al Ayyan Building,al ayyan building,Master Developer / DLD Registered,Dubai,Greater Dubai Urban Corridor,AE,"Al Ayyan Building, Greater Dubai Urban Corridor, Dubai, United Arab Emirates",,Gated Residential Society,7,56,DLD-PRJ-39294,74989 50304,25.149899,55.403046,Premium Residential,osm_dld_cadastral_enriched,0.9
83fd316a-0345-479f-98b6-4618e36b1f40,Lavender Apartment,lavender apartment,Master Developer / DLD Registered,Dubai,Greater Dubai Urban Corridor,AE,"Lavender Apartment, Greater Dubai Urban Corridor, Dubai, United Arab Emirates",,Gated Residential Society,9,72,DLD-PRJ-49866,74927 50202,25.149271,55.402025,Premium Residential,osm_dld_cadastral_enriched,0.9
f3f5ced4-172f-4a8e-a0d0-bdc841ad764c,Farah Residence,farah residence,Master Developer / DLD Registered,Dubai,Greater Dubai Urban Corridor,AE,"Farah Residence, Greater Dubai Urban Corridor, Dubai, United Arab Emirates",,Luxury High-Rise Tower,7,56,DLD-PRJ-13129,74830 50155,25.148304,55.401551,Premium Residential,osm_dld_cadastral_enriched,0.9
107a9d1a-ac7e-400f-b3b7-77bc98672cb6,BNH3 Smart Tower,bnh3 smart tower,Master Developer / DLD Registered,Dubai,Greater Dubai Urban Corridor,AE,"BNH3 Smart Tower, Greater Dubai Urban Corridor, Dubai, United Arab Emirates",,Luxury High-Rise Tower,13,104,DLD-PRJ-89851,74794 50137,25.147948,55.401377,Premium Residential,osm_dld_cadastral_enriched,0.9
bbb1b271-8839-47a1-9bce-9afc0011de18,BNH Smart,bnh smart,Master Developer / DLD Registered,Dubai,Greater Dubai Urban Corridor,AE,"BNH Smart, Greater Dubai Urban Corridor, Dubai, United Arab Emirates",,Gated Residential Society,7,56,DLD-PRJ-70863,74857 49997,25.14857,55.399979,Premium Residential,osm_dld_cadastral_enriched,0.9
204016fe-008b-4a4c-ad41-60de7a6e4f90,Al Mathrooshi Building,al mathrooshi building,Master Developer / DLD Registered,Dubai,Greater Dubai Urban Corridor,AE,"Al Mathrooshi Building, Greater Dubai Urban Corridor, Dubai, United Arab Emirates",,Gated Residential Society,5,40,DLD-PRJ-58535,74815 49990,25.148155,55.399904,Premium Residential,osm_dld_cadastral_enriched,0.9
2401ac80-4ede-49d9-b039-4bbb27d10a5d,Siham Building,siham building,Master Developer / DLD Registered,Dubai,Greater Dubai Urban Corridor,AE,"Siham Building, Greater Dubai Urban Corridor, Dubai, United Arab Emirates",,Gated Residential Society,6,48,DLD-PRJ-61586,74903 49956,25.149032,55.39957,Premium Residential,osm_dld_cadastral_enriched,0.9
854687cb-fd15-4b6e-943c-eb9fe623dea1,Al Wazir Building,al wazir building,Master Developer / DLD Registered,Dubai,Greater Dubai Urban Corridor,AE,"Al Wazir Building, Greater Dubai Urban Corridor, Dubai, United Arab Emirates",,Gated Residential Society,7,56,DLD-PRJ-88120,74885 49822,25.14885,55.398229,Premium Residential,osm_dld_cadastral_enriched,0.9
b88c59fa-be40-4ddd-bf78-ddbb8efcc39e,B37 Avenue,b37 avenue,Master Developer / DLD Registered,Dubai,Greater Dubai Urban Corridor,AE,"B37 Avenue, Greater Dubai Urban Corridor, Dubai, United Arab Emirates",,Gated Residential Society,5,40,DLD-PRJ-69712,74976 49798,25.149764,55.397981,Premium Residential,osm_dld_cadastral_enriched,0.9
6a544126-10b4-42ea-bde2-e9633c2b890a,Mae Residence,mae residence,Master Developer / DLD Registered,Dubai,Greater Dubai Urban Corridor,AE,"Mae Residence, Greater Dubai Urban Corridor, Dubai, United Arab Emirates",,Luxury High-Rise Tower,6,48,DLD-PRJ-54050,74966 49641,25.149663,55.396419,Premium Residential,osm_dld_cadastral_enriched,0.9
ed30d284-6f2c-458a-8194-096617f3309f,Kings Building,kings building,Master Developer / DLD Registered,Dubai,Greater Dubai Urban Corridor,AE,"Kings Building, Greater Dubai Urban Corridor, Dubai, United Arab Emirates",,Gated Residential Society,8,64,DLD-PRJ-40835,74985 49576,25.149856,55.395767,Premium Residential,osm_dld_cadastral_enriched,0.9
d0c482b4-1a7d-491e-921d-299aca8be2cc,Al Basha 8 Building,al basha 8 building,Master Developer / DLD Registered,Dubai,Greater Dubai Urban Corridor,AE,"Al Basha 8 Building, Greater Dubai Urban Corridor, Dubai, United Arab Emirates",,Gated Residential Society,5,40,DLD-PRJ-48726,74890 49465,25.1489,55.394654,Premium Residential,osm_dld_cadastral_enriched,0.9
69498018-bb9d-4105-831b-c15f1962167e,Sannat Residency,sannat residency,Master Developer / DLD Registered,Dubai,Greater Dubai Urban Corridor,AE,"Sannat Residency, Greater Dubai Urban Corridor, Dubai, United Arab Emirates",,Gated Residential Society,6,48,DLD-PRJ-89626,74852 49452,25.148522,55.394528,Premium Residential,osm_dld_cadastral_enriched,0.9
de95166a-d537-4587-9362-2857e9eb8b1f,HL Residency 1,hl residency 1,Master Developer / DLD Registered,Dubai,Greater Dubai Urban Corridor,AE,"HL Residency 1, Greater Dubai Urban Corridor, Dubai, United Arab Emirates",,Gated Residential Society,6,48,DLD-PRJ-88649,74821 49726,25.148216,55.39727,Premium Residential,osm_dld_cadastral_enriched,0.9
3e0590c0-b893-4db5-9d26-f0f6fb3ffb32,New Al Mansoor Residence,new al mansoor residence,Master Developer / DLD Registered,Dubai,Greater Dubai Urban Corridor,AE,"New Al Mansoor Residence, Greater Dubai Urban Corridor, Dubai, United Arab Emirates",,Luxury High-Rise Tower,7,56,DLD-PRJ-63276,74733 49763,25.147332,55.397634,Premium Residential,osm_dld_cadastral_enriched,0.9
e7f4b057-c0bf-4536-bbe1-b2751c9d44b6,KHK Building,khk building,Master Developer / DLD Registered,Dubai,Greater Dubai Urban Corridor,AE,"KHK Building, Greater Dubai Urban Corridor, Dubai, United Arab Emirates",,Gated Residential Society,6,48,DLD-PRJ-59357,74754 49885,25.147545,55.398854,Premium Residential,osm_dld_cadastral_enriched,0.9
91e72a5e-4a13-47d0-beaa-e837f5fd043b,Bond Residence,bond residence,Master Developer / DLD Registered,Dubai,Greater Dubai Urban Corridor,AE,"Bond Residence, Greater Dubai Urban Corridor, Dubai, United Arab Emirates",,Luxury High-Rise Tower,8,64,DLD-PRJ-58134,74695 49939,25.146953,55.399397,Premium Residential,osm_dld_cadastral_enriched,0.9
64754547-18eb-4260-b068-706424d343d3,Benaa G10 Apartments,benaa g10 apartments,Master Developer / DLD Registered,Dubai,Greater Dubai Urban Corridor,AE,"Benaa G10 Apartments, Greater Dubai Urban Corridor, Dubai, United Arab Emirates",,Gated Residential Society,5,40,DLD-PRJ-74801,74650 49932,25.146506,55.399329,Premium Residential,osm_dld_cadastral_enriched,0.9
c708af1f-5de4-478c-8bf6-9d428312585d,Al Asmawi 01 Building,al asmawi 01 building,Master Developer / DLD Registered,Dubai,Greater Dubai Urban Corridor,AE,"Al Asmawi 01 Building, Greater Dubai Urban Corridor, Dubai, United Arab Emirates",,Gated Residential Society,8,64,DLD-PRJ-42639,74968 49247,25.149686,55.392472,Premium Residential,osm_dld_cadastral_enriched,0.9
e54994ed-bc2f-42b7-b1d6-228e44f3d9a8,Sunrise Building,sunrise building,Master Developer / DLD Registered,Dubai,Greater Dubai Urban Corridor,AE,"Sunrise Building, Greater Dubai Urban Corridor, Dubai, United Arab Emirates",,Gated Residential Society,6,48,DLD-PRJ-79343,74928 49230,25.149281,55.392309,Premium Residential,osm_dld_cadastral_enriched,0.9
080f4138-f23b-4ffb-b0b2-956fe19681de,Al Basha 7,al basha 7,Master Developer / DLD Registered,Dubai,Greater Dubai Urban Corridor,AE,"Al Basha 7, Greater Dubai Urban Corridor, Dubai, United Arab Emirates",,Gated Residential Society,6,48,DLD-PRJ-57498,74808 49192,25.148086,55.391924,Premium Residential,osm_dld_cadastral_enriched,0.9
fb042ade-eb9b-48b1-968e-3da0e662e6a9,Modelux,modelux,Master Developer / DLD Registered,Dubai,Greater Dubai Urban Corridor,AE,"Modelux, Greater Dubai Urban Corridor, Dubai, United Arab Emirates",,Gated Residential Society,6,48,DLD-PRJ-73731,74803 49251,25.148035,55.392513,Premium Residential,osm_dld_cadastral_enriched,0.9
8b5e87d8-e62a-4cc0-81ef-e50cfd596287,Hala Residence,hala residence,Master Developer / DLD Registered,Dubai,Greater Dubai Urban Corridor,AE,"Hala Residence, Greater Dubai Urban Corridor, Dubai, United Arab Emirates",,Luxury High-Rise Tower,6,48,DLD-PRJ-30207,74754 49202,25.147549,55.392026,Premium Residential,osm_dld_cadastral_enriched,0.9
87ed7317-03df-47dd-89ca-25caeb6d25b0,Sandy Garden Building,sandy garden building,Master Developer / DLD Registered,Dubai,Greater Dubai Urban Corridor,AE,"Sandy Garden Building, Greater Dubai Urban Corridor, Dubai, United Arab Emirates",,Gated Residential Society,8,64,DLD-PRJ-38473,74681 49419,25.146811,55.394195,Premium Residential,osm_dld_cadastral_enriched,0.9
77bebe5a-bb71-40a7-8a6c-899e70574bba,Al Rahma Square,al rahma square,Master Developer / DLD Registered,Dubai,Greater Dubai Urban Corridor,AE,"Al Rahma Square, Greater Dubai Urban Corridor, Dubai, United Arab Emirates",,Gated Residential Society,8,64,DLD-PRJ-62274,74603 49477,25.146039,55.394779,Premium Residential,osm_dld_cadastral_enriched,0.9
eba6090d-4ffa-470c-8de7-304c950f68ca,Ginco Residence,ginco residence,Master Developer / DLD Registered,Dubai,Greater Dubai Urban Corridor,AE,"Ginco Residence, Greater Dubai Urban Corridor, Dubai, United Arab Emirates",,Luxury High-Rise Tower,6,48,DLD-PRJ-99316,74638 49550,25.146385,55.395509,Premium Residential,osm_dld_cadastral_enriched,0.9
2a65ce09-b843-4b47-9d73-043fc51ef733,Al Najah Building,al najah building,Master Developer / DLD Registered,Dubai,Greater Dubai Urban Corridor,AE,"Al Najah Building, Greater Dubai Urban Corridor, Dubai, United Arab Emirates",,Gated Residential Society,5,40,DLD-PRJ-50565,74639 49594,25.14639,55.395943,Premium Residential,osm_dld_cadastral_enriched,0.9
948cf0ba-9951-49f9-bcc8-1ff4b12e98e1,Al Basha 5,al basha 5,Master Developer / DLD Registered,Dubai,Greater Dubai Urban Corridor,AE,"Al Basha 5, Greater Dubai Urban Corridor, Dubai, United Arab Emirates",,Gated Residential Society,5,40,DLD-PRJ-84927,74517 49556,25.145172,55.395565,Premium Residential,osm_dld_cadastral_enriched,0.9
9a73b44d-5103-4a1f-af28-adfa6f1027f0,Dulf,dulf,Master Developer / DLD Registered,Dubai,Greater Dubai Urban Corridor,AE,"Dulf, Greater Dubai Urban Corridor, Dubai, United Arab Emirates",,Gated Residential Society,7,56,DLD-PRJ-36283,74509 49420,25.145095,55.394204,Premium Residential,osm_dld_cadastral_enriched,0.9
e59765a8-6c28-46cb-8c77-e7388aeb522e,Avon Residences,avon residences,Master Developer / DLD Registered,Dubai,Greater Dubai Urban Corridor,AE,"Avon Residences, Greater Dubai Urban Corridor, Dubai, United Arab Emirates",,Luxury High-Rise Tower,6,48,DLD-PRJ-83572,74500 49133,25.145,55.391339,Premium Residential,osm_dld_cadastral_enriched,0.9
8c791ebc-f6fe-4534-b140-b06b50fc29ad,Al Helal Zahaby Building,al helal zahaby building,Master Developer / DLD Registered,Dubai,Greater Dubai Urban Corridor,AE,"Al Helal Zahaby Building, Greater Dubai Urban Corridor, Dubai, United Arab Emirates",,Gated Residential Society,6,48,DLD-PRJ-41289,74994 49877,25.14995,55.398776,Premium Residential,osm_dld_cadastral_enriched,0.9
5cc25e37-e8d2-41f4-a72d-e44d4acb7e70,SS Building,ss building,Master Developer / DLD Registered,Dubai,Greater Dubai Urban Corridor,AE,"SS Building, Greater Dubai Urban Corridor, Dubai, United Arab Emirates",,Gated Residential Society,7,56,DLD-PRJ-65098,79139 50213,25.1914,55.402135,Premium Residential,osm_dld_cadastral_enriched,0.9
0751b708-7801-4af8-8438-e2a8d2eb0d35,Al Thani Building,al thani building,Master Developer / DLD Registered,Dubai,Greater Dubai Urban Corridor,AE,"Al Thani Building, 4th Street, Greater Dubai Urban Corridor, Dubai, United Arab Emirates",,Luxury High-Rise Tower,13,104,DLD-PRJ-73513,88894 47101,25.288945,55.37102,Premium Residential,osm_dld_cadastral_enriched,0.9
45a10829-36a2-4e77-a39f-7cc04a67a854,Al Adhab Tower,al adhab tower,Master Developer / DLD Registered,Dubai,Greater Dubai Urban Corridor,AE,"Al Adhab Tower, Greater Dubai Urban Corridor, Dubai, United Arab Emirates",,Luxury High-Rise Tower,12,96,DLD-PRJ-93768,88850 47147,25.288505,55.371476,Premium Residential,osm_dld_cadastral_enriched,0.9
c1fc641a-787b-40fa-9c40-4343bccb8063,Al HamdBuilding,al hamdbuilding,Master Developer / DLD Registered,Dubai,Greater Dubai Urban Corridor,AE,"Al HamdBuilding, Greater Dubai Urban Corridor, Dubai, United Arab Emirates",,Gated Residential Society,9,72,DLD-PRJ-49172,82907 38159,25.229075,55.281599,Premium Residential,osm_dld_cadastral_enriched,0.9
584cc764-6f9a-4262-b75c-7ff727df7689,The Flagship 2,the flagship 2,Master Developer / DLD Registered,Dubai,Greater Dubai Urban Corridor,AE,"The Flagship 2, Greater Dubai Urban Corridor, Dubai, United Arab Emirates",,Gated Residential Society,9,72,DLD-PRJ-65387,82708 38010,25.227087,55.2801,Premium Residential,osm_dld_cadastral_enriched,0.9
d16fb03e-b261-4bca-bd0b-0ab86f94dbae,Adaire 2,adaire 2,Master Developer / DLD Registered,Dubai,Greater Dubai Urban Corridor,AE,"Adaire 2, Greater Dubai Urban Corridor, Dubai, United Arab Emirates",,Luxury High-Rise Tower,10,80,DLD-PRJ-43049,82714 38052,25.227142,55.280527,Premium Residential,osm_dld_cadastral_enriched,0.9
7ad98081-e8ae-4640-8105-255a0ab10386,Jumeirah Garden 2,jumeirah garden 2,Master Developer / DLD Registered,Dubai,Greater Dubai Urban Corridor,AE,"Jumeirah Garden 2, Greater Dubai Urban Corridor, Dubai, United Arab Emirates",,Luxury High-Rise Tower,10,80,DLD-PRJ-93985,82515 38034,25.225159,55.280349,Premium Residential,osm_dld_cadastral_enriched,0.9
aeb8c844-d173-47db-82e1-032e5890fd0d,Satwa Small API 301,satwa small api 301,Master Developer / DLD Registered,Dubai,Greater Dubai Urban Corridor,AE,"Satwa Small API 301, Greater Dubai Urban Corridor, Dubai, United Arab Emirates",,Luxury High-Rise Tower,11,88,DLD-PRJ-82000,82773 38286,25.227739,55.282868,Premium Residential,osm_dld_cadastral_enriched,0.9
c355b850-6893-4f3b-ab84-c6ba87c59e09,Saleh Residence,saleh residence,Master Developer / DLD Registered,Dubai,Greater Dubai Urban Corridor,AE,"Saleh Residence, Greater Dubai Urban Corridor, Dubai, United Arab Emirates",,Luxury High-Rise Tower,11,88,DLD-PRJ-81067,82879 38217,25.228798,55.282171,Premium Residential,osm_dld_cadastral_enriched,0.9
317796a1-4a22-48b2-9d0b-5ded49ee3681,Central 1,central 1,Master Developer / DLD Registered,Dubai,Greater Dubai Urban Corridor,AE,"Central 1, Greater Dubai Urban Corridor, Dubai, United Arab Emirates",,Luxury High-Rise Tower,11,88,DLD-PRJ-85104,82864 38242,25.228647,55.282427,Premium Residential,osm_dld_cadastral_enriched,0.9
cf9e12f4-5b3e-4686-bfb8-11cf8f45b4ca,Zubaidi B,zubaidi b,Master Developer / DLD Registered,Dubai,Greater Dubai Urban Corridor,AE,"Zubaidi B, Greater Dubai Urban Corridor, Dubai, United Arab Emirates",,Luxury High-Rise Tower,16,128,DLD-PRJ-30454,90037 47771,25.300376,55.377719,Premium Residential,osm_dld_cadastral_enriched,0.9
bad36293-d709-418b-93f3-b030278763bb,Skyline 2,skyline 2,Master Developer / DLD Registered,Dubai,Greater Dubai Urban Corridor,AE,"Skyline 2, Greater Dubai Urban Corridor, Dubai, United Arab Emirates",,Gated Residential Society,6,48,DLD-PRJ-11484,74955 49682,25.149552,55.396824,Premium Residential,osm_dld_cadastral_enriched,0.9
585b506e-9c23-4280-874f-c9320e0a44d0,Easy 18 Apartments,easy 18 apartments,Master Developer / DLD Registered,Dubai,Greater Dubai Urban Corridor,AE,"Easy 18 Apartments, Greater Dubai Urban Corridor, Dubai, United Arab Emirates",,Gated Residential Society,7,56,DLD-PRJ-87629,74725 48952,25.147257,55.389528,Premium Residential,osm_dld_cadastral_enriched,0.9
21f54864-c389-4df8-a967-aae44d6e9c38,I D Blu Building,i d blu building,Master Developer / DLD Registered,Dubai,Greater Dubai Urban Corridor,AE,"I D Blu Building, Greater Dubai Urban Corridor, Dubai, United Arab Emirates",,Gated Residential Society,7,56,DLD-PRJ-37213,74681 48936,25.146816,55.389365,Premium Residential,osm_dld_cadastral_enriched,0.9
62e4b582-fda5-4876-9878-ea2b46dee449,Warsan Building,warsan building,Master Developer / DLD Registered,Dubai,Greater Dubai Urban Corridor,AE,"Warsan Building, Greater Dubai Urban Corridor, Dubai, United Arab Emirates",,Luxury High-Rise Tower,11,88,DLD-PRJ-82206,74791 48906,25.147917,55.389062,Premium Residential,osm_dld_cadastral_enriched,0.9
aa3b4800-f124-421c-bb10-bf4523356fbd,Al Zarooni Building,al zarooni building,Master Developer / DLD Registered,Dubai,Greater Dubai Urban Corridor,AE,"Al Zarooni Building, Greater Dubai Urban Corridor, Dubai, United Arab Emirates",,Gated Residential Society,5,40,DLD-PRJ-96572,74887 48944,25.148875,55.389443,Premium Residential,osm_dld_cadastral_enriched,0.9
d8ab868d-6a6f-498c-90d7-0a563cc7ddcd,Dome 1 Building,dome 1 building,Master Developer / DLD Registered,Dubai,Greater Dubai Urban Corridor,AE,"Dome 1 Building, Greater Dubai Urban Corridor, Dubai, United Arab Emirates",,Gated Residential Society,7,56,DLD-PRJ-32271,74920 48865,25.1492,55.388655,Premium Residential,osm_dld_cadastral_enriched,0.9
423dd570-0650-408a-8725-255ff77e0233,Al Basha 6,al basha 6,Master Developer / DLD Registered,Dubai,Greater Dubai Urban Corridor,AE,"Al Basha 6, Greater Dubai Urban Corridor, Dubai, United Arab Emirates",,Gated Residential Society,7,56,DLD-PRJ-39122,74939 48800,25.149393,55.388007,Premium Residential,osm_dld_cadastral_enriched,0.9
dca847bd-8dbc-4951-a249-7c0f4d884b58,Suncity Homes,suncity homes,Master Developer / DLD Registered,Dubai,Greater Dubai Urban Corridor,AE,"Suncity Homes, Greater Dubai Urban Corridor, Dubai, United Arab Emirates",,Gated Residential Society,6,48,DLD-PRJ-76294,75028 48981,25.150281,55.38982,Premium Residential,osm_dld_cadastral_enriched,0.9
502704df-e3ac-4131-bfc5-ea10a20d0808,Lootah Residence,lootah residence,Master Developer / DLD Registered,Dubai,Greater Dubai Urban Corridor,AE,"Lootah Residence, Greater Dubai Urban Corridor, Dubai, United Arab Emirates",,Luxury High-Rise Tower,8,64,DLD-PRJ-90246,75110 48949,25.151103,55.38949,Premium Residential,osm_dld_cadastral_enriched,0.9
27c17c89-3e2c-4cbf-acfe-024f560f38a5,Sharaf B,sharaf b,Master Developer / DLD Registered,Dubai,Greater Dubai Urban Corridor,AE,"Sharaf B, Greater Dubai Urban Corridor, Dubai, United Arab Emirates",,Gated Residential Society,5,40,DLD-PRJ-25207,74955 49367,25.149556,55.393679,Premium Residential,osm_dld_cadastral_enriched,0.9
2ecb9a2a-17f4-4019-bcca-6bc5bbbd2d3c,Sharaf A,sharaf a,Master Developer / DLD Registered,Dubai,Greater Dubai Urban Corridor,AE,"Sharaf A, Greater Dubai Urban Corridor, Dubai, United Arab Emirates",,Gated Residential Society,5,40,DLD-PRJ-23974,74945 49409,25.14945,55.394095,Premium Residential,osm_dld_cadastral_enriched,0.9
18ee497b-8083-4bcd-bf44-db672ad4ef43,Easy19 Apartments,easy19 apartments,Master Developer / DLD Registered,Dubai,Greater Dubai Urban Corridor,AE,"Easy19 Apartments, Greater Dubai Urban Corridor, Dubai, United Arab Emirates",,Gated Residential Society,6,48,DLD-PRJ-64755,74896 49388,25.148963,55.393888,Premium Residential,osm_dld_cadastral_enriched,0.9
23627987-c555-4a60-b6af-c1a4ac69f742,Gayah Residence,gayah residence,Master Developer / DLD Registered,Dubai,Greater Dubai Urban Corridor,AE,"Gayah Residence, Greater Dubai Urban Corridor, Dubai, United Arab Emirates",,Luxury High-Rise Tower,11,88,DLD-PRJ-94851,74867 50336,25.148677,55.403368,Premium Residential,osm_dld_cadastral_enriched,0.9
d0d97af6-db31-4d72-9f90-5145ea622d59,Lynx,lynx,Master Developer / DLD Registered,Dubai,Greater Dubai Urban Corridor,AE,"Lynx, 92 Street, Greater Dubai Urban Corridor, Dubai, United Arab Emirates",,Luxury High-Rise Tower,12,96,DLD-PRJ-85662,70981 47771,25.109816,55.37772,Premium Residential,osm_dld_cadastral_enriched,0.9
660c52e8-7c16-44e8-b732-4e68804349d0,Al Qudra 1,al qudra 1,Master Developer / DLD Registered,Dubai,Greater Dubai Urban Corridor,AE,"Al Qudra 1, Greater Dubai Urban Corridor, Dubai, United Arab Emirates",,Luxury High-Rise Tower,13,104,DLD-PRJ-32483,60297 38716,25.002971,55.287168,Premium Residential,osm_dld_cadastral_enriched,0.9
003ee588-b8dd-42b7-8fe3-0816d3908342,Al Qudra 2,al qudra 2,Master Developer / DLD Registered,Dubai,Greater Dubai Urban Corridor,AE,"Al Qudra 2, Greater Dubai Urban Corridor, Dubai, United Arab Emirates",,Luxury High-Rise Tower,13,104,DLD-PRJ-84221,60249 38668,25.002494,55.286683,Premium Residential,osm_dld_cadastral_enriched,0.9
68079ebd-e801-4ef1-9fd7-3210114fb4af,Al Qudra 4,al qudra 4,Master Developer / DLD Registered,Dubai,Greater Dubai Urban Corridor,AE,"Al Qudra 4, Greater Dubai Urban Corridor, Dubai, United Arab Emirates",,Luxury High-Rise Tower,13,104,DLD-PRJ-31208,60135 38795,25.001351,55.287956,Premium Residential,osm_dld_cadastral_enriched,0.9
638855b5-3bf5-41b4-9673-0126f5ba7159,Al Qudra 3,al qudra 3,Master Developer / DLD Registered,Dubai,Greater Dubai Urban Corridor,AE,"Al Qudra 3, Greater Dubai Urban Corridor, Dubai, United Arab Emirates",,Luxury High-Rise Tower,13,104,DLD-PRJ-33636,60182 38844,25.00183,55.28845,Premium Residential,osm_dld_cadastral_enriched,0.9
51dd13e1-db3a-4a23-97b5-86bbeb3c1ac0,Una Apartments,una apartments,Master Developer / DLD Registered,Dubai,Greater Dubai Urban Corridor,AE,"Una Apartments, Greater Dubai Urban Corridor, Dubai, United Arab Emirates",,Luxury High-Rise Tower,12,96,DLD-PRJ-83024,60408 38587,25.004082,55.285878,Premium Residential,osm_dld_cadastral_enriched,0.9
111bf228-3f4c-4fbe-ab1a-7cce55305fe7,Boulevard 1,boulevard 1,Master Developer / DLD Registered,Dubai,Greater Dubai Urban Corridor,AE,"Boulevard 1, Greater Dubai Urban Corridor, Dubai, United Arab Emirates",,Gated Residential Society,9,72,DLD-PRJ-71956,91381 57482,25.313812,55.474824,Premium Residential,osm_dld_cadastral_enriched,0.9
5a399405-d4c4-4b4a-978f-16378825f69b,Boulevard 2,boulevard 2,Master Developer / DLD Registered,Dubai,Greater Dubai Urban Corridor,AE,"Boulevard 2, Greater Dubai Urban Corridor, Dubai, United Arab Emirates",,Gated Residential Society,9,72,DLD-PRJ-27030,91294 57424,25.312945,55.474246,Premium Residential,osm_dld_cadastral_enriched,0.9
8c446489-8e02-4f33-a866-00aaf46b67c0,Boulevard 3,boulevard 3,Master Developer / DLD Registered,Dubai,Greater Dubai Urban Corridor,AE,"Boulevard 3, Greater Dubai Urban Corridor, Dubai, United Arab Emirates",,Gated Residential Society,9,72,DLD-PRJ-14180,91207 57386,25.312076,55.473863,Premium Residential,osm_dld_cadastral_enriched,0.9
4960fcc3-ff2e-4a30-aad5-fe6153198a0d,Fatima Al Owais,fatima al owais,Master Developer / DLD Registered,Dubai,Greater Dubai Urban Corridor,AE,"Fatima Al Owais, Greater Dubai Urban Corridor, Dubai, United Arab Emirates",,Gated Residential Society,7,56,DLD-PRJ-22928,79342 50210,25.193423,55.4021,Premium Residential,osm_dld_cadastral_enriched,0.9
8b2c8393-8d90-4607-9bd6-044eaeb53dce,Alya Al Owais,alya al owais,Master Developer / DLD Registered,Dubai,Greater Dubai Urban Corridor,AE,"Alya Al Owais, Greater Dubai Urban Corridor, Dubai, United Arab Emirates",,Gated Residential Society,1,8,DLD-PRJ-25307,79314 50261,25.193147,55.402618,Premium Residential,osm_dld_cadastral_enriched,0.9
fd2a879b-1f52-4d03-ab2e-d622b8e75b0b,Emerald avenue,emerald avenue,Master Developer / DLD Registered,Dubai,Greater Dubai Urban Corridor,AE,"Emerald avenue, Greater Dubai Urban Corridor, Dubai, United Arab Emirates",,Gated Residential Society,9,72,DLD-PRJ-50081,79603 50229,25.196035,55.402295,Premium Residential,osm_dld_cadastral_enriched,0.9
5e13935b-452e-49b3-9db1-20e7a73e9ddd,Malak Tower,malak tower,Master Developer / DLD Registered,Dubai,Greater Dubai Urban Corridor,AE,"Malak Tower, Greater Dubai Urban Corridor, Dubai, United Arab Emirates",,Iconic Sky High-Rise Tower,53,424,DLD-PRJ-94792,90560 48241,25.305604,55.382416,Premium Residential,osm_dld_cadastral_enriched,0.9
684c9dc2-79c5-47ec-806d-cb7a13d26949,TAYA Residences,taya residences,Master Developer / DLD Registered,Dubai,Greater Dubai Urban Corridor,AE,"TAYA Residences, Greater Dubai Urban Corridor, Dubai, United Arab Emirates",,Luxury High-Rise Tower,9,72,DLD-PRJ-37738,61866 24295,25.018663,55.142955,Premium Residential,osm_dld_cadastral_enriched,0.9
f4e9fb9a-e5c5-40e1-a6ea-225dd12ce546,Al Habbai 4,al habbai 4,Master Developer / DLD Registered,Dubai,Greater Dubai Urban Corridor,AE,"Al Habbai 4, Greater Dubai Urban Corridor, Dubai, United Arab Emirates",,Luxury High-Rise Tower,10,80,DLD-PRJ-94861,82573 37826,25.22574,55.278267,Premium Residential,osm_dld_cadastral_enriched,0.9
1b58180b-b76e-4bfe-9155-449edf3d4d0a,Jumeirah Garden 5,jumeirah garden 5,Master Developer / DLD Registered,Dubai,Greater Dubai Urban Corridor,AE,"Jumeirah Garden 5, Greater Dubai Urban Corridor, Dubai, United Arab Emirates",,Luxury High-Rise Tower,11,88,DLD-PRJ-60873,82520 37787,25.225207,55.277873,Premium Residential,osm_dld_cadastral_enriched,0.9
2729f1b4-5747-4e0a-a345-45f5179b4a1c,Solaire 17,solaire 17,Master Developer / DLD Registered,Dubai,Greater Dubai Urban Corridor,AE,"Solaire 17, Greater Dubai Urban Corridor, Dubai, United Arab Emirates",,Luxury High-Rise Tower,10,80,DLD-PRJ-83360,82931 38100,25.229318,55.281,Premium Residential,osm_dld_cadastral_enriched,0.9
292190cd-a4fa-4f2a-a27d-6900b6e2798e,Mangrove Residence A,mangrove residence a,Master Developer / DLD Registered,Dubai,Greater Dubai Urban Corridor,AE,"Mangrove Residence A, Greater Dubai Urban Corridor, Dubai, United Arab Emirates",,Luxury High-Rise Tower,15,120,DLD-PRJ-40916,55825 25231,24.958252,55.152313,Premium Residential,osm_dld_cadastral_enriched,0.9
3b9e53ac-9108-4b0e-89f9-dfeb0b39e272,Mangrove Residence B,mangrove residence b,Master Developer / DLD Registered,Dubai,Greater Dubai Urban Corridor,AE,"Mangrove Residence B, Greater Dubai Urban Corridor, Dubai, United Arab Emirates",,Luxury High-Rise Tower,15,120,DLD-PRJ-75699,55789 25288,24.957895,55.152888,Premium Residential,osm_dld_cadastral_enriched,0.9
8cb38b0b-426d-47f9-aaf6-4c8bbc471fda,Mangrove Residence C,mangrove residence c,Master Developer / DLD Registered,Dubai,Greater Dubai Urban Corridor,AE,"Mangrove Residence C, Greater Dubai Urban Corridor, Dubai, United Arab Emirates",,Luxury High-Rise Tower,15,120,DLD-PRJ-64709,55758 25222,24.957581,55.152229,Premium Residential,osm_dld_cadastral_enriched,0.9
76a77bbc-1963-4edc-8dc6-bbb5f631f495,Sky Residence | Sky,sky residence sky,Master Developer / DLD Registered,Dubai,Greater Dubai Urban Corridor,AE,"Sky Residence | Sky, Greater Dubai Urban Corridor, Dubai, United Arab Emirates",,Luxury High-Rise Tower,15,120,DLD-PRJ-28498,55790 24934,24.957903,55.149347,Premium Residential,osm_dld_cadastral_enriched,0.9
bf395d28-40ca-4b3b-ad3b-9e4df93cfd6c,Sky Residence | Wadi,sky residence wadi,Master Developer / DLD Registered,Dubai,Greater Dubai Urban Corridor,AE,"Sky Residence | Wadi, Greater Dubai Urban Corridor, Dubai, United Arab Emirates",,Luxury High-Rise Tower,15,120,DLD-PRJ-32167,55788 24998,24.957882,55.149986,Premium Residential,osm_dld_cadastral_enriched,0.9
e8c03b4d-6aa2-4023-8766-70d8931ce9a7,Sky Residence | Union,sky residence union,Master Developer / DLD Registered,Dubai,Greater Dubai Urban Corridor,AE,"Sky Residence | Union, Greater Dubai Urban Corridor, Dubai, United Arab Emirates",,Luxury High-Rise Tower,15,120,DLD-PRJ-35938,55733 24978,24.957337,55.149785,Premium Residential,osm_dld_cadastral_enriched,0.9
87cc94d0-0871-4417-8b59-52f2a0a9987c,Sidr Residence 3,sidr residence 3,Master Developer / DLD Registered,Dubai,Greater Dubai Urban Corridor,AE,"Sidr Residence 3, Greater Dubai Urban Corridor, Dubai, United Arab Emirates",,Luxury High-Rise Tower,15,120,DLD-PRJ-96158,56113 25461,24.961133,55.15461,Premium Residential,osm_dld_cadastral_enriched,0.9
371e181b-12fe-45fa-969d-710172d8be17,Sidr Residence 2,sidr residence 2,Master Developer / DLD Registered,Dubai,Greater Dubai Urban Corridor,AE,"Sidr Residence 2, Greater Dubai Urban Corridor, Dubai, United Arab Emirates",,Luxury High-Rise Tower,15,120,DLD-PRJ-56796,56042 25461,24.960429,55.154618,Premium Residential,osm_dld_cadastral_enriched,0.9
d645ad76-47a4-4b33-99e8-2cf5e31ee48d,Sidr Residence 1,sidr residence 1,Master Developer / DLD Registered,Dubai,Greater Dubai Urban Corridor,AE,"Sidr Residence 1, Greater Dubai Urban Corridor, Dubai, United Arab Emirates",,Luxury High-Rise Tower,15,120,DLD-PRJ-49888,56072 25398,24.960728,55.153986,Premium Residential,osm_dld_cadastral_enriched,0.9
0fa85804-3e2f-436b-bd5f-468e307318bb,Expo Valley Views,expo valley views,Master Developer / DLD Registered,Dubai,Greater Dubai Urban Corridor,AE,"Expo Valley Views, Greater Dubai Urban Corridor, Dubai, United Arab Emirates",,Gated Residential Society,6,48,DLD-PRJ-73591,56368 27667,24.963684,55.176679,Premium Residential,osm_dld_cadastral_enriched,0.9
d83a5bc2-4580-4274-85ab-865eff078328,Expo Valley Views,expo valley views,Master Developer / DLD Registered,Dubai,Greater Dubai Urban Corridor,AE,"Expo Valley Views, Greater Dubai Urban Corridor, Dubai, United Arab Emirates",,Luxury High-Rise Tower,14,112,DLD-PRJ-73591,56136 27777,24.96136,55.177778,Premium Residential,osm_dld_cadastral_enriched,0.9
9ef6ca5f-053f-4d10-b72e-981333962c0a,Celeste Heights By Zimaya Properties,celeste heights by zimaya properties,Master Developer / DLD Registered,Dubai,Greater Dubai Urban Corridor,AE,"Celeste Heights By Zimaya Properties, شارع اليلايس, Greater Dubai Urban Corridor, Dubai, United Arab Emirates",,Luxury High-Rise Tower,10,80,DLD-PRJ-76071,62071 25395,25.020713,55.153951,Premium Residential,osm_dld_cadastral_enriched,0.9
c10d21b8-02a3-4289-9e45-40ee925e23c4,Emerald,emerald,Master Developer / DLD Registered,Dubai,Greater Dubai Urban Corridor,AE,"Emerald, Greater Dubai Urban Corridor, Dubai, United Arab Emirates",,Gated Residential Society,8,64,DLD-PRJ-73135,79418 50204,25.194181,55.402047,Premium Residential,osm_dld_cadastral_enriched,0.9
6125ade0-835c-4d2f-b1e3-55edf1d38dfc,Durar 1,durar 1,Master Developer / DLD Registered,Dubai,Greater Dubai Urban Corridor,AE,"Durar 1, Greater Dubai Urban Corridor, Dubai, United Arab Emirates",,Luxury High-Rise Tower,10,80,DLD-PRJ-36745,69141 48384,25.091417,55.38385,Premium Residential,osm_dld_cadastral_enriched,0.9
c8579dac-5601-4e05-a0b9-6dc8004192a6,Coral Residence,coral residence,Master Developer / DLD Registered,Dubai,Greater Dubai Urban Corridor,AE,"Coral Residence, 92 Street, Greater Dubai Urban Corridor, Dubai, United Arab Emirates",,Luxury High-Rise Tower,9,72,DLD-PRJ-92788,70894 47950,25.108947,55.379503,Premium Residential,osm_dld_cadastral_enriched,0.9
d4692b54-a3a9-467a-8459-c97f7826ff3b,Rafia Building,rafia building,Master Developer / DLD Registered,Dubai,Greater Dubai Urban Corridor,AE,"Rafia Building, Greater Dubai Urban Corridor, Dubai, United Arab Emirates",,Gated Residential Society,5,40,DLD-PRJ-19910,79342 50357,25.193426,55.403577,Premium Residential,osm_dld_cadastral_enriched,0.9
9be5a4af-9a32-482a-9a3b-e68c666849fe,The Courtyard,the courtyard,Master Developer / DLD Registered,Dubai,Greater Dubai Urban Corridor,AE,"The Courtyard, Greater Dubai Urban Corridor, Dubai, United Arab Emirates",,Gated Residential Society,4,32,DLD-PRJ-69841,79463 50306,25.194632,55.403064,Premium Residential,osm_dld_cadastral_enriched,0.9
b51f4f59-c45b-4cf6-b693-9a456c7fd937,Humaid Al Owais,humaid al owais,Master Developer / DLD Registered,Dubai,Greater Dubai Urban Corridor,AE,"Humaid Al Owais, Greater Dubai Urban Corridor, Dubai, United Arab Emirates",,Gated Residential Society,4,32,DLD-PRJ-13628,79387 50286,25.193873,55.402869,Premium Residential,osm_dld_cadastral_enriched,0.9
7e72c0da-0c17-4267-8384-39ac641c8f93,"Safi 2, Town Square",safi 2 town square,Master Developer / DLD Registered,Dubai,Greater Dubai Urban Corridor,AE,"Safi 2, Town Square, Greater Dubai Urban Corridor, Dubai, United Arab Emirates",,Gated Residential Society,9,72,DLD-PRJ-49218,61171 38910,25.011717,55.289108,Premium Residential,osm_dld_cadastral_enriched,0.9
f2003e21-e9e4-46a0-bd2d-dcbe94d9828d,Nasir Lootah Building,nasir lootah building,Master Developer / DLD Registered,Dubai,Greater Dubai Urban Corridor,AE,"Nasir Lootah Building, Greater Dubai Urban Corridor, Dubai, United Arab Emirates",,Gated Residential Society,5,40,DLD-PRJ-44099,86753 47677,25.267532,55.376778,Premium Residential,osm_dld_cadastral_enriched,0.9
b79d7b50-bc48-45ff-abaa-066babf4d483,Sama Residence,sama residence,Master Developer / DLD Registered,Dubai,Greater Dubai Urban Corridor,AE,"Sama Residence, Greater Dubai Urban Corridor, Dubai, United Arab Emirates",,Luxury High-Rise Tower,14,112,DLD-PRJ-31970,88436 45979,25.284369,55.35979,Premium Residential,osm_dld_cadastral_enriched,0.9
75c85282-3e0b-4aae-b0d9-5280e3d1045b,Maryam Al Owais,maryam al owais,Master Developer / DLD Registered,Dubai,Greater Dubai Urban Corridor,AE,"Maryam Al Owais, Greater Dubai Urban Corridor, Dubai, United Arab Emirates",,Gated Residential Society,4,32,DLD-PRJ-38003,79435 50353,25.194355,55.403537,Premium Residential,osm_dld_cadastral_enriched,0.9
fc695e1c-5dc1-43c3-ba47-1dc40c6a6cf2,Al Nahda Sahara Plaza,al nahda sahara plaza,Master Developer / DLD Registered,Dubai,Greater Dubai Urban Corridor,AE,"Al Nahda Sahara Plaza, شارع النهضة, Greater Dubai Urban Corridor, Dubai, United Arab Emirates",,Ultra-Luxury High-Rise Tower,30,240,DLD-PRJ-28540,89955 47904,25.299553,55.379047,Premium Residential,osm_dld_cadastral_enriched,0.9
5004c8ea-c46c-46f7-b476-71d8e8e7830e,Tiger Qadesia,tiger qadesia,Master Developer / DLD Registered,Dubai,Greater Dubai Urban Corridor,AE,"Tiger Qadesia, Greater Dubai Urban Corridor, Dubai, United Arab Emirates",,Iconic Sky High-Rise Tower,45,360,DLD-PRJ-67397,89983 47962,25.299836,55.37963,Premium Residential,osm_dld_cadastral_enriched,0.9
f2bdd783-6477-4976-9798-dd0a5adf484e,Suqia Building,suqia building,Master Developer / DLD Registered,Dubai,Greater Dubai Urban Corridor,AE,"Suqia Building, Greater Dubai Urban Corridor, Dubai, United Arab Emirates",,Gated Residential Society,7,56,DLD-PRJ-58070,79240 50194,25.192404,55.401946,Premium Residential,osm_dld_cadastral_enriched,0.9
f457f8c8-7924-44a7-8455-1cebe5f52e5d,Samari Residences,samari residences,Master Developer / DLD Registered,Dubai,Greater Dubai Urban Corridor,AE,"Samari Residences, Greater Dubai Urban Corridor, Dubai, United Arab Emirates",,Luxury High-Rise Tower,4,96,DLD-PRJ-60516,77927 47848,25.179275,55.378483,Premium Residential,osm_dld_cadastral_enriched,0.86
972e6e74-0f28-4eb8-80c6-d226e3600b67,Samari,samari,Master Developer / DLD Registered,Dubai,Greater Dubai Urban Corridor,AE,"Samari, شارع رأس الخور, Greater Dubai Urban Corridor, Dubai, United Arab Emirates",,Gated Residential Society,0,96,DLD-PRJ-70465,77996 47741,25.179968,55.377411,Premium Residential,osm_dld_cadastral_enriched,0.86
f3e22f6c-1ca2-478b-86cc-b0086c3cf075,Hassani 23,hassani 23,Master Developer / DLD Registered,Dubai,Greater Dubai Urban Corridor,AE,"Hassani 23, Greater Dubai Urban Corridor, Dubai, United Arab Emirates",,Gated Residential Society,0,96,DLD-PRJ-76387,78791 49550,25.187916,55.395504,Premium Residential,osm_dld_cadastral_enriched,0.86
cdd39ab0-43db-4873-b02f-14b900bb7426,Salameh Villa,salameh villa,Master Developer / DLD Registered,Dubai,Greater Dubai Urban Corridor,AE,"Salameh Villa, Greater Dubai Urban Corridor, Dubai, United Arab Emirates",,Ultra-Luxury Gated Villa Community,0,96,DLD-PRJ-51484,85110 63770,25.251101,55.537708,Premium Residential,osm_dld_cadastral_enriched,0.86
59afa3ca-5253-409c-8894-9a63a22895b7,Building No : 3255,building no 3255,Master Developer / DLD Registered,Dubai,Greater Dubai Urban Corridor,AE,"Building No : 3255, Greater Dubai Urban Corridor, Dubai, United Arab Emirates",,Gated Residential Society,0,96,DLD-PRJ-99271,89296 55945,25.292965,55.459456,Premium Residential,osm_dld_cadastral_enriched,0.86
cecc893f-d058-4deb-8a8f-2c39ebd5d27d,Liora Residence,liora residence,Master Developer / DLD Registered,Dubai,Greater Dubai Urban Corridor,AE,"Liora Residence, DIA-RE-0176, Greater Dubai Urban Corridor, Dubai, United Arab Emirates",,Luxury High-Rise Tower,0,96,DLD-PRJ-62851,88971 40193,25.289717,55.301935,Premium Residential,osm_dld_cadastral_enriched,0.86
cb76c449-cd81-4d59-88f4-1745a40bccfa,Al Muntazah Complex,al muntazah complex,Master Developer / DLD Registered,Dubai,Greater Dubai Urban Corridor,AE,"Al Muntazah Complex, Greater Dubai Urban Corridor, Dubai, United Arab Emirates",,Gated Residential Society,0,96,DLD-PRJ-59701,62877 21372,25.028778,55.113724,Premium Residential,osm_dld_cadastral_enriched,0.86
1fc2e384-f443-4ab2-8800-391e23d31f9a,Oasis Village,oasis village,Master Developer / DLD Registered,Dubai,Greater Dubai Urban Corridor,AE,"Oasis Village, Greater Dubai Urban Corridor, Dubai, United Arab Emirates",,Ultra-Luxury Gated Villa Community,0,96,DLD-PRJ-84740,74453 34588,25.144539,55.245888,Premium Residential,osm_dld_cadastral_enriched,0.86
c0cffad6-7baa-4dbb-a608-98cd8fa9e465,Al Safa 2,al safa 2,Master Developer / DLD Registered,Dubai,Greater Dubai Urban Corridor,AE,"Al Safa 2, Greater Dubai Urban Corridor, Dubai, United Arab Emirates",,Gated Residential Society,0,96,DLD-PRJ-60018,75949 32549,25.159493,55.225497,Premium Residential,osm_dld_cadastral_enriched,0.86
d4038be9-0c6f-4955-8393-84aecbe95cda,Springs 7,springs 7,Master Developer / DLD Registered,Dubai,Greater Dubai Urban Corridor,AE,"Springs 7, Greater Dubai Urban Corridor, Dubai, United Arab Emirates",,Gated Residential Society,0,96,DLD-PRJ-88907,66389 29029,25.063896,55.190292,Premium Residential,osm_dld_cadastral_enriched,0.86
7c119f8d-eca7-41de-95b9-ae622509e709,Skycourts,skycourts,Master Developer / DLD Registered,Dubai,Greater Dubai Urban Corridor,AE,"Skycourts, Greater Dubai Urban Corridor, Dubai, United Arab Emirates",,Gated Residential Society,0,96,DLD-PRJ-43319,69115 48554,25.091158,55.38555,Premium Residential,osm_dld_cadastral_enriched,0.86
f691692f-3a13-485e-a329-c9912ff68926,Phoenix Building,phoenix building,Master Developer / DLD Registered,Dubai,Greater Dubai Urban Corridor,AE,"Phoenix Building, Greater Dubai Urban Corridor, Dubai, United Arab Emirates",,Gated Residential Society,0,96,DLD-PRJ-20273,69535 47864,25.095354,55.378642,Premium Residential,osm_dld_cadastral_enriched,0.86
68b23607-f92a-45f6-8fe9-7eb4349125f5,Al Waha Villas,al waha villas,Master Developer / DLD Registered,Dubai,Greater Dubai Urban Corridor,AE,"Al Waha Villas, Greater Dubai Urban Corridor, Dubai, United Arab Emirates",,Ultra-Luxury Gated Villa Community,0,96,DLD-PRJ-81636,62910 38668,25.029107,55.286686,Premium Residential,osm_dld_cadastral_enriched,0.86
289ce07d-e953-459a-ab13-410ff7662036,The Layan Community,the layan community,Master Developer / DLD Registered,Dubai,Greater Dubai Urban Corridor,AE,"The Layan Community, Greater Dubai Urban Corridor, Dubai, United Arab Emirates",,Gated Residential Society,0,96,DLD-PRJ-43890,62759 38129,25.027598,55.281293,Premium Residential,osm_dld_cadastral_enriched,0.86
c2eb2194-704a-4d6d-be49-1242d579f331,Up Town Motor City,up town motor city,Master Developer / DLD Registered,Dubai,Greater Dubai Urban Corridor,AE,"Up Town Motor City, Greater Dubai Urban Corridor, Dubai, United Arab Emirates",,Gated Residential Society,0,96,DLD-PRJ-77525,64552 34590,25.045525,55.245903,Premium Residential,osm_dld_cadastral_enriched,0.86
c3f78eac-f703-4680-9b7c-bfafcd04a9d1,Area 5,area 5,Master Developer / DLD Registered,Dubai,Greater Dubai Urban Corridor,AE,"Area 5, Greater Dubai Urban Corridor, Dubai, United Arab Emirates",,Gated Residential Society,0,96,DLD-PRJ-22204,86360 54681,25.263605,55.446811,Premium Residential,osm_dld_cadastral_enriched,0.86
7fbbe973-3597-450a-ad3b-7a51eca1dfc2,Area 4,area 4,Master Developer / DLD Registered,Dubai,Greater Dubai Urban Corridor,AE,"Area 4, Greater Dubai Urban Corridor, Dubai, United Arab Emirates",,Gated Residential Society,0,96,DLD-PRJ-58999,86769 54695,25.267695,55.446951,Premium Residential,osm_dld_cadastral_enriched,0.86
17440217-4dc6-4e1b-8b05-b07adea98d11,Area 3,area 3,Master Developer / DLD Registered,Dubai,Greater Dubai Urban Corridor,AE,"Area 3, Greater Dubai Urban Corridor, Dubai, United Arab Emirates",,Gated Residential Society,0,96,DLD-PRJ-52723,86898 55036,25.268986,55.450368,Premium Residential,osm_dld_cadastral_enriched,0.86
da136004-f234-4c10-ac7e-9fb09a36821f,Area 6,area 6,Master Developer / DLD Registered,Dubai,Greater Dubai Urban Corridor,AE,"Area 6, Greater Dubai Urban Corridor, Dubai, United Arab Emirates",,Gated Residential Society,0,96,DLD-PRJ-55478,86287 55188,25.262877,55.451885,Premium Residential,osm_dld_cadastral_enriched,0.86
463367a5-9489-4fa2-b440-ab0ff8b015f4,Area 2,area 2,Master Developer / DLD Registered,Dubai,Greater Dubai Urban Corridor,AE,"Area 2, Greater Dubai Urban Corridor, Dubai, United Arab Emirates",,Gated Residential Society,0,96,DLD-PRJ-29173,86690 55540,25.266906,55.455406,Premium Residential,osm_dld_cadastral_enriched,0.86
f3723296-40e7-4337-9a72-d662002e7569,Area 1,area 1,Master Developer / DLD Registered,Dubai,Greater Dubai Urban Corridor,AE,"Area 1, Greater Dubai Urban Corridor, Dubai, United Arab Emirates",,Gated Residential Society,0,96,DLD-PRJ-41986,87060 55622,25.270602,55.456223,Premium Residential,osm_dld_cadastral_enriched,0.86
abe1d74f-3a4e-4232-9f74-b58551c5b9c7,Ewan Residences,ewan residences,Master Developer / DLD Registered,Dubai,Greater Dubai Urban Corridor,AE,"Ewan Residences, Greater Dubai Urban Corridor, Dubai, United Arab Emirates",,Luxury High-Rise Tower,0,96,DLD-PRJ-83227,59476 28013,24.994761,55.180131,Premium Residential,osm_dld_cadastral_enriched,0.86
f87df82e-2727-4df9-bb72-773cfcb0c229,JLT,jlt,Master Developer / DLD Registered,Dubai,Greater Dubai Urban Corridor,AE,"JLT, Greater Dubai Urban Corridor, Dubai, United Arab Emirates",,Gated Residential Society,0,96,DLD-PRJ-79837,66437 23852,25.064376,55.13853,Premium Residential,osm_dld_cadastral_enriched,0.86
cfb5e0f9-1bf8-4288-a54c-466e1250ddb2,Al Warqa 4,al warqa 4,Master Developer / DLD Registered,Dubai,Greater Dubai Urban Corridor,AE,"Al Warqa 4, Greater Dubai Urban Corridor, Dubai, United Arab Emirates",,Gated Residential Society,0,96,DLD-PRJ-70478,78713 53863,25.187137,55.438635,Premium Residential,osm_dld_cadastral_enriched,0.86
51de94f0-b046-43f6-9c77-bc84b573bc02,Al Qarrayen 3,al qarrayen 3,Master Developer / DLD Registered,Dubai,Greater Dubai Urban Corridor,AE,"Al Qarrayen 3, Greater Dubai Urban Corridor, Dubai, United Arab Emirates",,Gated Residential Society,0,96,DLD-PRJ-84093,89547 62560,25.295477,55.525602,Premium Residential,osm_dld_cadastral_enriched,0.86
2cb963d6-89b2-4816-ae16-8be1fcbee218,Al Badaia,al badaia,Master Developer / DLD Registered,Dubai,Greater Dubai Urban Corridor,AE,"Al Badaia, Greater Dubai Urban Corridor, Dubai, United Arab Emirates",,Gated Residential Society,0,96,DLD-PRJ-46524,85301 66449,25.25302,55.564496,Premium Residential,osm_dld_cadastral_enriched,0.86
666b399d-7664-471c-baf8-1338e6c2c25f,Al Qarrayen 4,al qarrayen 4,Master Developer / DLD Registered,Dubai,Greater Dubai Urban Corridor,AE,"Al Qarrayen 4, Greater Dubai Urban Corridor, Dubai, United Arab Emirates",,Gated Residential Society,0,96,DLD-PRJ-56013,88709 61949,25.287094,55.51949,Premium Residential,osm_dld_cadastral_enriched,0.86
914b5d9a-ac2a-470c-b703-10ec648ae02c,Zabeel Palace,zabeel palace,Master Developer / DLD Registered,Dubai,Greater Dubai Urban Corridor,AE,"Zabeel Palace, Greater Dubai Urban Corridor, Dubai, United Arab Emirates",,Gated Residential Society,0,96,DLD-PRJ-81048,80876 39945,25.208769,55.299451,Premium Residential,osm_dld_cadastral_enriched,0.86
74a735c2-13f7-4ad1-a61d-b879dc56a3d6,sabu Aliyan,sabu aliyan,Master Developer / DLD Registered,Dubai,Greater Dubai Urban Corridor,AE,"sabu Aliyan, Greater Dubai Urban Corridor, Dubai, United Arab Emirates",,Gated Residential Society,0,96,DLD-PRJ-86210,77853 47805,25.178537,55.378052,Premium Residential,osm_dld_cadastral_enriched,0.86
9bc22969-7bd6-44ca-ac03-5684abbe2ef6,رأس الخور الصناعية 3,3,Master Developer / DLD Registered,Dubai,Greater Dubai Urban Corridor,AE,"رأس الخور الصناعية 3, Greater Dubai Urban Corridor, Dubai, United Arab Emirates",,Gated Residential Society,0,96,DLD-PRJ-44622,77712 47887,25.17713,55.37888,Premium Residential,osm_dld_cadastral_enriched,0.86
719bdce5-797a-43ef-9b76-e3ac6ebdad93,Khalfan Bldg,khalfan bldg,Master Developer / DLD Registered,Dubai,Greater Dubai Urban Corridor,AE,"Khalfan Bldg, Masoud Bin Rabee'ah Street, Greater Dubai Urban Corridor, Dubai, United Arab Emirates",,Gated Residential Society,0,96,DLD-PRJ-42206,94033 49490,25.340331,55.394903,Premium Residential,osm_dld_cadastral_enriched,0.86
c55a2590-f925-4b4c-823e-7adcf349b166,Bahman Center,bahman center,Master Developer / DLD Registered,Dubai,Greater Dubai Urban Corridor,AE,"Bahman Center, Al Estiqlal Street, Greater Dubai Urban Corridor, Dubai, United Arab Emirates",,Gated Residential Society,0,96,DLD-PRJ-60214,93867 49332,25.338672,55.393321,Premium Residential,osm_dld_cadastral_enriched,0.86
2a776994-4c7a-4dec-97ad-c4c463982891,Al Ghubaiba,al ghubaiba,Master Developer / DLD Registered,Dubai,Greater Dubai Urban Corridor,AE,"Al Ghubaiba, Greater Dubai Urban Corridor, Dubai, United Arab Emirates",,Gated Residential Society,0,96,DLD-PRJ-33232,94535 51310,25.345357,55.4131,Premium Residential,osm_dld_cadastral_enriched,0.86
89b1e55d-9b0f-4e53-be2b-9c729a6101f8,Al Yarmook,al yarmook,Master Developer / DLD Registered,Dubai,Greater Dubai Urban Corridor,AE,"Al Yarmook, Greater Dubai Urban Corridor, Dubai, United Arab Emirates",,Gated Residential Society,0,96,DLD-PRJ-47301,94990 50486,25.349905,55.404861,Premium Residential,osm_dld_cadastral_enriched,0.86
a1a4ab47-27d6-4ff9-9df5-62063d87449b,Abu Shagara,abu shagara,Master Developer / DLD Registered,Dubai,Greater Dubai Urban Corridor,AE,"Abu Shagara, Greater Dubai Urban Corridor, Dubai, United Arab Emirates",,Gated Residential Society,0,96,DLD-PRJ-13227,93580 49636,25.335809,55.396361,Premium Residential,osm_dld_cadastral_enriched,0.86
94f6ee03-c761-454f-b3b7-6a6f6894051c,Al Manakh,al manakh,Master Developer / DLD Registered,Dubai,Greater Dubai Urban Corridor,AE,"Al Manakh, Greater Dubai Urban Corridor, Dubai, United Arab Emirates",,Gated Residential Society,0,96,DLD-PRJ-77345,95229 49737,25.352298,55.397379,Premium Residential,osm_dld_cadastral_enriched,0.86
34a11ac0-32e3-4837-b2e8-e72a46cd8633,Al Khazamiya,al khazamiya,Master Developer / DLD Registered,Dubai,Greater Dubai Urban Corridor,AE,"Al Khazamiya, Greater Dubai Urban Corridor, Dubai, United Arab Emirates",,Gated Residential Society,0,96,DLD-PRJ-64773,94253 53828,25.342534,55.438286,Premium Residential,osm_dld_cadastral_enriched,0.86
3c58883d-69ae-4b18-90ca-c0f98be34bcd,Al Tala'a,al tala a,Master Developer / DLD Registered,Dubai,Greater Dubai Urban Corridor,AE,"Al Tala'a, Greater Dubai Urban Corridor, Dubai, United Arab Emirates",,Gated Residential Society,0,96,DLD-PRJ-52606,93783 54810,25.33784,55.448108,Premium Residential,osm_dld_cadastral_enriched,0.86
710622d4-6980-4022-b7f8-861d9a67ad0c,Al Abar,al abar,Master Developer / DLD Registered,Dubai,Greater Dubai Urban Corridor,AE,"Al Abar, Greater Dubai Urban Corridor, Dubai, United Arab Emirates",,Gated Residential Society,0,96,DLD-PRJ-44525,94826 52851,25.348261,55.428518,Premium Residential,osm_dld_cadastral_enriched,0.86
42a49fc7-02cf-4444-865e-0e3e8bc96004,Dasman,dasman,Master Developer / DLD Registered,Dubai,Greater Dubai Urban Corridor,AE,"Dasman, Greater Dubai Urban Corridor, Dubai, United Arab Emirates",,Gated Residential Society,0,96,DLD-PRJ-94083,95097 51966,25.350975,55.419663,Premium Residential,osm_dld_cadastral_enriched,0.86
9ad09150-87cb-498e-b154-3fc84236cf92,Al Turrfa,al turrfa,Master Developer / DLD Registered,Dubai,Greater Dubai Urban Corridor,AE,"Al Turrfa, Greater Dubai Urban Corridor, Dubai, United Arab Emirates",,Gated Residential Society,0,96,DLD-PRJ-91352,92339 55088,25.323391,55.450884,Premium Residential,osm_dld_cadastral_enriched,0.86
ae6b4053-5cba-4b7f-851d-8df53c1fd0fe,Al Urooj Building,al urooj building,Master Developer / DLD Registered,Dubai,Greater Dubai Urban Corridor,AE,"Al Urooj Building, Greater Dubai Urban Corridor, Dubai, United Arab Emirates",,Gated Residential Society,0,96,DLD-PRJ-42564,93697 49503,25.336974,55.395033,Premium Residential,osm_dld_cadastral_enriched,0.86
802c948f-c085-42af-8f3a-c569ff501787,New Al Safiya,new al safiya,Master Developer / DLD Registered,Dubai,Greater Dubai Urban Corridor,AE,"New Al Safiya, Greater Dubai Urban Corridor, Dubai, United Arab Emirates",,Gated Residential Society,0,96,DLD-PRJ-84557,87659 44567,25.276597,55.345672,Premium Residential,osm_dld_cadastral_enriched,0.86
404dea10-2368-4f90-9060-2c7def6fd9fb,SS Lootah 2,ss lootah 2,Master Developer / DLD Registered,Dubai,Greater Dubai Urban Corridor,AE,"SS Lootah 2, 19c, Greater Dubai Urban Corridor, Dubai, United Arab Emirates",,Gated Residential Society,0,96,DLD-PRJ-22502,87589 47977,25.275892,55.379771,Premium Residential,osm_dld_cadastral_enriched,0.86
8047ae1a-854d-46c6-b15c-8a6110c543b1,A,a,Master Developer / DLD Registered,Dubai,Greater Dubai Urban Corridor,AE,"A, 24 Street, Greater Dubai Urban Corridor, Dubai, United Arab Emirates",,Gated Residential Society,0,96,DLD-PRJ-23604,88258 50951,25.282584,55.409518,Premium Residential,osm_dld_cadastral_enriched,0.86
de6d6ac9-d84e-4803-947d-7fa84d06148c,public library,public library,Master Developer / DLD Registered,Dubai,Greater Dubai Urban Corridor,AE,"public library, Greater Dubai Urban Corridor, Dubai, United Arab Emirates",,Gated Residential Society,0,96,DLD-PRJ-19654,86611 47581,25.266118,55.375812,Premium Residential,osm_dld_cadastral_enriched,0.86
b8fd9a3b-ad79-40ec-8db9-c78b661cd2d1,Danat Al Mamzar,danat al mamzar,Master Developer / DLD Registered,Dubai,Greater Dubai Urban Corridor,AE,"Danat Al Mamzar, Greater Dubai Urban Corridor, Dubai, United Arab Emirates",,Gated Residential Society,0,96,DLD-PRJ-86423,87977 45139,25.279777,55.351396,Premium Residential,osm_dld_cadastral_enriched,0.86
09f04d5a-e4ac-4f3e-97d9-05138d7dd40b,Al Shaali Building,al shaali building,Master Developer / DLD Registered,Dubai,Greater Dubai Urban Corridor,AE,"Al Shaali Building, Greater Dubai Urban Corridor, Dubai, United Arab Emirates",,Gated Residential Society,0,96,DLD-PRJ-58345,88048 45408,25.280486,55.354086,Premium Residential,osm_dld_cadastral_enriched,0.86
0251fbdd-b921-4f3a-864c-7f718f5cc910,AB Plaza,ab plaza,Master Developer / DLD Registered,Dubai,Greater Dubai Urban Corridor,AE,"AB Plaza, Greater Dubai Urban Corridor, Dubai, United Arab Emirates",,Gated Residential Society,0,96,DLD-PRJ-45386,87822 45007,25.278228,55.350079,Premium Residential,osm_dld_cadastral_enriched,0.86
07887b90-18ea-4843-825d-6928eed793ab,Al Zafrana,al zafrana,Master Developer / DLD Registered,Dubai,Greater Dubai Urban Corridor,AE,"Al Zafrana, Greater Dubai Urban Corridor, Dubai, United Arab Emirates",,Gated Residential Society,0,96,DLD-PRJ-61452,87919 45087,25.279198,55.350873,Premium Residential,osm_dld_cadastral_enriched,0.86
b9816c59-f8a4-47bf-83ea-f7d62fc046df,Lootah building,lootah building,Master Developer / DLD Registered,Dubai,Greater Dubai Urban Corridor,AE,"Lootah building, Greater Dubai Urban Corridor, Dubai, United Arab Emirates",,Gated Residential Society,0,96,DLD-PRJ-93926,89618 48021,25.296189,55.380211,Premium Residential,osm_dld_cadastral_enriched,0.86
e0cf19f8-d232-489d-b689-9225b3cfa475,Al Hawai Twin,al hawai twin,Master Developer / DLD Registered,Dubai,Greater Dubai Urban Corridor,AE,"Al Hawai Twin, Greater Dubai Urban Corridor, Dubai, United Arab Emirates",,Gated Residential Society,0,96,DLD-PRJ-76365,89707 48021,25.297079,55.380212,Premium Residential,osm_dld_cadastral_enriched,0.86
77f20951-fae9-455e-801b-082f5f73469a,DIC Village 2,dic village 2,Master Developer / DLD Registered,Dubai,Greater Dubai Urban Corridor,AE,"DIC Village 2, Greater Dubai Urban Corridor, Dubai, United Arab Emirates",,Ultra-Luxury Gated Villa Community,0,96,DLD-PRJ-95622,43400 17304,24.834008,55.073049,Premium Residential,osm_dld_cadastral_enriched,0.86
dc61db0d-613c-4f9b-9833-85f29cddbd61,DIC Village 3,dic village 3,Master Developer / DLD Registered,Dubai,Greater Dubai Urban Corridor,AE,"DIC Village 3, Greater Dubai Urban Corridor, Dubai, United Arab Emirates",,Ultra-Luxury Gated Villa Community,0,96,DLD-PRJ-18018,42873 17913,24.828739,55.079133,Premium Residential,osm_dld_cadastral_enriched,0.86
d1897f86-a676-4ed4-b9ca-8dd7b7babfbc,La Fontana,la fontana,Master Developer / DLD Registered,Dubai,Greater Dubai Urban Corridor,AE,"La Fontana, Greater Dubai Urban Corridor, Dubai, United Arab Emirates",,Gated Residential Society,0,96,DLD-PRJ-97999,66339 33597,25.063392,55.235976,Premium Residential,osm_dld_cadastral_enriched,0.86
93c9536e-f121-4d60-af0e-3c4db8bb9756,Manhattan Bldg,manhattan bldg,Master Developer / DLD Registered,Dubai,Greater Dubai Urban Corridor,AE,"Manhattan Bldg, Greater Dubai Urban Corridor, Dubai, United Arab Emirates",,Gated Residential Society,0,96,DLD-PRJ-64776,66324 34145,25.063242,55.241453,Premium Residential,osm_dld_cadastral_enriched,0.86
ab907f77-c3e4-4556-8598-ea2aaf4997c5,Arjan,arjan,Master Developer / DLD Registered,Dubai,Greater Dubai Urban Corridor,AE,"Arjan, Greater Dubai Urban Corridor, Dubai, United Arab Emirates",,Gated Residential Society,0,96,DLD-PRJ-68415,66027 33531,25.060279,55.235315,Premium Residential,osm_dld_cadastral_enriched,0.86
cc741bfe-ef28-4b88-a6c5-708ef6744613,Al Mamzar Building (Eco Building,al mamzar building eco building,Master Developer / DLD Registered,Dubai,Greater Dubai Urban Corridor,AE,"Al Mamzar Building (Eco Building, Maliha Road, Greater Dubai Urban Corridor, Dubai, United Arab Emirates",,Gated Residential Society,0,96,DLD-PRJ-26160,89048 54597,25.290482,55.445979,Premium Residential,osm_dld_cadastral_enriched,0.86
7adfd36a-9ed5-4b0b-99bc-80e82530314e,Ritaj,ritaj,Master Developer / DLD Registered,Dubai,Greater Dubai Urban Corridor,AE,"Ritaj, Greater Dubai Urban Corridor, Dubai, United Arab Emirates",,Gated Residential Society,0,96,DLD-PRJ-42348,58785 30251,24.987857,55.202517,Premium Residential,osm_dld_cadastral_enriched,0.86
4cd3380e-7cec-42e7-9f65-bf9c4472a162,Rijat H,rijat h,Master Developer / DLD Registered,Dubai,Greater Dubai Urban Corridor,AE,"Rijat H, Greater Dubai Urban Corridor, Dubai, United Arab Emirates",,Gated Residential Society,0,96,DLD-PRJ-28499,58852 30382,24.988526,55.203828,Premium Residential,osm_dld_cadastral_enriched,0.86
3807bfa8-fec1-4499-98cf-6ce7bd42964b,Rijat G,rijat g,Master Developer / DLD Registered,Dubai,Greater Dubai Urban Corridor,AE,"Rijat G, Greater Dubai Urban Corridor, Dubai, United Arab Emirates",,Gated Residential Society,0,96,DLD-PRJ-94105,58748 30367,24.987488,55.20367,Premium Residential,osm_dld_cadastral_enriched,0.86
def4bf52-09c2-4d4a-8e0a-70a98bea6e29,Rijat K,rijat k,Master Developer / DLD Registered,Dubai,Greater Dubai Urban Corridor,AE,"Rijat K, Greater Dubai Urban Corridor, Dubai, United Arab Emirates",,Gated Residential Society,0,96,DLD-PRJ-98488,58695 30129,24.986951,55.201298,Premium Residential,osm_dld_cadastral_enriched,0.86
966e1ef8-05e8-4abf-bdd2-cf8b8c291550,Rijat M-13,rijat m 13,Master Developer / DLD Registered,Dubai,Greater Dubai Urban Corridor,AE,"Rijat M-13, Greater Dubai Urban Corridor, Dubai, United Arab Emirates",,Gated Residential Society,0,96,DLD-PRJ-70944,58668 30123,24.986689,55.201237,Premium Residential,osm_dld_cadastral_enriched,0.86
1b768065-b399-4d2f-a864-b3573afd194e,Rijat L-10,rijat l 10,Master Developer / DLD Registered,Dubai,Greater Dubai Urban Corridor,AE,"Rijat L-10, Greater Dubai Urban Corridor, Dubai, United Arab Emirates",,Gated Residential Society,0,96,DLD-PRJ-65825,58678 30256,24.986784,55.202567,Premium Residential,osm_dld_cadastral_enriched,0.86
cfebbb2b-5614-4035-9cc0-afc079f69f1a,Al Warqa 1,al warqa 1,Master Developer / DLD Registered,Dubai,Greater Dubai Urban Corridor,AE,"Al Warqa 1, Greater Dubai Urban Corridor, Dubai, United Arab Emirates",,Gated Residential Society,0,96,DLD-PRJ-85519,78876 50340,25.188763,55.403401,Premium Residential,osm_dld_cadastral_enriched,0.86
33322009-00eb-4f7f-aeee-a3ff4fb624d0,Al Warqa 3,al warqa 3,Master Developer / DLD Registered,Dubai,Greater Dubai Urban Corridor,AE,"Al Warqa 3, Greater Dubai Urban Corridor, Dubai, United Arab Emirates",,Gated Residential Society,0,96,DLD-PRJ-35492,79169 52368,25.191692,55.423688,Premium Residential,osm_dld_cadastral_enriched,0.86
9ed9abc0-7443-411b-8560-c21d215303ad,Jafza Staff Accomodation Jebelali,jafza staff accomodation jebelali,Master Developer / DLD Registered,Dubai,Greater Dubai Urban Corridor,AE,"Jafza Staff Accomodation Jebelali, Greater Dubai Urban Corridor, Dubai, United Arab Emirates",,Gated Residential Society,0,96,DLD-PRJ-61997,54766 18145,24.947661,55.081456,Premium Residential,osm_dld_cadastral_enriched,0.86
1b421610-3149-4baf-891e-c372edc28e54,Al Abbar,al abbar,Master Developer / DLD Registered,Dubai,Greater Dubai Urban Corridor,AE,"Al Abbar, Greater Dubai Urban Corridor, Dubai, United Arab Emirates",,Gated Residential Society,0,96,DLD-PRJ-38780,89602 48071,25.296024,55.380719,Premium Residential,osm_dld_cadastral_enriched,0.86
c6c3907d-d391-458f-80cb-b7688a8d40df,Al Barsha 2,al barsha 2,Master Developer / DLD Registered,Dubai,Greater Dubai Urban Corridor,AE,"Al Barsha 2, Greater Dubai Urban Corridor, Dubai, United Arab Emirates",,Gated Residential Society,0,96,DLD-PRJ-92899,70160 31621,25.101605,55.216211,Premium Residential,osm_dld_cadastral_enriched,0.86
8df0c9a2-7c5a-4fe7-8366-e59f57ad8eed,Syrann Park,syrann park,Master Developer / DLD Registered,Dubai,Greater Dubai Urban Corridor,AE,"Syrann Park, Greater Dubai Urban Corridor, Dubai, United Arab Emirates",,Gated Residential Society,0,96,DLD-PRJ-98719,65630 33835,25.056305,55.238351,Premium Residential,osm_dld_cadastral_enriched,0.86
c18dda90-8f5d-485b-a6bb-1449e408c118,Celestial Heights,celestial heights,Master Developer / DLD Registered,Dubai,Greater Dubai Urban Corridor,AE,"Celestial Heights, Greater Dubai Urban Corridor, Dubai, United Arab Emirates",,Luxury High-Rise Tower,0,96,DLD-PRJ-65071,57420 19089,24.974207,55.090896,Premium Residential,osm_dld_cadastral_enriched,0.86
f8daee27-6c58-4fa5-9eeb-292b0124297d,JAFZA Liu 4,jafza liu 4,Master Developer / DLD Registered,Dubai,Greater Dubai Urban Corridor,AE,"JAFZA Liu 4, Greater Dubai Urban Corridor, Dubai, United Arab Emirates",,Gated Residential Society,0,96,DLD-PRJ-89573,56271 16503,24.962717,55.065035,Premium Residential,osm_dld_cadastral_enriched,0.86
5f409ff1-919a-415f-a9fa-9ed513967fa1,JAFZA Liu 1 - 2,jafza liu 1 2,Master Developer / DLD Registered,Dubai,Greater Dubai Urban Corridor,AE,"JAFZA Liu 1 - 2, Greater Dubai Urban Corridor, Dubai, United Arab Emirates",,Gated Residential Society,0,96,DLD-PRJ-91799,56355 16082,24.963551,55.060826,Premium Residential,osm_dld_cadastral_enriched,0.86
0fcb52ce-d9cb-49a6-a5c9-0455b2cc5fa1,Dubai Colony,dubai colony,Master Developer / DLD Registered,Dubai,Greater Dubai Urban Corridor,AE,"Dubai Colony, Greater Dubai Urban Corridor, Dubai, United Arab Emirates",,Gated Residential Society,0,96,DLD-PRJ-71076,64096 20008,25.040961,55.100086,Premium Residential,osm_dld_cadastral_enriched,0.86
e6e77f67-8760-4528-96b0-f67f05b29079,Jumeirah Heights West C,jumeirah heights west c,Master Developer / DLD Registered,Dubai,Greater Dubai Urban Corridor,AE,"Jumeirah Heights West C, Greater Dubai Urban Corridor, Dubai, United Arab Emirates",,Luxury High-Rise Tower,0,96,DLD-PRJ-99636,66281 24445,25.062818,55.144451,Premium Residential,osm_dld_cadastral_enriched,0.86
885709db-3915-47c9-9f54-31c8c98ae615,Jumeriah Heights West A,jumeriah heights west a,Master Developer / DLD Registered,Dubai,Greater Dubai Urban Corridor,AE,"Jumeriah Heights West A, Greater Dubai Urban Corridor, Dubai, United Arab Emirates",,Luxury High-Rise Tower,0,96,DLD-PRJ-40090,66178 24455,25.061788,55.144556,Premium Residential,osm_dld_cadastral_enriched,0.86
b296d762-ff2c-437d-bcdd-d165168fdcbe,Jumeriah Heights West B,jumeriah heights west b,Master Developer / DLD Registered,Dubai,Greater Dubai Urban Corridor,AE,"Jumeriah Heights West B, Greater Dubai Urban Corridor, Dubai, United Arab Emirates",,Luxury High-Rise Tower,0,96,DLD-PRJ-73416,66234 24510,25.062343,55.145109,Premium Residential,osm_dld_cadastral_enriched,0.86
ca9d1b95-3848-4969-a57a-59b52bf399dc,Jumeirah Island Park,jumeirah island park,Master Developer / DLD Registered,Dubai,Greater Dubai Urban Corridor,AE,"Jumeirah Island Park, Greater Dubai Urban Corridor, Dubai, United Arab Emirates",,Gated Residential Society,0,96,DLD-PRJ-56022,66462 24678,25.064623,55.146783,Premium Residential,osm_dld_cadastral_enriched,0.86
3136b335-38d4-4df3-a9c1-7e80aa0983f6,Silver Stallion,silver stallion,Master Developer / DLD Registered,Dubai,Greater Dubai Urban Corridor,AE,"Silver Stallion, Greater Dubai Urban Corridor, Dubai, United Arab Emirates",,Gated Residential Society,0,96,DLD-PRJ-73176,63379 27449,25.033797,55.174498,Premium Residential,osm_dld_cadastral_enriched,0.86
365b3f7c-07eb-4cb9-92e7-8c2f33059ee3,Sienna Lake,sienna lake,Master Developer / DLD Registered,Dubai,Greater Dubai Urban Corridor,AE,"Sienna Lake, Greater Dubai Urban Corridor, Dubai, United Arab Emirates",,Gated Residential Society,0,96,DLD-PRJ-43705,61461 30993,25.014619,55.209933,Premium Residential,osm_dld_cadastral_enriched,0.86
db9ab027-e4e6-465a-9515-5a67f0010932,Sanctuary Falls,sanctuary falls,Master Developer / DLD Registered,Dubai,Greater Dubai Urban Corridor,AE,"Sanctuary Falls, Greater Dubai Urban Corridor, Dubai, United Arab Emirates",,Ultra-Luxury Gated Villa Community,0,96,DLD-PRJ-46277,62187 28890,25.021873,55.188903,Premium Residential,osm_dld_cadastral_enriched,0.86
68afad04-71f8-47c2-8b22-57d7732eff91,Solitaire Cascades,solitaire cascades,Master Developer / DLD Registered,Dubai,Greater Dubai Urban Corridor,AE,"Solitaire Cascades, Greater Dubai Urban Corridor, Dubai, United Arab Emirates",,Gated Residential Society,0,96,DLD-PRJ-10321,68843 48179,25.088431,55.381794,Premium Residential,osm_dld_cadastral_enriched,0.86
3fa02d34-4117-4827-96e0-10f6ac2dbc52,Falcon City of Wonders 2,falcon city of wonders 2,Master Developer / DLD Registered,Dubai,Greater Dubai Urban Corridor,AE,"Falcon City of Wonders 2, Greater Dubai Urban Corridor, Dubai, United Arab Emirates",,Gated Residential Society,0,96,DLD-PRJ-11115,70187 44444,25.101871,55.344448,Premium Residential,osm_dld_cadastral_enriched,0.86
d7155f33-3c18-494d-a2bf-7e3b870705dd,The Centro,the centro,Master Developer / DLD Registered,Dubai,Greater Dubai Urban Corridor,AE,"The Centro, Greater Dubai Urban Corridor, Dubai, United Arab Emirates",,Gated Residential Society,0,96,DLD-PRJ-30911,69127 47048,25.09127,55.370487,Premium Residential,osm_dld_cadastral_enriched,0.86
dfdccca1-d911-4077-939a-8da8c775234a,Ponderosa,ponderosa,Master Developer / DLD Registered,Dubai,Greater Dubai Urban Corridor,AE,"Ponderosa, Greater Dubai Urban Corridor, Dubai, United Arab Emirates",,Gated Residential Society,0,96,DLD-PRJ-18488,68053 44880,25.08054,55.348808,Premium Residential,osm_dld_cadastral_enriched,0.86
3ac5662f-6e75-473d-a7e0-84e9e9bbf055,The Aldea,the aldea,Master Developer / DLD Registered,Dubai,Greater Dubai Urban Corridor,AE,"The Aldea, Greater Dubai Urban Corridor, Dubai, United Arab Emirates",,Gated Residential Society,0,96,DLD-PRJ-50305,68328 45614,25.083281,55.356147,Premium Residential,osm_dld_cadastral_enriched,0.86
c3241fd6-4c8f-4b12-8575-57848bf8cd7e,Hacienda,hacienda,Master Developer / DLD Registered,Dubai,Greater Dubai Urban Corridor,AE,"Hacienda, Greater Dubai Urban Corridor, Dubai, United Arab Emirates",,Gated Residential Society,0,96,DLD-PRJ-58104,68770 46271,25.087708,55.362719,Premium Residential,osm_dld_cadastral_enriched,0.86
5b641614-3c39-4016-bc54-5107556cafa1,Al Ghadeer,al ghadeer,Master Developer / DLD Registered,Dubai,Greater Dubai Urban Corridor,AE,"Al Ghadeer, Greater Dubai Urban Corridor, Dubai, United Arab Emirates",,Gated Residential Society,0,96,DLD-PRJ-11125,44334 12746,24.84334,55.027464,Premium Residential,osm_dld_cadastral_enriched,0.86
a518b67d-4d14-4915-a720-737c32e3bbb8,Villa Lantana 1,villa lantana 1,Master Developer / DLD Registered,Dubai,Greater Dubai Urban Corridor,AE,"Villa Lantana 1, Greater Dubai Urban Corridor, Dubai, United Arab Emirates",,Ultra-Luxury Gated Villa Community,0,96,DLD-PRJ-23409,67459 33808,25.074591,55.238081,Premium Residential,osm_dld_cadastral_enriched,0.86
b2e709a0-c061-4888-8f6f-525449c2212e,Meydan Heights Villas,meydan heights villas,Master Developer / DLD Registered,Dubai,Greater Dubai Urban Corridor,AE,"Meydan Heights Villas, Greater Dubai Urban Corridor, Dubai, United Arab Emirates",,Ultra-Luxury Gated Villa Community,0,96,DLD-PRJ-51625,74355 41299,25.143552,55.312993,Premium Residential,osm_dld_cadastral_enriched,0.86
cc316a60-1797-4c1a-8b83-64397222e412,Polo Townhouses,polo townhouses,Master Developer / DLD Registered,Dubai,Greater Dubai Urban Corridor,AE,"Polo Townhouses, Greater Dubai Urban Corridor, Dubai, United Arab Emirates",,Gated Residential Society,0,96,DLD-PRJ-29048,74201 39456,25.142015,55.294566,Premium Residential,osm_dld_cadastral_enriched,0.86
7587eb46-9e0c-455c-9f96-7650d0904e58,Millenium Estates,millenium estates,Master Developer / DLD Registered,Dubai,Greater Dubai Urban Corridor,AE,"Millenium Estates, Greater Dubai Urban Corridor, Dubai, United Arab Emirates",,Ultra-Luxury Gated Villa Community,0,96,DLD-PRJ-12671,74413 39304,25.144133,55.29304,Premium Residential,osm_dld_cadastral_enriched,0.86
ac485d33-8220-4250-83d7-c961f010955b,Dubai Police Training Village,dubai police training village,Master Developer / DLD Registered,Dubai,Greater Dubai Urban Corridor,AE,"Dubai Police Training Village, Greater Dubai Urban Corridor, Dubai, United Arab Emirates",,Ultra-Luxury Gated Villa Community,0,96,DLD-PRJ-20491,67999 49040,25.079991,55.390402,Premium Residential,osm_dld_cadastral_enriched,0.86
cf16a815-e3ca-463f-a8fb-9e273ad04f82,Falcon City of Wonders,falcon city of wonders,Master Developer / DLD Registered,Dubai,Greater Dubai Urban Corridor,AE,"Falcon City of Wonders, Greater Dubai Urban Corridor, Dubai, United Arab Emirates",,Gated Residential Society,0,96,DLD-PRJ-31130,69671 44501,25.096715,55.345018,Premium Residential,osm_dld_cadastral_enriched,0.86
b2ae9340-80df-4837-8921-22cb48bd6fe2,Dubai Residence Complex,dubai residence complex,Master Developer / DLD Registered,Dubai,Greater Dubai Urban Corridor,AE,"Dubai Residence Complex, Greater Dubai Urban Corridor, Dubai, United Arab Emirates",,Luxury High-Rise Tower,0,96,DLD-PRJ-19546,69257 48069,25.092571,55.3807,Premium Residential,osm_dld_cadastral_enriched,0.86
3c571f1d-3cdd-4c6b-9ab0-94a5661d4eba,Liwan,liwan,Master Developer / DLD Registered,Dubai,Greater Dubai Urban Corridor,AE,"Liwan, Greater Dubai Urban Corridor, Dubai, United Arab Emirates",,Gated Residential Society,0,96,DLD-PRJ-49937,70629 46763,25.106294,55.367636,Premium Residential,osm_dld_cadastral_enriched,0.86
72f93632-da31-4c6f-9bcb-2f7d0cf7c992,Al Sahil,al sahil,Master Developer / DLD Registered,Dubai,Greater Dubai Urban Corridor,AE,"Al Sahil, Greater Dubai Urban Corridor, Dubai, United Arab Emirates",,Gated Residential Society,0,96,DLD-PRJ-97108,89728 47908,25.297289,55.379089,Premium Residential,osm_dld_cadastral_enriched,0.86
89b4effd-61bc-4baf-ad46-3b6c3e1876a6,Al Noor,al noor,Master Developer / DLD Registered,Dubai,Greater Dubai Urban Corridor,AE,"Al Noor, Greater Dubai Urban Corridor, Dubai, United Arab Emirates",,Gated Residential Society,0,96,DLD-PRJ-80337,89706 47823,25.297063,55.378234,Premium Residential,osm_dld_cadastral_enriched,0.86
29484e74-ef01-4da5-aed6-7610bc09009a,Al Nahda Plaza Building,al nahda plaza building,Master Developer / DLD Registered,Dubai,Greater Dubai Urban Corridor,AE,"Al Nahda Plaza Building, Greater Dubai Urban Corridor, Dubai, United Arab Emirates",,Gated Residential Society,0,96,DLD-PRJ-45678,88769 47144,25.287691,55.371442,Premium Residential,osm_dld_cadastral_enriched,0.86
c387f646-67f6-4f8d-aa41-cd5923b9926d,5 Star Building,5 star building,Master Developer / DLD Registered,Dubai,Greater Dubai Urban Corridor,AE,"5 Star Building, Greater Dubai Urban Corridor, Dubai, United Arab Emirates",,Gated Residential Society,0,96,DLD-PRJ-62096,88708 47189,25.28708,55.371893,Premium Residential,osm_dld_cadastral_enriched,0.86
ba12b9ee-cf43-46dc-9f4f-a13f47eefea7,Al Malik,al malik,Master Developer / DLD Registered,Dubai,Greater Dubai Urban Corridor,AE,"Al Malik, 38 Street, Greater Dubai Urban Corridor, Dubai, United Arab Emirates",,Gated Residential Society,0,96,DLD-PRJ-64893,89576 48540,25.295767,55.385401,Premium Residential,osm_dld_cadastral_enriched,0.86
5f44acf9-4c73-4ae0-b560-71e6c195ccc2,Danat Al Nahda,danat al nahda,Master Developer / DLD Registered,Dubai,Greater Dubai Urban Corridor,AE,"Danat Al Nahda, Greater Dubai Urban Corridor, Dubai, United Arab Emirates",,Gated Residential Society,0,96,DLD-PRJ-43192,89583 48258,25.295837,55.382588,Premium Residential,osm_dld_cadastral_enriched,0.86
b97041b5-9991-4cd8-b066-9389eb68445d,Salman Obaid Building,salman obaid building,Master Developer / DLD Registered,Dubai,Greater Dubai Urban Corridor,AE,"Salman Obaid Building, 4th Street, Greater Dubai Urban Corridor, Dubai, United Arab Emirates",,Gated Residential Society,0,96,DLD-PRJ-66699,88951 47152,25.289518,55.371521,Premium Residential,osm_dld_cadastral_enriched,0.86
b29173c9-0b12-4b78-b55e-5f8e002bdaa7,Hitoof 2,hitoof 2,Master Developer / DLD Registered,Dubai,Greater Dubai Urban Corridor,AE,"Hitoof 2, 38 Street, Greater Dubai Urban Corridor, Dubai, United Arab Emirates",,Gated Residential Society,0,96,DLD-PRJ-22935,89499 48551,25.294993,55.385513,Premium Residential,osm_dld_cadastral_enriched,0.86
12472673-cc12-40f7-b292-f84af0bfebac,Sundos Al Nahda,sundos al nahda,Master Developer / DLD Registered,Dubai,Greater Dubai Urban Corridor,AE,"Sundos Al Nahda, Greater Dubai Urban Corridor, Dubai, United Arab Emirates",,Gated Residential Society,0,96,DLD-PRJ-63098,89677 47758,25.29678,55.37758,Premium Residential,osm_dld_cadastral_enriched,0.86
87c25e3c-16ee-4b78-8558-fdae518de815,Ahli House 2,ahli house 2,Master Developer / DLD Registered,Dubai,Greater Dubai Urban Corridor,AE,"Ahli House 2, Greater Dubai Urban Corridor, Dubai, United Arab Emirates",,Gated Residential Society,0,96,DLD-PRJ-98302,88836 47865,25.288365,55.378654,Premium Residential,osm_dld_cadastral_enriched,0.86
e699ce30-6db9-41e4-928d-a5f73b3bda82,422 Green Community,422 green community,Master Developer / DLD Registered,Dubai,Greater Dubai Urban Corridor,AE,"422 Green Community, Greater Dubai Urban Corridor, Dubai, United Arab Emirates",,Gated Residential Society,0,96,DLD-PRJ-79481,60366 25977,25.00366,55.159775,Premium Residential,osm_dld_cadastral_enriched,0.86
d7d10af8-2dc8-4df5-8201-494e78e16840,Al Qarrayen 5,al qarrayen 5,Master Developer / DLD Registered,Dubai,Greater Dubai Urban Corridor,AE,"Al Qarrayen 5, Greater Dubai Urban Corridor, Dubai, United Arab Emirates",,Gated Residential Society,0,96,DLD-PRJ-30705,89327 60781,25.293275,55.507811,Premium Residential,osm_dld_cadastral_enriched,0.86
31705e56-5ddd-4651-8a68-988e9b8d564b,Al Qarrayen 1,al qarrayen 1,Master Developer / DLD Registered,Dubai,Greater Dubai Urban Corridor,AE,"Al Qarrayen 1, Greater Dubai Urban Corridor, Dubai, United Arab Emirates",,Gated Residential Society,0,96,DLD-PRJ-90406,90503 61755,25.305039,55.517551,Premium Residential,osm_dld_cadastral_enriched,0.86
531c5b44-d012-42f6-aab1-cd4f22d661a8,Al Qarrayen 2,al qarrayen 2,Master Developer / DLD Registered,Dubai,Greater Dubai Urban Corridor,AE,"Al Qarrayen 2, Greater Dubai Urban Corridor, Dubai, United Arab Emirates",,Gated Residential Society,0,96,DLD-PRJ-51399,90406 63267,25.304064,55.532675,Premium Residential,osm_dld_cadastral_enriched,0.86
5415693f-785c-4c9b-9577-07f30eae4367,Al Jerainah,al jerainah,Master Developer / DLD Registered,Dubai,Greater Dubai Urban Corridor,AE,"Al Jerainah, Greater Dubai Urban Corridor, Dubai, United Arab Emirates",,Gated Residential Society,0,96,DLD-PRJ-15971,89488 59526,25.294888,55.495263,Premium Residential,osm_dld_cadastral_enriched,0.86
a37756aa-48d4-4d11-9505-096e43bcc615,Al Noaf 1,al noaf 1,Master Developer / DLD Registered,Dubai,Greater Dubai Urban Corridor,AE,"Al Noaf 1, Greater Dubai Urban Corridor, Dubai, United Arab Emirates",,Gated Residential Society,0,96,DLD-PRJ-58732,88231 60038,25.28232,55.500389,Premium Residential,osm_dld_cadastral_enriched,0.86
ec7ebf43-8daa-4734-b1fd-177115e896b6,Al Noaf 2,al noaf 2,Master Developer / DLD Registered,Dubai,Greater Dubai Urban Corridor,AE,"Al Noaf 2, Greater Dubai Urban Corridor, Dubai, United Arab Emirates",,Gated Residential Society,0,96,DLD-PRJ-51165,87647 61235,25.276479,55.512359,Premium Residential,osm_dld_cadastral_enriched,0.86
a0376f63-707e-494c-a288-fffbc735e281,Al Noaf 3,al noaf 3,Master Developer / DLD Registered,Dubai,Greater Dubai Urban Corridor,AE,"Al Noaf 3, Greater Dubai Urban Corridor, Dubai, United Arab Emirates",,Gated Residential Society,0,96,DLD-PRJ-20200,87232 59323,25.272324,55.493237,Premium Residential,osm_dld_cadastral_enriched,0.86
5205c93c-194e-4ff3-bf01-2fd2a2608aec,Al Noaf 4,al noaf 4,Master Developer / DLD Registered,Dubai,Greater Dubai Urban Corridor,AE,"Al Noaf 4, Greater Dubai Urban Corridor, Dubai, United Arab Emirates",,Gated Residential Society,0,96,DLD-PRJ-34074,86703 60542,25.267038,55.505427,Premium Residential,osm_dld_cadastral_enriched,0.86
42a9e7f5-e46d-4a26-bfc3-cce019eab1e8,Hor Al Anz East,hor al anz east,Master Developer / DLD Registered,Dubai,Greater Dubai Urban Corridor,AE,"Hor Al Anz East, Greater Dubai Urban Corridor, Dubai, United Arab Emirates",,Gated Residential Society,0,96,DLD-PRJ-99425,88249 44713,25.282491,55.347136,Premium Residential,osm_dld_cadastral_enriched,0.86
2572d5c9-0b80-44c0-9e5c-be2e12f2ef9f,Al Warqa 2,al warqa 2,Master Developer / DLD Registered,Dubai,Greater Dubai Urban Corridor,AE,"Al Warqa 2, Greater Dubai Urban Corridor, Dubai, United Arab Emirates",,Gated Residential Society,0,96,DLD-PRJ-64824,80153 50923,25.201539,55.409238,Premium Residential,osm_dld_cadastral_enriched,0.86
0f373964-5924-4436-9fae-cf96f73b8e35,Al Warqa 5,al warqa 5,Master Developer / DLD Registered,Dubai,Greater Dubai Urban Corridor,AE,"Al Warqa 5, Greater Dubai Urban Corridor, Dubai, United Arab Emirates",,Gated Residential Society,0,96,DLD-PRJ-87461,78070 55218,25.180701,55.452188,Premium Residential,osm_dld_cadastral_enriched,0.86
92a56b79-e355-4259-9e0b-ac554b389039,The Halls Accomodation,the halls accomodation,Master Developer / DLD Registered,Dubai,Greater Dubai Urban Corridor,AE,"The Halls Accomodation, Greater Dubai Urban Corridor, Dubai, United Arab Emirates",,Gated Residential Society,0,96,DLD-PRJ-37646,58394 28428,24.983942,55.18429,Premium Residential,osm_dld_cadastral_enriched,0.86
4eed6394-6a7c-4ed8-90af-03dde7f0d732,Manazil,manazil,Master Developer / DLD Registered,Dubai,Greater Dubai Urban Corridor,AE,"Manazil, Al Taawun Street, Greater Dubai Urban Corridor, Dubai, United Arab Emirates",,Gated Residential Society,0,96,DLD-PRJ-61437,91434 47753,25.31435,55.377538,Premium Residential,osm_dld_cadastral_enriched,0.86
b2ad2958-56f7-4f31-92d6-7d67fc15ce9e,Dubai South Residential District,dubai south residential district,Master Developer / DLD Registered,Dubai,Greater Dubai Urban Corridor,AE,"Dubai South Residential District, Greater Dubai Urban Corridor, Dubai, United Arab Emirates",,Gated Residential Society,0,96,DLD-PRJ-54768,54421 31181,24.944219,55.211815,Premium Residential,osm_dld_cadastral_enriched,0.86
5b1bb1ee-22ef-488d-b37a-750de37b0294,Badrah Townhouses,badrah townhouses,Master Developer / DLD Registered,Dubai,Greater Dubai Urban Corridor,AE,"Badrah Townhouses, Greater Dubai Urban Corridor, Dubai, United Arab Emirates",,Gated Residential Society,0,96,DLD-PRJ-97628,55037 14833,24.950371,55.048332,Premium Residential,osm_dld_cadastral_enriched,0.86
bf966a1c-c0a0-4550-b5cd-e311f83bd1d7,Veneto Residence,veneto residence,Master Developer / DLD Registered,Dubai,Greater Dubai Urban Corridor,AE,"Veneto Residence, Greater Dubai Urban Corridor, Dubai, United Arab Emirates",,Luxury High-Rise Tower,0,96,DLD-PRJ-61517,56044 11171,24.960445,55.011711,Premium Residential,osm_dld_cadastral_enriched,0.86
4460ad73-3c06-4da7-97aa-59961c957fcd,Al Shaaab Colony No 84,al shaaab colony no 84,Master Developer / DLD Registered,Dubai,Greater Dubai Urban Corridor,AE,"Al Shaaab Colony No 84, Greater Dubai Urban Corridor, Dubai, United Arab Emirates",,Gated Residential Society,0,96,DLD-PRJ-90584,87722 44350,25.277227,55.343506,Premium Residential,osm_dld_cadastral_enriched,0.86
69a502d1-4219-4920-a94d-19f3c13e7576,Toufeeq Villa B,toufeeq villa b,Master Developer / DLD Registered,Dubai,Greater Dubai Urban Corridor,AE,"Toufeeq Villa B, Greater Dubai Urban Corridor, Dubai, United Arab Emirates",,Ultra-Luxury Gated Villa Community,0,96,DLD-PRJ-29617,82010 53549,25.220105,55.435499,Premium Residential,osm_dld_cadastral_enriched,0.86
c80db7bf-e758-4ed7-a0c9-8826f57c786b,Al Shaaab Colony No 78,al shaaab colony no 78,Master Developer / DLD Registered,Dubai,Greater Dubai Urban Corridor,AE,"Al Shaaab Colony No 78, Greater Dubai Urban Corridor, Dubai, United Arab Emirates",,Gated Residential Society,0,96,DLD-PRJ-75966,87783 44323,25.277834,55.343237,Premium Residential,osm_dld_cadastral_enriched,0.86
a7be2e95-8ed8-456c-99cf-d747d99cfdbc,Alshaab Colony No:86,alshaab colony no 86,Master Developer / DLD Registered,Dubai,Greater Dubai Urban Corridor,AE,"Alshaab Colony No:86, Greater Dubai Urban Corridor, Dubai, United Arab Emirates",,Gated Residential Society,0,96,DLD-PRJ-14660,87704 44358,25.277048,55.343583,Premium Residential,osm_dld_cadastral_enriched,0.86
98632608-b139-4795-87e3-030919e86a70,Mira 5,mira 5,Master Developer / DLD Registered,Dubai,Greater Dubai Urban Corridor,AE,"Mira 5, Greater Dubai Urban Corridor, Dubai, United Arab Emirates",,Gated Residential Society,0,96,DLD-PRJ-30670,60693 40613,25.00693,55.306136,Premium Residential,osm_dld_cadastral_enriched,0.86
d198bbe8-9d1a-4dd9-ad02-443231ebb291,Mira 1,mira 1,Master Developer / DLD Registered,Dubai,Greater Dubai Urban Corridor,AE,"Mira 1, Greater Dubai Urban Corridor, Dubai, United Arab Emirates",,Gated Residential Society,0,96,DLD-PRJ-58085,60399 40312,25.003991,55.303121,Premium Residential,osm_dld_cadastral_enriched,0.86
2c270fdf-0dd7-41c0-8e24-89e152c0ce9e,Mira 4,mira 4,Master Developer / DLD Registered,Dubai,Greater Dubai Urban Corridor,AE,"Mira 4, Greater Dubai Urban Corridor, Dubai, United Arab Emirates",,Gated Residential Society,0,96,DLD-PRJ-78263,61147 40449,25.011473,55.304496,Premium Residential,osm_dld_cadastral_enriched,0.86
73fb9e06-e0e9-405d-94fe-c75d616473d0,Mira 3,mira 3,Master Developer / DLD Registered,Dubai,Greater Dubai Urban Corridor,AE,"Mira 3, Greater Dubai Urban Corridor, Dubai, United Arab Emirates",,Gated Residential Society,0,96,DLD-PRJ-59020,60781 41022,25.007814,55.310224,Premium Residential,osm_dld_cadastral_enriched,0.86
914d0e3c-79fa-4a8e-82ee-17644f271cdd,Mira 2,mira 2,Master Developer / DLD Registered,Dubai,Greater Dubai Urban Corridor,AE,"Mira 2, Greater Dubai Urban Corridor, Dubai, United Arab Emirates",,Gated Residential Society,0,96,DLD-PRJ-65686,60338 40729,25.003387,55.307295,Premium Residential,osm_dld_cadastral_enriched,0.86
ebeef730-781b-48ac-bd97-1f481cf05abd,Mira,mira,Master Developer / DLD Registered,Dubai,Greater Dubai Urban Corridor,AE,"Mira, Greater Dubai Urban Corridor, Dubai, United Arab Emirates",,Gated Residential Society,0,96,DLD-PRJ-68384,60774 40544,25.007743,55.305448,Premium Residential,osm_dld_cadastral_enriched,0.86
2e90aa45-dc15-4037-9da2-b0ae2719e1b9,Badrah Residence,badrah residence,Master Developer / DLD Registered,Dubai,Greater Dubai Urban Corridor,AE,"Badrah Residence, Greater Dubai Urban Corridor, Dubai, United Arab Emirates",,Luxury High-Rise Tower,0,96,DLD-PRJ-44674,55016 15006,24.95017,55.050064,Premium Residential,osm_dld_cadastral_enriched,0.86
73ccede8-cea4-42a9-86be-0c4d4a38e658,Horizon,horizon,Master Developer / DLD Registered,Dubai,Greater Dubai Urban Corridor,AE,"Horizon, Street 15a, Greater Dubai Urban Corridor, Dubai, United Arab Emirates",,Gated Residential Society,0,96,DLD-PRJ-88825,72201 32922,25.122019,55.229228,Premium Residential,osm_dld_cadastral_enriched,0.86
67dc7ff8-de8d-4758-8fcf-b755a0a46059,Metac General Contracting Staff Accommodations,metac general contracting staff accommodations,Master Developer / DLD Registered,Dubai,Greater Dubai Urban Corridor,AE,"Metac General Contracting Staff Accommodations, Street 28, Greater Dubai Urban Corridor, Dubai, United Arab Emirates",,Gated Residential Society,0,96,DLD-PRJ-25427,73502 35584,25.135029,55.255847,Premium Residential,osm_dld_cadastral_enriched,0.86
e354db7f-4ffe-4598-9a13-6632518e463c,Awqaf building,awqaf building,Master Developer / DLD Registered,Dubai,Greater Dubai Urban Corridor,AE,"Awqaf building, 414 Street, Greater Dubai Urban Corridor, Dubai, United Arab Emirates",,Gated Residential Society,0,96,DLD-PRJ-33608,79298 50667,25.19298,55.406673,Premium Residential,osm_dld_cadastral_enriched,0.86
0cd0c8f3-eaa6-4915-b899-7d62b3e7b66f,Accommodation,accommodation,Master Developer / DLD Registered,Dubai,Greater Dubai Urban Corridor,AE,"Accommodation, 27 Street, Greater Dubai Urban Corridor, Dubai, United Arab Emirates",,Gated Residential Society,0,96,DLD-PRJ-57920,58620 28291,24.986209,55.182918,Premium Residential,osm_dld_cadastral_enriched,0.86
0b74145d-6809-4787-95aa-ef4a5851f484,Al Warqa,al warqa,Master Developer / DLD Registered,Dubai,Greater Dubai Urban Corridor,AE,"Al Warqa, 12c Street, Greater Dubai Urban Corridor, Dubai, United Arab Emirates",,Gated Residential Society,0,96,DLD-PRJ-71679,78575 50454,25.185756,55.404542,Premium Residential,osm_dld_cadastral_enriched,0.86
77285e0b-f333-4a55-ac4a-989f620632fe,Alokozay,alokozay,Master Developer / DLD Registered,Dubai,Greater Dubai Urban Corridor,AE,"Alokozay, Street 40, Greater Dubai Urban Corridor, Dubai, United Arab Emirates",,Gated Residential Society,0,96,DLD-PRJ-42359,57579 30313,24.975794,55.20313,Premium Residential,osm_dld_cadastral_enriched,0.86
834f6e01-1896-4318-bf68-d61253465e57,Raf Raf,raf raf,Master Developer / DLD Registered,Dubai,Greater Dubai Urban Corridor,AE,"Raf Raf, 20 Street, Greater Dubai Urban Corridor, Dubai, United Arab Emirates",,Gated Residential Society,0,96,DLD-PRJ-85893,88213 50813,25.282133,55.408132,Premium Residential,osm_dld_cadastral_enriched,0.86
7486f49a-58b9-4ce5-8843-2f0a7ca5ebf9,Al Andalus Building,al andalus building,Master Developer / DLD Registered,Dubai,Greater Dubai Urban Corridor,AE,"Al Andalus Building, Al Wahda Street, Greater Dubai Urban Corridor, Dubai, United Arab Emirates",,Gated Residential Society,0,96,DLD-PRJ-60811,93669 49992,25.336699,55.399922,Premium Residential,osm_dld_cadastral_enriched,0.86
e8be9458-4b49-4984-80c1-042b556b55cb,Pond View,pond view,Master Developer / DLD Registered,Dubai,Greater Dubai Urban Corridor,AE,"Pond View, Greater Dubai Urban Corridor, Dubai, United Arab Emirates",,Gated Residential Society,0,96,DLD-PRJ-41038,88941 47981,25.289411,55.379814,Premium Residential,osm_dld_cadastral_enriched,0.86
7543bf7e-6a92-4171-8b03-8c784c68c60e,Park View Residence,park view residence,Master Developer / DLD Registered,Dubai,Greater Dubai Urban Corridor,AE,"Park View Residence, Greater Dubai Urban Corridor, Dubai, United Arab Emirates",,Luxury High-Rise Tower,0,96,DLD-PRJ-96224,88926 48007,25.289265,55.380071,Premium Residential,osm_dld_cadastral_enriched,0.86
f74d5b9d-9071-4e30-b250-9f3d0ef46237,AbuHail Residence,abuhail residence,Master Developer / DLD Registered,Dubai,Greater Dubai Urban Corridor,AE,"AbuHail Residence, 18 Street, Greater Dubai Urban Corridor, Dubai, United Arab Emirates",,Luxury High-Rise Tower,0,96,DLD-PRJ-56512,87866 44695,25.278663,55.346952,Premium Residential,osm_dld_cadastral_enriched,0.86
19d070a4-c8c0-478a-8664-00b713c33181,MUFTAH AL MAHARA ELECTRONICS,muftah al mahara electronics,Master Developer / DLD Registered,Dubai,Greater Dubai Urban Corridor,AE,"MUFTAH AL MAHARA ELECTRONICS, Bashr Bin Amr Street, Greater Dubai Urban Corridor, Dubai, United Arab Emirates",,Gated Residential Society,0,96,DLD-PRJ-56246,94957 49844,25.349574,55.398441,Premium Residential,osm_dld_cadastral_enriched,0.86
2359e838-e44d-4fa0-bea5-d4d58df8f794,Green Community,green community,Master Developer / DLD Registered,Dubai,Greater Dubai Urban Corridor,AE,"Green Community, Greater Dubai Urban Corridor, Dubai, United Arab Emirates",,Gated Residential Society,0,96,DLD-PRJ-89511,59375 26022,24.993753,55.160222,Premium Residential,osm_dld_cadastral_enriched,0.86
e4afad84-cc61-4762-b0a9-7aaf1d4cfc88,Four Seasons Hotel - Staff Accomodation,four seasons hotel staff accomodation,Master Developer / DLD Registered,Dubai,Greater Dubai Urban Corridor,AE,"Four Seasons Hotel - Staff Accomodation, Greater Dubai Urban Corridor, Dubai, United Arab Emirates",,Gated Residential Society,0,96,DLD-PRJ-75885,60607 23446,25.006079,55.134469,Premium Residential,osm_dld_cadastral_enriched,0.86
61b07cec-e8a4-45d5-b2ed-80853fae5315,Labour Camp,labour camp,Master Developer / DLD Registered,Dubai,Greater Dubai Urban Corridor,AE,"Labour Camp, Greater Dubai Urban Corridor, Dubai, United Arab Emirates",,Gated Residential Society,0,96,DLD-PRJ-59268,60745 23721,25.007459,55.137211,Premium Residential,osm_dld_cadastral_enriched,0.86
f4502d21-18db-4d1a-82df-05e08d7fb4ae,Manara 6,manara 6,Master Developer / DLD Registered,Dubai,Greater Dubai Urban Corridor,AE,"Manara 6, Greater Dubai Urban Corridor, Dubai, United Arab Emirates",,Gated Residential Society,0,96,DLD-PRJ-74962,54991 14943,24.949918,55.049435,Premium Residential,osm_dld_cadastral_enriched,0.86
e2e4b562-2e7d-4888-bebb-f4136f60aa79,Manara 1,manara 1,Master Developer / DLD Registered,Dubai,Greater Dubai Urban Corridor,AE,"Manara 1, Greater Dubai Urban Corridor, Dubai, United Arab Emirates",,Gated Residential Society,0,96,DLD-PRJ-11198,55064 14954,24.950644,55.049543,Premium Residential,osm_dld_cadastral_enriched,0.86
b3443e91-c8c8-4298-be5f-a03799434928,Manara 4,manara 4,Master Developer / DLD Registered,Dubai,Greater Dubai Urban Corridor,AE,"Manara 4, Greater Dubai Urban Corridor, Dubai, United Arab Emirates",,Gated Residential Society,0,96,DLD-PRJ-76276,54971 15064,24.949718,55.05064,Premium Residential,osm_dld_cadastral_enriched,0.86
3cfee285-a5bf-4085-b249-89a205de9e76,Manara 3,manara 3,Master Developer / DLD Registered,Dubai,Greater Dubai Urban Corridor,AE,"Manara 3, Greater Dubai Urban Corridor, Dubai, United Arab Emirates",,Gated Residential Society,0,96,DLD-PRJ-91473,55050 15074,24.950502,55.050747,Premium Residential,osm_dld_cadastral_enriched,0.86
5b2abe57-00e5-4cd8-a4fa-8b1c33a13fc2,Manara 5,manara 5,Master Developer / DLD Registered,Dubai,Greater Dubai Urban Corridor,AE,"Manara 5, Greater Dubai Urban Corridor, Dubai, United Arab Emirates",,Gated Residential Society,0,96,DLD-PRJ-43549,54964 14991,24.949642,55.049914,Premium Residential,osm_dld_cadastral_enriched,0.86
9045dd22-a6b5-4b2a-b7fc-61f65ad5cea1,Manara 2,manara 2,Master Developer / DLD Registered,Dubai,Greater Dubai Urban Corridor,AE,"Manara 2, Greater Dubai Urban Corridor, Dubai, United Arab Emirates",,Gated Residential Society,0,96,DLD-PRJ-31193,55071 15024,24.950716,55.050244,Premium Residential,osm_dld_cadastral_enriched,0.86
403fe63f-07d0-4460-a85c-ad044f41a818,Manara 8,manara 8,Master Developer / DLD Registered,Dubai,Greater Dubai Urban Corridor,AE,"Manara 8, Greater Dubai Urban Corridor, Dubai, United Arab Emirates",,Gated Residential Society,0,96,DLD-PRJ-47865,55032 14990,24.950325,55.049904,Premium Residential,osm_dld_cadastral_enriched,0.86
fc11d707-e064-463b-8b4a-48580b0f0785,Manara 7,manara 7,Master Developer / DLD Registered,Dubai,Greater Dubai Urban Corridor,AE,"Manara 7, Greater Dubai Urban Corridor, Dubai, United Arab Emirates",,Gated Residential Society,0,96,DLD-PRJ-87045,55003 15030,24.950037,55.050303,Premium Residential,osm_dld_cadastral_enriched,0.86
5d70ae01-412a-4496-8683-5d7ca443d761,"The Nest, Al Barari Residence, Dubai",the nest al barari residence dubai,Master Developer / DLD Registered,Dubai,Greater Dubai Urban Corridor,AE,"The Nest, Al Barari Residence, Dubai, Greater Dubai Urban Corridor, Dubai, United Arab Emirates",,Luxury High-Rise Tower,0,96,DLD-PRJ-39554,70088 40446,25.100889,55.304467,Premium Residential,osm_dld_cadastral_enriched,0.86
58768085-9738-4b26-a8cc-ae6b0f0f9213,KOA Canvas Dubai,koa canvas dubai,Master Developer / DLD Registered,Dubai,Greater Dubai Urban Corridor,AE,"KOA Canvas Dubai, Greater Dubai Urban Corridor, Dubai, United Arab Emirates",,Gated Residential Society,0,96,DLD-PRJ-39833,69268 40242,25.092682,55.302422,Premium Residential,osm_dld_cadastral_enriched,0.86
44050a7e-a644-423f-a10c-e0d186fffa45,Town Square Dubai,town square dubai,Master Developer / DLD Registered,Dubai,Greater Dubai Urban Corridor,AE,"Town Square Dubai, Greater Dubai Urban Corridor, Dubai, United Arab Emirates",,Gated Residential Society,0,96,DLD-PRJ-95509,60665 38882,25.00666,55.288822,Premium Residential,osm_dld_cadastral_enriched,0.86
439f218b-c000-409c-89c9-122f65ea7dd3,Shams,shams,Master Developer / DLD Registered,Dubai,Greater Dubai Urban Corridor,AE,"Shams, Greater Dubai Urban Corridor, Dubai, United Arab Emirates",,Gated Residential Society,0,96,DLD-PRJ-40627,71242 46497,25.112429,55.364978,Premium Residential,osm_dld_cadastral_enriched,0.86
b113c20b-912d-4f6d-8621-9c0f72ead586,Al Shaiba Complex,al shaiba complex,Master Developer / DLD Registered,Dubai,Greater Dubai Urban Corridor,AE,"Al Shaiba Complex, Greater Dubai Urban Corridor, Dubai, United Arab Emirates",,Gated Residential Society,0,96,DLD-PRJ-23475,72616 52397,25.126163,55.423979,Premium Residential,osm_dld_cadastral_enriched,0.86
89cfaa75-4c3f-49d2-824c-47277e13a057,Cluster 50,cluster 50,Master Developer / DLD Registered,Dubai,Greater Dubai Urban Corridor,AE,"Cluster 50, Greater Dubai Urban Corridor, Dubai, United Arab Emirates",,Gated Residential Society,0,96,DLD-PRJ-64811,65997 24656,25.059972,55.146569,Premium Residential,osm_dld_cadastral_enriched,0.86
0173a06b-2a17-4f6e-aa8b-658f7e2d0b55,Jebel Ali Hotel Staff Accomodation,jebel ali hotel staff accomodation,Master Developer / DLD Registered,Dubai,Greater Dubai Urban Corridor,AE,"Jebel Ali Hotel Staff Accomodation, Greater Dubai Urban Corridor, Dubai, United Arab Emirates",,Gated Residential Society,0,96,DLD-PRJ-72469,62865 21047,25.028659,55.11047,Premium Residential,osm_dld_cadastral_enriched,0.86
a73d4b5b-cb1c-4543-a366-7bc977d90f50,Sustainability District,sustainability district,Master Developer / DLD Registered,Dubai,Greater Dubai Urban Corridor,AE,"Sustainability District, Greater Dubai Urban Corridor, Dubai, United Arab Emirates",,Gated Residential Society,0,96,DLD-PRJ-46761,55931 25337,24.959319,55.15337,Premium Residential,osm_dld_cadastral_enriched,0.86
0238b01d-7c32-4fe0-ad94-451e0d96afd3,"Safi Townhouses, Town Square, Dubai",safi townhouses town square dubai,Master Developer / DLD Registered,Dubai,Greater Dubai Urban Corridor,AE,"Safi Townhouses, Town Square, Dubai, Greater Dubai Urban Corridor, Dubai, United Arab Emirates",,Gated Residential Society,0,96,DLD-PRJ-76807,61310 38696,25.013106,55.286968,Premium Residential,osm_dld_cadastral_enriched,0.86
e0b6a1ae-b700-43b7-aab4-b3c9c5550a8b,Zahra Townhouses,zahra townhouses,Master Developer / DLD Registered,Dubai,Greater Dubai Urban Corridor,AE,"Zahra Townhouses, North Boulevard, Greater Dubai Urban Corridor, Dubai, United Arab Emirates",,Gated Residential Society,0,96,DLD-PRJ-15514,60780 39285,25.007805,55.292852,Premium Residential,osm_dld_cadastral_enriched,0.86
37d2afde-caa2-432b-8000-9db7a75f79bd,Mira Oasis,mira oasis,Master Developer / DLD Registered,Dubai,Greater Dubai Urban Corridor,AE,"Mira Oasis, Greater Dubai Urban Corridor, Dubai, United Arab Emirates",,Gated Residential Society,0,96,DLD-PRJ-63726,61340 39827,25.013401,55.298275,Premium Residential,osm_dld_cadastral_enriched,0.86
e89b5bac-caec-4d0f-bbde-8cfdd03c5411,"Hayat Townhouses, Town Square, Dubai",hayat townhouses town square dubai,Master Developer / DLD Registered,Dubai,Greater Dubai Urban Corridor,AE,"Hayat Townhouses, Town Square, Dubai, Greater Dubai Urban Corridor, Dubai, United Arab Emirates",,Gated Residential Society,0,96,DLD-PRJ-92850,60015 40049,25.000155,55.300494,Premium Residential,osm_dld_cadastral_enriched,0.86
9a4e16fa-b0f1-4aa1-9d0a-2d584c2bf685,Ali Nasser Lootah Building,ali nasser lootah building,Master Developer / DLD Registered,Dubai,Greater Dubai Urban Corridor,AE,"Ali Nasser Lootah Building, Greater Dubai Urban Corridor, Dubai, United Arab Emirates",,Gated Residential Society,0,96,DLD-PRJ-31809,88993 47098,25.289933,55.37099,Premium Residential,osm_dld_cadastral_enriched,0.86
cdec064e-3a1c-496b-a84a-6599a3110c28,Ghoroob,ghoroob,Master Developer / DLD Registered,Dubai,Greater Dubai Urban Corridor,AE,"Ghoroob, Greater Dubai Urban Corridor, Dubai, United Arab Emirates",,Gated Residential Society,0,96,DLD-PRJ-26024,81139 51834,25.211394,55.418344,Premium Residential,osm_dld_cadastral_enriched,0.86
dd245387-26da-4d5a-9596-5810c60c9a40,Al Khail Heights,al khail heights,Master Developer / DLD Registered,Dubai,Greater Dubai Urban Corridor,AE,"Al Khail Heights, Greater Dubai Urban Corridor, Dubai, United Arab Emirates",,Luxury High-Rise Tower,0,96,DLD-PRJ-32751,75552 35329,25.155524,55.253294,Premium Residential,osm_dld_cadastral_enriched,0.86
5568be01-ba10-42f6-8e3a-6f22fecd8b29,Naseem Townhouses,naseem townhouses,Master Developer / DLD Registered,Dubai,Greater Dubai Urban Corridor,AE,"Naseem Townhouses, Greater Dubai Urban Corridor, Dubai, United Arab Emirates",,Gated Residential Society,0,96,DLD-PRJ-62598,61509 38337,25.015093,55.283377,Premium Residential,osm_dld_cadastral_enriched,0.86
d043c54b-f2d7-4a96-9727-92144f37eb6f,Hayat Boulevard Apartments,hayat boulevard apartments,Master Developer / DLD Registered,Dubai,Greater Dubai Urban Corridor,AE,"Hayat Boulevard Apartments, Greater Dubai Urban Corridor, Dubai, United Arab Emirates",,Gated Residential Society,0,96,DLD-PRJ-82893,60445 39658,25.004458,55.296584,Premium Residential,osm_dld_cadastral_enriched,0.86
e2ecb9d3-e1a7-4781-bee4-c034d35522c0,Zahra Breeze Apartments,zahra breeze apartments,Master Developer / DLD Registered,Dubai,Greater Dubai Urban Corridor,AE,"Zahra Breeze Apartments, Greater Dubai Urban Corridor, Dubai, United Arab Emirates",,Gated Residential Society,0,96,DLD-PRJ-11120,60606 39557,25.006069,55.29557,Premium Residential,osm_dld_cadastral_enriched,0.86
e61e7994-2901-43be-bc75-b5ba04c4d727,Zahra Apartments,zahra apartments,Master Developer / DLD Registered,Dubai,Greater Dubai Urban Corridor,AE,"Zahra Apartments, Greater Dubai Urban Corridor, Dubai, United Arab Emirates",,Gated Residential Society,0,96,DLD-PRJ-83820,60966 39049,25.009667,55.290496,Premium Residential,osm_dld_cadastral_enriched,0.86
478a1a3c-356b-43e3-8edc-f010bdc6a80e,Safi Apartments,safi apartments,Master Developer / DLD Registered,Dubai,Greater Dubai Urban Corridor,AE,"Safi Apartments, Greater Dubai Urban Corridor, Dubai, United Arab Emirates",,Gated Residential Society,0,96,DLD-PRJ-53162,61139 38869,25.011394,55.28869,Premium Residential,osm_dld_cadastral_enriched,0.86
e19c18dc-8178-4936-9cee-e8963de4d1e0,sand,sand,Master Developer / DLD Registered,Dubai,Greater Dubai Urban Corridor,AE,"sand, Greater Dubai Urban Corridor, Dubai, United Arab Emirates",,Gated Residential Society,0,96,DLD-PRJ-72866,62987 38290,25.029878,55.282905,Premium Residential,osm_dld_cadastral_enriched,0.86
76c659ec-dafb-4b52-937f-9e8e4c260cb9,Al Naboodah Building,al naboodah building,Master Developer / DLD Registered,Dubai,Greater Dubai Urban Corridor,AE,"Al Naboodah Building, Greater Dubai Urban Corridor, Dubai, United Arab Emirates",,Gated Residential Society,0,96,DLD-PRJ-95159,87880 50580,25.278801,55.405809,Premium Residential,osm_dld_cadastral_enriched,0.86
750e03a1-0e49-48e7-97d3-f18dc38a92ab,Tala 2,tala 2,Master Developer / DLD Registered,Dubai,Greater Dubai Urban Corridor,AE,"Tala 2, Greater Dubai Urban Corridor, Dubai, United Arab Emirates",,Gated Residential Society,0,96,DLD-PRJ-64557,70446 46915,25.10446,55.369155,Premium Residential,osm_dld_cadastral_enriched,0.86
de26affb-0ef2-4325-bb07-389495518e04,Ghanima,ghanima,Master Developer / DLD Registered,Dubai,Greater Dubai Urban Corridor,AE,"Ghanima, Greater Dubai Urban Corridor, Dubai, United Arab Emirates",,Gated Residential Society,0,96,DLD-PRJ-18572,70424 46871,25.104244,55.368714,Premium Residential,osm_dld_cadastral_enriched,0.86
2e3d007c-1dfe-4edc-a558-d96c2a032b1a,Mazaya 21,mazaya 21,Master Developer / DLD Registered,Dubai,Greater Dubai Urban Corridor,AE,"Mazaya 21, Greater Dubai Urban Corridor, Dubai, United Arab Emirates",,Gated Residential Society,0,96,DLD-PRJ-67154,70400 46830,25.104001,55.368302,Premium Residential,osm_dld_cadastral_enriched,0.86
e7de77a1-88f2-403b-a9e7-6d3e93491337,Mazaya 22,mazaya 22,Master Developer / DLD Registered,Dubai,Greater Dubai Urban Corridor,AE,"Mazaya 22, Greater Dubai Urban Corridor, Dubai, United Arab Emirates",,Gated Residential Society,0,96,DLD-PRJ-87430,70376 46788,25.103762,55.36788,Premium Residential,osm_dld_cadastral_enriched,0.86
6fa35198-a949-48a6-8113-4fb33b649310,Mazaya 23,mazaya 23,Master Developer / DLD Registered,Dubai,Greater Dubai Urban Corridor,AE,"Mazaya 23, Greater Dubai Urban Corridor, Dubai, United Arab Emirates",,Gated Residential Society,0,96,DLD-PRJ-68893,70348 46747,25.103483,55.36747,Premium Residential,osm_dld_cadastral_enriched,0.86
491339b0-f009-40c8-b620-bb78c9850243,Mazaya 24,mazaya 24,Master Developer / DLD Registered,Dubai,Greater Dubai Urban Corridor,AE,"Mazaya 24, Greater Dubai Urban Corridor, Dubai, United Arab Emirates",,Gated Residential Society,0,96,DLD-PRJ-78329,70326 46702,25.103262,55.367022,Premium Residential,osm_dld_cadastral_enriched,0.86
60e1db75-12fe-4f05-8c1a-e372b1a4a72c,Mazaya 25,mazaya 25,Master Developer / DLD Registered,Dubai,Greater Dubai Urban Corridor,AE,"Mazaya 25, Greater Dubai Urban Corridor, Dubai, United Arab Emirates",,Gated Residential Society,0,96,DLD-PRJ-42048,70297 46655,25.102976,55.366553,Premium Residential,osm_dld_cadastral_enriched,0.86
66798270-b6c0-413d-a4b6-c597c979e28f,Al Yarmouk,al yarmouk,Master Developer / DLD Registered,Dubai,Greater Dubai Urban Corridor,AE,"Al Yarmouk, Greater Dubai Urban Corridor, Dubai, United Arab Emirates",,Gated Residential Society,0,96,DLD-PRJ-81863,70474 46954,25.10474,55.369549,Premium Residential,osm_dld_cadastral_enriched,0.86
1e38f203-f790-4d35-b6bb-58e365108ce7,Monaco Residency,monaco residency,Master Developer / DLD Registered,Dubai,Greater Dubai Urban Corridor,AE,"Monaco Residency, Greater Dubai Urban Corridor, Dubai, United Arab Emirates",,Gated Residential Society,0,96,DLD-PRJ-89528,70496 46991,25.10496,55.36991,Premium Residential,osm_dld_cadastral_enriched,0.86
b4f587b3-f95a-4ac1-b1f8-8594884c3565,Al Khail Gate Mosque,al khail gate mosque,Master Developer / DLD Registered,Dubai,Greater Dubai Urban Corridor,AE,"Al Khail Gate Mosque, Greater Dubai Urban Corridor, Dubai, United Arab Emirates",,Gated Residential Society,0,96,DLD-PRJ-66850,74235 34937,25.142352,55.249378,Premium Residential,osm_dld_cadastral_enriched,0.86
332e48a8-e333-4f49-b261-5f312cd56e9d,Opportunity District,opportunity district,Master Developer / DLD Registered,Dubai,Greater Dubai Urban Corridor,AE,"Opportunity District, Greater Dubai Urban Corridor, Dubai, United Arab Emirates",,Gated Residential Society,0,96,DLD-PRJ-67878,56364 25173,24.963641,55.151736,Premium Residential,osm_dld_cadastral_enriched,0.86
b4db7825-aa08-44a4-b0b5-e3439e24462e,EK2 Accomodation,ek2 accomodation,Master Developer / DLD Registered,Dubai,Greater Dubai Urban Corridor,AE,"EK2 Accomodation, Greater Dubai Urban Corridor, Dubai, United Arab Emirates",,Gated Residential Society,0,96,DLD-PRJ-18826,88006 50354,25.28006,55.403542,Premium Residential,osm_dld_cadastral_enriched,0.86
0b7ed6f3-184a-47db-968a-947df807132b,Al Thamayel Residential Complex,al thamayel residential complex,Master Developer / DLD Registered,Dubai,Greater Dubai Urban Corridor,AE,"Al Thamayel Residential Complex, Greater Dubai Urban Corridor, Dubai, United Arab Emirates",,Gated Residential Society,0,96,DLD-PRJ-47695,89835 67791,25.298352,55.577919,Premium Residential,osm_dld_cadastral_enriched,0.86
c3e86958-1676-4b72-9128-653b95a1cda0,Al Juraina 1,al juraina 1,Master Developer / DLD Registered,Dubai,Greater Dubai Urban Corridor,AE,"Al Juraina 1, Greater Dubai Urban Corridor, Dubai, United Arab Emirates",,Gated Residential Society,0,96,DLD-PRJ-32828,91074 59197,25.310745,55.491974,Premium Residential,osm_dld_cadastral_enriched,0.86
43c4d585-0f38-4160-835a-2ac86a2bcd65,Al Juraina 4,al juraina 4,Master Developer / DLD Registered,Dubai,Greater Dubai Urban Corridor,AE,"Al Juraina 4, Greater Dubai Urban Corridor, Dubai, United Arab Emirates",,Gated Residential Society,0,96,DLD-PRJ-91800,87827 58250,25.278275,55.482508,Premium Residential,osm_dld_cadastral_enriched,0.86
ce9d38cb-c1d3-4f83-9720-fe0d04ebe959,Al Juraina 3,al juraina 3,Master Developer / DLD Registered,Dubai,Greater Dubai Urban Corridor,AE,"Al Juraina 3, Greater Dubai Urban Corridor, Dubai, United Arab Emirates",,Gated Residential Society,0,96,DLD-PRJ-81680,88519 58803,25.285191,55.488038,Premium Residential,osm_dld_cadastral_enriched,0.86
f2306e91-88e4-4e5b-85dd-f7a09c835c5d,The Pulse Townhouses,the pulse townhouses,Master Developer / DLD Registered,Dubai,Greater Dubai Urban Corridor,AE,"The Pulse Townhouses, Greater Dubai Urban Corridor, Dubai, United Arab Emirates",,Gated Residential Society,0,96,DLD-PRJ-38435,54520 32215,24.9452,55.222154,Premium Residential,osm_dld_cadastral_enriched,0.86
4629914b-04a8-4b4c-8503-231f9c98927e,Al Abbar Residence Apartments,al abbar residence apartments,Master Developer / DLD Registered,Dubai,Greater Dubai Urban Corridor,AE,"Al Abbar Residence Apartments, Greater Dubai Urban Corridor, Dubai, United Arab Emirates",,Luxury High-Rise Tower,0,96,DLD-PRJ-46999,58601 28434,24.986019,55.184342,Premium Residential,osm_dld_cadastral_enriched,0.86
b33216de-9f87-4a3d-8337-745ab29f0f7a,Alico camp,alico camp,Master Developer / DLD Registered,Dubai,Greater Dubai Urban Corridor,AE,"Alico camp, Greater Dubai Urban Corridor, Dubai, United Arab Emirates",,Gated Residential Society,0,96,DLD-PRJ-33614,91575 54261,25.315751,55.442611,Premium Residential,osm_dld_cadastral_enriched,0.86
4dbb862f-cf90-41d9-ab51-20c09044db73,Talal Residence,talal residence,Master Developer / DLD Registered,Dubai,Greater Dubai Urban Corridor,AE,"Talal Residence, Greater Dubai Urban Corridor, Dubai, United Arab Emirates",,Luxury High-Rise Tower,0,96,DLD-PRJ-24036,58955 30195,24.989555,55.201959,Premium Residential,osm_dld_cadastral_enriched,0.86
05a00a3e-8ac3-4f21-ab30-03c360a3aaf4,RIGAIBAH,rigaibah,Master Developer / DLD Registered,Dubai,Greater Dubai Urban Corridor,AE,"RIGAIBAH, Greater Dubai Urban Corridor, Dubai, United Arab Emirates",,Gated Residential Society,0,96,DLD-PRJ-99852,84437 68131,25.244371,55.581317,Premium Residential,osm_dld_cadastral_enriched,0.86
24ce4499-9f43-42ff-b32e-bedbe37f0337,AL MALHA,al malha,Master Developer / DLD Registered,Dubai,Greater Dubai Urban Corridor,AE,"AL MALHA, Greater Dubai Urban Corridor, Dubai, United Arab Emirates",,Gated Residential Society,0,96,DLD-PRJ-22947,88966 70459,25.289664,55.604591,Premium Residential,osm_dld_cadastral_enriched,0.86
78740dbd-49b7-47b0-9ed4-110d40612780,AL MOWRRADA 1,al mowrrada 1,Master Developer / DLD Registered,Dubai,Greater Dubai Urban Corridor,AE,"AL MOWRRADA 1, Greater Dubai Urban Corridor, Dubai, United Arab Emirates",,Gated Residential Society,0,96,DLD-PRJ-74504,85372 70523,25.25373,55.605232,Premium Residential,osm_dld_cadastral_enriched,0.86
167115a6-efbf-4467-98f0-25c1b175875f,AL RIQAIBAH 5,al riqaibah 5,Master Developer / DLD Registered,Dubai,Greater Dubai Urban Corridor,AE,"AL RIQAIBAH 5, Greater Dubai Urban Corridor, Dubai, United Arab Emirates",,Gated Residential Society,0,96,DLD-PRJ-49405,84325 70038,25.243259,55.600386,Premium Residential,osm_dld_cadastral_enriched,0.86
6d06f72c-e93e-4eff-9f52-f2a5874a47a0,AL RIQAIBAH 2,al riqaibah 2,Master Developer / DLD Registered,Dubai,Greater Dubai Urban Corridor,AE,"AL RIQAIBAH 2, Greater Dubai Urban Corridor, Dubai, United Arab Emirates",,Gated Residential Society,0,96,DLD-PRJ-46680,82848 70828,25.228482,55.608286,Premium Residential,osm_dld_cadastral_enriched,0.86
35150d19-0b48-4e52-a8db-260705efa9ba,AL RIQAIBAH 1,al riqaibah 1,Master Developer / DLD Registered,Dubai,Greater Dubai Urban Corridor,AE,"AL RIQAIBAH 1, Greater Dubai Urban Corridor, Dubai, United Arab Emirates",,Gated Residential Society,0,96,DLD-PRJ-24541,83314 69577,25.233147,55.595772,Premium Residential,osm_dld_cadastral_enriched,0.86
4cef5fd9-1f56-4200-a263-104b01ea3980,AL TAY EAST,al tay east,Master Developer / DLD Registered,Dubai,Greater Dubai Urban Corridor,AE,"AL TAY EAST, Greater Dubai Urban Corridor, Dubai, United Arab Emirates",,Gated Residential Society,0,96,DLD-PRJ-54527,81641 71804,25.216414,55.618048,Premium Residential,osm_dld_cadastral_enriched,0.86
d3ac7067-360f-467d-9dd3-bd39d5a9936a,AL TAY WEST,al tay west,Master Developer / DLD Registered,Dubai,Greater Dubai Urban Corridor,AE,"AL TAY WEST, Greater Dubai Urban Corridor, Dubai, United Arab Emirates",,Gated Residential Society,0,96,DLD-PRJ-73407,83021 68206,25.230211,55.582065,Premium Residential,osm_dld_cadastral_enriched,0.86
2c0b8fca-a100-4e41-bfd9-aa4dbb54cbd2,UM FANEEAN,um faneean,Master Developer / DLD Registered,Dubai,Greater Dubai Urban Corridor,AE,"UM FANEEAN, Greater Dubai Urban Corridor, Dubai, United Arab Emirates",,Gated Residential Society,0,96,DLD-PRJ-91241,95257 62532,25.352576,55.525323,Premium Residential,osm_dld_cadastral_enriched,0.86
73e4ff6a-19ba-45a4-8353-fd438e93c07e,KSHISHAH 5,kshishah 5,Master Developer / DLD Registered,Dubai,Greater Dubai Urban Corridor,AE,"KSHISHAH 5, Greater Dubai Urban Corridor, Dubai, United Arab Emirates",,Gated Residential Society,0,96,DLD-PRJ-22600,94632 70399,25.346322,55.603999,Premium Residential,osm_dld_cadastral_enriched,0.86
4d2cf853-212d-45b3-a010-0cbc1e1255a6,KSHISHAH 2,kshishah 2,Master Developer / DLD Registered,Dubai,Greater Dubai Urban Corridor,AE,"KSHISHAH 2, Greater Dubai Urban Corridor, Dubai, United Arab Emirates",,Gated Residential Society,0,96,DLD-PRJ-53452,95033 68729,25.350334,55.587299,Premium Residential,osm_dld_cadastral_enriched,0.86
231d99f6-d136-4139-838a-4bf45fa98689,SHAGHRAFAH 3,shaghrafah 3,Master Developer / DLD Registered,Dubai,Greater Dubai Urban Corridor,AE,"SHAGHRAFAH 3, Greater Dubai Urban Corridor, Dubai, United Arab Emirates",,Gated Residential Society,0,96,DLD-PRJ-56458,95631 67400,25.356315,55.574009,Premium Residential,osm_dld_cadastral_enriched,0.86
f1966d9b-da39-4b29-b78f-2fdb2c914232,KSHISHAH 6,kshishah 6,Master Developer / DLD Registered,Dubai,Greater Dubai Urban Corridor,AE,"KSHISHAH 6, Greater Dubai Urban Corridor, Dubai, United Arab Emirates",,Gated Residential Society,0,96,DLD-PRJ-27600,93581 70053,25.335811,55.600533,Premium Residential,osm_dld_cadastral_enriched,0.86
688074b6-80a6-468c-9300-f85dbbb83494,KSHISHAH 3,kshishah 3,Master Developer / DLD Registered,Dubai,Greater Dubai Urban Corridor,AE,"KSHISHAH 3, Greater Dubai Urban Corridor, Dubai, United Arab Emirates",,Gated Residential Society,0,96,DLD-PRJ-39660,93884 68388,25.338847,55.583889,Premium Residential,osm_dld_cadastral_enriched,0.86
f334aaf1-f834-4d42-aadd-063ca9c394b4,SHAGHRAFAH 4,shaghrafah 4,Master Developer / DLD Registered,Dubai,Greater Dubai Urban Corridor,AE,"SHAGHRAFAH 4, Greater Dubai Urban Corridor, Dubai, United Arab Emirates",,Gated Residential Society,0,96,DLD-PRJ-15653,94208 66968,25.342086,55.569688,Premium Residential,osm_dld_cadastral_enriched,0.86
a0e05948-4009-4249-a2ea-e75e14c56d1f,SHAGHRAFAH 2,shaghrafah 2,Master Developer / DLD Registered,Dubai,Greater Dubai Urban Corridor,AE,"SHAGHRAFAH 2, Greater Dubai Urban Corridor, Dubai, United Arab Emirates",,Gated Residential Society,0,96,DLD-PRJ-38676,94524 65662,25.345244,55.556625,Premium Residential,osm_dld_cadastral_enriched,0.86
29ec93ef-d844-49bd-95d4-97ad04d39bd8,Al Nahda Views,al nahda views,Master Developer / DLD Registered,Dubai,Greater Dubai Urban Corridor,AE,"Al Nahda Views, Greater Dubai Urban Corridor, Dubai, United Arab Emirates",,Gated Residential Society,0,96,DLD-PRJ-28234,89208 48179,25.292084,55.38179,Premium Residential,osm_dld_cadastral_enriched,0.86
5675467e-3d4c-4220-9a4d-3ae663348fe9,Micasa Avenue,micasa avenue,Master Developer / DLD Registered,Dubai,Greater Dubai Urban Corridor,AE,"Micasa Avenue, Greater Dubai Urban Corridor, Dubai, United Arab Emirates",,Gated Residential Society,0,96,DLD-PRJ-93593,62267 25640,25.022674,55.156406,Premium Residential,osm_dld_cadastral_enriched,0.86
b2264df1-05f3-4054-82e4-4427b65bc91b,Al Rakayez Building,al rakayez building,Master Developer / DLD Registered,Dubai,Greater Dubai Urban Corridor,AE,"Al Rakayez Building, Greater Dubai Urban Corridor, Dubai, United Arab Emirates",,Gated Residential Society,0,96,DLD-PRJ-83486,61914 24474,25.019144,55.144747,Premium Residential,osm_dld_cadastral_enriched,0.86
5c13cd16-575a-4942-98cf-469ce87a707c,Garden Apartments,garden apartments,Master Developer / DLD Registered,Dubai,Greater Dubai Urban Corridor,AE,"Garden Apartments, Greater Dubai Urban Corridor, Dubai, United Arab Emirates",,Gated Residential Society,0,96,DLD-PRJ-86459,91148 56168,25.311482,55.461689,Premium Residential,osm_dld_cadastral_enriched,0.86
32818b7b-22de-49f6-9f29-81720bb6b7b9,Golf Views,golf views,Master Developer / DLD Registered,Dubai,Greater Dubai Urban Corridor,AE,"Golf Views, Greater Dubai Urban Corridor, Dubai, United Arab Emirates",,Gated Residential Society,0,96,DLD-PRJ-48421,46150 24197,24.8615,55.141976,Premium Residential,osm_dld_cadastral_enriched,0.86
e461fc34-7707-4bdd-846d-9f584097121a,Al Sabah Tower,al sabah tower,Master Developer / DLD Registered,Dubai,Greater Dubai Urban Corridor,AE,"Al Sabah Tower, Greater Dubai Urban Corridor, Dubai, United Arab Emirates",,Luxury High-Rise Tower,0,96,DLD-PRJ-45791,89051 47790,25.290511,55.377904,Premium Residential,osm_dld_cadastral_enriched,0.86
f57c1da5-d124-4a79-86c9-ca7dd6e9e75d,Expo Village,expo village,Master Developer / DLD Registered,Dubai,Greater Dubai Urban Corridor,AE,"Expo Village, Greater Dubai Urban Corridor, Dubai, United Arab Emirates",,Ultra-Luxury Gated Villa Community,0,96,DLD-PRJ-58699,56369 24324,24.963698,55.143247,Premium Residential,osm_dld_cadastral_enriched,0.86
9fa7b342-24f8-4843-b518-9318935f4800,Al Ghazal Building,al ghazal building,Master Developer / DLD Registered,Dubai,Greater Dubai Urban Corridor,AE,"Al Ghazal Building, Al Badaa, Greater Dubai Urban Corridor, Dubai, United Arab Emirates",,Gated Residential Society,0,96,DLD-PRJ-98080,83790 37262,25.237902,55.272627,Premium Residential,osm_dld_cadastral_enriched,0.86
9463a9ec-dc4f-48f3-9d82-f547cefa1112,City 4 Building,city 4 building,Master Developer / DLD Registered,Dubai,Greater Dubai Urban Corridor,AE,"City 4 Building, Greater Dubai Urban Corridor, Dubai, United Arab Emirates",,Gated Residential Society,0,96,DLD-PRJ-56068,84678 44248,25.246783,55.342482,Premium Residential,osm_dld_cadastral_enriched,0.86
0763b75a-d435-4d8f-bd7e-0e18cc9128f8,Villanova,villanova,Master Developer / DLD Registered,Dubai,Greater Dubai Urban Corridor,AE,"Villanova, Greater Dubai Urban Corridor, Dubai, United Arab Emirates",,Ultra-Luxury Gated Villa Community,0,96,DLD-PRJ-81448,67518 45776,25.075188,55.357767,Premium Residential,osm_dld_cadastral_enriched,0.86
9ab1bbaf-2115-435e-8be1-eb0dbaa547a9,Dunes Village,dunes village,Master Developer / DLD Registered,Dubai,Greater Dubai Urban Corridor,AE,"Dunes Village, Greater Dubai Urban Corridor, Dubai, United Arab Emirates",,Ultra-Luxury Gated Villa Community,0,96,DLD-PRJ-93096,58563 30217,24.985632,55.202175,Premium Residential,osm_dld_cadastral_enriched,0.86
6f460a4f-06a1-460c-a607-280204d6e39c,Jebel Ali Village,jebel ali village,Master Developer / DLD Registered,Dubai,Greater Dubai Urban Corridor,AE,"Jebel Ali Village, Greater Dubai Urban Corridor, Dubai, United Arab Emirates",,Ultra-Luxury Gated Villa Community,0,96,DLD-PRJ-36991,63003 21942,25.030037,55.119422,Premium Residential,osm_dld_cadastral_enriched,0.86
c1acf6e8-8bcf-416b-9217-5b25d40aef1a,Mazaya 11,mazaya 11,Master Developer / DLD Registered,Dubai,Greater Dubai Urban Corridor,AE,"Mazaya 11, Greater Dubai Urban Corridor, Dubai, United Arab Emirates",,Gated Residential Society,0,96,DLD-PRJ-25960,70805 46853,25.108053,55.368536,Premium Residential,osm_dld_cadastral_enriched,0.86
38dca849-7a07-4bc6-a87f-f7e6f4b4713c,Mazaya 17,mazaya 17,Master Developer / DLD Registered,Dubai,Greater Dubai Urban Corridor,AE,"Mazaya 17, Greater Dubai Urban Corridor, Dubai, United Arab Emirates",,Gated Residential Society,0,96,DLD-PRJ-24117,70751 47087,25.10751,55.370875,Premium Residential,osm_dld_cadastral_enriched,0.86
6700a6d4-bc2d-44aa-bd11-f85012227182,Mazaya 18,mazaya 18,Master Developer / DLD Registered,Dubai,Greater Dubai Urban Corridor,AE,"Mazaya 18, Greater Dubai Urban Corridor, Dubai, United Arab Emirates",,Gated Residential Society,0,96,DLD-PRJ-82419,70708 47067,25.10708,55.370675,Premium Residential,osm_dld_cadastral_enriched,0.86
3e083fd3-8310-4133-8df9-3c8cb55dc903,Nadd Al Hamar,nadd al hamar,Master Developer / DLD Registered,Dubai,Greater Dubai Urban Corridor,AE,"Nadd Al Hamar, Greater Dubai Urban Corridor, Dubai, United Arab Emirates",,Gated Residential Society,0,96,DLD-PRJ-95152,79966 48456,25.199665,55.384563,Premium Residential,osm_dld_cadastral_enriched,0.86
16ef4073-3543-43d4-96ce-5f6661b5e2a3,Al Jada,al jada,Master Developer / DLD Registered,Dubai,Greater Dubai Urban Corridor,AE,"Al Jada, Greater Dubai Urban Corridor, Dubai, United Arab Emirates",,Gated Residential Society,0,96,DLD-PRJ-64880,91502 57792,25.315022,55.477928,Premium Residential,osm_dld_cadastral_enriched,0.86
4ef08482-72fe-4a3b-a7bd-cd6c6c96db47,Muhaisnah 4,muhaisnah 4,Master Developer / DLD Registered,Dubai,Greater Dubai Urban Corridor,AE,"Muhaisnah 4, Greater Dubai Urban Corridor, Dubai, United Arab Emirates",,Gated Residential Society,0,96,DLD-PRJ-41500,87918 50957,25.279181,55.409573,Premium Residential,osm_dld_cadastral_enriched,0.86
52bb9cff-e509-4663-9bcf-18be3de3c599,Chez Moi Residence,chez moi residence,Master Developer / DLD Registered,Dubai,Greater Dubai Urban Corridor,AE,"Chez Moi Residence, Greater Dubai Urban Corridor, Dubai, United Arab Emirates",,Luxury High-Rise Tower,0,96,DLD-PRJ-26802,74806 50487,25.148062,55.404874,Premium Residential,osm_dld_cadastral_enriched,0.86
08100927-edc3-478c-82d4-1d7d8c0dcf10,Sas 2 Building,sas 2 building,Master Developer / DLD Registered,Dubai,Greater Dubai Urban Corridor,AE,"Sas 2 Building, Greater Dubai Urban Corridor, Dubai, United Arab Emirates",,Gated Residential Society,0,96,DLD-PRJ-89482,74681 50086,25.146811,55.400869,Premium Residential,osm_dld_cadastral_enriched,0.86
622e0357-798c-4d71-b32a-abaa2ec64407,Al Haramain Building,al haramain building,Master Developer / DLD Registered,Dubai,Greater Dubai Urban Corridor,AE,"Al Haramain Building, Greater Dubai Urban Corridor, Dubai, United Arab Emirates",,Gated Residential Society,0,96,DLD-PRJ-96385,74972 50137,25.149722,55.401376,Premium Residential,osm_dld_cadastral_enriched,0.86
a5cc3902-dc54-4d4c-a155-8d2643403be7,Ahmad Karim Karimian Building,ahmad karim karimian building,Master Developer / DLD Registered,Dubai,Greater Dubai Urban Corridor,AE,"Ahmad Karim Karimian Building, Greater Dubai Urban Corridor, Dubai, United Arab Emirates",,Gated Residential Society,0,96,DLD-PRJ-66712,74858 50086,25.148588,55.400863,Premium Residential,osm_dld_cadastral_enriched,0.86
cc709b63-98e7-48f8-acdc-3b9798422161,SAS 1 Building,sas 1 building,Master Developer / DLD Registered,Dubai,Greater Dubai Urban Corridor,AE,"SAS 1 Building, Greater Dubai Urban Corridor, Dubai, United Arab Emirates",,Gated Residential Society,0,96,DLD-PRJ-18218,74783 49711,25.147839,55.397111,Premium Residential,osm_dld_cadastral_enriched,0.86
8c918109-cf70-47bf-90ff-900d5c53ebde,Gardens Gold,gardens gold,Master Developer / DLD Registered,Dubai,Greater Dubai Urban Corridor,AE,"Gardens Gold, Greater Dubai Urban Corridor, Dubai, United Arab Emirates",,Gated Residential Society,0,96,DLD-PRJ-82143,74654 49748,25.146549,55.397487,Premium Residential,osm_dld_cadastral_enriched,0.86
57d0ff7a-23d2-4ff0-b48a-9b4563bb9f52,Al Jumaa Residence,al jumaa residence,Master Developer / DLD Registered,Dubai,Greater Dubai Urban Corridor,AE,"Al Jumaa Residence, Greater Dubai Urban Corridor, Dubai, United Arab Emirates",,Luxury High-Rise Tower,0,96,DLD-PRJ-36623,74529 50172,25.145299,55.401724,Premium Residential,osm_dld_cadastral_enriched,0.86
1aa3f274-b059-45f5-a84a-77b068e23f64,Dugasta Jneibi Residences,dugasta jneibi residences,Master Developer / DLD Registered,Dubai,Greater Dubai Urban Corridor,AE,"Dugasta Jneibi Residences, Greater Dubai Urban Corridor, Dubai, United Arab Emirates",,Luxury High-Rise Tower,0,96,DLD-PRJ-48617,74716 49225,25.147161,55.392258,Premium Residential,osm_dld_cadastral_enriched,0.86
8b7ddcc4-6bff-433b-8cd8-5a13ee389e77,Cherrywoods,cherrywoods,Master Developer / DLD Registered,Dubai,Greater Dubai Urban Corridor,AE,"Cherrywoods, Greater Dubai Urban Corridor, Dubai, United Arab Emirates",,Gated Residential Society,0,96,DLD-PRJ-66634,61621 39104,25.016218,55.291041,Premium Residential,osm_dld_cadastral_enriched,0.86
032a0e28-321b-4cc2-bab7-a548220fd14c,Al Mamsha,al mamsha,Master Developer / DLD Registered,Dubai,Greater Dubai Urban Corridor,AE,"Al Mamsha, 8F58+FVG - University City Alia Palace Building, Greater Dubai Urban Corridor, Dubai, United Arab Emirates",,Gated Residential Society,0,96,DLD-PRJ-42464,90881 56758,25.308812,55.467582,Premium Residential,osm_dld_cadastral_enriched,0.86
0e0d1d73-9bcc-4ce0-a896-fb80ab0716f1,Cluster 48,cluster 48,Master Developer / DLD Registered,Dubai,Greater Dubai Urban Corridor,AE,"Cluster 48, Greater Dubai Urban Corridor, Dubai, United Arab Emirates",,Gated Residential Society,0,96,DLD-PRJ-94775,65914 24815,25.05915,55.14816,Premium Residential,osm_dld_cadastral_enriched,0.86
c0ca08fd-78e6-42e5-8c84-19d0f97feea6,Cluster 46,cluster 46,Master Developer / DLD Registered,Dubai,Greater Dubai Urban Corridor,AE,"Cluster 46, Greater Dubai Urban Corridor, Dubai, United Arab Emirates",,Gated Residential Society,0,96,DLD-PRJ-39005,65835 24970,25.058356,55.14971,Premium Residential,osm_dld_cadastral_enriched,0.86
d61fa0e1-7761-4704-b6ac-68ba5e919d2d,Cluster 44,cluster 44,Master Developer / DLD Registered,Dubai,Greater Dubai Urban Corridor,AE,"Cluster 44, Greater Dubai Urban Corridor, Dubai, United Arab Emirates",,Gated Residential Society,0,96,DLD-PRJ-59088,65710 25076,25.057102,55.15076,Premium Residential,osm_dld_cadastral_enriched,0.86
fc15e25e-ec36-41e8-8960-cff84b2df521,Cluster 49,cluster 49,Master Developer / DLD Registered,Dubai,Greater Dubai Urban Corridor,AE,"Cluster 49, Greater Dubai Urban Corridor, Dubai, United Arab Emirates",,Gated Residential Society,0,96,DLD-PRJ-80254,66170 24777,25.0617,55.147778,Premium Residential,osm_dld_cadastral_enriched,0.86
39cb87a8-de5c-4b28-bcae-a549debabcd6,Cluster 47,cluster 47,Master Developer / DLD Registered,Dubai,Greater Dubai Urban Corridor,AE,"Cluster 47, Greater Dubai Urban Corridor, Dubai, United Arab Emirates",,Gated Residential Society,0,96,DLD-PRJ-17934,66035 24949,25.060355,55.149491,Premium Residential,osm_dld_cadastral_enriched,0.86
6217730c-26c7-4b34-9f13-5257897535e1,Cluster 45,cluster 45,Master Developer / DLD Registered,Dubai,Greater Dubai Urban Corridor,AE,"Cluster 45, Greater Dubai Urban Corridor, Dubai, United Arab Emirates",,Gated Residential Society,0,96,DLD-PRJ-75798,65956 25151,25.059566,55.151513,Premium Residential,osm_dld_cadastral_enriched,0.86
14d79fa0-31ea-4527-88fb-7d44dc3cd239,Cluster 43,cluster 43,Master Developer / DLD Registered,Dubai,Greater Dubai Urban Corridor,AE,"Cluster 43, Greater Dubai Urban Corridor, Dubai, United Arab Emirates",,Gated Residential Society,0,96,DLD-PRJ-70992,65842 25268,25.058421,55.15269,Premium Residential,osm_dld_cadastral_enriched,0.86
3107a9a2-634a-43c2-8084-1732d7596d78,Cluster 41,cluster 41,Master Developer / DLD Registered,Dubai,Greater Dubai Urban Corridor,AE,"Cluster 41, Greater Dubai Urban Corridor, Dubai, United Arab Emirates",,Gated Residential Society,0,96,DLD-PRJ-84582,65747 25407,25.057478,55.154076,Premium Residential,osm_dld_cadastral_enriched,0.86
bd196e87-7c05-4f8d-9d32-ac193cad6cfa,Cluster 40,cluster 40,Master Developer / DLD Registered,Dubai,Greater Dubai Urban Corridor,AE,"Cluster 40, Greater Dubai Urban Corridor, Dubai, United Arab Emirates",,Gated Residential Society,0,96,DLD-PRJ-26679,65508 25361,25.055088,55.153614,Premium Residential,osm_dld_cadastral_enriched,0.86
1b716f2e-8a8f-47a1-b874-7a1f6f889182,Cluster 12,cluster 12,Master Developer / DLD Registered,Dubai,Greater Dubai Urban Corridor,AE,"Cluster 12, Greater Dubai Urban Corridor, Dubai, United Arab Emirates",,Gated Residential Society,0,96,DLD-PRJ-35132,66047 25426,25.060473,55.154264,Premium Residential,osm_dld_cadastral_enriched,0.86
b59b1f38-43b2-4219-939b-11045a005bd1,Cluster 10,cluster 10,Master Developer / DLD Registered,Dubai,Greater Dubai Urban Corridor,AE,"Cluster 10, Greater Dubai Urban Corridor, Dubai, United Arab Emirates",,Gated Residential Society,0,96,DLD-PRJ-87746,66159 25289,25.061598,55.152891,Premium Residential,osm_dld_cadastral_enriched,0.86
b12d257c-d88e-401d-93f6-60d360fb8fd6,Cluster 9,cluster 9,Master Developer / DLD Registered,Dubai,Greater Dubai Urban Corridor,AE,"Cluster 9, Greater Dubai Urban Corridor, Dubai, United Arab Emirates",,Gated Residential Society,0,96,DLD-PRJ-90298,66303 25454,25.063033,55.154544,Premium Residential,osm_dld_cadastral_enriched,0.86
fe2283d7-dee6-4c98-888a-2b474a381aba,Cluster 7,cluster 7,Master Developer / DLD Registered,Dubai,Greater Dubai Urban Corridor,AE,"Cluster 7, Greater Dubai Urban Corridor, Dubai, United Arab Emirates",,Gated Residential Society,0,96,DLD-PRJ-51363,66417 25313,25.064174,55.153131,Premium Residential,osm_dld_cadastral_enriched,0.86
ede4456d-b62c-4aae-bcf1-df354f8d24a4,Cluster 8,cluster 8,Master Developer / DLD Registered,Dubai,Greater Dubai Urban Corridor,AE,"Cluster 8, Greater Dubai Urban Corridor, Dubai, United Arab Emirates",,Gated Residential Society,0,96,DLD-PRJ-16572,66271 25153,25.062716,55.15153,Premium Residential,osm_dld_cadastral_enriched,0.86
eb59757d-cb3b-4205-90b8-93fedecaf43c,Cluster 6,cluster 6,Master Developer / DLD Registered,Dubai,Greater Dubai Urban Corridor,AE,"Cluster 6, Greater Dubai Urban Corridor, Dubai, United Arab Emirates",,Gated Residential Society,0,96,DLD-PRJ-12062,66369 25009,25.063696,55.150094,Premium Residential,osm_dld_cadastral_enriched,0.86
7d2a1750-581a-42ca-9516-983d60f6b5ac,District 1,district 1,Master Developer / DLD Registered,Dubai,Greater Dubai Urban Corridor,AE,"District 1, Greater Dubai Urban Corridor, Dubai, United Arab Emirates",,Gated Residential Society,0,96,DLD-PRJ-27797,63434 27290,25.034349,55.172908,Premium Residential,osm_dld_cadastral_enriched,0.86
dfdcd2d7-419b-42e0-9d7c-7d524fc44ded,Mushrif Village,mushrif village,Master Developer / DLD Registered,Dubai,Greater Dubai Urban Corridor,AE,"Mushrif Village, Greater Dubai Urban Corridor, Dubai, United Arab Emirates",,Ultra-Luxury Gated Villa Community,0,96,DLD-PRJ-25408,83140 53925,25.231408,55.439258,Premium Residential,osm_dld_cadastral_enriched,0.86
7638e58d-dcd3-46b7-9a26-a97c88c2f7ed,Mirdif Hills,mirdif hills,Master Developer / DLD Registered,Dubai,Greater Dubai Urban Corridor,AE,"Mirdif Hills, Greater Dubai Urban Corridor, Dubai, United Arab Emirates",,Gated Residential Society,0,96,DLD-PRJ-41828,82622 54157,25.226221,55.441576,Premium Residential,osm_dld_cadastral_enriched,0.86
73c11feb-c10c-4e4d-8312-5352a58f088c,Al Mashriq Building,al mashriq building,Master Developer / DLD Registered,Dubai,Greater Dubai Urban Corridor,AE,"Al Mashriq Building, Greater Dubai Urban Corridor, Dubai, United Arab Emirates",,Gated Residential Society,0,96,DLD-PRJ-99973,87952 45086,25.279529,55.350869,Premium Residential,osm_dld_cadastral_enriched,0.86
41bb1aa1-7620-40de-993a-93aacd7bb2d8,"Eastern Residence South, Falcon City of Wonders, Dubai",eastern residence south falcon city of wonders dubai,Master Developer / DLD Registered,Dubai,Greater Dubai Urban Corridor,AE,"Eastern Residence South, Falcon City of Wonders, Dubai, Greater Dubai Urban Corridor, Dubai, United Arab Emirates",,Luxury High-Rise Tower,0,96,DLD-PRJ-78277,69041 44600,25.090418,55.346007,Premium Residential,osm_dld_cadastral_enriched,0.86
55d23f03-8e15-4c91-8937-e009867c0fb6,"Eastern Residence North, Falcon City of Wonders, Dubai",eastern residence north falcon city of wonders dubai,Master Developer / DLD Registered,Dubai,Greater Dubai Urban Corridor,AE,"Eastern Residence North, Falcon City of Wonders, Dubai, Greater Dubai Urban Corridor, Dubai, United Arab Emirates",,Luxury High-Rise Tower,0,96,DLD-PRJ-36243,69363 45096,25.09364,55.350963,Premium Residential,osm_dld_cadastral_enriched,0.86
4a0b620c-2c59-4e9e-8258-3a3aa02f06dd,"D Villas, Living Legends, Dubai",d villas living legends dubai,Master Developer / DLD Registered,Dubai,Greater Dubai Urban Corridor,AE,"D Villas, Living Legends, Dubai, Greater Dubai Urban Corridor, Dubai, United Arab Emirates",,Ultra-Luxury Gated Villa Community,0,96,DLD-PRJ-86391,69065 39810,25.090651,55.298105,Premium Residential,osm_dld_cadastral_enriched,0.86
01fb426b-e0c1-4bb5-a712-138f7fce9003,"Cluster 4, The Sustainable City, Dubai",cluster 4 the sustainable city dubai,Master Developer / DLD Registered,Dubai,Greater Dubai Urban Corridor,AE,"Cluster 4, The Sustainable City, Dubai, Greater Dubai Urban Corridor, Dubai, United Arab Emirates",,Gated Residential Society,0,96,DLD-PRJ-15453,63089 38156,25.030892,55.281563,Premium Residential,osm_dld_cadastral_enriched,0.86
4aabd279-63e6-440a-a184-7d973ea091f6,"Noor Townhouses, Town Square, Dubai",noor townhouses town square dubai,Master Developer / DLD Registered,Dubai,Greater Dubai Urban Corridor,AE,"Noor Townhouses, Town Square, Dubai, Greater Dubai Urban Corridor, Dubai, United Arab Emirates",,Gated Residential Society,0,96,DLD-PRJ-36085,59577 39594,24.995771,55.295942,Premium Residential,osm_dld_cadastral_enriched,0.86
57345b9d-eeee-4580-8ace-66ec3f8fd7f9,"Sama Townhouses, Town Square, Dubai",sama townhouses town square dubai,Master Developer / DLD Registered,Dubai,Greater Dubai Urban Corridor,AE,"Sama Townhouses, Town Square, Dubai, Greater Dubai Urban Corridor, Dubai, United Arab Emirates",,Gated Residential Society,0,96,DLD-PRJ-63134,59893 39168,24.998936,55.291683,Premium Residential,osm_dld_cadastral_enriched,0.86
1aa5d54f-315a-4652-a4c0-4bd199df6b37,"The Pulse Villas, Dubai",the pulse villas dubai,Master Developer / DLD Registered,Dubai,Greater Dubai Urban Corridor,AE,"The Pulse Villas, Dubai, Greater Dubai Urban Corridor, Dubai, United Arab Emirates",,Ultra-Luxury Gated Villa Community,0,96,DLD-PRJ-24694,55228 32501,24.95228,55.225016,Premium Residential,osm_dld_cadastral_enriched,0.86
638f89cd-5ae5-4e5a-840a-908ab2b28542,"The Pulse Residence, Dubai",the pulse residence dubai,Master Developer / DLD Registered,Dubai,Greater Dubai Urban Corridor,AE,"The Pulse Residence, Dubai, Greater Dubai Urban Corridor, Dubai, United Arab Emirates",,Luxury High-Rise Tower,0,96,DLD-PRJ-69435,54045 32142,24.94045,55.221426,Premium Residential,osm_dld_cadastral_enriched,0.86
c050c5b3-8b86-4a5c-b033-5637eec7c985,29 Dubai South,29 dubai south,Master Developer / DLD Registered,Dubai,Greater Dubai Urban Corridor,AE,"29 Dubai South, Greater Dubai Urban Corridor, Dubai, United Arab Emirates",,Gated Residential Society,0,96,DLD-PRJ-75374,46095 23911,24.860955,55.139118,Premium Residential,osm_dld_cadastral_enriched,0.86
